"filename","style","color_palette","materials","lighting","mood","objects","layout","summary"
"contemporary_1.jpg","Modern Minimalist","light grey, dark grey, white","tile, glass, marble, metal","well-lit with natural light","calm and serene","bath tub, shower stall, sink, counter","efficient space utilization with clear separation of areas","A clean, modern bathroom with a minimalist design featuring tile walls and floor, glass shower enclosure, and a neutral color palette."
"contemporary_100.jpg","Scandinavian","white, black, wood","wood, marble, metal","natural light from large windows and sleek, modern ceiling lights","bright and airy with a touch of elegance","kitchen island, modern bar stools, wooden bowl on the countertop, metal pendant lights","open space layout with a central kitchen island serving as a dining table","This modern kitchen combines sleek design elements with natural light to create a bright and inviting atmosphere."
"contemporary_101.jpg","Modern Minimalist","white, light wood, steel","oak wood, linen, glass","bright and airy","calm and serene","washing machine, dryer, laundry basket, iron, bleach, fabric softener","small alcove containing laundry machines","A modern and minimalist space where functionality meets aesthetics, with laundry facilities neatly arranged in an alcove to maximize efficiency."
"contemporary_102.jpg","Scandinavian","white, light blue, dark wood","tile, wood, metal","recessed lighting with a few pendant lights over the sink","clean and modern with natural light","white bathroom vanity, brass faucet, plant, framed mirror, over-the-toilet storage cabinet","corner vanity next to a wall-mounted sink and toilet, with hanging light fixtures above the countertop","This modern bathroom features Scandinavian design elements such as white tiles, natural wood, and minimalist accessories."
"contemporary_103.jpg","Modern","white, light wood","stone, wood, glass","natural light streaming through the large windows and high ceiling","bright and airy","pool, palm trees, patio furniture, potted plants","open-concept with a pool in the center of the living space","This modern home features an open layout with large windows and high ceilings that allow natural light to fill the space. The minimalist design is highlighted by the clean lines, neutral color palette, and natural materials such as stone and wood. A pool in the center of the living area provides a unique focal point, blurring the line between indoor and outdoor spaces."
"contemporary_104.jpg","Modern Minimalist","gray, off-white, light wood","ceramic tile, wood, glass","natural soft light from small window","calm and neutral","shower caddy, bath mat, tub shower combination","space is rectangular with shower on one wall","This is a modern bathroom with tile walls, wood accents, and minimalist design."
"contemporary_105.jpg","Modern Minimalist","white, black, stainless steel","steel, glass, leather, wood","ambient light with recessed LED lights and adjustable track lighting overhead.","calm and sophisticated","modern kitchen island with built-in wine rack, high-end stainless steel appliances, contemporary sculptural dining table, abstract artwork","an open floor plan that blurs the boundaries between kitchen and living areas, creating a seamless flow for entertaining.","This modern kitchen and living space features sleek design elements, a neutral color palette, high-end materials, and smart lighting to create an elegant yet functional environment."
"contemporary_106.jpg","Modern Minimalist","white, light wood","wood, linen","natural soft light from large windows","calm and airy","bed, nightstand, lamp, pillows, ruffled bedspread, framed art","cozy corner with a bed at the end of a wall, nightstand by the bed, lamp on the nightstand, framed art above the bed.","This is a modern minimalist bedroom. The color palette consists of white and light wood tones, creating a clean and serene environment. The bed features a ruffled bedspread that adds texture to the room. A wooden headboard behind the bed contributes to the warmth of the space. There's a lamp on the nightstand for cozy nighttime reading. Overall, this is a calm and airy bedroom that focuses on simplicity and natural light."
"contemporary_107.jpg","Modern","black, white, gray","marble, steel, wood","recessed lighting and pendant lights","contemporary with a touch of elegance","island, barstools, modern artwork, kitchen sink","open concept layout with island at the center","A modern kitchen designed with an emphasis on sleek lines, natural materials, and a color palette of black, white, and gray. The space includes an island for food preparation and barstools for seating."
"contemporary_108.jpg","Modern Minimalist","white, beige, light wood","leather, wood, steel","natural soft light from large windows","calm and airy","couch, coffee table, plant, floor lamp","open space with central seating area","This is a modern minimalist living room with a neutral color palette that emphasizes natural light and airy spaces."
"contemporary_109.jpg","Modern Minimalist","black, white, wood","leather, glass, metal","warm and cozy with soft overhead lights","luxurious and relaxed","large leather sofa, oval-shaped coffee table, modern floor lamp, high definition television, abstract wall art","open space with central seating area, flanked by side tables and a decorative console","This living room features sleek modern design elements, a warm color palette, high-quality materials, and comfortable seating for relaxation and entertainment."
"contemporary_11.jpg","Modern","white, light wood","stainless steel, marble, glass","recessed lighting with a warm tone","modern and sleek","oven, fridge, microwave, cooktop, coffee maker, sink","linear layout with appliances lined up along one wall and open counter space","A modern kitchen with stainless steel appliances, white cabinets, a marble counter top, and recessed lighting providing a warm and inviting atmosphere."
"contemporary_110.jpg","Modern Minimalist","green, gray, white","glass, metal, wood","natural soft light from large windows","calm and airy","green plants, simple bench, wooden table, steel shelf, floor lamp","open space with central seating area","This modern minimalist sunroom features a green color palette and simple, clean lines. With large glass walls, it allows natural light to pour in and creates an open atmosphere. The space is filled with green plants for a touch of nature and a simple bench for seating. There's also a wooden table for dining or working at and a floor lamp providing additional lighting when needed."
"contemporary_111.jpg","Modern Minimalist","grey, green, blue","wood, stone, steel","natural soft light from large windows","calm and airy","sofa, coffee table, plant, floor lamp","open space with central seating area","This modern minimalist outdoor space features a calming color palette of grey, green, and blue, complemented by wooden fencing and stone pavers. The design is open and airy, inviting relaxation. A sofa, coffee table, plant, and floor lamp contribute to the comfortable atmosphere."
"contemporary_112.jpg","Modern Minimalist","white, gray, wood","oak wood, porcelain tile, steel","recessed and pendant lights providing a bright, clean look","bright and energetic","sink with faucet over it, mirror above sink, shower curtain hanging down, toilet in corner","spacious layout with large mirror to enhance sense of space, vanity area under mirror for daily use, shower stall tucked away","This is a modern bathroom with clean lines and a bright color scheme that creates an energetic and inviting atmosphere."
"contemporary_114.jpg","Modern","green, white, purple","brick, wood, metal","Natural light from above and side windows, supplemented by under-cabinet LED lights.","Cool and contemporary with a touch of whimsy from the decorative spheres.","ornamental metal sphere, purple flowers, green shrub","A curved stone path leading to a central seating area surrounded by plants.","This garden combines modern design elements with colorful plantings and unique decorative pieces."
"contemporary_116.jpg","Modern Minimalist","white, light wood, gray","oak wood, linen, concrete","natural soft light from large windows and accentuated with pendant lights","calm and airy","bed, bench, coffee table, floor lamp, plant","open space layout with bed at center and bench along one wall, creating a cozy sitting area","This room features a minimalist design with a focus on natural materials and soft lighting to create a serene and inviting atmosphere."
"contemporary_117.jpg","Modern Minimalist","dark green, light gray, brass","oak wood, marble, stainless steel","recessed lighting with track lighting accents","modern and sleek","kitchen island, gold-finished faucet, hanging pendant lights, marble countertops","open layout with central kitchen island","This modern kitchen combines a minimalist design with warm tones and metallic accents, creating an elegant space that is both stylish and functional."
"contemporary_119.jpg","Modern Minimalist","white, gray, light wood","oak wood, steel, glass","natural soft light from large windows and recessed ceiling lights","bright and airy","sofa, coffee table, plant, floor lamp, artwork","open space with central seating area and balcony view","This modern minimalist living room features a neutral color palette, wood accents, and a large window that allows natural light to flood the space. The furniture arrangement creates a bright and airy atmosphere, perfect for relaxation or entertaining guests."
"contemporary_12.jpg","Modern Minimalist","white, beige, wood accents","brick wall, stainless steel, light wood","Natural soft light from large windows","Calm and airy","sofa, coffee table, floor lamp, plant","Open space with central seating area","This modern minimalist living room features a stone wall, warm wood accents, a neutral color palette, and an open layout that enhances the sense of space."
"contemporary_120.jpg","Modern Minimalist","white, light wood, dark grey","stainless steel, glass, oak","natural soft light from large windows","calm and serene","kitchen island, modern cabinetry, integrated appliances, wooden countertops","open kitchen design with central island workspace","This modern kitchen boasts a minimalist style, with a color palette centered around whites and light woods, creating a serene atmosphere. Stainless steel, glass, and oak materials are used for the cabinetry and appliances, which blend seamlessly into the design. Large windows allow for abundant natural light, contributing to the overall sense of calmness in the space."
"contemporary_122.jpg","Minimalist","black, gray, gold","marble, brass, glass","recessed lighting in the ceiling with a small sconce on the wall above the sink","modern and sleek with clean lines","large mirror hanging over the sink, black marble countertop, a single gold-framed picture on the wall, round gold-finished towel ring, white plant in a black pot","small, compact space with a large mirror for a sense of spaciousness and an efficient use of available area","This bathroom is designed with a minimalist approach, using a monochromatic color scheme to create a clean, modern aesthetic. The marble countertop adds a touch of luxury, while the gold accents add warmth to the space."
"contemporary_124.jpg","Industrial Loft","green and black, gold accent","brass, marble, wood","dimmable lights with a central pendant light","edgy yet sophisticated","large mirror, freestanding tub, copper-tone faucets, industrial-style shelving","spacious bathroom with a large marble counter and tub area","This is an industrial loft style bathroom with high ceilings, sleek fixtures in copper tones, and a color palette that includes black and green accents."
"contemporary_125.jpg","Modern","dark green, light gray, white","wood, stone, metal","Natural light from skylight","Calm and modern","sofa, coffee table, plant, modern sculpture","Open space with centerpiece sofa area, bordered by stone pathway leading to back patio.","This modern backyard is designed with a minimalist style, featuring a dark green turf lawn and wooden deck. The open layout invites relaxation, while the large skylight allows natural light to flood the space."
"contemporary_126.jpg","Scandinavian","white, beige, gray","wood, marble, metal","natural soft light from large windows","calm and airy","kitchen island, bar stools, hanging pendant lights","open space with central seating area","This kitchen has a Scandinavian style, featuring white and neutral tones to create a calm and airy atmosphere. The marble counters add luxury, while the large windows provide natural light that enhances the open feel of the space."
"contemporary_127.jpg","Modern","grey, blue, white","wood, marble, metal","recessed and under-cabinet lighting, complemented by natural light from the large window","clean, serene and well-lit","sink, toilet, shower, bath tub","square floor plan with all fixtures centered around the bathroom vanity","This is a sleek, modern bathroom with clean lines and neutral colors. The space is designed to be functional with all fixtures centrally located."
"contemporary_130.jpg","Modern Minimalist","gray, white, wood","steel, leather, glass","natural light from large windows and recessed ceiling lights","calm and cozy","sofa, coffee table, fireplace, painting","open space with central seating area","This modern minimalist living room features a gray and white color palette, steel accents, leather and wood materials, recessed ceiling lights, and natural light from large windows. A cozy seating arrangement around a fireplace creates the perfect atmosphere for relaxation."
"contemporary_131.jpg","Modern Minimalist","light wood, white, gray","oak wood, stainless steel, glass","bright and natural light from large windows","clean, fresh, and inviting","island with stools, oven range, kitchen sink, plants","open kitchen layout with central island for dining","This modern minimalist kitchen is bright and clean, featuring an open layout with a large island providing seating. The color palette is light wood, white, and gray, complemented by oak wood cabinetry, stainless steel appliances, and glass accents. The natural light from the windows creates a fresh and inviting atmosphere."
"contemporary_132.jpg","Modern Minimalist","light grey, dark brown, brass","wood veneer, granite countertops, stainless steel appliances","recessed LED lighting with accent track lighting","cool and contemporary","island, pendant lights, modern cabinetry, brushed nickel faucets","linear kitchen layout with island in center, open to living area","This modern kitchen combines a minimalist design aesthetic with sleek materials and fixtures for an updated look."
"contemporary_133.jpg","Minimalist","white, gray, black","glass, concrete, wood","natural light from large window","calm and serene","toilet, shower, bidet, mirror","open space with large glass partition","This is a modern bathroom with minimalist design. The color palette consists of white, gray and black. The space utilizes glass for the shower area, concrete walls, and wood accents on the flooring and fixtures."
"contemporary_134.jpg","Modern","navy blue, light gray, white","velvet, linen, wood","The room is well lit with soft ambient lighting, accentuated by the chandelier above the bed.","The mood of this room is luxurious and cozy.","king size bed, accent pillows, area rug, wall sconces","This room features a spacious layout with the bed as the focal point, surrounded by windows that let in natural light. A chandelier hangs above the bed to provide additional illumination.","The image shows a modern and luxurious bedroom with a navy blue color scheme, wooden accents, and soft lighting."
"contemporary_135.jpg","Modern Minimalist","light wood, black, white","wood, stainless steel, glass","bright natural light from large windows","clean and modern","kitchen island, open shelving, modern appliances, potted plant, black bar stools","spacious with clean lines, open layout","This modern kitchen features a light wood color palette with black accents and natural lighting from the windows. The space is designed for functionality with an open layout and minimalistic style."
"contemporary_136.jpg","Scandinavian","navy blue, white, light wood","wood panelling, black metal fixtures, glass partitions","overhead recessed lighting with soft ambient glow","calm and relaxed","round wooden bathtub, modern black shower fixture, simple wood sink vanity","long narrow room with dark wood flooring, glass-walled shower at end of space","This bathroom features a Scandinavian design style with warm woods and minimalist fixtures. The color palette is neutral with a touch of navy blue in the bathtub. Materials include wood paneling, black metal fixtures, and glass partitions for separation. Lighting is soft overhead with ambient light glowing on the floor. The mood is calm and relaxed. Key objects include a round wooden tub, sleek black shower fixture, and simple sink vanity. The layout is long and narrow with a dark wood floor and a glass-walled shower at the far end."
"contemporary_137.jpg","Modern Minimalist","white, light wood, grey","wood, linen, glass","natural soft light from large windows and ceiling lights","bright and energetic","bed, dresser, coffee table, chairs, mirror","spacious open floor plan with a central seating area and bedrooms on either side","A modern minimalist design that feels bright and energetic. The room features wood floors, linen accents, and natural light from large windows and ceiling lights."
"contemporary_138.jpg","Scandinavian","light wood, white, gray","wood, glass, metal","bright and natural light from large windows","calm and serene","wooden bench, floor lamp, small plant, modern pendant light","open space with sliding doors leading to patio","A modern Scandinavian design living room with natural materials and a bright, inviting atmosphere."
"contemporary_139.jpg","Modern Minimalist","white, dark wood, black accent","stainless steel appliances, brushed nickel fixtures, marble countertops","soft under-cabinet LED lighting and recessed ceiling lights","modern, spacious, and bright","large center island, stainless steel range hood, contemporary pendant light, wooden kitchen cabinets","an L-shaped kitchen with island and adjacent dining area","This modern kitchen features sleek appliances, wood accents, and an efficient layout that combines cooking, dining, and socializing spaces."
"contemporary_14.jpg","Modern Minimalist","white, black, gray","oak wood, fabric upholstery, metal frame on bed","soft natural light from large windows","calm and airy","queen-size bed, desk with chair, floor lamp, framed print on wall, mirror","small room with central furniture arrangement, creating a sense of openness","This is a modern and minimalist bedroom space, featuring a neutral color palette with oak wood accents. The room has a large window allowing for soft natural light, and the layout centers on the queen-size bed to create an airy feeling."
"contemporary_140.jpg","Modern Minimalist","white, light wood","wood, stone, concrete","natural light from large windows with blackout blinds, and soft floor lamps","calm and airy","white sofa, black coffee table, green plant in a planter, floor lamp, wooden bench","open space with central seating area, surrounded by large plants and trees that create a natural border","This living room combines minimalist design with wood accents, creating an open and airy atmosphere. Large windows allow for ample natural light, while the blackout blinds provide privacy when needed. The use of concrete floors adds to the contemporary feel, and the green plant in a planter introduces a touch of nature. The layout is designed around a central seating area, providing a cozy yet spacious environment for relaxation."
"contemporary_141.jpg","Modern Minimalist","white, black, gray","wood, glass, metal","well-lit with natural light from windows and ceiling fixtures","clean, serene, and organized","shower shelves, storage bins, tile flooring","linear layout, centered around shower area","This modern minimalist bathroom features a clean design with wood elements, black accents, and glass components. The space is well-lit by natural light, creating a serene atmosphere."
"contemporary_142.jpg","Scandinavian","light wood, white, green accent","wood, linen, steel","natural soft light from large windows","calm and airy","modern appliances, counters and cabinets with clean lines, plants in pots, sleek pendant lights","an L-shaped kitchen space with island at one end","This modern Scandinavian style kitchen features light wood tones, a white countertop, and green accents. The room is well-lit by natural light from large windows, creating a calm and airy atmosphere. Key elements include modern appliances, clean lines in the cabinetry and counters, and potted plants that add a touch of nature to the space."
"contemporary_146.jpg","Modern","beige, brown, gray","tiles, metal shower door, wood shelves","natural light through window and ceiling lights","bright and clean","shower caddy, tissue box, bath mat","small space with open door to shower area","A modern bathroom featuring a beige color scheme, tiled walls and floors, metal shower door, and a minimalist design with natural light illuminating the space."
"contemporary_148.jpg","Modern Minimalist","white, off-white, wood","laminate countertops, stainless steel appliances, glass doors on cabinets","natural soft light from large windows above sink area","calm and airy","white washing machine, white dishwasher, white dryer, white cabinets, white shelves, white countertops","kitchenette with appliances tucked underneath the counter and a separate laundry area underneath the sink","This modern minimalist kitchenette features all-white appliances and cabinets, creating an airy and uncluttered feel. Natural light from above the sink adds to the calm ambiance. The open shelving and glass doors on the cabinet provide a clean look that maximizes counter space."
"contemporary_149.jpg","Modern Minimalist","gray, white, dark wood","concrete, steel, marble","recessed lighting and natural soft light from large windows","calm and airy","weight bench, treadmill, free weights, mat","open space with central equipment area","A modern gym with minimalist design elements, featuring a gray color scheme with natural lighting for an airy and calm atmosphere."
"contemporary_15.jpg","Modern","white, light wood, black","marble, wood, glass","well-lit with natural light from large windows","clean and serene","large mirror above sink, modern faucet, black towels on rack, potted plant near window","open space with central vanity area, flanked by storage cabinet on left and walk-in shower on right","This modern bathroom features a light wood palette with black accents, marble surfaces, natural light from windows, and sleek fixtures. The layout is open and inviting, with the vanity area serving as the focal point."
"contemporary_150.jpg","Modern","white, gray, green","wood, stone, grass","Natural sunlight from the patio door and surrounding windows.","Calm and relaxed.","large wooden planter with succulents, gray rock garden, greenery in pots on the ground","Small outdoor seating area with a curved stone bench, bordered by plants and rocks.","This modern outdoor living space features a minimalist design with natural materials like wood, stone, and grass. The layout is designed for relaxation, with a curved stone bench surrounded by succulents and other greenery."
"contemporary_151.jpg","Modern Minimalist","white, beige, light wood","wood, leather, metal","natural soft light from large windows","calm and airy","sofa, coffee table, plant, floor lamp","open space with central seating area","This modern living room features a clean and neutral color palette, with wood accents providing warmth. The open layout encourages conversation and connection among family members and guests."
"contemporary_152.jpg","Scandinavian","white, beige, light wood","wood, porcelain, brass","natural soft light from large windows","calm and airy","sink vanity, mirror, plant, cabinet drawers","organized with functional zones","A modern bathroom featuring a wooden vanity with drawers, a large mirror above the sink, a plant for a touch of greenery and cabinets for storage."
"contemporary_153.jpg","Modern Minimalist","beige, brown, green","concrete, steel, wood","soft, ambient lighting from recessed lighting and large outdoor lights","calm and serene","outdoor sofa, dining table, potted plants, fireplace, outdoor chairs","an L-shaped seating area centered around a fire pit, with an outdoor kitchen to one side.","This modern backyard patio is designed for relaxation and entertaining. The neutral color palette and minimalist design contribute to the serene atmosphere."
"contemporary_154.jpg","Modern Minimalist","white, beige, light wood","wood, linen, concrete","natural soft light from large windows and recessed lights","calm and airy","sofa, coffee table, plant, floor lamp","open space with central seating area around fireplace","This interior design is a modern minimalist style that features a neutral color palette, natural lighting, and an open layout centered around a fireplace. The materials used are primarily wood and concrete, giving the space a warm yet contemporary feel."
"contemporary_156.jpg","Modern Minimalist","gray, white, brass","wood, marble, metal","natural soft light from large windows","calm and airy","mixer, mortar and pestle, coffee pot, bowls","linear design with a central island in the middle","This kitchen is designed with a minimalist approach, focusing on clean lines, neutral colors, and natural materials. The space features an L-shaped counter with gray wood cabinets above and below, topped off with brass handles. The island provides additional workspace in the center of the room."
"contemporary_159.jpg","Modern Minimalist","white, beige, light wood","fabric, wood, metal","Natural soft light from large windows","Calm and airy","bed, nightstand, lamp, artwork, blanket","Bedroom with bed as focal point, flanked by nightstands on either side.","Modern minimalist bedroom design featuring clean lines and neutral tones. The space is bright and airy, with large windows allowing natural light to fill the room."
"contemporary_16.jpg","Modern","white, blue, gray","glass, marble, wood","natural light from a large window","clean and serene","sink, tub, shower, mirror, cabinet","bathroom with separate shower and tub, surrounded by windows","The bathroom is a modern space with a clean design featuring glass walls that allow natural light to fill the room. The color palette consists of white, blue, and gray hues, with wooden accents on the cabinet. It has both a shower and tub, making it a versatile space for relaxation and rejuvenation."
"contemporary_160.jpg","Modern Minimalist","white, light wood, concrete","oak wood, linen, stainless steel","natural soft light from large windows","calm and airy","kitchen island, coffee bar cart, hanging pendant light, wall-mounted herbs","open space with central kitchen island","A modern, minimalist kitchen design with a calm and airy atmosphere featuring natural light and contemporary materials."
"contemporary_162.jpg","Modern Minimalist","white, beige, light wood","oak wood, linen, concrete","natural soft light from large windows and ceiling lights","calm and airy","mirror, white vanity, potted plant, toiletries","long narrow space with countertops on both sides leading to a large mirror in the center","This modern bathroom is characterized by its minimalist design, with a clean white color scheme and natural wood accents. The soft lighting creates a calming atmosphere, while the large mirror above the vanity adds depth and spaciousness to the room."
"contemporary_163.jpg","Modern Loft","gray, white, wood, green","concrete flooring, steel beams, wood panels, glass walls","natural soft light from large windows overlooking mountains","bright and energetic","treadmill, elliptical trainer, bicycle, adjustable bench, wrist weights","open space with central workout equipment area","This gym features a modern loft-style design with concrete floors and steel beams, complemented by glass walls that offer a stunning mountain view. The interior is bright and energetic, utilizing gray, white, wood, and green colors to create a clean, contemporary feel."
"contemporary_164.jpg","Modern Minimalist","black, white, gray","wood, fabric, glass","soft and warm glow from the fireplace","calm and sophisticated","couch, coffee table, fireside chair, floor lamp, area rug","modern open-concept layout with a large centerpiece fireplace","This modern living room features a minimalist design with a monochromatic color palette, primarily in shades of black and white. The space is illuminated by soft, warm light from the fireplace and floor lamp. It includes comfortable seating options, a cozy coffee table, and a sleek area rug that ties together the decor."
"contemporary_165.jpg","Modern","black, white, wood","glass, wood, tile","well-lit with natural light from window and additional overhead lights.","minimalist yet comfortable","two white sinks on a wooden countertop, wooden bench beside the shower, large round mirrors above the sinks, a single potted plant","spacious with a clear separation between the shower and bathroom sink area.","A modern, minimalist bathroom design featuring glass elements, natural light, and a wood-accented color scheme."
"contemporary_167.jpg","Modern Minimalist","white, light wood, dark brown","wood, marble, steel","modern track lighting with adjustable bulbs","bright and energetic","bar stools, kitchen island, vase, wine rack","open space with central kitchen island","A modern, minimalist kitchen featuring a light wood palette with marble countertops and steel accents. The brightness is enhanced by track lighting that offers adjustable bulbs."
"contemporary_169.jpg","Modern Minimalist","green, white, brass","subway tiles, brass fixtures, oak cabinetry","soft natural light from frosted windows","calm and clean","shower caddy, bath mat, white towel, hanging shower curtain","small space with efficient layout for functionality","This modern bathroom is designed with a minimalist approach, using green subway tiles and white fixtures for cleanliness. The brass elements add warmth to the space, while the oak cabinetry lends a natural touch. Natural light illuminates the room through frosted windows, creating a calm and inviting atmosphere."
"contemporary_170.jpg","Modern","gray, beige, wood","wood, steel, glass","natural soft light from large windows and high ceiling vaulted glass ceiling","calm and airy","sofa, coffee table, chair, planter, floor lamp","open space with central seating area flanked by glass walls on either side","A modern house with a warm, airy atmosphere featuring wooden construction and large windows for natural light."
"contemporary_171.jpg","Modern Minimalist","gray, white, black","leather, fabric, wood","natural soft light from large windows and recessed lighting","calm and airy","sofa, coffee table, plant, floor lamp, abstract artwork","open space with central seating area, framed by a large window","This modern living room features sleek gray and white color tones, soft leather upholstery on the furniture, and a clean, uncluttered design that creates an inviting and relaxing atmosphere."
"contemporary_172.jpg","Modern","black, white, wood","leather, wood, metal","natural light and dimmable recessed lights","contemporary and elegant","sofa, coffee table, area rug, wall art","modern open space with central area for seating and conversation","This modern living room features a clean, contemporary design with neutral colors, a mix of natural and artificial lighting, and comfortable seating arranged around a central coffee table."
"contemporary_173.jpg","Modern","gray, white, brown","tile, glass, metal","well-lit shower area, dimmer light in the rest of the bathroom","functional and clean","showerhead, shower controls, safety handrail, towel rack","small space with efficient use of floor area, glass door for visibility","A modern bathroom design featuring tile walls and shower, with a simple and functional layout."
"contemporary_174.jpg","Modern Minimalist","light brown, white, dark brown","wood paneling, fabric upholstery, metal accents","soft and diffused overhead lights","calm and serene","bench seating, towel rack, steam shower controls, wooden side table","compact design with efficient use of space","This is a luxurious sauna room that uses a modern minimalist style to create a calm and serene atmosphere. The color palette consists of light brown, white, and dark brown tones that harmonize well together. Materials used include wood paneling, fabric upholstery, and metal accents. The soft overhead lights provide ample illumination while maintaining the room's minimalist aesthetic. Objects in the space include a bench seating area for relaxation, a towel rack for convenience, steam shower controls for easy use of amenities, and a wooden side table that adds warmth to the overall design."
"contemporary_175.jpg","Minimalist","white, black, gray","wood, leather, metal","natural light from large windows and a skylight","modern and serene","bed, nightstand, chair, lamp, bookshelf, pillows","spacious with ample walking area","This minimalist bedroom features a clean design with a white bed, black and gray color palette, wood paneling on the wall, leather headboard, metal accents, large windows for natural light, and a skylight. The room feels modern and serene."
"contemporary_176.jpg","Modern","white, beige, light wood","wood, glass, metal","well-lit with recessed lighting and under-cabinet lights","modern, bright, and open","island, barstools, kitchen sink, oven","L-shaped layout with island at center","A modern kitchen featuring a large island in the center, sleek countertops, and stainless steel appliances. The design is bright and open, with a focus on functionality and clean lines."
"contemporary_177.jpg","Modern Minimalist","light brown, dark brown, black","stainless steel, oak wood, stone, glass","well-lit with recessed lighting and under-cabinet lights","clean, sleek, and uncluttered","modern kitchen island, stainless steel appliances, large window, hanging pendant light","open concept with galley-style counter","This modern minimalist kitchen is designed for efficiency and style, featuring stainless steel appliances, oak cabinets, a large island in the center of the room, and plenty of natural light."
"contemporary_178.jpg","Modern Minimalist","white, light wood, blue accent","glass, wood, steel","bright and natural soft light from large windows, enhanced by a pendant lamp","clean and serene","dining table with chairs, sofa, coffee table, floor lamp, large vase","open space with central seating area, surrounded by large windows providing a panoramic view of the cityscape","This modern dining room features clean lines and minimal decor, creating a serene atmosphere while taking advantage of its spaciousness and the stunning views from the large windows."
"contemporary_18.jpg","Modern","white, gray","wood, stone","recessed lighting and a wall sconce","clean and minimalist","tub, shower, sink, mirror, cabinet","small bathroom with compact fixtures","A sleek, modern small bathroom with a clean design featuring wood and stone materials."
"contemporary_181.jpg","Modern Minimalist","white, light gray, black","marble, glass, wood","bright and well-lit with natural light","clean, bright, and modern","bathtub, shower, two sinks, mirror","small bathroom with separate bathtub and shower areas","A sleek, modern bathroom with minimalist design elements."
"contemporary_182.jpg","Contemporary","gray, white, black","glass, stainless steel, concrete","Bright and well-lit, with natural light from a large window.","Minimalist and clean, with a focus on simplicity and functionality.","shower stall, bathtub, bathroom sink","Small bathroom layout with shower directly next to the bathtub.","This is an image of a modern, minimalist bathroom that emphasizes functionality and simplicity."
"contemporary_183.jpg","Modern Minimalist","gray, green, white","wood, glass, brick","natural soft light from large windows","calm and airy","planter box with trees, outdoor furniture set, fire pit","linear pathway leading through outdoor space","This modern minimalist backyard features a linear layout of wood, glass, and brick materials, with soft natural light creating a calm and airy atmosphere."
"contemporary_184.jpg","Modern Minimalist","white, gray","tile, glass, metal","soft and natural light from overhead fixture","calm and relaxed","bathtub, cabinet, shelves, toilet","small space with all fixtures positioned close to one another for efficiency","This bathroom features a minimalist design with white and gray tones, tile walls, glass panels, and a metal tub. The overhead light provides soft illumination that enhances the calm atmosphere of the room."
"contemporary_186.jpg","Modern Minimalist","white, gray, black","glass, wood, metal","bright and well-lit space with natural light from windows","clean, contemporary, and serene","bath tub, shower stall, sink, vanity mirror, toiletry holder","space designed for functionality and aesthetics with separate areas for bathing and grooming","This modern bathroom features minimalist design elements, with white fixtures against gray tiles and black accents. The space is well-lit with natural light from windows, creating a clean and serene atmosphere."
"contemporary_187.jpg","Garden Style","green, wooden, white","stone, plants, grasses","Natural light from surroundings","Peaceful and relaxed","wood bench, round stone table, decorative shrubs","Winding garden path through plants","A tranquil outdoor space that combines elements of nature with man-made furniture to create a peaceful retreat."
"contemporary_188.jpg","Scandinavian","white, light wood, navy blue","natural stone, wood, metal","natural soft light from large windows","calm and airy","sofa, coffee table, plant, floor lamp","open space with central seating area","The room features a Scandinavian design with a natural wood accent color. The materials include stone and wood, creating a warm and inviting atmosphere. Natural light from the windows provides soft illumination, contributing to a calm and airy feel. Furnishings include a sofa for seating, a coffee table in the center of the room, a plant for life, and a floor lamp for additional lighting."
"contemporary_189.jpg","Modern Minimalist","white, light wood, concrete","wood paneling, glass windows and doors, metal accents","natural soft light from large windows, complemented by recessed ceiling lights","calm and airy","sofa, coffee table, floor lamp, plant","open space with central seating area, surrounding by walls and a fireplace","This modern minimalist design features a bright and airy atmosphere with clean lines and an emphasis on natural materials and lighting."
"contemporary_19.jpg","Modern","white, gray, black","concrete, metal, wood","ambient light from recessed ceiling lights and a fireplace glow","warm and inviting","flat-screen TV, fireplace, modern sofa, contemporary coffee table","open floor plan with living room centered around the large flat-screen television","A modern interior design space featuring a warm and inviting atmosphere, with a focus on comfort and entertainment."
"contemporary_190.jpg","Modern Minimalist","white, light gray, dark gray","tile, glass shower door, stainless steel faucets","natural light from window above shower","modern and serene","shower, bathtub, sink, toilet, potted plant","small bathroom with walk-in shower and stand-alone bathtub","This modern bathroom design combines clean lines, minimalistic style, and practical features such as a walk-in shower and stand-alone bathtub to create a serene and functional space."
"contemporary_191.jpg","Modern","white, black, gray","concrete, steel, wood","natural soft light from large windows","calm and minimalist","bed, nightstands, lamp, sofa","open space with central seating area around a window wall","This is a modern bedroom with a minimalist design featuring a simple color palette, concrete and steel materials, soft lighting from large windows, and a calming atmosphere. The room has a bed, nightstands, lamp, and sofa for seating."
"contemporary_192.jpg","Modern","white, gray, wood","marble, glass, wood","natural and bright light from large windows","calm and sophisticated","bathtub, vanity mirror, sink, shower, toilet","spacious bathroom with separate shower area","This modern bathroom features a spacious design with high-quality materials such as marble and wood, and a neutral color palette of white, gray, and wood. The bright natural light enhances the room's sophisticated ambiance."
"contemporary_193.jpg","Modern Minimalist","dark gray, light gray, white","glass block wall, black marble, wood panels","well-lit with natural light from skylight and recessed lighting","calm and spacious","freestanding tub, large rectangular mirror, single vanity sink","split design with separate seating area in front of the tub and a single basin vanity","A modern minimalist bathroom that combines functionality with luxury, featuring a glass block wall, dark marble countertops, and spacious layout."
"contemporary_194.jpg","Modern Minimalist","white, light wood","oak wood, steel","natural soft light from large windows and recessed ceiling lighting","calm and airy","large abstract artwork on a wall, modern sleek sofa, clean white walls, floor lamp","open space with central seating area between two windows","This modern living room combines minimalist design with clean lines and an open layout, using natural light to create a calm and airy atmosphere."
"contemporary_195.jpg","Modern Minimalist","gray, blue, green","concrete, metal, wood","warm and inviting from outdoor lights","peaceful and relaxed","outdoor fireplace, two blue chairs, small trees","outdoor space with a central fire pit surrounded by furniture","This modern outdoor living area features a minimalist design with concrete, wood, and metal materials. The color palette consists of gray, blue, and green tones. The space is illuminated by warm outdoor lights creating a peaceful and relaxed atmosphere."
"contemporary_196.jpg","Modern","white, gray, wood","concrete, glass, stone","Natural light from large windows during daytime","Clean and serene","couch, coffee table, plant, floor lamp, vase","Open space with central seating area, surrounded by glass walls and stone elements.","This modern house offers a serene atmosphere with its open design, clean lines, and natural lighting."
"contemporary_197.jpg","Modern Minimalist","white, black","steel, glass","recessed lighting and ambient light from a floor lamp","clean, modern, and minimalistic","flat screen television, wall shelving, vases with flowers, framed artwork","open space layout with a wall-mounted flat screen TV as the focal point","This modern living room features clean lines and minimal decor, creating a sleek and contemporary look."
"contemporary_199.jpg","Modern","gold, black, white","marble, brass, wood","recessed lighting in the ceiling and sconces on the walls","luxurious and clean","gold faucet, oversized round mirror, decorative potted plant","small space with a single sink vanity under a large mirror","A modern bathroom vanity with marble wall, gold fixtures and lighting. The minimalist design features a single sink with a decorative round mirror above it and a potted plant for a touch of greenery."
"contemporary_2.jpg","Modern","green, beige, gray","wood, brick, metal","Natural sunlight from the surrounding trees and sky lights, with additional floor lamps for evening ambiance.","Serene and inviting","outdoor sofa, coffee table, large umbrella, raised fire pit, planter boxes","A curved pathway leads to a central seating area with outdoor furniture. Surrounding the space is a variety of plant species for a lush and vibrant environment.","This modern garden features a serene atmosphere, utilizing wood, brick, and metal materials to create a warm and inviting space surrounded by nature."
"contemporary_20.jpg","Modern Minimalist","white, light gray","concrete, steel","natural soft light from large windows","bright and airy","flat-screen TV, wooden mantle, focal area rug, floor lamp","open space with central seating area","This modern living room features a minimalist design with clean lines and a color palette dominated by white and light gray. The space is well-lit by natural light filtering in through large windows, creating a bright and airy atmosphere. The focal point of the room is a flat-screen TV mounted on the wall above a wooden mantle, which serves as both a functional element for the entertainment system and an aesthetic accent piece. A plush rug anchors the seating area in front of the fireplace, adding warmth and texture to the space. The materials used are modern, with concrete flooring complementing the steel elements that make up the sleek furniture pieces."
"contemporary_200.jpg","Scandinavian","white, beige, light wood","wood, fabric, glass","Natural light from the large windows, with soft and warm light fixtures adding to the cozy ambiance.","Warm and cozy","sofa, coffee table, area rug, plants","Open space with a central seating area, flanked by a bar and lounge area on one side.","This modern Scandinavian-style living room features natural materials like wood and fabric, soft lighting, and cozy furnishings for an inviting and warm atmosphere."
"contemporary_201.jpg","Modern Minimalist","beige, white, green","oak wood, linen, concrete, steel","natural soft light from large windows","calm and airy","bathtub, sofa, coffee table, plant","open space with central seating area","This is a modern bathroom that features a freestanding tub, high ceilings, and minimalist design elements. The color palette is simple yet warm, and the materials used are natural and earthy. Large windows let in soft, natural light that creates a serene atmosphere."
"contemporary_202.jpg","Contemporary","White, Navy Blue, Gold","Marble, Stainless Steel, Hardwood","Recessed lighting with adjustable dimmers","Luxurious and spa-like","Sink vanity, Mirror above sink, Towel rack on wall, Bath mats on floor","Bathroom has a walk-in shower with glass doors, separate bathtub area, and double sinks. White tiles cover the walls.","The bathroom features a luxurious color palette of white, navy blue, and gold, along with marble countertops and stainless steel fixtures."
"contemporary_203.jpg","Scandinavian","white, light wood, beige","wood, tile, metal","natural soft light from large windows and round wall sconces","calm and airy","double sink vanity, round mirror, wooden cabinet with drawers and doors","space layout with central vanity area surrounded by storage and lighting fixtures","This bathroom features a Scandinavian design with light wood tones, natural light from large windows, and ample storage in the wooden cabinet. The round mirror and soft lighting create a calm and airy atmosphere."
"contemporary_204.jpg","Modern Industrial","dark wood, white, black","wood, metal, glass","ambient and task lighting from track lights and under cabinet lights","modern, functional and sleek","chair, desk, plants, storage cubbies","open plan with separate zones for work and living areas","An organized and stylish office space with a focus on functionality and modern design elements."
"contemporary_205.jpg","Modern Minimalist","beige, gray, brown","tiles, glass, wood","soft overhead light and natural light through a large window","calm and spacious","tub, shower, sink, vanity mirror, plants","bathroom with tub/shower area, vanity area, and plant on the right side of the room","This bathroom features a simple and elegant design with beige tile walls and floor, large shower enclosure with glass door, a brown wood vanity countertop, and natural light that enhances its modern minimalist aesthetic."
"contemporary_206.jpg","Modern Minimalist","light grey, white, silver","metal frame, leather upholstery, glass table","soft ambient lighting with spotlights on wine rack and decorative items","elegant and sophisticated","wine rack, luxurious sofa, round glass coffee table, potted plant","spacious open floor plan with seating area centered around wine rack and round glass table","This is a modern minimalist living room. The color palette is light grey, white, and silver. Materials include metal frame for the chairs, leather upholstery, and glass tables. Lighting is soft ambient with spotlights on wine rack and decorative items. The mood of the space is elegant and sophisticated. Objects include a wine rack, luxurious sofa, round glass coffee table, and potted plant. The layout is spacious with an open floor plan centered around wine rack and round glass table."
"contemporary_208.jpg","Modern Minimalist","black, white, dark wood","wood veneer, metal, leather","recessed LED lighting with a mix of ambient and task lighting","calm and professional","TV on wall mount, sofa against the window, white desk lamp, modern floor lamp","space divided into sections, with a large open area that leads to windows and outdoor view","This modern office features a minimalist design with clean lines and neutral colors. The space is designed for efficiency and comfort, incorporating elements of sustainability in materials used."
"contemporary_209.jpg","Modern Minimalist","white, beige, light wood","oak wood, linen, steel","natural soft light from large windows","clean and serene","washer, dryer, towel rack, shelves","space efficient with laundry appliances tucked into cabinetry","A modern, minimalist laundry room with clean lines and a light color palette that creates a serene atmosphere."
"contemporary_210.jpg","Modern","gray, white, green","wood, concrete, metal","Warm and soft ambient light from recessed lighting and string lights","Calm and inviting","sofa, coffee table, outdoor chair, plant, fire pit","U-shaped arrangement with seating areas facing each other over a central fire pit","This outdoor living space is designed in a modern style, featuring warm wood tones, sleek concrete elements and string lights that provide a cozy ambiance. A U-shaped layout encourages conversation between the two main seating areas while the large planter adds a touch of greenery to space."
"contemporary_211.jpg","Modern","white, grey, silver","stainless steel, black granite, glass","bright and even overhead lights with accent lighting under the cabinets","clean, sleek, and modern","modern kitchen faucet, sleek stainless steel microwave, contemporary glassware","an L-shaped layout with an island in the middle of the room","This modern kitchen features a neutral color palette, stainless steel appliances and fixtures, black granite countertops, and ample storage space. The bright overhead lights are complemented by under-cabinet lighting for an even illumination."
"contemporary_212.jpg","Modern Minimalist","white, gray, black","wood, glass, metal","ambient and task lighting with natural light from window","calm and serene","modern sink, clean lines on wall, decorative towel holder","linear layout with sink in corner next to open space","A modern minimalist bathroom with a clean design, focusing on simplicity and functionality."
"contemporary_213.jpg","Modern Minimalist","white, gray, blue","steel, glass, concrete","natural soft light from large windows and floor lamps","calm and airy","sofa, coffee table, floor lamp, potted plant, large artwork","open space with central seating area, surrounded by glass walls","This modern interior design exudes a serene and minimalistic vibe, featuring clean lines, neutral tones, and an abundance of natural light."
"contemporary_214.jpg","Modern Minimalist","white, light gray, dark wood","glass shower enclosure, black tile on walls and floor, brushed nickel fixtures","natural soft light from a large window","calm and spacious","modern bathroom sink, white toilet bowl with closed lid, black tiled shower bench","open space layout with a centralized shower and separate toilet area","This modern minimalist bathroom features a black tile design on the walls and floor, enclosed by a glass shower door. A white toilet and a black tiled shower bench are visible. The open space layout with a centralized shower area gives it a calm and spacious feel."
"contemporary_215.jpg","Modern Minimalist","white, gray, light wood","marble, steel, glass","natural soft light from large windows","calm and airy","shower head, bath mat, cactus, towel rack, shower caddy","small space with efficient use of wall-mounted fixtures for storage and shower area","This modern bathroom features a minimalist design with clean lines, a soothing color palette, and the efficient use of space."
"contemporary_216.jpg","Modern","gray, white, silver","tile, glass, metal","bright and sleek, featuring recessed lighting","clean and minimalist","shower curtain, floating shelves, tiles on the walls and floor","small bathroom with shower stall","This modern shower is designed for functionality, with a streamlined look featuring glass and metals. The gray tile complements the white elements, creating an efficient use of space."
"contemporary_218.jpg","Modern Minimalist","white, beige, natural wood","natural wood, linen, glass","natural soft light from large windows","calm and airy","sofa, coffee table, plant, floor lamp","open space with central seating area","A modern, minimalist living room with a calming atmosphere featuring natural wood elements, linen cushions and soft lighting from large windows."
"contemporary_219.jpg","Scandinavian","white, light wood, blue accent","wood paneling, white subway tiles, stainless steel","natural soft light from large windows","bright and airy","sink, cabinets, kitchen island, window box, vase","galley kitchen layout with central island in middle","This is a bright and airy galley kitchen featuring wood paneling, white subway tiles, stainless steel fixtures, and plenty of natural light. The centerpiece is a large kitchen island with a sink, providing ample space for meal preparation and dining. A vase on the counter adds a touch of greenery to space."
"contemporary_22.jpg","Modern","blue, white, light wood","tiles, glass, wood","bright and inviting with recessed lighting and accent lighting","modern and clean","mirror, candle, toiletries, plant","rectangular with a long vanity mirror at one end","A sleek, modern bathroom with dark blue tiles, white fixtures and light wood accents."
"contemporary_220.jpg","Modern Minimalist","white, beige, light wood","glass, wood, concrete, steel","soft and warm LED lighting with a central overhead fixture","calm and relaxing","sleek modern showerhead, rectangular sink basin, wooden bench","open space with a central vanity area flanked by a toilet on the left side and glass doored shower stall on the right","A clean, modern bathroom with a minimalist design featuring wood accents."
"contemporary_221.jpg","Modern Minimalist","white, gray, blue","glass, wood, steel","natural light from large windows","calm and serene","freestanding tub, double sink vanity, plant, floor lamp","clean lines and open space with central bathtub area","This modern bathroom features a clean, minimalist design with white and gray tones. Glass encloses the shower, providing a sense of spaciousness while reflecting light throughout the room. A freestanding tub serves as a focal point, with a double sink vanity nearby. The color palette is calming, and natural light from large windows creates a serene atmosphere."
"contemporary_222.jpg","Modern Minimalist","white, beige, gray","wood, fabric, glass","recessed lighting and a large chandelier provide ample illumination","calm and inviting","sofa, coffee table, area rug, floor lamp, potted plant","open floor plan with kitchen in the background, adjacent to staircase leading to upper level","This modern minimalist living room is characterized by a neutral color palette and materials like wood, fabric, and glass. The ample natural light creates a bright and welcoming atmosphere."
"contemporary_223.jpg","Modern Minimalist","dark wood, light gray, black accents","wood, metal, stone","recessed ceiling lights providing ample illumination","clean and sleek with a touch of sophistication","large island in center of kitchen, bar stools at island, under-cabinet lighting","open concept with clean lines","This modern, minimalist kitchen features dark wood cabinets and floors against a light gray backdrop. Metal accents add a touch of sophistication to the space."
"contemporary_226.jpg","Modern Minimalist","white, black, wood accent","marble tile, stainless steel, oak wood","under-cabinet lighting and recessed ceiling lights","sleek, clean and inviting","double sinks with silver faucets, large rectangular mirror above double vanity, black stone countertop, wooden bench seating","linear design with dual sinks, mirror and seating in a row","A modern bathroom featuring clean lines, neutral colors, and minimalist fixtures."
"contemporary_227.jpg","Modern Minimalist","white, wood, grey","wood, stainless steel, porcelain","well-lit with a balance of natural and artificial light from recessed fixtures, under-cabinet lights and pendant light above island","bright and airy with a touch of rustic charm","kitchen island, range hood over stove, sleek faux wood cabinetry, stainless steel appliances","open galley layout with ample counter space and central island for dining or gathering","This modern kitchen combines a minimalist design with rustic touches to create a welcoming, bright and functional space."
"contemporary_229.jpg","Industrial Loft","dark grey, light grey, black, white","wood paneling, steel pipes, concrete flooring, matting","natural soft light from windows and recessed track lighting","intense and focused","weight rack with various weights, adjustable bench for squats, pull-up bar on the wall, kettlebells","small, enclosed room with one large mirror across the back wall reflecting lights","A compact home gym space with a strong industrial feel and modern design elements."
"contemporary_23.jpg","Modern Minimalist","beige, wood, grey","marble, wood, glass","natural soft light from large windows","calm and airy","sink, tub, shower, mirror, cabinets, vase, soap dispenser","space with separate areas for bathroom, shower, and sink, all adjacent to large windows.","This modern minimalist bathroom has a clean and serene atmosphere with beige and wood tones. The marble countertops and glass elements add a touch of luxury."
"contemporary_230.jpg","Modern Minimalist","gray, white, natural wood","steel siding, wood flooring, stone countertops","soft and inviting with warm accents from ambient lighting","serene and sophisticated","modern sofa, clean lines coffee table, minimalist floor lamp, contemporary area rug","open concept with spacious rooms connected by sliding glass doors","This modern minimalist design features a harmonious blend of steel siding, natural wood accents, and warm ambient lighting that creates a serene and sophisticated atmosphere. The open layout with spacious rooms connected by sliding glass doors maximizes the use of space while maintaining a contemporary feel."
"contemporary_231.jpg","Modern Minimalist","white, light wood, black","oak wood, linen, glass","ambient light from recessed fixtures supplemented by a small chandelier","calm and serene","freestanding tub, wall-mounted shower system, black toilet, white sink","small bathroom with space maximized by combining toilet and sink in corner","This bathroom is designed for functionality and simplicity, utilizing a clean and minimalist aesthetic with natural materials like wood and linen. The use of black accents adds a touch of elegance and sophistication."
"contemporary_232.jpg","Modern Minimalist","white, light gray","black leather, white fabric, natural wood","modern with recessed lighting and floor lamp","calm and sophisticated","sofa, coffee table, floor lamp, plant, cushions","open space with central seating area","A modern minimalist living room featuring a white and light gray color palette, black leather sofas, natural wood accents, recessed lighting, and a floor lamp that casts warm light."
"contemporary_234.jpg","Modern","white, gray, blue","wood, fabric, metal","well-lit with a mix of natural and artificial light sources","comfortable and inviting","white sofa, two armchairs, flat screen TV, wooden coffee table, small plant, floor lamp","open floor plan with separate seating area near the fireplace","This living room features a modern design, with neutral colors and natural materials creating a comfortable and inviting space."
"contemporary_235.jpg","Modern Minimalist","black, white, natural wood","wood, plastic, metal","ambient lighting with no harsh shadows, complemented by spot lighting for specific features like the fireplace and plants.","calm and serene, ideal for a peaceful outdoor retreat.","outdoor seating area, outdoor dining table, decorative trees, outdoor rug","a spacious garden with multiple seating areas and natural elements like plants and trees.","This outdoor space combines modern design with minimalist elements, creating a calm and serene atmosphere perfect for relaxation."
"contemporary_236.jpg","Modern Minimalist","white, black, light brown","wood, marble, brass","The bathroom is well lit with natural light from a large window.","Clean and serene, with a touch of luxury","two sinks, large mirrors, round lights","A long vanity counter flanked by two sinks. The mirror reflects light from the window.","This modern bathroom design features a minimalist aesthetic with sleek lines and contrasting materials, creating an elegant space."
"contemporary_237.jpg","Modern Minimalist","white, light wood, black","glass, leather, steel","natural light from large windows","bright and energetic","bike, mirror, treadmill, exercise equipment","open space with fitness equipment in center","This image shows an indoor gym featuring modern minimalist design elements, a bright color palette dominated by white and light wood, and steel materials. Large windows allow for natural light to fill the room, creating a bright and energetic atmosphere. The layout is open with fitness equipment centered in the space."
"contemporary_238.jpg","Modern Minimalist","white, black, metallic accents","stainless steel, glass, brushed nickel","Natural soft light from large windows","Sleek and contemporary with a touch of warmth","modern island, built-in refrigerator, sleek stainless steel appliances","Open layout with separate kitchen area from living space","This modern minimalist kitchen blends clean lines and monochromatic color palette with a warm, inviting atmosphere that feels both sleek and cozy."
"contemporary_239.jpg","Modern Minimalist","white, beige, light wood","glass, wood, steel","natural soft light from large windows","calm and airy","sofa, coffee table, plant, floor lamp, painting","open space with central seating area","The room is designed in a modern minimalist style, featuring a monochromatic color palette and sleek glass and wood materials. Natural light floods in through large windows, creating a calm and airy atmosphere. A sofa sits near a coffee table in the center of the space, with a floor lamp providing additional lighting. A plant adds a touch of nature to the room, and colorful paintings are hung on the wall for artistic interest."
"contemporary_241.jpg","Modern Minimalist","white, gray, wood","marble, glass, steel","recessed lighting with soft diffused glow, accentuated by large skylight","clean, serene and spacious","freestanding tub, double vanity sinks, rectangular mirror","wide, open space with centered bathroom fixtures","This is a modern master bathroom design featuring marble walls and floor, a freestanding tub, double vanity sinks, large rectangular mirror, and soft recessed lighting that enhances the room's spaciousness."
"contemporary_243.jpg","Modern","dark brown, black, white","wood, concrete, metal","natural light from large windows and skylights, with accent lighting on the walls","modern and sleek","dining table, sofa, chairs, fireplace, potted plants","open concept with kitchen, dining area, and living room connected as one space","This modern house combines a variety of materials like wood and concrete for a unique look. The design features an open layout that seamlessly connects the kitchen to the dining and living areas, allowing for easy social interaction. The color scheme is simple with dark browns, black, and white, creating a sleek and modern atmosphere."
"contemporary_244.jpg","Modern","red, white, gray","wood, fabric","ambient and accent lighting highlighting the artwork on the wall","warm and inviting","sofa, coffee table with vases as decorative centerpiece, framed pictures","open floor plan with a central seating area around the artwork","A modern living space featuring red accents and a warm atmosphere, with a central focus on a collection of four framed pieces of art against a pink wall."
"contemporary_245.jpg","Modern Minimalist","white, dark wood","oak wood, marble, steel","natural soft light from large windows","calm and airy","modern bathtub, dark wood vanity cabinet, white porcelain sink, large mirror over sink, marble countertops","open space with central tub and vanity area","This modern bathroom features a minimalist design with natural wood accents, large windows for soft lighting, and a focus on clean lines and simple elegance."
"contemporary_246.jpg","Modern","gray, white, black","tile, marble, wood","bright overhead lights with adjustable dimmer switches","clean and sleek","modern vanity sink, black towel rack on wall, recessed lighting fixture above mirror, contemporary shower caddy","rectangular space with corner shower, bathroom vanity with large mirror, and black towel rack","A modern master bathroom with sleek design elements and a color scheme of gray, white, and black."
"contemporary_247.jpg","Modern Minimalist","white, gray, wood accents","leather, metal, glass","Warm and inviting, soft light from wall sconces and floor lamps.","Calm and relaxing, with a touch of elegance.","sofa, coffee table, floor lamp, area rug, plant","A spacious living room with a central sofa flanked by armchairs, leading to the fireplace area.","This modern living room is designed for comfort and style, featuring a minimalist approach with warm lighting and a variety of textures."
"contemporary_248.jpg","Industrial Loft","white, wood, black","metal, concrete, leather","natural soft light from large windows and overhead track lighting","modern and cozy","bed, large window, ceiling fan, speakers, storage bench","open space with central bed as focal point, flanked by large windows and overhead track lighting.",""
"contemporary_249.jpg","Modern Minimalist","white, light wood, gray","stainless steel, hardwood, marble","Warm and inviting, with recessed lighting accentuated by pendant lights over island","Clean and uncluttered, with a focus on functionality and style","center island, subzero refrigerator, metal range hood, high-end stainless steel appliances","Open concept layout featuring a galley kitchen leading to a family room","This modern, minimalist kitchen features high-end materials and fixtures, with a clean and organized design that emphasizes functionality over clutter."
"contemporary_25.jpg","Modern","neutral, black, brass","marble, metal, wood","natural light from large windows and under-cabinet LED lights","clean, modern, and functional","kitchen island with sink, stainless steel appliances, wine rack on counter, vase of flowers","L-shaped design with open kitchen area and adjacent dining space","This modern kitchen features a neutral color palette, contrasting brass accents, marble counters, and stainless steel appliances. Natural light fills the space through large windows and under-cabinet LED lights, creating a clean and functional environment."
"contemporary_250.jpg","Modern","white, beige, wood","wood, linen, brass","soft overhead lighting with additional natural light from windows","calm and neutral","baby crib, dresser, shelves, lamp","small room with simple layout centered around baby area","This nursery is designed in a modern style, utilizing light wood tones for a calm and neutral mood. The furniture is arranged to maximize space efficiently while still creating a comfortable environment for the child."
"contemporary_251.jpg","Modern Minimalist","white, gray, light wood","oak wood, linen, glass, steel","natural soft light from large windows","calm and airy","sofa, coffee table, plant, floor lamp","open space with central seating area around fireplace","The living room combines a modern minimalist style with soft, natural lighting and calming materials like oak wood and linen. The color palette is neutral with white serving as the backdrop to showcase accents of gray and light wood. A central seating area around the fireplace anchors the space and offers warmth."
"contemporary_252.jpg","Modern Minimalist","white, black, blue","wood, fabric, metal","bright and airy with natural light from the large window","calm and serene","bed, nightstands, plant, painting","open space with bed as focal point and nightstands flanking on either side","This modern minimalist bedroom features a clean, monochromatic color scheme with white walls and blue accents. The large window allows for natural light to brighten the room, creating an airy atmosphere. A wooden bed is placed in the center of the room, flanked by two nightstands on either side. A green plant adds a touch of nature, and a painting above the bed serves as a focal point. The overall mood is calm and serene."
"contemporary_253.jpg","Modern Minimalist","white, gray, black","wood, fabric, leather","soft warm light from ceiling and floor lamps","calm and sophisticated","sofa, coffee table, bookcase, floor lamp, throw pillows","open space with central seating area and wooden floors","This modern minimalist living room features a monochromatic color scheme, with white walls and gray and black accents. The room is furnished with a sofa and coffee table in the center, flanked by a bookcase on one side and a floor lamp on the other. A wooden fireplace anchors the space, providing a warm and cozy ambiance."
"contemporary_254.jpg","Modern","white, light wood","stainless steel appliances, wood cabinets, tile backsplash","well-lit kitchen with under-cabinet lighting and recessed lighting","clean, bright, and functional","stainless steel refrigerator, wooden island, kitchen sink, range hood, wooden dining table","open kitchen with a central island that serves as both prep space and a casual dining area","This modern kitchen features a clean and bright design with stainless steel appliances, wooden cabinets, and tile backsplash. The open layout allows for easy movement between the kitchen and dining areas."
"contemporary_255.jpg","Scandinavian","beige, white, green","wood, cotton, glass","natural soft light from large windows","calm and airy","sofa, coffee table, plant, vase","open space with central seating area","The living room features a Scandinavian style, characterized by light colors, natural materials, and soft furnishings. The open layout creates a spacious and airy atmosphere."
"contemporary_257.jpg","Scandinavian","white, light blue, wood accents","porcelain tile, acrylic counters, chrome fixtures","bright and well-lit, with natural light from a window above the sink.","clean, modern, and inviting.","sink, mirror, vanity lights, shower curtain","linear layout with the shower on one side and the tub/sink area on the other, creating a defined space for each function.","This bathroom design is modern and minimalist with a focus on brightness and clean lines. The use of white porcelain tile and light wood accents creates a calm and inviting atmosphere."
"contemporary_258.jpg","Scandinavian","white, navy blue, wood accents","marble, glass, wood","natural light from floor-to-ceiling windows","calm and serene","white sink, large mirror above it, wooden toilet paper holder, bamboo shades on window","open layout with vanity positioned by a large window overlooking the outdoors","This is a beautifully designed bathroom that embraces natural light and materials. The open concept allows for a sense of spaciousness and tranquility."
"contemporary_261.jpg","Modern Minimalist","white, gray, natural wood","oak wood, linen, concrete","soft and warm glow from wall sconces","calm and serene","dresser, changing table, giraffe toy, stuffed animal","functional yet simple with a clear division of space","This modern nursery features a minimalist design with a warm and inviting atmosphere."
"contemporary_262.jpg","Modern Minimalist","dark brown, golden brown, red accent","wood paneling, velvet upholstery, silk rugs, crystal chandelier","ambient with strategic task lighting","luxurious and sophisticated","large plush sofa, wooden coffee table, statement artwork, sleek floor lamp","formal living room with symmetrical arrangement of furniture","This living room combines modern minimalist design elements with warm, inviting colors and luxurious materials to create a space that exudes sophistication and comfort."
"contemporary_263.jpg","Modern Minimalist","white, brown, green","wood, leather, metal","soft ambient light with warm yellow accents from wall sconces","calm and inviting","couch, coffee table, fireplace, vase with flowers, potted plant, magazines","open plan with fireplace acting as focal point between two sitting areas","The living room is a modern minimalist space featuring a white and brown color palette, with materials such as wood, leather, and metal. Soft ambient lighting creates a warm and inviting atmosphere, while the fireplace and potted plant contribute to the overall calm and serene mood of the room."
"contemporary_264.jpg","Scandinavian","white, gray, brown","wood, glass, steel","natural soft light from large windows","calm and airy","sofa, coffee table, plant, floor lamp, minimalistic artwork","open space with central seating area","This modern Scandinavian living room is characterized by a minimalistic design, wood flooring, and large windows that bring in natural light. The color palette is dominated by neutral tones, while the materials used are primarily wood, glass, and steel. The layout features an open space with a central seating area, enhancing the feeling of spaciousness."
"contemporary_265.jpg","Modern Minimalist","white, wood tones, dark metal","oak wood, marble countertops, stainless steel appliances","natural soft light from large windows and pendant lights above countertop","calm and serene","kitchen island with marble top, modern pendant light fixtures, wooden kitchen cabinetry, copper-colored range hood","open space with central seating area surrounding kitchen island","This modern minimalist kitchen combines a serene color palette of white and wood tones with dark metal accents, creating a calm and open space. The marble countertops and stainless steel appliances add a touch of luxury to the space, while the large windows allow for an abundance of natural light that enhances the airy feel."
"contemporary_266.jpg","Minimalist","white, black","wood, fabric","natural light from large windows","calm and serene","sofa, coffee table, plant, floor lamp, vase","open space with central seating area around fireplace","This modern minimalist living room features a monochromatic palette of white and black, with wood accents. Natural light from large windows creates a serene atmosphere, while a comfortable sofa, coffee table, and plant provide a cozy spot for relaxation. A stylish floor lamp adds an industrial touch to the space."
"contemporary_267.jpg","Modern","white, light wood, gray","stainless steel, wood veneer, brass","recessed lighting with gold toned fixtures","clean, bright, and contemporary","white quartz countertops, brass faucets and handles, white bar stools","kitchen island in center of space with perimeter counter and stools on either side","A modern kitchen with a monochromatic color palette featuring brass accents, wood veneer, and quartz surfaces."
"contemporary_268.jpg","Scandinavian","white, light grey, beige","wood, linen, metal","soft, natural light from large windows and recessed ceiling lights","calm and serene","bed, nightstand, side table, lamp, artwork","open space with central focus on bed under arched window","The room is designed in a minimalist Scandinavian style, featuring natural materials and light colors to create a calm and serene atmosphere."
"contemporary_269.jpg","Modern","blue, green, white","tile, brass, wood","well-lit with a combination of natural and artificial light sources.","calm and serene","round mirror, white sink, plants in black container, gold faucet, blue flower patterned tiles","small bathroom with a focus on functionality and simplicity.","This modern bathroom features a minimalist design with blue floral wallpaper, a white sink, a round mirror, and brass fixtures. The space is well-lit and maintains a calm atmosphere."
"contemporary_27.jpg","Modern Minimalist","beige, white, silver","tile, glass shower door, marble, brass","soft and ambient from recessed lighting","clean and serene","walk-in shower, toilet paper holder, towel rack","open space with a central walk-in shower","A modern, minimalist bathroom design featuring beige tiles, a glass shower door, marble and brass fixtures, and a serene mood."
"contemporary_271.jpg","Modern Minimalist","white, gray, beige","wood, fabric, glass","natural light from large windows and recessed lighting in the ceiling","calm and airy","sofa bed, coffee table with trays for beverages, large indoor plant, floor lamp","open space with central seating area and a large window overlooking nature","This modern minimalist hotel room features a comfortable king-size sofa bed, a large flat screen TV, a coffee table with trays for beverages, and a floor lamp that enhances the natural light streaming in from the large windows. The spacious layout includes a seating area in the center of the space, providing ample room to relax or entertain guests."
"contemporary_272.jpg","Modern Minimalist","white, black, wood accents","steel, glass, natural wood","bright and natural light from large windows","calm and serene","sofa, coffee table, plant, floor lamp, wall art","open space with central seating area surrounded by large windows","This modern minimalist living room combines white and black for a clean, serene atmosphere. Steel accents add an industrial touch, while glass walls provide an open view of the beach outside."
"contemporary_273.jpg","Modern Minimalist","white, blue, gray","wood, fabric, metal","natural soft light from large windows and skylight","calm and airy","sofa, coffee table, plant, floor lamp, cushions","open space with central seating area near sliding glass doors to patio overlooking lake","This is a modern, minimalist living room featuring a color palette of white, blue, and gray. The room is furnished with wood, fabric, and metal materials. Large windows and a skylight provide natural light that creates a calm and airy mood. A sofa is situated in the center with cushions for added comfort. A coffee table sits in front of it. A floor lamp provides additional lighting, complementing the soft light from outside."
"contemporary_274.jpg","Modern Minimalist","white, beige, dark wood","concrete, wood, metal","natural soft light from large windows","calm and airy","sofa, coffee table, plant, floor lamp, chandelier","open space with central seating area","A modern, minimalist living room with a warm and inviting atmosphere."
"contemporary_275.jpg","Modern Minimalist","white, wood, gray","oak wood, linen, steel","natural soft light from large windows and recessed lighting in kitchen area","calm and airy","barstools, dining table, vase with branches, kitchen island","open space with central seating area, adjacent to the kitchen counter","This modern minimalist kitchen features a neutral color palette with an emphasis on wood tones and clean lines. The layout is open and airy, designed for easy movement and interaction with both the barstools at the center island and the kitchen workspace."
"contemporary_279.jpg","Modern","white, light wood, black","oak wood, stainless steel, black countertop","natural and artificial lighting, with warm ambient and task lighting.","clean, minimalistic, and inviting.","island with seating, white countertops, hanging pendant lights, kitchen island, stainless steel appliances","open layout with kitchen island as the focal point, connecting kitchen and living room spaces.","This modern kitchen features a clean and minimalistic design with an open layout connecting to the adjacent living space. The color palette is a mix of white, light wood, and black, complemented by stainless steel appliances and black countertops."
"contemporary_280.jpg","Modern Industrial","black, white, gray","metal, glass, wood","natural light from windows and recessed ceiling lights","modern, sleek, and minimalistic","kitchen island with countertop stove, hanging pendant lights, large window, stainless steel appliances","open plan with kitchen island as focal point","The interior design of this modern kitchen is a blend of industrial and minimalistic styles, featuring black, white, and gray color tones along with materials like metal, glass, and wood. The space is well-lit with natural light and recessed ceiling lights, creating a sleek and contemporary atmosphere."
"contemporary_281.jpg","Modern","white, gray, wood","wood, fabric, leather","Natural light from large windows and ceiling lights.","Bright and airy.","sofa, coffee table, floor lamp, plant, framed art","Open space with central seating area.",""
"contemporary_282.jpg","Modern Minimalist","white, black, wood accents","light wood flooring, fabric upholstery, concrete wall, steel frame","ambient light from recessed lighting and floor lamp, with natural light coming in through glass doors","calm and airy","modern sectional sofa, rectangular coffee table, large contemporary artwork on wall, plant, floor lamp","spacious open floor plan with a central seating area, connected to an outdoor deck through sliding glass doors","The living room has a minimalist design with a neutral color palette and clean lines. The light wood flooring complements the contemporary furniture, creating a warm and inviting space."
"contemporary_284.jpg","Modern Minimalist","white, navy blue, gold","stainless steel, black granite, oak wood","recessed lighting with warm glow and additional track lighting highlighting specific features","modern, elegant, sophisticated","kitchen island with built-in cooktop, sleek metallic refrigerator and oven range","open kitchen with seamless transition to dining area","This contemporary kitchen design features clean lines, a minimalist color palette with contrasting gold accents, and high-quality materials for an elegant yet modern space that flows effortlessly into the adjacent dining area."
"contemporary_285.jpg","Modern Minimalist","white, gray, black","marble, metal, wood","overhead track lighting and recessed ceiling lights","elegant and clean","island with marble top, modern kitchen cabinets, brushed nickel faucet, kitchen island stools","open space with central island","This modern kitchen design is sleek and uncluttered, featuring a neutral color palette with marble countertops and overhead track lighting. The central island provides additional seating and workspace, while the cabinets offer ample storage."
"contemporary_286.jpg","Scandinavian","white, black, beige","wood, fabric, metal","bright and natural sunlight","calm and relaxed","bed, nightstands, lamp, plant","open space with a central bed area","This is a modern Scandinavian bedroom with a bright, open layout that uses neutral colors and natural materials."
"contemporary_288.jpg","Modern Minimalist","white, light wood, gray","marble, stainless steel, wood","natural soft light from large windows","calm and airy","bathtub, bathmat, towel, soap dispenser","small space with compact design and efficient use of space","This bathroom is a modern minimalist space with a clean and uncluttered look. The color palette consists of white, light wood, and gray to give it a serene atmosphere. The materials used include marble for the countertops, stainless steel for fixtures, and wood for accents. Lighting is provided by large windows that fill the room with natural soft light. In this space, you'll find a compact bathtub, bathmat, towel, and soap dispenser all in matching colors."
"contemporary_289.jpg","Modern Minimalist","gray, white, black","wood, leather, metal","natural soft light from large windows","calm and airy","sofa, coffee table, floor lamp, potted plant, dining table","open space with central seating area","The living room is a modern, minimalist space featuring gray, white, and black color tones. Wood, leather, and metal materials are used for furniture and decor. The room has a cozy and airy atmosphere, achieved through the use of large windows that allow natural light to fill the space."
"contemporary_29.jpg","Modern Minimalist","black, white, grey","leather, wood, metal","bright and well lit space with recessed lighting","sophisticated and elegant atmosphere","black leather sofa, black leather armchair, crystal chandelier, black velvet throw pillows","theatre style seating arrangement with black leather furniture in a dark room","A modern minimalist home theatre featuring black leather furniture and accents, set against a backdrop of recessed lighting that highlights the sophisticated atmosphere."
"contemporary_290.jpg","Modern Minimalist","gray, white, black","wood, glass, metal","recessed lighting and floor lamp","calm and sophisticated","sofa, coffee table, floor lamp, mirror, books","open space with central seating area around coffee table, flanked by chairs and a couch for conversation.","This modern living room features a minimalist design with gray tones, wood and metal accents, a large mirror, and recessed lighting. A comfortable sofa and coffee table center the space, surrounded by chairs and a floor lamp that add warmth to the room."
"contemporary_291.jpg","Naturalistic","green, brown, rust","stone, wood, plants","Natural light from trees and sky","Calm and peaceful","pathway, plants, large rocks","Curved path through plants and rocks","A naturalistic garden with a winding dirt path, lush vegetation, and large boulders integrated into the landscape."
"contemporary_293.jpg","Modern Minimalist","white, gray, wood","oak wood, fabric upholstery, brick wall","recessed lighting with additional floor lamps and table lamps","calm and cozy","sofa, coffee table, plant, cabinet, floor lamp, potted plant","open space with central seating area, flanked by side tables and a fireplace","This spacious living room features modern minimalist design elements such as clean lines, neutral colors, and plenty of open space. The room is furnished with comfortable seating options including a large sofa and armchairs. A brick wall adds rustic charm, while oak wood floors provide warmth underfoot. Recessed lighting provides ample illumination, and additional floor lamps and table lamps can be moved around for adjustable lighting."
"contemporary_294.jpg","Modern","dark grey, white, wood","stainless steel, wood, glass","modern chandelier hanging from ceiling","clean and elegant","kitchen island, metal appliances, wooden stools, black countertops","kitchen designed with open concept into living area","This kitchen exudes a clean, modern look with its dark grey tones and contrasting white elements. The wooden cabinets and black countertops give it an elegant touch, while the stainless steel appliances add to the contemporary feel."
"contemporary_295.jpg","Minimalist","white, beige, light wood","oak wood, linen, glass, steel","recessed lighting with warm tone","calm and relaxed","circular center table, modern chairs, small sculptures on the table, framed artwork on wall","open plan design with a central seating area","This living room features a minimalist design with clean lines and an airy feel, emphasizing functionality and simplicity. The use of natural light, warm tones, and materials creates a calm and relaxed atmosphere. The space is centered around a circular table surrounded by modern chairs, which serve as the central seating area. Decorative elements like sculptures on the table and framed artwork add personality to the room."
"contemporary_296.jpg","Modern","white, brown, gray","wood, stone, glass","natural light streaming in from a large window","spacious and bright","large brown wooden floor, modern sofa against the wall, flat screen TV mounted on the wall, basketball goal with a white rim hanging from the ceiling, black gym ball in front of the basketball goal","rectangular room divided into two sections by a wooden beam across the center, one section is open and used for playing basketball while the other has a sofa and TV. The large window allows sunlight to pour into the space.","This modern interior design uses a minimalist color palette with wood paneling on the wall and floor, stone accents, and glass windows that allow natural light to flood in. A basketball goal hangs from the ceiling, suggesting the room's use for physical activity while also providing a comfortable space for relaxation with a sofa and TV."
"contemporary_298.jpg","Scandinavian","white, beige, light wood","oak wood, linen, concrete","natural soft light from large windows","calm and airy","sink, countertop, mirror, bathroom cabinet, plant","open space with central seating area","This bathroom has a Scandinavian design style, featuring light wood and oak wood materials. The large mirrors add to the openness of the space. The natural lighting creates a calm and airy atmosphere."
"contemporary_299.jpg","Modern Minimalist","white, beige, gray","marble flooring, wooden accents, concrete and glass furnishings","soft ambient light from floor lamps and wall sconces","modern and serene with a touch of elegance","sleek sofa, contemporary coffee table, minimalist artwork on the walls, large-format photographs","an open space that leads to a more private area, inviting conversation and interaction","This modern living room is designed with clean lines and minimalistic furniture, creating an elegant and serene atmosphere."
"contemporary_3.jpg","Minimalist","gray, white, black","marble, stainless steel, leather","bright and well-lit with modern fixtures","clean, modern, and luxurious","mirror, sinks, bathroom vanity, toilet","open space with a focus on the large mirror","This is a sleek and modern bathroom design featuring gray tones, minimalistic decor, and high-quality materials."
"contemporary_300.jpg","Modern","black, white, grey","glass, wood, leather","recessed lighting with accent lighting from floor lamps","modern and sleek with a touch of comfort","couches, dining table, chandelier, potted plants","open concept with kitchen and living room in close proximity","This modern kitchen and living space features an open layout, glass walls and doors for a seamless indoor-outdoor connection, with warm wood accents and sleek metallic fixtures."
"contemporary_301.jpg","Scandinavian","gray, beige, red","wood, fabric, metal","Natural light from windows and recessed ceiling lights.","Calm and inviting.","couches, coffee table, rugs, bookshelf","Open space with minimal barriers between seating areas.","A cozy Scandinavian living room with a neutral color palette and natural materials."
"contemporary_302.jpg","Modern Minimalist","white, light wood, dark gray","oak wood, marble, brass","natural soft light from large windows","calm and airy","double vanity with mirrored cabinets, freestanding bathtub, floor-mounted toilet, large rectangular mirrors above double vanity, decorative bowl on top of the tub","space arranged in a cohesive and symmetrical manner with large windows offering view outside.","This bathroom showcases a modern, minimalist design with a calming color palette that emphasizes light wood and white. The space is well-lit by natural light from the large window above the double vanity and features sleek materials such as oak wood, marble, and brass. Key elements include a stylish freestanding bathtub, floor-mounted toilet, and decorative bowl on top of the tub."
"contemporary_303.jpg","Modern Minimalist","light beige, white, blue","wood-framed windows and doors, steel beam ceiling, textured white walls, gray tiles","natural soft light from large windows with sheer curtains","calm and airy","flat-screen TV, modern sofa, glass coffee table, floor lamp, artwork on the wall","open space with central seating area around fireplace","This modern living room features a minimalist design with a light color palette, steel beam ceiling, and large windows that allow natural light to stream in. The open layout is centered around a cozy seating area near the fireplace."
"contemporary_304.jpg","Modern","dark blue, orange, light grey","brick, wood, steel","natural light from large windows","modern and clean","sofa, coffee table, plant, floor lamp, large flat screen TV","open space with central seating area","A modern living room with a cozy atmosphere, featuring wooden floors and brick walls."
"contemporary_305.jpg","Modern Minimalist","white, light grey, dark brown","wood veneer paneling, brass handles, glass","Natural soft light from large windows and recessed lights in the ceiling","Calm and airy","modern sofa, coffee table with built-in storage, contemporary floor lamp, abstract artwork","Open space with central seating area, flanked by a living room on the left and a dining area on the right","A modern minimalist home featuring light wood tones, white accents, and large windows that allow for abundant natural light. The interior design combines functionality with sleek lines and understated elegance."
"contemporary_308.jpg","Scandinavian","white, light oak, navy blue","wood, glass, fabric","natural light from large windows","calm and serene","bookshelf, desk, chair, plant","linear arrangement with desk and chair facing the window","A cozy Scandinavian-style home office with a large bookshelf, desk, and plant for a serene workspace."
"contemporary_309.jpg","Modern","white, gray, red","wood, fabric, glass","natural light from large windows and recessed ceiling lights","modern and clean","sofa, coffee table, potted plant, floor lamp","open space with central seating area next to fireplace","This is a modern style living room with white walls, gray wood floor, a red accent wall, and a variety of materials including wood, fabric, and glass."
"contemporary_31.jpg","Scandinavian","light wood, white, navy blue","wood paneling, concrete walls, metal fencing","sunlight streaming in from a window","calm and serene","modern toilet fixture, wooden bench, stone planter, simple white shelf","long, narrow space with wooden walls on both sides leading to a small alcove with the toilet area","A modern and minimalist outdoor bathroom design that maximizes natural light and material texture for a calming experience."
"contemporary_310.jpg","Modern","white, gray, light wood","wood, metal, stone","natural light from large windows and ceiling lights","modern and minimalistic with a touch of warmth","sofa, coffee table, plant, floor lamp","open space with central seating area","This is a modern home with clean lines and a mix of wood, metal, and stone materials. The color palette is neutral, creating a serene atmosphere. Natural light from large windows illuminates the space during the day, while ceiling lights provide ambient lighting in the evening."
"contemporary_311.jpg","Modern Minimalist","white, gray, beige","wood grain finishes, stainless steel, marble","bright and natural, with under cabinet lighting","contemporary and inviting","island with seating area, built-in refrigerator, hanging pot rack, glass shelves","open concept with separate zones for cooking, dining, and lounging","This kitchen combines functionality with a modern minimalist design, featuring clean lines, neutral colors, and stainless steel appliances."
"contemporary_312.jpg","Modern Minimalist","white, concrete gray","concrete, glass, oak","Natural soft light from large windows","Bright and airy","sofa, coffee table, plant","Open space with central seating area","A modern minimalist living room with concrete walls, oak flooring, large windows allowing natural light to fill the space, a cozy sofa and coffee table creating a comfortable seating area."
"contemporary_313.jpg","Modern","black, white, blue","steel, wood, glass","well-lit with natural light from a large window","contemporary and sleek","kitchen island, built-in oven, stainless steel refrigerator, vases with flowers","open-concept layout with a central kitchen island","This modern kitchen features a clean, minimalist design with stainless steel appliances and black cabinetry, complemented by blue accents. The open concept layout provides an unobstructed view of the entire space, creating a bright and airy atmosphere."
"contemporary_314.jpg","Modern Minimalist","beige, white, light wood","oak wood, stainless steel","Natural light from the glass and white panel front door and windows.","Calm and airy","cabinet with a stained glass insert, white appliances, brown tile backsplash, modern sink","Efficient use of space, featuring cabinets on one side of the room.","This kitchen combines functionality and modern design elements, creating an inviting yet uncluttered atmosphere."
"contemporary_316.jpg","Modern Minimalist","white, light wood","wood, stone, metal","natural soft light from large windows, supplemented by recessed lights and hanging pendant lights","bright and airy, with a focus on clean lines and simplicity","island in the center of the room, barstools at the island, hanging pendant lights over the barstools, kitchen cabinets for storage","a modern galley kitchen layout with appliances on both sides, open shelving above the cabinets, and a central countertop for food preparation","This modern galley kitchen combines clean lines and a minimalist color palette with natural light from large windows to create an airy and bright space that is both functional and visually appealing."
"contemporary_317.jpg","Modern Minimalist","white, beige, light wood","wood, metal, glass","natural soft light from large windows and pendant lights hanging from ceiling","calm and airy","kitchen island with stools, open shelves for cookware, stainless steel appliances","L-shaped kitchen with open space for gathering and dining","This modern minimalist kitchen features clean lines, a mix of materials, pendant lighting over the island, and an L-shaped layout that provides ample counter space for cooking and dining."
"contemporary_318.jpg","Modern Minimalist","white, black, light wood","steel, marble, glass","bright and natural light from windows","clean and sophisticated","flat screen TV, modern console table, contemporary sofa, decorative light fixture, floor cushion","open space with central entertainment area","This modern living room design features a sleek and minimalistic style, highlighted by the use of steel, marble, and glass materials. The color palette is simple yet elegant, with a focus on clean lines and surfaces. The lighting is bright and natural, coming in from the large windows to create a sophisticated atmosphere. The layout is open, promoting a central entertainment area with a flat screen TV placed above a console table. A contemporary sofa and decorative light fixture add warmth to space."
"contemporary_319.jpg","Scandinavian","white, beige, light wood","wood, fabric, glass","natural soft light from large windows and ceiling lights","calm and airy","sofa, coffee table, plant, floor lamp, books, pillows, vase","open space with central seating area, flanked by windows on either side","This living room is designed in a Scandinavian style with a calming color palette of white, beige and light wood. The space features wooden floors, fabric upholstery, and glass elements for a natural and minimalistic look. Large windows allow for ample natural light, enhancing the airy feel of the room. The layout is open and inviting, with a central seating area flanked by windows on either side."
"contemporary_32.jpg","Scandinavian","gray, white, black","wood, tile, glass","natural light from a window","calm and serene","shower curtain, soap dispenser, bath mat","single enclosed shower space","A modern minimalist bathroom design with natural light, gray tones, wood accents, and a clean, uncluttered aesthetic."
"contemporary_323.jpg","Minimalist Modern","black marble, white subway tile, brass","black marble, brass fixtures","recessed lighting in the ceiling and a vanity light above the mirror","calm and spacious","double vanity with floating sinks, large mirror above sinks, vase of flowers on counter","long narrow space with two parallel sinks on a black marble top","This minimalist modern bathroom features a sleek design, a monochromatic color scheme, and high-quality materials."
"contemporary_324.jpg","Modern Minimalist","white, beige, light wood","leather, glass, natural stone","soft, recessed lighting with accents of warm tone track lighting","modern and inviting","large sectional sofa, tufted armchairs, accent pillows, plant","open plan with a centralized area for conversation or entertainment","The living room design is modern minimalist, featuring neutral tones and natural materials, with a focus on comfort and style."
"contemporary_325.jpg","Modern","white, dark wood, gray","steel, marble, wood","bright, well-lit with recessed lighting and undercabinet lights","modern, clean, sleek","kitchen island with countertop space, open shelving for displaying decor items, built-in wine rack","galley kitchen layout with stainless steel appliances and an open plan to the living room","This is a modern galley kitchen that seamlessly integrates with the adjacent living room, featuring a dark wood palette, stainless steel appliances, and built-in storage for wine. The design includes ample countertop space on an island, open shelving for displaying decor items, and undercabinet lighting."
"contemporary_327.jpg","Scandinavian","light gray, dark wood, white","oak wood, linen, steel","natural soft light from large windows","calm and airy","sofa, coffee table, plant, floor lamp","open space with central seating area","This interior design is a clean, modern Scandinavian space featuring a sofa, coffee table, plant, and floor lamp. The furniture is made of light gray upholstery on oak wood frames. Large windows allow for natural sunlight to fill the room, creating an airy atmosphere."
"contemporary_328.jpg","Modern Minimalist","black, white, brass","wood, marble, brass","well-lit with natural light and overhead recessed lights","modern, elegant, clean, and inviting","black leather sofa, white marble island, brass pendant lights, large plant on the countertop, white linen drapes","open-concept layout with a separate kitchen area connected to the living space","The modern, minimalist style kitchen and living room feature monochromatic black and white colors with brass accents. The space is well-lit by natural light and overhead recessed lights. The open concept design connects the kitchen and living area for a seamless flow of space."
"contemporary_330.jpg","Modern Minimalist","light brown, white, navy blue","wood, metal, glass","natural light from large windows and white ceiling lights","calm and sophisticated","vanity table with mirror, sink cabinet, bench, vase with flowers","compact, efficient space layout with vanity area near window","This is a modern, minimalist bathroom with a light brown color scheme. The design features wooden cabinets and metal accents, creating a warm yet sleek atmosphere. Natural light from the windows and white ceiling lights illuminate the space, enhancing its calm and sophisticated mood. The main objects in the room include a vanity table with mirror, sink cabinet, bench for seating or storage, and a vase with flowers adding a touch of nature and color to the space."
"contemporary_331.jpg","Scandinavian","white, natural wood tones, navy accents","wood paneling on walls and ceiling, quartz countertops, stainless steel appliances","recessed LED lighting with warm ambient glow from pendant lights over island","bright, open, and inviting","large island with seating for 4, wooden bar stools, stainless steel kitchen sink","open concept layout with kitchen adjacent to living area","This contemporary Scandinavian-style kitchen and living space features a warm color palette, wood paneling on the walls and ceiling, stainless steel appliances, and pendant lights over the island. The open layout creates a bright and inviting atmosphere."
"contemporary_332.jpg","Modern","gray, white, neutral","wood, stone, fabric","Natural light from large windows creating a bright and airy space.","Calm and inviting with a modern touch.","Leather sofa, Media console, Dining table, Chairs, Pendant lighting","Open concept design with kitchen, dining and living room combined into one space.","This modern home features an open layout, neutral tones, a leather sofa, pendant lights, and ample natural light."
"contemporary_333.jpg","Modern Minimalist","white, beige, light wood","glass, wood, metal","natural soft light from large windows and ceiling lights","bright and energetic with a touch of calmness","dining table, chairs, potted plant","open space with central seating area, flanked by windows on both sides","This modern minimalist kitchen features an open layout with white and light wood tones, glass walls that let in abundant natural light, and a touch of nature through the potted plant. The furniture arrangement includes a dining table and chairs at the center, creating a bright and energetic atmosphere."
"contemporary_334.jpg","Modern Minimalist","white, beige, light wood","oak wood, linen, steel","natural soft light from large windows","calm and airy","modern pendant lights, white kitchen cabinets, large island in center of room, metallic kitchen faucet","open space with central seating area around island","This modern minimalist kitchen features a clean and simple design with natural lighting. The color palette is neutral, featuring white cabinets, wood accents, and metallic fixtures. The open layout promotes a sense of calm and airy spaciousness."
"contemporary_336.jpg","Scandinavian","white, beige, light wood","oak wood, linen, glass","natural soft light from large windows and recessed lighting","calm and airy","freestanding bathtub, large floor mirror, white pendant lights, wooden shelving unit, brass faucet","open space with central freestanding tub, adjacent to shower and vanity area.","A clean, modern bathroom design in a Scandinavian style with minimalist furnishings and natural light."
"contemporary_338.jpg","Modern Minimalist","white, light wood, steel","oak wood, linen, stainless steel","ambient and task lighting with natural soft light from large windows and recessed ceiling lights","bright, clean, and spacious","island bar stools, kitchen cart, wooden dining table and chairs, hanging pendant lights","open space with central kitchen island serving as a dining area and breakfast nook, connected to the living room with a fireplace","This modern, minimalist kitchen and living room is designed for functionality and brightness, with an emphasis on natural lighting and high-quality materials."
"contemporary_34.jpg","Modern","white, beige, light wood","oak wood, linen, concrete","natural soft light from large windows","calm and airy","sofa, coffee table, plant, floor lamp, modern artwork, wood dining chairs, dining table","open space with central seating area","This modern dining room features a minimalist design with natural wood accents and a soft, airy atmosphere. The large windows allow for ample natural light that enhances the calming vibe of the space."
"contemporary_340.jpg","Modern Minimalist","white, gray, black","stainless steel, white marble, wood","natural soft light from large windows and recessed LED lights","bright and airy with a touch of elegance","dining table, chairs, kitchen island with bar stools, vase with flowers, artwork on the wall","open space with central seating area and kitchen island at the heart of the layout","This modern minimalist design focuses on clean lines, neutral colors, and natural light to create a bright and airy atmosphere. The stainless steel appliances complement the white marble countertops, while the wooden flooring brings warmth to the space."
"contemporary_341.jpg","Modern Minimalist","white, gray, wood accents","oak wood, linen, concrete, steel","natural soft light from large windows, ambient lights","calm and airy","sofa, coffee table, plant, floor lamp, bed, chair, couch, table","open space with central seating area, bed in corner","Modern minimalist design with white and gray color scheme, natural wood accents, ambient lighting, and an open layout for a calm, airy feel."
"contemporary_342.jpg","Modern","black, white, colorful","wood, metal, fabric","bright with ample natural light from a large window","vibrant and energetic","chairs, table, painting","open concept with kitchen and dining area flowing into one another","This modern interior design features a bold painting as the centerpiece, surrounded by a mix of black, white, and colorful elements. The space is flooded with bright light, creating an energetic atmosphere."
"contemporary_343.jpg","Modern Minimalist","white, gray, natural wood","steel appliances, oak cabinets, black countertops","bright and even natural light from windows and ceiling lights","clean and organized","stainless steel oven, wooden island, white pendant light, modern bar stools","open kitchen concept with central island seating area","This contemporary kitchen features minimalistic design elements, a neutral color palette, and clean lines. The space is well-lit and organized, providing an inviting atmosphere for cooking and entertainment."
"contemporary_345.jpg","Modern","white, wood tones, blue accents","oak wood, linen upholstery, steel frame on furniture, glass","natural soft light from large windows","bright and airy","sofa, coffee table, floor lamp, rug, artwork","open space with central seating area","This is a modern living room with an open plan layout. The design features wood tones, white walls, and accents of blue. The large windows let in soft, natural light and offer a view to the outdoors. The furniture includes a sofa, coffee table, floor lamp, rug, and artwork, all arranged around a central seating area."
"contemporary_346.jpg","Modern Minimalist","black and white, natural wood tones, neutral","oak wood, textured walls, linen, metal","soft ambient light from recessed ceiling lights, supplemented by pendant lights above the island","cool and contemporary","dining table, chairs, island bar stools, hanging plant","open concept with a central dining area surrounded by storage units and display shelves","This modern kitchen combines a minimalist style with black and white accents and natural wood tones, creating a contemporary yet warm atmosphere."
"contemporary_347.jpg","Scandinavian","beige, light wood, white","natural oak, stainless steel, textured wallpaper","warm ambient lighting with soft glow from overhead fixtures and under-cabinet lighting","calm and inviting","modern countertops, wooden bar stools, kitchen island, hanging pot rack","open concept with island in center of space","This kitchen features a clean, modern Scandinavian design with warm, natural tones and an emphasis on functionality and simplicity."
"contemporary_348.jpg","Modern Minimalist","white, beige, light wood","oak wood, linen, steel","natural soft light from large windows and recessed ceiling lights","calm and airy","freestanding tub, floor-to-ceiling window, sleek faucet, modern potted plant, textured wall art","open space with central soaking tub and separate shower area","This modern bathroom features a minimalist design with an emphasis on natural materials, soft lighting, and clean lines."
"contemporary_349.jpg","Scandinavian","light gray, dark gray, natural wood","wood paneling, stainless steel, black marble","large skylights allowing natural light into the space","modern and minimalist","island with gold faucet, high stools for seating, wooden cutting board","open kitchen with large island","A modern Scandinavian-style kitchen featuring light gray walls, dark wood cabinets, and a gold faucet on an island. The space is well lit with natural light coming in through skylights."
"contemporary_35.jpg","Scandinavian","green, wood, white","wood, steel, marble","natural light from large windows and skylights, with warm overhead lights.","airy and serene, with a focus on natural elements and soft colors.","island kitchen counter, wooden bar stools, kitchen backsplash tiles, hanging pendant lighting","open kitchen layout with central island workspace, connected to dining area via open shelving unit.","This Scandinavian-style kitchen is designed for functionality and simplicity, featuring a palette of natural materials and soft colors. The open layout allows for easy movement throughout the space while maintaining a cozy and inviting atmosphere."
"contemporary_351.jpg","Modern Minimalist","white, gray, wood","wood, stainless steel, marble","Natural light from the large windows on one side of the room illuminates the space.","Clean, bright and airy.","metal bar stools, white countertops, modern pendant lights, kitchen island","A long counter with a large window above it leads to an eat-in kitchen area. A central island provides additional workspace in the center of the room.","The modern minimalist style kitchen features white counters and stainless steel appliances, set against a backdrop of natural light from the windows."
"contemporary_353.jpg","Modern Minimalist","white, wooden tones, brass accent","natural wood, linen, black metal","mixed with natural and warm LED lighting","calm and serene","modern countertop, decorative potted plant, metal vase, brass wall decor","open concept space with kitchen island serving as a central divider","This interior design showcases a modern minimalist style with natural wood elements, white walls, and brass accents. The space is bathed in soft lighting, creating a calm and serene atmosphere."
"contemporary_354.jpg","Modern","dark gray, light gray, orange","brick wall, wood flooring, leather sofa","soft and ambient light from ceiling fixture and floor lamp","comfortable and inviting","gray sofa, wood coffee table, orange throw blanket, black floor lamp","open space with centerpiece fireplace","This is a modern living room designed for comfort with an orange color palette and soft lighting. The space features a large fireplace as the central focal point, and the layout provides a welcoming atmosphere."
"contemporary_355.jpg","Modern Minimalist","purple, black, white","wood paneling, velvet upholstery, brass accents","natural soft light from large windows and a hanging chandelier","contemporary and luxurious","sofa, coffee table, floor lamp, wall art, plants","open space with central seating area, flanked by side tables on either side","This modern living room boasts a luxurious and minimalist design, featuring purple velvet upholstery, wood paneling, and brass accents. Natural light streams in through the large windows, creating a warm and inviting atmosphere."
"contemporary_356.jpg","Modern Minimalist","white, black, gray","stainless steel, wood, glass","recessed lighting and under-cabinet lights providing ample illumination","clean, sleek, and contemporary","modern pendant light fixtures, stainless steel appliances, matte black cabinet hardware","open concept with a large island in the center of the kitchen","This modern kitchen is designed for efficient use of space and features sleek, minimalist design elements with a contemporary color palette."
"contemporary_357.jpg","Modern","gray, white, wood","stainless steel, quartz countertops, oak cabinets","Recessed lighting and under cabinet lighting providing soft illumination.","Bright, clean, and modern with a cozy touch thanks to the woolen rug.","stainless steel fridge, quartz island, dining table and chairs, vase of flowers","An L-shaped kitchen design with ample countertop space and seating around an island.","This modern kitchen features stainless steel appliances, a warm wood tone, and clean lines."
"contemporary_358.jpg","Modern Minimalist","white, black, wood accents","wood, marble, metal","natural soft light from large windows","calm and airy","kitchen island, modern pendant lights, bookshelves, stainless steel appliances","open space with central seating area","This modern kitchen showcases a minimalist design with clean lines and a focus on natural materials, soft lighting and ample storage. The color palette is neutral with pops of wood accents. The space features a large island for casual dining or prep, a comfortable seating area centered around the island, and an array of modern appliances."
"contemporary_359.jpg","Scandinavian","gray, white, wood","oak, stainless steel, glass","recessed lighting and under-cabinet lighting","calm and inviting","island in the center with a breakfast bar stool seating area on one side, a wall clock above the island, open shelving for storage and display","kitchen area is an open concept with sightlines to other spaces of the house.","The kitchen has a modern Scandinavian style with a neutral color palette and warm wood accents. It features stainless steel appliances, oak cabinetry, and open shelving for storage. The island serves as both additional counter space and a seating area, while the hanging lights provide ambient lighting."
"contemporary_36.jpg","Modern","neutral tones, natural wood accents","stainless steel appliances, wood cabinets and counters, marble backsplash","bright with natural light from windows on either side of room","clean, spacious, and inviting","modern kitchen appliances, wooden kitchen island, plants as decorative accents","U-shaped arrangement with a central island that provides extra counter space and seating","This modern kitchen features stainless steel appliances, wooden cabinets and counters, and marble backsplash. The neutral color palette is complemented by natural wood accents and plants as decorative elements. The U-shaped layout maximizes counter space while also providing seating at the center island."
"contemporary_360.jpg","Modern","dark grey, light wood, black","wood, stainless steel, brass","Recessed lights in kitchen ceiling, pendant lights over island","Clean and contemporary with a warm touch","modern kitchen island, hanging plants, bar stools","U-shaped counter with kitchen island","This modern kitchen features dark grey cabinets, light wood counters, black pendant lights and recessed ceiling lights. Wooden bar stools provide seating at the island, and hanging plants add a touch of greenery."
"contemporary_361.jpg","Modern Minimalist","gray, white, wood","stainless steel, glass, oak","bright and even with recessed lighting","clean, sleek, and contemporary","island, bar stools, kitchen utensils, potted plant, vase","open layout with kitchen island as focal point","This modern minimalist kitchen features a clean and sleek design with an open layout, recessed lighting, gray and white color palette, stainless steel appliances, oak cabinetry, glass backsplash, and a central kitchen island. The space is complemented by a variety of objects like bar stools for seating at the island, kitchen utensils for functionality, a potted plant for greenery, and a vase for decoration."
"contemporary_362.jpg","Scandinavian","white, beige, light wood","wood, fabric, metal","natural soft light from large windows and ceiling fixtures","calm and airy","chair, table, plant, shelf, light fixture","open space with central seating area","This is a modern Scandinavian living room featuring a minimalist design, with natural light streaming in from large windows and a cozy atmosphere."
"contemporary_363.jpg","Modern Minimalist","light gray, black, beige","wood, fabric, metal","soft and ambient","calm and organized","sofa, coffee table, plant, vase","open space with central seating area near fireplace","This living room features a modern minimalist design with a light gray sofa, black accents, beige walls, wood flooring and metal fixtures. The room is well-lit by soft ambient lighting, creating a calm and organized atmosphere. A central seating area near the fireplace serves as the focal point of the space."
"contemporary_366.jpg","Modern Minimalist","gray, yellow, white","wood, leather, brass","natural soft light from large windows","calm and airy","sofa, coffee table, plant, floor lamp, artwork, modern chairs","open space with central seating area","This modern minimalist living room features a neutral color palette, natural wood accents and brass details. The design is characterized by clean lines and a sense of openness created by the large windows."
"contemporary_367.jpg","Modern Minimalist","white, light wood, steel","glass, wood, leather","natural soft light from large windows","calm and airy","sofa, coffee table, plant, floor lamp","open space with central seating area","This modern minimalist interior design features a spacious open floor plan, with a central seating area enclosed by large windows. The color palette is neutral and light-colored, with steel accents adding an industrial touch to the space."
"contemporary_368.jpg","Modern Minimalist","white, navy blue, gray","leather, wood, metal","soft, natural light from large windows and floor lamp","calm and sophisticated","sofa, coffee table, plant, lounge chair, rug","open space with central seating area","The living room is a modern, minimalist space that combines leather, wood, and metal materials to create a sophisticated and calm atmosphere."
"contemporary_37.jpg","Scandinavian","white, beige, light wood","wood, fabric, metal","natural soft light from large windows","calm and airy","sofa, coffee table, plant, floor lamp","open space with central seating area","This is a well-lit, modern Scandinavian style living room featuring natural tones and a cozy atmosphere."
"contemporary_370.jpg","Modern Minimalist","white, light gray, copper","marble, brass, linen","natural light from large window","modern and clean","mirror, sink, faucet, towel rack","small space with efficient use of vertical wall for storage and mirror above sink","A sleek modern bathroom with a focus on natural light, minimalistic design, and clean lines."
"contemporary_371.jpg","Modern Minimalist","black, white, wood","glass for windows, concrete for floor and walls, stainless steel for appliances","natural soft light from large windows","calm and airy","dining table with chairs, modern pendant lights, contemporary art pieces, plants","open space with central seating area and island for cooking","This is a modern kitchen that incorporates minimalist design principles with an emphasis on natural materials and soft lighting to create a calm and airy atmosphere."
"contemporary_372.jpg","Contemporary","white, beige, brown","wood, linen, glass","natural soft light from large windows and vaulted ceiling skylights.","calm and airy","sofa, coffee table, plant, floor lamp, wood burning fireplace","open space with central seating area, large windows for natural light","The living room features a warm and inviting atmosphere with wooden floors, a comfortable couch, a cozy fireplace, and natural light streaming in from the high ceiling."
"contemporary_373.jpg","Modern","brown, white, black","wood, metal, fabric","recessed lighting with warm tone","clean and contemporary","mirror, sink, vase","simple, clean lines and a compact arrangement of fixtures","A modern bathroom with minimalist design elements."
"contemporary_374.jpg","Modern Minimalist","light wood, white, black","oak wood, stainless steel, granite","recessed lighting and track lighting for task areas","modern and sleek with a touch of warmth","island, bar stools, large kitchen rug, kitchen faucet","open concept layout with bar stools at island, sink in corner of kitchen, and oven built into cabinetry","This modern kitchen features a minimalist design with wood flooring, white cabinets, and black accents. Lighting is thoughtfully placed for both functionality and style."
"contemporary_376.jpg","Modern Minimalist","white, beige, light wood","stainless steel, glass, brushed nickel","recessed and under cabinet lighting, creating a bright and airy atmosphere.","modern and clean","kitchen island with bar stools, integrated fridge and oven, brushed nickel faucets","open concept design, connecting the kitchen to the living room.","This modern minimalist kitchen is sleek and contemporary, featuring a monochromatic color scheme with light wood accents. Stainless steel appliances and materials are complemented by recessed and under cabinet lighting that illuminates the space, creating a bright and airy atmosphere. The open concept design connects the kitchen to the living room, promoting social interaction between spaces."
"contemporary_377.jpg","Modern Minimalist","gray, beige, black","stone, wood, leather","natural soft light from large windows and dimmable LED recessed lights","warm and cozy","sectional sofa, coffee table, floor lamp, plant in corner, throw blanket on sofa","open space with central seating area","This modern living room features a minimalist design, with gray and beige color tones that create a cozy atmosphere. Stone walls and wooden accents provide warmth, while leather furniture adds texture and depth to the space."
"contemporary_378.jpg","Modern Minimalist","grayscale, dark wood, silver","stainless steel, marble, black metal","natural soft light from large windows and recessed ceiling fixtures","calm and airy","island with bar stools, large kitchen table, built-in oven, hanging pot rack","open space layout with central island as focal point and flanking seating areas","This modern minimalist kitchen is well-lit with natural light, featuring a monochrome color palette of grayscale, dark wood, and silver. The space includes stainless steel appliances, marble countertops, black metal accents, and sleek design elements such as the island with bar stools."
"contemporary_379.jpg","Modern","white, black, gray","stainless steel, wooden cabinetry, marble countertops","recessed ceiling lights and overhead track lighting","modern, sleek, and sophisticated","kitchen island with bar stools, range hood over the stove, large window allowing natural light","open layout with kitchen seamlessly flowing into dining area","This modern kitchen and dining area feature a clean, minimalist design with stainless steel appliances and white cabinetry. The open layout and large windows create an inviting and spacious atmosphere."
"contemporary_38.jpg","Modern Minimalist","light wood, beige, gray","concrete, glass, wood","bright and natural sunlight, with potential for soft evening light from ceiling lights","bright and airy","sofa, coffee table, floor lamp, potted plant","open space with central seating area, adjacent to patio overlooking water and mountains","This is a modern minimalist design that incorporates natural materials such as wood and concrete. The space has an open floor plan with a bright and airy atmosphere, highlighted by the large windows and skylights. A central seating area is surrounded by comfortable furniture, while the patio outside offers stunning views of the water and mountains."
"contemporary_380.jpg","Modern","gray, white, brass","stainless steel, marble, wood","recessed ceiling lights with adjustable bulbs for warmth and brightness","modern and functional yet inviting and cozy","kitchen island, built-in refrigerator and dishwasher, stainless steel range hood","open concept with kitchen, dining, and living areas all flowing together","This modern kitchen features a sleek design with stainless steel appliances, marble counters, wood flooring, and a large island. The color scheme is neutral with grays and white accents. Recessed lighting provides adjustable brightness levels, creating a warm and inviting atmosphere."
"contemporary_381.jpg","Modern Minimalist","dark wood, white, brass","wood, glass, stainless steel","recessed lighting and pendant lights with a warm tone","contemporary and sophisticated","modern sofa, rectangular coffee table, abstract art piece, floor lamp, plant on countertop","open concept design with kitchen, dining, and living room areas connected in a single flowing space","This modern home interior features a stylish blend of dark wood tones, minimalist decor, and warm lighting to create an elegant and inviting atmosphere."
"contemporary_382.jpg","Modern","grayscale, natural, black","glass, steel, marble","Natural light from windows and track lighting over the island","Modern with a touch of warmth","kitchen island with built-in stovetop, black barstools at the island, large abstract art on wall, crystal chandelier hanging from ceiling","Open kitchen and dining area with island in center, barstools lined up along back wall of room.","This modern kitchen and dining area features an open concept layout with a large window offering views over the city. The color palette is neutral with black accents, while materials such as glass, steel, and marble add a touch of elegance and sophistication."
"contemporary_383.jpg","Modern Minimalist","white, beige, light wood","oak wood, linen, concrete","natural soft light from large windows","calm and airy","island with marble top, bar stools, large dining table, hanging light fixture, vase with flowers","open space with central kitchen island and adjacent dining area","This modern minimalist kitchen features a clean, monochromatic color scheme with oak wood cabinets and concrete countertops. The natural light streaming in through the large windows creates a serene atmosphere. A central kitchen island provides ample workspace, while the adjacent dining area is furnished with a large table for six."
"contemporary_384.jpg","Modern Minimalist","white, light gray, dark wood","wood, metal, glass","natural soft light from large windows and wall sconces","calm and airy","sofa, coffee table, floor lamp, plant, framed artwork","open space with central seating area on a stepped floor","This modern minimalist living room features light wood tones, soft gray accents, and clean lines. The open layout allows for easy movement between the seating area and other spaces in the home."
"contemporary_385.jpg","Modern Minimalist","light gray, beige, navy","leather, linen, wood","well-lit with neutral colors","calm and inviting","white sofa, stone coffee table, modern floor lamp, framed artwork, area rug","open concept with defined seating area","The living space is a modern minimalist design, featuring a light gray color scheme, leather and linen materials, and neutral tones. The open layout allows for an inviting atmosphere with a well-lit, calming mood."
"contemporary_387.jpg","Modern Minimalist","gray, white, blue","tile, metal, glass","bright overhead lights and soft ambient lighting from wall sconces","clean and spacious","modern sink with chrome faucet, large mirror over sink, wooden vanity, white towels","long narrow space with double sink on one side and a walk-in shower on the other","This modern bathroom features minimalist design elements, including a clean color palette of gray, white, and blue. The space is illuminated by bright overhead lights and soft ambient lighting from wall sconces."
"contemporary_388.jpg","Modern Minimalist","beige, white, gray","glass, steel","bright and natural light from a large window above the bathtub","calm and spa-like","bathtub, shower, bathroom vanity","compact space with glass shower enclosure and bathroom sink in corner","The modern minimalist design is highlighted by the use of light colors, steel fixtures, and clear glass. The bright natural light creates a calm spa-like atmosphere."
"contemporary_389.jpg","Modern Minimalist","dark brown, light wood, neutral gray","wood, metal, leather","ambient and task lighting with soft overhead fixture","modern and professional","bookshelves, desk, chair, lamp, vase","corner desk in a corner with shelving on two walls, creating an intimate workspace.","This is a modern minimalist office space with a dark brown wood floor and neutral gray accents. The room features wooden bookshelves, a leather chair at a modern desk with a task lighting fixture, and decorative metal elements. The overall atmosphere of the room is professional and inviting."
"contemporary_39.jpg","Scandinavian","white, light wood","wooden cabinets, glass shower door, natural stone flooring","bright and natural light from windows and ceiling lights","clean, modern and minimalistic","modern sink with faucet, mirrors above sink, wooden storage cabinet, small plant in corner","straight lines and geometric shapes create a spacious yet defined bathroom area","This modern bathroom features a minimalistic design with clean lines, natural wood accents, and plenty of light creating an open and bright atmosphere."
"contemporary_390.jpg","Minimalist","beige, light blue","wood, linen, steel","natural soft light from large windows","calm and airy","clothing rack, dresses, shirts, coats, towels","organized space with clothing items displayed","The interior design style presented is minimalist, characterized by a simple color palette and the use of natural light. The focus on clothing storage and display suggests functionality and organization."
"contemporary_391.jpg","Modern","white, wood, orange","glass, wood, leather","Natural light from large windows and glass doors.","Bright and inviting.","glass dining table, modern chairs, potted plant, hanging lights","Open kitchen/living area with sliding doors to pool.","Modern, open concept space with stylish seating for gathering and entertaining."
"contemporary_392.jpg","Scandinavian","white, gray, green","wood, brick, glass","Natural light streaming in from large windows, with soft, warm indoor lights","Calm and airy, with a touch of luxury","white sofa, black leather armchair, coffee table, large floor lamp, modern abstract art","Open space with a pool in the foreground, leading to an indoor seating area and kitchen","This luxurious home combines modern design elements with natural materials like wood and brick, offering a serene and inviting atmosphere."
"contemporary_393.jpg","Modern Minimalist","white, beige, light wood, green accent","oak wood, linen, concrete, steel","soft, natural light from floor-to-ceiling windows","calm and airy","modern sofa with wooden legs, round wooden coffee table, large indoor plant, metal floor lamp","open space with central seating area around a large rug","This modern living room is designed for comfort and style, featuring a minimalist aesthetic with a neutral color palette that allows the natural light to flood in from the windows."
"contemporary_394.jpg","Modern Minimalist","gray, white, brass","oak wood, concrete, stainless steel","natural soft light from large windows, supplemented by modern pendant lights","calm and airy with a touch of elegance","sink vanity, large round mirror, modern pendant lights, black countertop, contemporary faucet","spacious bathroom with a floating sink vanity and large window above it, creating a sense of openness","A modern minimalist bathroom design, featuring oak wood cabinets, concrete walls, stainless steel fixtures, and pendant lights that give off a soft glow."
"contemporary_395.jpg","Modern Minimalist","white, light wood, grey","oak wood, linen, steel","soft and natural light from windows and chandelier","calm and sophisticated","sofa, coffee table, floor lamp, potted plant, area rug","open space with central seating area, flanked by bed and chairs on either side","This modern minimalist hotel suite offers a calm and sophisticated atmosphere with soft lighting that enhances the natural wood elements and linen textures. The open layout creates a spacious feel while maintaining intimate spaces for sleeping, relaxing, and dining."
"contemporary_396.jpg","Modern Minimalist","white, beige, black","leather, wood, metal","modern pendant lights with warm tone, ambient soft light from recessed ceiling fixtures","clean, contemporary and inviting","gray sectional sofa, black leather armchair, white shag area rug, large abstract artwork, modern floor lamp","spacious living room with open concept layout, modern linear fireplace dividing space from kitchen","This living room combines a minimalist design with modern and industrial elements, creating a clean and contemporary space that feels inviting and sophisticated."
"contemporary_397.jpg","Modern Minimalist","gray, white, black","stainless steel, marble, wood","recessed lighting with adjustable fixtures and under-cabinet lights","calm and serene","island, dining table, modern chairs, bar stools","kitchen and dining area open to each other, with island separating them","This kitchen is designed in a modern minimalist style, featuring gray tones with white and black accents. The use of materials like marble countertops, stainless steel appliances, and wood cabinetry contributes to its sleek appearance. Recessed lighting enhances the open layout where the kitchen flows seamlessly into the dining area, creating a serene atmosphere."
"contemporary_399.jpg","Modern","beige, white, wood","steel, glass, leather","well-lit with natural light from large windows","clean and organized","desk, chair, potted plant, bookshelf, artwork","open plan with a separate office area","A modern, clean and well-organized space with a desk set up for work in an open plan room. A potted plant adds a touch of greenery to the space."
"contemporary_4.jpg","Modern Minimalist","gray, white, black","wood, glass, metal","recessed lighting and floor lamps","clean and modern with a touch of warmth from wood accents","sectional sofa, coffee table, floor lamp, modern bookshelf, white rug","open concept space with kitchen in back, dining area to the side, and living room furniture arranged for easy flow.","This modern space features a minimalist design with clean lines and neutral colors. The wood accents add warmth to the space while maintaining its sleek and contemporary feel."
"contemporary_40.jpg","Modern","white, gray, black","marble, glass","bright and even lighting from ceiling fixtures","clean and sleek","bathtub, shower enclosure, towel rack, sink, mirror","large rectangular space with open shower area","This is a modern bathroom featuring marble walls and floor, a glass enclosed shower, and contemporary fixtures."
"contemporary_400.jpg","Modern","white, light blue, dark wood","stone, metal railings, wooden paneling","Natural light from large windows and outdoor living space","Clean, spacious and serene","pool, outdoor seating area, floor-to-ceiling windows, indoor plant","Open floor plan with centralized pool and outdoor living space","This modern home showcases a minimalistic design style, utilizing natural materials and lighting to create a calm and serene environment."
"contemporary_401.jpg","Modern Minimalist","light brown, white, dark gray","wood, leather, glass, metal","recessed lighting with warm tone","calm and cozy","large flat screen TV, built-in shelving unit, high-backed sofa, modern coffee table, floor lamp","open space design with central seating area","This living room features a clean, modern minimalist style with a color palette that includes light brown, white, and dark gray. The materials used are wood for the shelving unit, leather on the sofa, glass as a focal point on the coffee table, and metal accents in the lamp. The space is well-lit with recessed lighting that has a warm tone, creating a calm and cozy atmosphere. The layout consists of an open plan design with central seating area for easy viewing of the large flat screen TV."
"contemporary_402.jpg","Modern Minimalist","light wood, beige, white","wood, metal, glass","natural light coming through the windows","calm and organized","large mirror, modern sofa, contemporary armchair, minimalist coffee table","open layout with no walls or barriers","This is a modern minimalist interior that features light wood tones, a mix of metals and glass for materials, and natural lighting. The space is open and organized, featuring a large mirror as a focal point."
"contemporary_405.jpg","Modern Minimalist","white, gray, wood accents","oak wood paneling, metal handles and fixtures, brick tile wall","natural light from large windows with metal grids, supplemented by recessed lighting and a central pendant lamp","calm and serene","white sofa facing the fireplace, black leather armchair, gray area rug, wooden coffee table, large abstract artwork","open space with a central seating area leading to the entrance","A modern, minimalist living room that combines oak wood paneling with gray and white color tones for a serene and calming atmosphere."
"contemporary_406.jpg","Modern Minimalist","black, white, wood","tile, brass, porcelain","soft natural light from a small window and recessed lights","modern and tranquil","large round bathtub, wooden bench seat, black soap dispenser, wall-mounted toiletries","small, narrow bathroom with a large tub at the end of the room","This is a modern minimalist style bathroom featuring black and white tile, brass fixtures, wood accents, recessed lighting, and a large round tub set against dark tiles."
"contemporary_407.jpg","Modern Minimalist","white, black, light wood","stone, wood, leather","subtle ambient light from recessed LED lights","calm and sophisticated","couches, coffee table, fireplace, modern artwork","open space with a fireplace as the focal point","This is a modern, minimalist living room with a focus on clean lines and neutral colors. The space features a stone wall that adds warmth and texture to the room. A fireplace serves as the central focal point, creating a cozy atmosphere. The furniture includes a large sofa for comfortable seating, and a coffee table for easy access to drinks or books. The modern artwork contributes to the overall sophisticated feel of the space."
"contemporary_408.jpg","Modern Minimalist","white, beige, light wood","linen, concrete, steel","natural soft light from large windows and recessed ceiling lights","calm and airy","bed, bedside table, lamp, vase with flowers, window treatment","open space with central seating area around bed and flanking nightstands","The room is a modern, minimalist interior design. It features a neutral color palette with soft linen fabrics on the bedding and furniture, complemented by concrete walls. A steel beam adds an industrial touch to the space while natural light streams in from floor-to-ceiling windows, creating a serene atmosphere."
"contemporary_41.jpg","Modern Minimalist","white, gray, black","wood, leather, glass","natural soft light from large windows and recessed ceiling lights","clean and serene","sofa, coffee table, floor lamp, plant","open space with central seating area, surrounded by high wall-mounted shelving on two sides","A contemporary living room with minimalistic design featuring a neutral color palette and natural materials."
"contemporary_410.jpg","Modern Minimalist","light grey, beige, dark wood","tiled walls and floor, concrete shower surround, glass shower door","natural light through large windows above the tub","calm and serene","large white bathtub with black faucet, beige towel rack next to tub, white soap dispenser on ledge","simple bathroom layout with shower/tub combo","Bathroom features a modern minimalist design with light grey walls, beige tiles and dark wood accents. The space is brightened by natural light through windows above the bathtub."
"contemporary_411.jpg","Modern Minimalist","white, neutral grey, black","wood, fabric, metal","well-lit with natural light coming from the windows","calm and serene","clothing rack, drawers, hangers, shelving","space is open and well-organized, with storage items at center for efficient use of space","Modern minimalist design in a room dedicated to clothing storage. The space is designed for optimal functionality and organization with a clean, uncluttered aesthetic."
"contemporary_412.jpg","Modern Minimalist","gray, white, wood, brass","oak wood, marble, metal","bright and airy with a large window above the sink","clean, bright, and calm","round mirror, wooden toilet paper holder, wooden bathroom cabinet, bathroom plant","a simple straight layout with a centered vanity and a wall-mounted sink and toilet","A modern minimalist bathroom with clean lines, neutral colors, and natural materials."
"contemporary_415.jpg","Modern Minimalist","white, black, wood accents","white painted wood, silver hardware, dark blue denim","bright and well-lit due to ample natural light from windows","clean, sharp, and elegant","black leather sofa, minimalist white coffee table, wooden sideboard with black handles","modern open floor plan with large living room connected to dining area","This is an image of a modern, minimalist interior with a color palette of white, black, and wood accents. The space has ample natural light and features contemporary furniture pieces such as a sofa, coffee table, and sideboard."
"contemporary_416.jpg","Modern Minimalist","black, white, gray","wood, leather, glass","natural light from large windows and overhead skylights","modern and spacious with a touch of warmth from the fireplace","sectional sofa, flat screen TV, coffee table, floor lamp, potted plant","open space with central seating area surrounding a fireplace and adjacent to large windows","A modern, minimalist living room featuring wood flooring, leather upholstery, and a focus on natural light."
"contemporary_417.jpg","Industrial Loft","dark wood, black, orange","wood, concrete, metal","low light with accents from dimmable track lighting","bold and edgy","large wooden wine rack, industrial style steel shelves, black leather armchair","narrow space with a long wall of racks","Industrial-style wine cellar with dark wood and metal accents, low lighting, and bold design elements."
"contemporary_418.jpg","Modern Minimalist","white, black","steel, oak wood, concrete","natural soft light from large windows","calm and airy","kitchen island, sink, counters, refrigerator, kettle, plant, vase","linear hallway leading to kitchen with open design","This is a modern, minimalist space with clean lines and a predominantly white color scheme. The lighting comes from large windows that brighten the area and create an airy atmosphere. Objects such as the kitchen island, sink, and plant add warmth to the space. The layout has a linear hallway leading directly into the open kitchen area, where one can imagine cooking with ease."
"contemporary_419.jpg","Modern","white, gray, wood","oak, fabric upholstery, steel","natural light from windows","contemporary and inviting","round dining table, white chairs, vase of flowers, large mirror above cabinet","open-plan layout with kitchen and dining area","A modern open-plan kitchen and dining space featuring a round wooden table with white chairs, large windows allowing natural light, steel appliances, oak cabinets, fabric upholstery, and a vase of flowers as decorative accents."
"contemporary_42.jpg","Modern Minimalist","white, gray, wood","wood, glass, tile","natural light from large windows","calm and spacious","freestanding tub, modern sink with black fixtures, vase of yellow flowers","open space with a separate bathroom area","This is an image of a modern bathroom with a minimalist design, featuring a freestanding tub in the corner, a contemporary sink with black faucets, and large windows that allow for natural light to flood the space. The color palette includes white, gray, and wood tones, complemented by materials like wood, glass, and tile."
"contemporary_420.jpg","Modern Minimalist","black, white, gold","wood, brass, marble","Recessed lighting with adjustable brass canister lights and gold sconces.","Bright and luxurious.","freestanding bathtub, his and hers sinks, wooden cabinets, large rectangular mirror","His and hers bathroom vanities flanked by a freestanding tub, all set against a wall of subway tiles.","A luxurious modern bathroom with his and hers sinks under rectangular mirrors, gold fixtures, and black marble tile walls."
"contemporary_423.jpg","Modern Minimalist","white, gray","wood, metal, fabric","bright with natural light from large windows","calm and sophisticated","sofa, coffee table, lounge chair, floor lamp, artwork","open space with central seating area, flanked by side tables and art pieces","This modern living room is designed to feel bright and welcoming, featuring a minimalist color palette of white and gray. The use of natural light from the large windows creates an airy atmosphere. Wood elements provide warmth and texture, while metal accents bring a contemporary touch. The furniture arrangement centers around a seating area, with side tables holding artwork and decorative objects that add to the sophisticated mood of the space."
"contemporary_425.jpg","Modern Minimalist","white, gray, wood","glass, tile, metal","natural light from the window above mirror and shower","calm and spacious","sink, vanity unit, shower, mirror, soap dispenser, towel rack","small space with efficient use of all elements","This is a modern, minimalist bathroom design that features a glass shower door and a wood vanity unit."
"contemporary_426.jpg","Modern Minimalist","white, black, gray","brick wall, steel and glass coffee table, leather upholstery","soft and warm light from built-in LED lights on the ceiling","comfortable and inviting","gray sofa, black leather armchair, plant in a pot, modern coffee table, large framed artwork","open space with central seating area flanked by wall-mounted shelves on both sides","This modern minimalist living room features a cozy fireplace and built-in LED lighting, complemented by leather upholstery and a brick wall for a warm and inviting atmosphere."
"contemporary_427.jpg","Modern Minimalist","white, beige, light wood","stone tile, stainless steel, wood","natural soft light from large windows","calm and airy","freestanding bathtub, large mirror, plant on window sill, sleek sink faucet","open space with central seating area","This modern bathroom features a light-filled, clean design with minimal decor and soft colors to create a calm atmosphere."
"contemporary_428.jpg","Modern Minimalist","gray, white, brass","marble, wood, glass","natural soft light from large windows and elegant wall sconces","calm and serene","mirror over bathroom vanity, towels on shelf under mirror, sink with gold fixtures","spacious layout with large marble countertop for sink and storage area below","A modern minimalist bathroom featuring a large marble countertop, elegant lighting, and a serene ambiance."
"contemporary_429.jpg","Industrial Loft","black, white, brass","metal, concrete, wood","Natural light from large windows","Sleek and modern","Open shelving with storage bins, Glass door cabinet, Hanging pendant lights, Rustic wooden bench, Vintage typewriter","Sprawling open concept space with arched entryway","A spacious and stylish loft-style room, combining industrial elements like metal shelves and concrete walls with sleek design accents such as pendant lights and glass cabinetry."
"contemporary_43.jpg","Modern Minimalist","white, gray, wood","wood, leather, fabric","natural soft light from large windows and ceiling lights","calm and airy","sofa, coffee table, bookshelf, floor lamp, plant","open space with central seating area in front of a wall covered with artwork","This is a modern, minimalist living room that exudes a calm and airy atmosphere. The space features wood accents, leather seating, and a natural light palette. A large window allows for ample daylight, complemented by ceiling lights. The room's central focus is a wall adorned with artwork, which adds to the overall artistic feel of the space."
"contemporary_430.jpg","Modern Minimalist","light wood, white, beige","wood veneer panels, leather upholstery, glass table tops","warm and inviting with recessed lighting","contemporary and sophisticated","white sofa, modern coffee table, floor lamp, abstract artwork","open layout with central seating area and a bar for dining and socializing","A sleek, modern living space with natural wood accents, contemporary furnishings, and warm lighting that promotes both comfort and style."
"contemporary_431.jpg","Modern Minimalist","white, gray, wood","oak wood, glass, steel","natural soft light from large windows","calm and airy","bathroom vanity with marble top, two sinks with chrome fixtures, rectangular mirror above bathroom counter, recessed lighting in ceiling, wooden cabinets and drawers for storage","small space with sink against wall, medicine cabinet next to it, large mirror reflecting the room's layout","This bathroom is designed with a modern minimalist style, featuring wood accents, marble countertops, and natural light that creates a serene and airy atmosphere."
"contemporary_433.jpg","Modern Minimalist","white, gray, beige, black","wood, fabric, metal, leather","soft and diffused natural light from large windows","calm and serene","bed, sofa, coffee table, side tables, floor lamp","open space with a central seating area, anchored by the bed","A modern minimalist bedroom design with white and gray color tones, featuring wooden flooring, fabric upholstery, and natural light streaming in from large windows."
"contemporary_434.jpg","Modern Minimalist","white, light gray, natural wood","wood, fabric, metal","natural light through large windows, complemented by ambient LED lights","bright and airy","sofa, coffee table, floor lamp, plant, framed artwork","open space with large windows allowing for ample natural light, and a central seating area","This modern living room combines minimalist design with a palette of neutral colors, creating a bright and airy atmosphere."
"contemporary_435.jpg","Modern","beige, stainless steel, dark wood","laminated countertops, stainless steel appliances, oak cabinetry","under-cabinet lighting with pendant lights and recessed track lighting","modern and sleek","kitchen island, recessed stainless steel appliances, large vase with artificial plant, contemporary bar stools","open concept with kitchen flowing into dining area","This modern kitchen features a clean, minimalist design with warm beige and dark wood elements. The space is illuminated by under-cabinet lighting and pendant lights above the island. Stainless steel appliances add to the contemporary feel of the space."
"contemporary_436.jpg","Modern Minimalist","gray, white, brass","marble, glass, stainless steel","natural light from large windows, enhanced by recessed ceiling lights","calm and serene","sink with double bowl, large mirror above vanity, rectangular artwork on wall","linear layout with vanity as focal point, flanked by symmetrical sinks and mirrors","This modern bathroom features a sleek and minimalist design, utilizing high-end materials like marble and glass. The space is well-lit, creating a calm and serene atmosphere."
"contemporary_437.jpg","Modern Minimalist","white, gray, wood","stainless steel, wood veneer, brushed nickel","recessed and pendant lights, providing bright and even illumination","bright and clean with a focus on efficiency and functionality","stainless steel refrigerator freezer, built-in oven and stovetop, modern double sink, kitchen island with seating, white subway tile backsplash","open galley layout, maximizing space in the room","This modern kitchen design features a minimalist aesthetic with clean lines and a focus on functionality and efficient use of space."
"contemporary_439.jpg","Modern","white, gray, beige","leather, wood, metal","Natural and artificial light with warm glow.","Elegant and sophisticated","sofa, coffee table, plant, floor lamp, couches, pillows","Open-concept living room with seating area near windows.","This elegant modern living room features neutral colors, a variety of textures, and natural light. The space is open and inviting, perfect for relaxation or entertaining guests."
"contemporary_44.jpg","Modern Minimalist","white, light wood, beige","porcelain tile, wood, silver","bright overhead lighting with natural light coming through window reflection","clean and serene","single plant in corner, square mirror above sink, white pedestal bathroom sink","space designed for functionality, with vanity area against wall under rectangular mirror","This modern minimalist bathroom design features a clean and serene atmosphere with white fixtures and wood accents."
"contemporary_441.jpg","Modern Minimalist","white, beige, light wood","oak wood, marble, steel","well-lit with natural soft light from large windows","calm and airy","white countertops, gray cabinetry, stainless steel appliances, large mirror, wooden island","open space with central workspace and plenty of storage","This modern kitchen is designed for functionality and a minimalist aesthetic, featuring a blend of natural wood elements with sleek stainless steel appliances and gray cabinetry. The open shelves provide easy access to frequently used items while the spacious workspace and large mirror enhance the sense of openness."
"contemporary_442.jpg","Modern","white, wood tones","wood, concrete, stone","natural and soft","calm and relaxed","sofa, coffee table, plant, floor lamp, wall art","open space with a central seating area surrounded by outdoor elements","This modern patio offers a serene setting with natural materials, soft lighting and a comfortable indoor-outdoor living space."
"contemporary_443.jpg","Modern Minimalist","white, beige, light wood","oak wood, linen, concrete, steel","natural soft light from large windows","calm and airy","sofa, coffee table, plant, floor lamp","open space with central seating area","This modern minimalist bedroom features a clean and uncluttered design, utilizing light wood accents to complement the white walls and linen furnishings. Natural soft light from large windows illuminates the space, creating a calm and airy atmosphere."
"contemporary_444.jpg","Modern","blue, white, gray","tile, wood, metal","Natural light from large windows and glass panels","Calm and serene","pool, pool house, landscaping, trees","Open space with the pool at the center, surrounded by a wooden deck.","This is an outdoor modern style swimming pool with an open and relaxing atmosphere, surrounded by natural elements like trees."
"contemporary_445.jpg","Modern Minimalist","white, gray, light wood","oak wood, marble, glass","natural soft light from large windows and recessed lights in the ceiling","calm and serene","freestanding bathtub, white oval mirror, sleek console table with two shelves, floor lamp, small potted plant","open space with a focal point of the freestanding bathtub next to a large window, flanked by the sink and vanity unit on one side and the mirror and console table on the other.","This modern bathroom features a minimalist design with oak wood cabinets and marble countertops. Natural light from the windows creates a serene atmosphere."
"contemporary_446.jpg","Modern Minimalist","white, black, silver","stainless steel, marble, glass","recessed lighting and under-cabinet lights","clean and contemporary","metallic countertops, hidden wall oven, pendant lighting over island","open galley layout with an island in the center","This modern kitchen features a minimalist design with stainless steel appliances, marble countertops, and glass backsplashes. The open galley layout maximizes space while providing ample work surfaces."
"contemporary_447.jpg","Modern Minimalist","white, beige, gray","glass, marble, stainless steel","well lit with recessed ceiling lights and additional vanity lighting","calm and serene","wall-mounted sink, free standing shower/bathtub combo, toilet, round mirror","space is divided with a glass wall between the shower and toilet, creating a separate area for each function.","A modern bathroom featuring a minimalist design with clean lines and neutral colors. The glass walls provide an open feel while maintaining privacy."
"contemporary_448.jpg","Modern","white, gray, light wood","glass shower door, marble tile, white subway tiles","well-lit with recessed lighting and a large window providing natural light","clean, fresh and spacious","bathtub, sink, large mirror, towel rack, shower","bathroom with walk-in shower and bathtub separated by a glass wall","The bathroom is modern in style, featuring marble tiles and a large window that provides natural light. The design includes a well-lit space with recessed lighting, and the color palette consists of white, gray, and light wood."
"contemporary_449.jpg","Modern Minimalist","white, light wood, dark gray","oak wood, stainless steel, glass","natural light from large windows and recessed ceiling lights","airy and spacious","kitchen island with bowl sink, stainless steel appliances, dining table with chairs, bookshelf","open kitchen to dining area, connected by large central island","This modern minimalist home kitchen features a clean, spacious design with natural lighting and a warm color palette."
"contemporary_451.jpg","Modern Minimalist","white, light grey, light wood","oak wood, linen, concrete, steel","natural soft light from large windows","calm and airy","sink, mirror, towel rack, hair dryer","small space with functional fixtures and ample counter space","This is a modern, minimalist bathroom design that focuses on clean lines and natural lighting. The palette consists of whites, greys, and wood tones to create a serene atmosphere. The materials used include oak wood for the vanity and a concrete backsplash for a touch of industrial feel. The layout is thoughtfully designed with essential fixtures placed strategically for efficient use of space."
"contemporary_452.jpg","Scandinavian","white, beige, wood","oak wood, linen, glass","natural soft light from large windows","bright and inviting","dining table, chairs, artwork, lamp","open space with central seating area","This is a modern Scandinavian-style dining room with a bright, inviting atmosphere. The color palette is soft and natural, with white, beige, and wood tones throughout. The materials used include oak wood for the table and chairs, linen for the curtains, and glass for the large windows that allow natural light to flood in."
"contemporary_453.jpg","Modern Minimalist","beige, cream, brown","steel, oak wood, glass","modern LED track lighting with spotlight feature","calm and clean","king size bed, wooden dresser, floor lamp, modern side table, large wall mirror","open space design with floating platform bed","A modern, minimalist hotel room with a calming and clean atmosphere featuring beige tones, oak wood accents, steel surfaces, glass elements, LED lighting, and floating platform bed."
"contemporary_454.jpg","Modern Minimalist","black, white, silver","metal, glass, quartz","recessed lighting with under cabinet lights","modern and sleek","black countertops, stainless steel appliances, greenery potted plants, white stools at kitchen island","open layout with central island for cooking and dining","This modern minimalist kitchen boasts a monochromatic color scheme, sleek stainless steel appliances, and black countertops. The space is well-lit with under cabinet lighting and an open design that includes a kitchen island with white stools for dining."
"contemporary_455.jpg","Modern Minimalist","white, gray, green","wood, metal, glass","bright and even with a mix of natural light from skylights and recessed ceiling lights","modern, minimalistic, clean, and bright","sofa, chairs, coffee table, floor lamp, potted plants","an open floor plan with a seating area under a covered structure","This modern and minimalistic patio design features an all-white color palette, clean lines, and natural materials that blend well together to create a serene and contemporary space."
"contemporary_456.jpg","Scandinavian","white, beige, light wood","wood, linen, stone","natural soft light from large windows and warm glow from fireplace","calm and airy","sofa, coffee table, plant, floor lamp, pillows","open space with central seating area, natural lighting, and a cozy fireplace","This Scandinavian-style living room features a warm beige color palette with wood accents. Natural light fills the space through large windows, and a fireplace adds warmth to the cozy atmosphere."
"contemporary_458.jpg","Modern Minimalist","gray, white, wood","stone, metal, concrete","warm and inviting natural light from windows","calm and serene","couches, coffee table, plant, floor lamp, painting","open plan with separate kitchen area","A modern minimalist house with gray, white, and wood tones, featuring stone, metal, and concrete materials. The space is bright and inviting due to natural light from the windows, creating a calm and serene atmosphere."
"contemporary_46.jpg","Modern Minimalist","white, beige, dark wood","tile, marble, glass","bright overhead lights with dimmable features","modern and sleek","square sink vanity, freestanding toilet with concealed tank, large square shower stall","small bathroom space with separate sections for sink, toilet, and shower","This is a clean and modern bathroom design with tiled walls, a glass-walled shower, and overhead lighting."
"contemporary_460.jpg","Modern Minimalist","white, beige, wood accents","stainless steel, quartz countertops, laminate cabinets","bright with soft overhead lighting and recessed track lights under the cabinets","clean, spacious, and uncluttered","fridge-freezer combo, built-in dishwasher, stove top oven","L-shaped kitchen with island in center of room","A modern kitchen with a clean design featuring stainless steel appliances, quartz countertops, and laminate cabinets."
"contemporary_462.jpg","Modern Minimalist","gold, black, white","wood, marble, brass","natural soft light from large windows","calm and airy","large mirror, wooden sink cabinet, vase with flowers, bottle of shampoo","rectangular space with central vanity area","This bathroom features a modern minimalist style with a gold and black color palette, wood finishes, marble counters, brass fixtures, and large mirrors. Natural light from windows creates a calm and airy atmosphere. A vase with flowers adds a touch of nature to the space, while a bottle of shampoo is conveniently placed on the wooden sink cabinet."
"contemporary_463.jpg","Modern","black, white, brown","stainless steel, brass, wood","modern style light fixtures with a mix of natural and under-cabinet LED lighting","contemporary, clean, minimalistic","black bar stools, black countertops and cabinets, brass kitchen faucet, large island","open concept with a central bar seating area, leading to the dining room in the background","This modern kitchen design features a monochromatic color scheme with high-quality materials and fixtures. The space is clean and minimalistic, with an open layout that blends seamlessly into the adjacent dining area."
"contemporary_464.jpg","Modern Minimalist","white, black, gray","tile, glass, metal","natural light from window, overhead lights","calm and neutral","shower curtain, bath mat, faucet, soap dispenser","angular design with tile wall and floor, shower corner to the right of sink","A modern bathroom with minimal decoration, featuring a glass shower enclosure, black tiles on the walls and floor, and sleek chrome fixtures."
"contemporary_465.jpg","Modern","dark gray, light gray, white","quartz countertops, marble backsplash, stainless steel appliances, wooden shelves","recessed lighting and under-cabinet lights providing ample illumination","modern and minimalist with a touch of sophistication","kitchen island with marble countertops, stainless steel range hood, hanging pendant light fixtures, marble-topped kitchen island","galley style layout with a small window providing natural light","This modern kitchen features a sleek design with marble surfaces, stainless steel appliances, and wood accents. The minimalist theme is complemented by ample lighting for a bright and inviting space."
"contemporary_466.jpg","Modern Minimalist","white, yellow, grey","wood, leather, linen","natural soft light from large windows","warm and cozy","sofa, coffee table, floor lamp, plant, area rug","open space with central seating area","This is a modern minimalist living room with a warm and cozy atmosphere. The design features a simple color palette of white, yellow, and grey, along with materials like wood, leather, and linen. The space is well-lit by natural light streaming in from large windows. The furniture includes a sofa, coffee table, floor lamp, plant, and area rug, arranged around a central seating area to create an open feel."
"contemporary_467.jpg","Modern Minimalist","white, gray, brass","marble, glass, metal","natural light from large windows and recessed ceiling lights","calm and serene","white towel on rack, sleek, brass-finished bath fixtures, large glass partition dividing spaces, modern floor lamp with dimmer switch, black wall sconces with white shades","open space with clean lines and minimal clutter","This bathroom combines functionality with a modern aesthetic, featuring sleek design elements and natural light."
"contemporary_468.jpg","Modern Minimalist","white, beige, brown","tile, wood, glass","natural soft light from a large window above the sink","calm and clean","sink, mirror, soap dispenser, vase with flowers, shelving unit","space organized around central sink area, flanked by mirror on one side and shelving unit on the other.","The bathroom is a clean and modern space with minimalist design elements."
"contemporary_469.jpg","Modern Minimalist","white, black, brown","wood, glass, metal","natural soft light from large windows and pendant lights","calm and airy","sofa, coffee table, floor lamp, plant, vase","open space with central seating area, featuring an island kitchen","This spacious modern minimalist kitchen and dining room features a calming color palette of white and black, contrasted by warm brown tones. The wooden cabinets and metal accents provide a sleek look. Large windows fill the space with natural light, while pendant lights add to the ambiance. The open layout encourages interaction between the kitchen island and the dining area."
"contemporary_47.jpg","Modern Minimalist","white, grey, wood accent","wood, glass, stainless steel","natural soft light from large windows","calm and serene","sink vanity, mirror, shower head, bath mat","long narrow space with central fixtures","This is a modern, minimalist bathroom that features clean lines and an uncluttered design. The color palette consists of neutral tones, including white, grey, and wood accents. Materials used include wood for the vanity, glass for the shower enclosure, and stainless steel fixtures throughout the space. Lighting in the bathroom is soft and natural, thanks to large windows that let in plenty of sunlight. The overall mood of the room is calm and serene, with a spa-like atmosphere that promotes relaxation. Objects in the room include a sink vanity with a large mirror above it, a shower head for convenience, and a bath mat to add an extra layer of comfort underfoot."
"contemporary_470.jpg","Modern Minimalist","white, beige, gray","leather, wood, fabric","ambient and accent lighting","calm and cozy","sofa, couch, coffee table, lamp","seating area facing large screen television","This living room features a modern minimalist design with a monochromatic color scheme, primarily white and beige. The space includes a leather sofa and couch surrounded by wooden furniture and fabric accents. Ambient lighting illuminates the room while accent lighting is used to highlight specific elements. The layout has been designed to provide comfortable seating for viewing on a large screen television."
"contemporary_471.jpg","Modern Minimalist","white, black, gray","steel, glass, marble","under-cabinet lighting and pendant lights","modern, clean, and sleek","island, bar stools, fruit bowl","open concept with island in the middle of kitchen and living space","This modern kitchen and living area features an open floor plan, with a focus on clean lines, minimalist design elements, and sleek materials such as steel, glass, and marble."
"contemporary_472.jpg","Modern","white, black, brass","wood, leather, metal","ambient light with recessed ceiling lights and floor lamps","contemporary and elegant","white sofa, round wooden coffee table, floor lamp, large bookcase","open concept with a central island of books for seating","A modern living space combining openness, elegance, and intellectual pursuit."
"contemporary_473.jpg","Modern Minimalist","dark wood, white, natural linen","steel, concrete, oak wood","soft ambient light from overhead recessed lights","calm and organized","center island with built-in sink and stove, modern appliances, wooden cabinetry, hanging artwork","open space with central cooking area, seating around the island","This modern kitchen design combines a minimalist aesthetic with natural materials and a cohesive color palette to create a clean and inviting space for both cooking and socializing."
"contemporary_474.jpg","Modern Minimalist","white, neutral grays, wood accents","wood paneling, plush textiles, metal finishes","natural soft light from large windows","calm and airy","couch, coffee table, floor lamp, plant, bookcase","open space with central seating area","This living room features a modern minimalist design, characterized by neutral colors and sleek lines. The space is filled with plush textiles, natural wood accents, and metal finishes that add warmth to the otherwise minimalistic design. Large windows let in soft natural light, creating an airy atmosphere. The layout includes a central seating area with a couch, coffee table, floor lamp, and plant, while books are displayed on a bookcase for added personality."
"contemporary_475.jpg","Scandinavian","white, gray, beige","glass, metal, wood","natural soft light from large windows","calm and airy","chair, desk, potted plant, floor lamp","small room with a long counter along one wall, a chair at the desk with an open window view, and a floor lamp for task lighting.","This Scandinavian-style room features a minimalist design with a mix of natural materials, soft light from large windows, and a calm atmosphere."
"contemporary_476.jpg","Modern Minimalist","black, white, wood","wood, metal, leather","ambient light from recessed ceiling lights","clean and sophisticated","bar stools, flat-screen TV, liquor cabinet","rectangular shape with bar on one side","This is a modern, minimalist designed room featuring wood accents, black and white color scheme, and sleek materials. The space has a flat-screen TV for entertainment, a wooden liquor cabinet, and comfortable bar stools at the bar. The ambiance is clean and sophisticated with recessed lighting illuminating the area."
"contemporary_477.jpg","Modern Minimalist","white, black, stainless steel","wood, glass, metal","recessed ceiling lighting with LED under-cabinet lights","clean, sleek and contemporary","modern-style refrigerator, stainless steel oven, high-arc kitchen faucet","open galley layout with island in center","A modern minimalist kitchen with clean lines, monochromatic palette and high-end appliances."
"contemporary_478.jpg","Modern Minimalist","white, light gray, natural wood","marble, glass, steel","soft and warm with recessed lighting","calm and serene","freestanding bathtub, modern vanity sink, large mirror above sink, wooden cabinets, floor lamp","open space with central shower area and vanity on one side, toilet tucked into the corner","The bathroom is a sleek modern design with marble countertops, a large freestanding bathtub, and recessed lighting. The color palette is soft and neutral, creating a calm and serene atmosphere."
"contemporary_479.jpg","Scandinavian","white, gray, black","wool, metal, wood","ambient light with warm glow from fireplace and floor lamps","calm and cozy","sofa, coffee table, area rug, floor lamp, throw pillows","modern and clean with central sofa facing fireplace","The interior design of this living space combines a minimalist Scandinavian style with warm accents provided by the fireplace and a palette that is predominantly gray, white, and black. The furniture and decor are made from natural materials like wool and wood, creating an inviting and serene environment."
"contemporary_480.jpg","Scandinavian","white, beige, light wood","wood, linen, glass","bright and natural with ample light from large windows","calm and airy","modern sectional sofa, low-profile coffee table, textured area rug, flat screen TV mounted on wall, sleek floor lamp","open space with central seating area and glass walls leading to outdoor patio","This contemporary living room is designed in a Scandinavian style, featuring neutral tones, natural materials, and ample light. The large windows allow for an abundance of daylight, creating a bright and airy atmosphere."
"contemporary_481.jpg","Modern","dark wood, cream colored cabinets, stainless steel","wood, glass, metal","bright with recessed lighting and under cabinet lights","sleek, contemporary, and inviting","large island with built-in sink and cooktop, high ceilings with exposed ductwork, modern range hood, stainless steel refrigerator","L-shaped design with main kitchen area flowing into dining space","This modern kitchen combines a mix of wood and stainless steel finishes to create an elegant and functional space that seamlessly integrates with the adjacent dining area."
"contemporary_482.jpg","Modern","white, brown, black","tile, wood, metal","well-lit by recessed lighting and a wall sconce","clean, sleek, and minimalistic","freestanding bathtub, large mirror, vanity lights","a large open space with a focus on the bathroom area","A modern bathroom that combines clean lines, neutral colors, and minimalistic design elements to create a serene and stylish space."
"contemporary_483.jpg","Modern","white, wood tones, navy","wood veneers, stainless steel appliances, glass countertops","recessed and under-cabinet lighting","modern yet warm and welcoming","kitchen island with seating, wooden cabinetry, stainless steel appliances, built-in wine fridge","L-shaped layout with kitchen island at center","This modern kitchen features sleek design elements and a warm color palette, with ample seating and storage space."
"contemporary_485.jpg","Modern Minimalist","white, black, gray","wood, marble, glass","natural soft light from large windows","calm and airy","bathtub, sink, vanity mirror, towel rack, plant, wine glass","open space with central seating area","This modern bathroom is designed for relaxation and comfort, featuring a large tub set against a backdrop of natural light from windows."
"contemporary_487.jpg","Modern Minimalist","white, dark grey, natural wood","wood, leather, brass","soft and warm","calm and organized","sofa, coffee table, floor lamp, plant, office chair","open space with central desk and seating area","This is a modern minimalist living room that features white walls, dark grey accents, natural wood furniture, brass decorative pieces, leather cushions, a soft warm lighting, and a floor lamp. The room has an open feel with a central desk area where you can sit in the office chair to work, while also enjoying the cozy sofa and coffee table setup for relaxation."
"contemporary_488.jpg","Modern Minimalist","white, black, gray","leather, wood, metal","soft and indirect lighting from recessed lights in the ceiling and floor lamps","calm and serene","bed, sofa, coffee table, nightstands, floor lamp","open space with a bedroom area, a seating area in the living room, and a dining/working area","A modern minimalist bedroom with a neutral color palette, featuring leather upholstery, wood elements, and a serene atmosphere."
"contemporary_489.jpg","Modern","neutral tones, wood accents, copper metallic","wood paneling, white cabinetry, linen upholstery","ambient and task lighting with LED recessed ceiling lights","inviting and warm","modern sectional sofa, wood coffee table, floor lamp, artwork, plants","open concept with kitchen adjacent to living room, stairway leading upstairs","This modern interior design features neutral tones and wood accents for a warm, inviting space that connects the kitchen and living area."
"contemporary_49.jpg","Modern Minimalist","light wood, navy blue, white","wood, porcelain, metal","natural sunlight during the day","calm and serene","hot tub, stepping stones, plant","spacious backyard layout with a hot tub as the focal point, surrounded by stepping stones leading to it from various areas of the yard.","This image depicts an outdoor area featuring a modern minimalist design style with a warm color palette. The space is primarily made of wood and metal materials, giving it a sleek and contemporary look. Natural sunlight fills the area during the day, creating a calm and serene atmosphere. The focal point of the space is a large hot tub, which is surrounded by stepping stones that lead to it from different areas in the backyard. A plant adds a touch of greenery to the scene."
"contemporary_490.jpg","Modern","light beige, grey, black","concrete block, wooden doors, metal handrails","Natural light from large windows and skylights, complemented by recessed ceiling lights","Modern, clean, spacious","stone planter with palm tree, large modern kitchen island, contemporary sculpture on pedestal","Open floor plan with central seating area and outdoor access through large sliding doors","This modern house features a sleek and minimalist design, utilizing natural materials and lighting to create an open and airy atmosphere."
"contemporary_491.jpg","Modern","white, gray, black","glass, marble, brass","overhead light and wall sconces","calm and minimalist","shower curtain, towel rack, bath mats","compact with no clutter","This bathroom features a modern design with clean lines, a neutral color palette, and high-quality materials. The glass shower door adds an elegant touch, while the marble countertops provide durability and style. The compact layout maximizes space efficiency, and the overall mood is calm and minimalist."
"contemporary_492.jpg","Modern","neutral tones, wood accents, black","concrete and wood, stainless steel appliances, marble countertops","floor lamps with dimmer switches, recessed lights in the ceiling","modern and minimalist","sofa set, large sectional sofa, dining table, minimalist art pieces","open concept with a modern kitchen bar overlooking living room","This modern home is stylishly designed, featuring neutral tones and wood accents, along with contemporary furnishings and stainless steel appliances. The open floor plan connects the kitchen and living area, creating a comfortable and elegant space."
"contemporary_493.jpg","Modern Minimalist","green, grey, purple","plants, concrete, stone","soft natural light","calm and serene","cactus, succulents, tall grasses","linear design with plants lining the path","This garden is a modern minimalist space featuring an array of succulent and cactus plants, with a serene mood created by soft natural lighting."
"contemporary_494.jpg","Modern","navy blue, white, rusty orange","wood, leather, metal, glass","ambient and task lighting provided by floor lamps and table lamps","warm and inviting with a touch of elegance","vintage rhino head sculpture, large abstract painting hanging above fireplace, white cowhide rug in front of sofa, stacked bookshelves filled with various decorative items and books, antler chandelier over dining table","living room and dining area combined, with seating arranged around a central fireplace","This modern living room combines contemporary design elements with vintage accents, creating a warm and welcoming space that is both stylish and comfortable."
"contemporary_495.jpg","Modern","white, gray, brown","stainless steel, wood, granite","recessed ceiling lights and under-cabinet LED strips","clean, sleek, and spacious","center island, bar stools, wine fridge","kitchen with center island and seating for 4","This kitchen combines modern aesthetics with high-quality materials and efficient design, resulting in an elegant yet functional space."
"contemporary_496.jpg","Modern Minimalist","white, beige, light wood","oak wood, linen, concrete","natural soft light from large windows","calm and airy","kitchen island with seating, modern pendant lights, wooden dining table, vintage teapot, plant","open space with central seating area, kitchen island separating kitchen from dining area","This modern minimalist kitchen and dining room boasts a clean and simple color palette of white, beige, and light wood. The oak wood cabinets lend warmth to the space while concrete countertops add a touch of industrial chic. Natural light floods in from large windows that wrap around the corner, creating an airy atmosphere. The kitchen island serves as a central seating area, surrounded by modern pendant lights for evening use. A vintage teapot adds a touch of charm to the space. Overall, this kitchen and dining room exude a calm and airy feeling, perfect for relaxed family gatherings."
"contemporary_497.jpg","Modern Minimalist","white, gray, brown","wood, fabric, metal","soft ambient light with accent spotlights on art pieces and architectural features","modern yet warm and inviting","sofa, coffee table, flatscreen TV, floor lamp, wall-mounted shelving","open floor plan with separate seating area in front of fireplace","A modern, minimalist living room with neutral tones, natural materials, and a combination of contemporary furniture and art pieces."
"contemporary_498.jpg","Scandinavian","white, gray, black","wood, tile, metal","soft natural light from large windows","calm and serene","modern faucet with wooden handle, large format art print on wall, wooden stool for storage, round glass mirror above sink, contemporary floating shelf above bathtub","open space with large windows, bathtub in center, countertop and cabinets along left side of room","This Scandinavian-inspired bathroom features a modern design with natural materials and soft lighting, creating a calming and serene atmosphere."
"contemporary_499.jpg","Modern Minimalist","white, light wood, gray","oak wood, linen, stainless steel","natural soft light from large windows and recessed lighting","calm and airy","kitchen island with bar stools, wooden countertops, large hanging flower arrangement, stainless steel appliances","open space with central kitchen island","A modern, minimalist kitchen with a neutral color palette and natural lighting that creates a calm and airy atmosphere."
"contemporary_5.jpg","Modern","white, black, brass","glass, marble, wood","Recessed lighting with soft ambient glow","Clean and spacious, with a touch of elegance","shower stall, mirrored cabinet door, towel rack, bathroom sink","L-shaped design with vanity on one side and shower on the other","This modern bathroom features a mix of materials, including glass and marble, creating an elegant and luxurious space. Recessed lighting provides soft ambient glow, while black and brass accents add a touch of sophistication."
"contemporary_50.jpg","Scandinavian","white, light wood, gray","marble, wood, glass","natural soft light from large windows and ceiling lights","bright and airy","countertop, island, vase with flowers, bar stools","open space with central island for dining, cooking and seating area","This kitchen combines modern design elements such as a marble countertop and wood cabinetry with natural light from large windows to create a bright and airy Scandinavian-style space that is both functional and inviting."
"contemporary_500.jpg","Modern","white, gray, black","glass, wood, metal","Warm and dimmable ambient lighting with spotlights highlighting key elements","Contemporary and sleek","freestanding bathtub, double vanity sinks, large mirror, floor to ceiling glass shower doors","Open space with separate bathroom and spa areas connected by a central walkway","Modern luxury bathroom with freestanding bathtub, double vanities, and large glass showers."
"contemporary_501.jpg","Modern Minimalist","white, beige, light wood","oak wood, linen, concrete, steel","natural soft light from large windows","calm and airy","sofa, coffee table, plant, floor lamp, rug, cushions, decorative pillows","open space with central seating area surrounding large windows","This is a modern, minimalist living room with a calming atmosphere that features oak wood, linen, and concrete materials. The lighting is soft and natural due to the large windows, creating an airy ambiance. There's a comfortable sofa and coffee table for relaxation, complemented by decorative items such as a rug, cushions, and pillows. The layout is open with a central seating area that surrounds the windows."
"contemporary_503.jpg","Modern Minimalist","dark gray, light gray, black","glass block wall, brick wall, white tile","well-lit with natural light from large window","clean and sleek","freestanding tub, double shower head, black and white striped towels","modern bathroom layout featuring glass block wall and brick wall dividing space","This modern minimalist bathroom combines black and white elements with textures like a glass block wall and a brick wall to create a contemporary, clean design."
"contemporary_504.jpg","Modern Minimalist","navy blue, gold accents","black marble, white subway tile backsplash","overhead track lighting with brass finish","clean and elegant","double sink vanity with gold hardware, gold framed mirror, black countertop with gold details, white towel on rack","long narrow space with black cabinet against wall","This bathroom features a modern minimalist design with navy blue and white color palette, contrasted by gold accents. The vanity has a double sink setup with gold hardware, under a brass-finished track light. A large mirror frames the space above the countertop. The black countertop showcases a unique combination of materials: black marble for the main surface and white subway tile backsplash."
"contemporary_507.jpg","Modern Minimalist","white, light gray","wood, metal","recessed ceiling lights and natural light from large windows","contemporary, sleek, and uncluttered","stainless steel refrigerator-freezer combo, white double oven, white microwave oven, white dishwasher","open floor plan with kitchen island as the central focal point","This modern minimalist kitchen features a neutral color palette, stainless steel appliances, and a streamlined layout that maximizes openness and natural light."
"contemporary_508.jpg","Modern","white, brown","wood","Recessed ceiling lights with adjustable bulbs","Spacious and modern","bed, desk, chair, shelving unit","Room layout is divided into three distinct sections, each housing different furniture. The main area features two bunk beds, the smaller section has a desk with chair for workspace, and the third section contains a shelving unit.","This modern interior design showcases a clean and contemporary style with wooden paneling, efficient use of space, and bright lighting."
"contemporary_509.jpg","Modern","white, light wood, black","oak wood, stainless steel, linen","natural light from a large window over the kitchen sink and range hood with additional under-cabinet lighting.","clean, bright, and functional.","large center island with built-in storage, stainless steel stove, black countertops, blue glassware","a galley-style kitchen with an L-shaped layout featuring a large center island as the focal point, flanked by counters and cabinets on both sides.","This modern kitchen has a bright and open feel with clean lines and understated decor. The space features oak cabinetry, black countertops, and stainless steel appliances including a range hood over the stove. A large window above the sink provides ample natural light that is complemented by additional under-cabinet lighting."
"contemporary_51.jpg","Contemporary","white, wood, gray","wood, stainless steel, glass","recessed and pendant lighting with natural window light","bright and open","island in center of kitchen, black refrigerator, white stove top oven","open concept layout with island as focal point","This modern kitchen features a contemporary design with clean lines, white cabinets and countertops, wood accents, and black appliances. The space is well-lit and has an open layout that makes it feel spacious and inviting."
"contemporary_510.jpg","Scandinavian","black, white, brass","wood, marble, concrete, steel","warm and inviting with brass pendant lights","calm and cozy","bar stools, island bar, coffee table, kitchen island","open plan layout with central kitchen island","This modern Scandinavian-inspired kitchen features a black and white color scheme with brass accents, wooden cabinets, marble counters, and a concrete backsplash. The warm lighting sets a cozy atmosphere. The centerpiece is a large island bar with stools, perfect for casual dining or socializing while preparing meals."
"contemporary_511.jpg","Modern","dark brown, white, silver","wood, glass, steel","ambient with spot lighting on the shower head and towel rack","luxurious and modern","showerhead, towel rack, seat, tiled floor, tiled walls","small room with shower in the corner, seat against one wall and towel rack on another","A modern bathroom designed for functionality and luxury."
"contemporary_512.jpg","Modern","white, grey, blue","glass, metal, wood","Recessed and track lighting with a hanging chandelier","Bright, open, and contemporary","modern dining table with metal frame, set of glass bar stools, large abstract artwork, high-rise metallic pendant light, contemporary area rug","Open concept kitchen and living room space with central island","This modern space features clean lines, a neutral color palette, and a mix of sleek materials such as glass and metal. The open layout and contemporary furnishings create a bright and inviting atmosphere that is both functional and stylish."
"contemporary_513.jpg","Scandinavian","white, gray, black","wood, leather, metal","natural light from large windows","modern and minimalist","desk, chair, plant, vase","open space with central desk and surrounding shelving units","This is a modern office space with a Scandinavian design theme, featuring wooden furniture, black accents, and ample natural light."
"contemporary_514.jpg","Modern Minimalist","light blue, white, wood","wood, glass, concrete","soft natural light from large windows","calm and airy","sofa, coffee table, plant, floor lamp","open space with central seating area and staircase leading to upper level","This modern minimalist interior features a light blue front door that matches the color palette, a wood floor, concrete walls, and soft natural light. The open layout leads upstairs via a staircase, and there is a comfortable seating area in the center of the space."
"contemporary_515.jpg","Modern","white, blue","wood, metal","natural light from large windows and recessed lighting in ceiling","modern and elegant","dining table with chairs, artwork on walls, floor lamp, vase with flowers","open space with dining area centered around large wooden table, flanked by artworks and windows","This modern dining room features a clean and contemporary design with natural lighting and blue accents."
"contemporary_516.jpg","Modern Minimalist","white, beige, light wood","oak wood, linen, concrete","natural soft light from large windows","calm and airy","shelving unit, white countertop, wicker basket, plant on shelf, towel on rack","small open space with central shelving unit and wall mounted sink","This bathroom combines a modern minimalist design with natural materials to create a serene and calming atmosphere."
"contemporary_517.jpg","Modern Minimalist","white, light gray, dark gray","wood, fabric, glass","soft, warm lighting with a mix of natural and artificial sources","calm and sophisticated","large bed, two-tiered dresser, wall art, floor lamp","bedroom with central king size bed flanked by nightstands on each side, with a two-tiered dresser against the wall.","A modern minimalist bedroom featuring a calming color palette of white and gray tones, high quality materials like wood and fabric, and a sophisticated mood."
"contemporary_518.jpg","Modern Minimalist","white, light wood","steel, oak wood, concrete","natural soft light from large windows","calm and airy","large island with barstools, modern range hood, wooden shelving, sleek cabinet handles","open space with central seating area, featuring a large kitchen island at the heart of the room","This modern kitchen design emphasizes minimalism and natural light, creating an inviting atmosphere for cooking and entertaining. The steel appliances and oak wood accents contribute to its contemporary feel."
"contemporary_519.jpg","Modern Minimalist","light grey, white, neutral","wood, fabric, metal","natural soft light from large windows","calm and airy","sofa, coffee table, plant, floor lamp, vase","open space with central seating area","This modern minimalist living room features a light grey sofa, neutral color palette, and large windows that fill the space with natural soft light. The materials used are wood, fabric, and metal, creating a warm yet sleek atmosphere. The layout is open, with a central seating area surrounded by furniture and decorative items."
"contemporary_52.jpg","Minimalist","white, wood","wood, metal, glass","natural light from large windows","clean and modern","bookshelf, floor lamp, plant","open space with central stairwell","This minimalist interior features a clean design with a focus on natural light, wooden accents, and an open layout. A central stairwell serves as the focal point of the space."
"contemporary_520.jpg","Modern Minimalist","white, gray, brass","marble, metal, wood","Natural soft light from large windows and LED strip ceiling lights","Calm and airy with a touch of elegance","center island, modern linear pendant light fixtures, brass kitchen faucet, stainless steel range hood","Open space with central seating area, bar stools at the island, and a separate cooking area with refrigerator and oven","This kitchen is a stylish blend of modern design elements with a minimalist approach to color and decor. The marble countertops and backsplash, along with the brass fixtures, create a luxurious feel, while the large windows fill the space with natural light."
"contemporary_521.jpg","Modern","white, wood, gray","cedar wood, glass, metal","natural light from large windows, with outdoor lights providing a cozy ambiance in the evening.","cozy and inviting","sofa, cushioned lounge chair, glass-topped coffee table, potted plant, floor lamp","open space with a covered seating area, providing a comfortable outdoor living room.","This modern backyard patio is designed for relaxation and entertainment, featuring comfortable seating, ambient lighting, and materials that blend the indoor comforts of a living room with the outdoor tranquility of a garden."
"contemporary_522.jpg","Scandinavian","light pink, white, neutral gray","wooden floor, woven rug, linen upholstery","natural soft light from large windows","calm and airy","cradle, comfortable sofa and chairs, stuffed animal, round floor lamp","open space with central seating area","The room has a Scandinavian-inspired design with light pink walls, wooden flooring, and linen upholstered furniture. The large windows let in soft natural light that brightens the space. The cradle and stuffed animal suggest a family-friendly environment while the comfortable seating area is perfect for relaxation."
"contemporary_523.jpg","Modern","white, black, metallic","stainless steel, quartz countertop, wood veneer","well-lit with under-cabinet lighting and recessed LED lights","sleek and minimalistic","built-in double ovens, pull-down faucet, stainless steel dishwasher","open concept with separate island and perimeter counter spaces","A modern kitchen featuring stainless steel appliances, wood veneer accents, a quartz countertop, and under-cabinet lighting."
"contemporary_524.jpg","Modern Minimalist","white, black, gray","wood, metal, fabric","natural light from windows with black railings","calm and sleek","sofa, coffee table, dining table, chairs","open space with central seating area, staircase divider between spaces","This is a modern minimalist living room that showcases natural light and sleek design elements."
"contemporary_525.jpg","Modern","gray, white, marble","stainless steel, black granite, brushed nickel","recessed lighting and under-cabinet LED strips","modern, sleek, and sophisticated","stainless steel refrigerator-freezer combo, professional-grade stove and oven, stainless steel dishwasher, quartz countertops","kitchen island with seating, providing a central preparation area","This modern kitchen is designed with clean lines, a neutral color palette, stainless steel appliances, and quartz counters, creating an elegant and contemporary space."
"contemporary_526.jpg","Modern Minimalist","white, gray, beige","wood paneling, leather upholstery, brick wall","subtle overhead recessed lighting accented with floor lamps","comfortable and relaxed","large flat-screen TV mounted above fireplace, wooden coffee table, white plush sofa, black leather armchair, coffee table books","open space with central seating area and pool view beyond","This modern minimalist living room combines a luxurious feel with clean lines and natural materials, creating a comfortable atmosphere for relaxation and entertainment. The open layout allows for easy access to the pool outside."
"contemporary_527.jpg","Modern Minimalist","white, light wood, navy","wood, glass, steel","natural soft light from large windows and recessed lights","calm and inviting","modern sofa, coffee table, floor lamp, plant, vase","open space with central seating area, separated from the kitchen by a central island","This image shows a modern minimalist interior design featuring natural wood accents against light-colored walls and ceilings. The color palette is simple, consisting of neutral tones with pops of dark navy. Lighting is soft and natural, coming through large windows and recessed lights in the ceiling. The space feels calm and inviting, with a few key pieces of furniture including a contemporary sofa, a coffee table, a floor lamp for ambient lighting, plants for life, and decorative elements like vases."
"contemporary_528.jpg","Industrial Loft","black, white, metallic","concrete, brick, steel","large windows letting in ample natural light","cozy and inviting","black leather sofa, gray armchair, metallic coffee table with glass top, white vase with pink flowers, small round metal side table","a loft-style living room with a spacious seating area and large windows offering city views","This modern industrial-style living room features a black leather sofa, gray armchair, metallic coffee table, and decorative pink flowers to create a cozy and inviting atmosphere."
"contemporary_53.jpg","Modern Minimalist","white, black, metallic silver","stainless steel, granite, wood","recessed lighting with undercabinet lights for kitchen area","spacious and bright","kitchen island, modern pendant light, stainless steel appliances, white bar stools","open layout with ample counter space and dining table adjacent to kitchen area","This modern kitchen features a minimalist design with an open layout, granite counters, and stainless steel appliances. The color palette consists of white for the cabinets and black and metallic silver accents on various elements throughout the space."
"contemporary_530.jpg","Modern Minimalist","white, beige, grey","wood, leather, metal, glass","natural light with strategically placed floor lamps and wall sconces","calm and serene","sofa, coffee table, floor lamp, framed artwork on walls, plants","open space with large windows leading to outdoor patio, contemporary furnishings arranged for conversation and socializing","This modern minimalist home showcases a simple and clean design aesthetic with natural wood accents, neutral color palette, and strategic lighting. The open floor plan creates an inviting atmosphere, perfect for entertaining guests."
"contemporary_531.jpg","Modern Minimalist","white, light gray, neutral","glazed tile, glass shower door, chrome fixtures","natural light and recessed ceiling lights","clean, crisp, and bright","large rectangular mirror, free-standing bathtub, rectangular sink with vanity, freestanding toilet","long narrow space designed for functionality and aesthetic appeal","This modern bathroom is designed for efficiency, comfort, and style."
"contemporary_532.jpg","Modern Minimalist","white, gray, wood accents","glass and wood, linen cushions, natural stone, metal frame","natural soft light from large windows","calm and airy","sofa, coffee table, plant, floor lamp","open space with central seating area","A spacious modern sunroom with a minimalist design, featuring white walls, gray cushions, wood accents, and natural stone elements, providing ample light from floor-to-ceiling windows, creating a calm and airy atmosphere."
"contemporary_533.jpg","Contemporary","beige, white, black","oak wood, marble, stainless steel","natural light from a window above the sink and oven area","modern and clean with an open feeling","wooden cabinets, stainless steel oven and refrigerator, sink, small plant","a galley style kitchen with a central island for food preparation","A modern kitchen design featuring a contemporary color palette, stainless steel appliances, oak wood cabinets, and natural lighting."
"contemporary_535.jpg","Minimalist","white, gray, wood","oak wood, marble, stainless steel","Natural light from large windows","Calm and serene","toilet, sink, shower, potted plant, vase","Linear design with fixtures lined up along one wall","This modern bathroom features a minimalist design with wood accents, marble counters and walls, stainless steel fixtures, and large windows that let in natural light. The mood is serene and calming."
"contemporary_536.jpg","Modern","light grey, dark grey, wood","particle board, steel, wood","bright and natural light from large windows","clean and organized","office desk, chair, bookshelves, plants","open space with L-shaped desk arrangement","A modern office interior with minimalistic design, featuring a light grey color palette and steel materials."
"contemporary_537.jpg","Modern Minimalist","white, gray, black","wood, leather, metal","soft overhead lighting complemented by floor lamps and ambient lights","warm and inviting with a touch of sophistication","sofa, coffee table, shelving unit, abstract artwork","open plan with defined living space flowing into dining area","This modern minimalist interior design features a neutral color palette, clean lines, and a mix of natural materials. The soft lighting creates a warm ambiance, while the open layout encourages social interaction."
"contemporary_538.jpg","Scandinavian","white, light brown, brass","wood, marble, metal","bright and airy with large windows allowing natural light to fill the space","calm and relaxed","wooden sink vanity, large mirror above sink, hanging plants from ceiling, toiletries on shelves","long and narrow with central focus around the bathroom sink area","A modern Scandinavian-style bathroom with a bright, clean design featuring natural wood elements, metal accents, and plenty of storage."
"contemporary_539.jpg","Modern Minimalist","beige, light wood","oak wood, linen","soft warm light from recessed ceiling lights","calm and cozy","modern pendant light, white marble countertop, wooden floating shelves, contemporary wooden cabinetry, beige throw rug, framed artwork","kitchen with open layout and central island","This kitchen embodies a modern minimalist design, featuring a neutral color palette and contemporary materials. The space is well-lit by recessed ceiling lights, creating a calm and cozy atmosphere. Key elements include a pendant light over the countertop, white marble countertops, floating shelves for storage, wooden cabinetry, and a throw rug for warmth underfoot. Framed artwork adds a touch of personality to the space."
"contemporary_54.jpg","Modern","white, gray, orange, red","fabric, wood, metal","natural light from large windows","bright and energetic","bed, couch, chair, bookcase","open space with central seating area","This is a modern bedroom with an open floor plan, featuring a colorful bedspread, bright lighting, and large windows that let in natural light."
"contemporary_541.jpg","Modern Minimalist","black, white, silver","steel, marble, leather","modern and bright, with track lighting above countertop and pendant lights over bar stools","edgy and contemporary","barstools, countertop, backsplash, wine rack","open concept with no walls separating kitchen from living space","A modern kitchen and bar area with a sleek, minimalist design featuring stainless steel appliances, white countertops, and black accents."
"contemporary_545.jpg","Modern Minimalist","black, white, natural wood","tiled flooring and walls, bamboo mat, metal shower enclosure","Natural light from a window above the tub and floor lamp in the corner for added illumination","Bright, clean, and spacious with an inviting atmosphere","wooden bench, shower enclosure, tub, floor lamp","Linear layout with tub on the left wall, bamboo mat leading to the shower area, and a wooden bench in the corner for seating.","This modern bathroom features minimalist design elements such as black tiled flooring and walls, contrasted with natural wood accents. A large window above the tub allows for ample natural light, while the bamboo mat adds texture to the space. The linear layout is both functional and aesthetically pleasing, creating an inviting atmosphere."
"contemporary_546.jpg","Modern Minimalist","white, beige, light wood","oak wood, linen, concrete","natural soft light from large windows","calm and airy","sofa, coffee table, plant, floor lamp","open space with central seating area",""
"contemporary_547.jpg","Modern Minimalist","white, light wood","oak wood, glass","bright and airy","calm and neutral","sofa, coffee table, plant, floor lamp","small, open space with a clear pathway down the hallway","This modern minimalist style interior features a predominantly white color scheme with light wood accents. The use of oak and glass materials gives it a warm yet streamlined look. Natural light floods into the room through several windows, contributing to a bright and airy mood. The space is furnished with a sofa for seating, a coffee table for practicality, and a plant and floor lamp for decoration and ambiance."
"contemporary_548.jpg","Modern Minimalist","white, beige, light wood, navy blue","oak wood, marble, stainless steel, porcelain","natural light from skylights and pendant lights","bright and airy","kitchen island, built-in oven, modern hanging pendant lights, wooden bar stools","open layout with kitchen island serving as centerpiece, flanked by cabinets on both sides","This modern minimalist kitchen is a blend of clean lines, neutral tones, and natural materials. The open floor plan creates a bright and airy feel while the island serves as a central gathering spot."
"contemporary_549.jpg","Modern Minimalist","white, beige, light wood","oak wood, linen, concrete","natural soft light from large windows","calm and airy","bed, nightstand, lamp, plant","simple, linear layout with beds parallel to each other","This room features a modern minimalist design with light wood accents, oak wood walls and ceilings, and natural lighting from two large windows. The simple, linear layout includes two parallel beds separated by a nightstand with a lamp on it."
"contemporary_55.jpg","Modern Minimalist","dark wood, black stainless steel, white","wood paneling, stainless steel appliances, marble countertops","overhead track lighting with spot and ambient lights","sleek and contemporary","modern pendant lights, clean lines and angles of cabinetry, black metal bar stools","L-shaped kitchen island with seating, open shelves above counters, separate counter space for food preparation","This modern kitchen features a clean and sleek design with dark wood cabinetry, black appliances, and white countertops. The space is illuminated by overhead track lighting and decorated with minimalist elements like pendant lights and stainless steel hardware."
"contemporary_550.jpg","Modern Minimalist","gray, white, natural wood","granite countertops, brass fixtures, wood cabinetry","recessed lighting with adjustable warm white LED bulbs and two pendant lights above the vanity mirror","spacious, clean, and serene","double sink vanity, large rectangular mirror over vanity, round top countertops, contemporary wall sconces","square bathroom with corner vanity positioned against a wall-mounted cabinet and large window to the left","This modern bathroom features minimalistic design, with gray granite countertops, natural wood accents, brass fixtures, and recessed lighting that creates a serene and spacious atmosphere."
"contemporary_552.jpg","Minimalist","white, gray, black","concrete, steel, leather","Natural soft light from large windows","Modern and sleek","bed, nightstands, lamp, framed artwork","Open space with central seating area in front of bed","This minimalist hotel room features a modern and sleek design with a monochromatic color palette. Concrete and steel materials add to the contemporary feel, while large windows allow natural soft light to fill the space. The room is furnished with essential pieces such as a bed, nightstands, lamp, and framed artwork, creating an open layout that focuses on the central seating area."
"contemporary_553.jpg","Modern","gray, white, wood","wood, glass, steel","ambient with natural light and accent lights","modern, minimalist, clean","sofa, coffee table, floor lamp, shelf, bookcase","open space design with floating shelves and central sofa","A modern living room that combines sleek lines, minimalist aesthetics, and natural light to create an inviting and comfortable space."
"contemporary_554.jpg","Modern Minimalist","gray, white, light wood","marble, brass, glass","soft, indirect lighting from recessed lights and wall sconces","calm and serene","bench, towel rack, flowers, wooden paneled walls","angular layout with alcove for shower area and bench in center of room.","A spacious, modern bathroom that features a minimalist design, with natural materials like wood and marble, soft lighting, and calming colors."
"contemporary_555.jpg","Modern","white, light brown, dark wood","wood panelling, linen, steel","warm ambient lighting with a focus on the back wall's natural light source","calm and relaxed","shower bench, towel rack, shower head, bamboo towel","long narrow space with central shower area and a single seating bench on one side","This is a modern, minimalist bathroom with wood paneling on the walls and a bamboo towel. The design focuses on creating a calm and relaxed atmosphere through natural light sources and warm ambient lighting."
"contemporary_556.jpg","Modern Minimalist","beige, light wood, dark brown","concrete, wood, fabric","natural soft light from large windows","calm and airy","sofa, coffee table, planter with tree, floor lamp, outdoor heater","open space with central seating area, surrounded by walls of different materials and textures","This is a cozy modern outdoor living room setting featuring a comfortable couch, stylish coffee table, and natural elements like plants and stone. The open space layout promotes relaxation and conversation in a tranquil atmosphere."
"contemporary_557.jpg","Modern Minimalist","white, black, brushed stainless steel","oak wood, stainless steel, glass","overhead recessed lighting, with under-cabinet LED strip lights.","clean and bright with a monochromatic color scheme","built-in oven and stove top, stainless steel refrigerator, kitchen island","open concept with an L-shaped counter that extends into the dining area","This modern kitchen features a minimalist design with a monochromatic color scheme, using oak wood and stainless steel materials. The space is bright with overhead recessed lighting complemented by LED strip lights under the cabinets. An L-shaped counter extends into the dining area, creating an open concept that maximizes the use of space."
"contemporary_558.jpg","Scandinavian","white, wood, green","wood, glass, brick","naturally lit by large windows","calm and airy","sofa, coffee table, chairs, planter, floor lamp","open space with central seating area","This modern Scandinavian-style living room features a warm and inviting atmosphere, highlighted by the large windows that fill the space with natural light. The room's design is centered around a stylish sofa surrounded by minimalist chairs, all adorned in materials like wood, brick, and glass. A floor lamp adds a touch of sophistication to the space, while a green accent piece brings a pop of color to the otherwise neutral palette."
"contemporary_559.jpg","Modern Minimalist","white, beige, light wood","glass, marble, wood","soft, recessed ceiling lights and natural light from large windows","calm and serene","freestanding bathtub, shelving unit with towels and bath products, potted plant","single-piece bathtub set into the floor, flanked by storage cabinets and framed mirrors on the wall","A modern, minimalist master bathroom with a freestanding bathtub, glass shower enclosure, and clean lines and natural materials."
"contemporary_56.jpg","Modern Minimalist","brown, gray, white","wood, metal, glass","natural light from the large windows and skylights, supplemented by recessed ceiling lights.","calm and serene","modern sofa, mid-century modern armchair, floor lamp with curved base, abstract art, potted plant","open floor plan with a central living area, separate kitchen and dining spaces.","This modern house features an open layout with warm brown tones and minimalist design. Natural light illuminates the space through large windows and skylights, creating a serene atmosphere."
"contemporary_560.jpg","Modern Minimalist","black, gray, white","wood, metal, leather","ambient and task lighting with warm glow from recessed lights and hanging lanterns","modern and sleek with a touch of comfort","sofa, coffee table, floor lamp, large rug, potted plant","open space with central seating area, flanked by walls and columns","This contemporary living room features a minimalist design with clean lines and neutral colors, creating an inviting yet sophisticated space."
"contemporary_562.jpg","Modern Minimalist","white, beige, light wood","steel, linen, wood","natural soft light from large windows and overhead fixtures","calm and airy","sofa, coffee table, plant, floor lamp","open space with central seating area, flanked by bookshelves","This modern minimalist living room features a clean, uncluttered design with white and light wood tones. The open floor plan allows for easy movement and interaction, while the steel shelving adds an industrial touch to the space."
"contemporary_563.jpg","Industrial Loft","white, wood accents","metal, concrete, natural wood","natural light from skylights and large windows","modern, clean, airy","couch, coffee table, desk, plant, floor lamp","loft-style with open floor plan, exposed wooden beams","An industrial loft space with high ceilings and natural light. The design incorporates concrete, steel, and wood materials to create a modern and spacious feel."
"contemporary_564.jpg","Modern Minimalist","white, black, stainless steel","black countertops, stainless steel appliances, wood cabinets","recessed lighting throughout the space and natural light from a large window","clean, sophisticated and spacious","large island in the center of kitchen, modern faucet over sink, high-quality stainless steel appliances","an open layout with a generous amount of counter space on either side of the center island","This modern kitchen features black countertops and stainless steel appliances, creating a clean, sophisticated look. The large island serves as both a functional workspace and a focal point for the room."
"contemporary_565.jpg","Modern","black, white, gold","leather, metal, glass","recessed lighting with spotlighting on selected areas","elegant and sophisticated","bar stools, bar table, wall decorations, candle holder","rectangular space with high ceiling, seating arrangement along one wall","A modern theater lobby featuring a black and gold color scheme, recessed lighting, metallic bar stools, leather couches, and a stylish glass display of movie posters."
"contemporary_566.jpg","Modern","white, light wood, dark stainless steel","oak wood, marble, stainless steel, quartz countertops","recessed and pendant lighting with a mix of warm and cool toned bulbs","modern, sleek, and minimalist","high-end stainless steel appliances, quartz countertops, large island with sink","an efficient galley kitchen with a walk-through pantry area","This modern kitchen is designed for both functionality and style, featuring high-end appliances, elegant materials like oak wood and marble, and a streamlined layout that maximizes workspace."
"contemporary_567.jpg","Modern Minimalist","white, gray, wood","wood, glass, brick","natural light from a large window","warm and cozy","sofa, coffee table, plant, floor lamp","open space with central seating area around fireplace","This modern minimalist living room is designed to feel warm and inviting, featuring a large fireplace as the focal point, surrounded by comfortable seating on a white sofa. The color palette consists of neutral tones in wood and gray, with accents provided by a natural wood coffee table and a plant that adds a touch of greenery. A floor lamp offers adjustable lighting for reading or relaxation. Large windows allow ample natural light to fill the space."
"contemporary_568.jpg","Modern Minimalist","white, black","marble, wood, glass","recessed ceiling lights and wall sconces","clean, sleek, and contemporary","double vanity with mirrored cabinets, freestanding tub, large window for natural light","space designed for functionality and luxury","A modern bathroom design with clean lines, marble surfaces, and a focus on the double sink and large tub."
"contemporary_569.jpg","Modern Minimalist","beige, dark wood, white","oak wood, glass, brushed nickel","recessed lighting and pendant lights above countertops","modern, clean, spacious","large island in center of room, stainless steel appliances, built-in refrigerator","L-shaped layout with large island as focal point and separate areas for cooking and dining","This modern kitchen features an L-shaped floor plan with a central island, providing ample counter space and storage. The color scheme is neutral with dark wood cabinets and white countertops, creating a warm and inviting atmosphere. Recessed lighting and pendant lights above the counters contribute to the contemporary feel of the space. Stainless steel appliances add a touch of modernity while maintaining a clean look."
"contemporary_57.jpg","Modern","white, gray, green","wood, leather, metal, glass","overhead lighting with natural light from large windows","professional and inviting","sofa, coffee table, plant, floor lamp","open space with central seating area","This is a modern office space featuring white walls, gray upholstery, wood accents, and natural light from the large windows. The open layout promotes professionalism while maintaining an inviting atmosphere."
"contemporary_570.jpg","Contemporary","white, brown, black","brickwork, wood planks, leather","Warm with low-hanging lights providing a cozy ambiance.","Cosy and inviting.","sofa, coffee table, lounge chairs, potted plant","Open space surrounding a central fireplace with seating arranged around it.","A cozy contemporary living space featuring brickwork, wood planks, and leather furniture. The room is illuminated by low-hanging lights that create a warm and inviting atmosphere."
"contemporary_571.jpg","Modern Minimalist","white, black, gray","marble, leather, glass","natural soft light from large windows and recessed ceiling lights","calm and airy","bar counter, couch, chairs, wine rack","open space with central seating area around bar counter","The interior design features a modern minimalist style, utilizing materials like marble and leather for an elegant yet sleek appearance. Natural light from windows and recessed ceiling lights creates a calm and airy atmosphere. The space is arranged with a central seating area around a bar counter that serves as the focal point of the room."
"contemporary_572.jpg","Scandinavian","grayscale, rustic wood tones","wood, fabric, brick wall","natural and ambient lighting, with additional reading lamps","calm and inviting","bed, nightstand, framed artwork, floor lamp","small-space layout with a focus on functionality","A cozy, Scandinavian-style bedroom with a rustic touch and natural lighting."
"contemporary_573.jpg","Modern Minimalist","white, beige, light wood","steel beam, wood ceiling, textured wall, carpeted floor","well-lit by recessed lighting and a large window","modern and elegant with a touch of warmth from the fireplace","couch, coffee table, media console, area rug, floor lamp","L-shaped seating area around a central fireplace","This modern living room features a minimalist design with clean lines and simple, elegant furnishings. The neutral color palette is complemented by the warm wood accents on the ceiling and beam, while the steel beam adds an industrial touch. The space is well-lit by recessed lighting and a large window that lets in natural light during the day. A cozy fireplace sits at the heart of the room, creating a warm and inviting atmosphere. The seating area consists of a comfortable couch and coffee table, which are positioned around the fireplace to facilitate conversation and relaxation."
"contemporary_574.jpg","Modern Minimalist","white, beige, light wood","oak wood, linen, stainless steel","ambient lighting from ceiling recessed fixtures and overhead track lights","modern, sleek, and clean","island with built-in seating, flat screen TV mounted on wall, modern pendant light","open space layout with island in center of kitchen area, living room adjacent to kitchen","This modern minimalist kitchen features a neutral color palette with oak wood and stainless steel accents. The open floor plan allows for easy movement between the kitchen and living areas, creating a spacious and clean environment."
"contemporary_575.jpg","Scandinavian","white, beige, light wood","wood, fabric, leather, metal","natural light from the windows and recessed ceiling lights","calm and airy","sofa, coffee table, lamp, magazine rack, plant","open space with a central seating area and built-in shelving","This living room has a Scandinavian design style, featuring a monochromatic color palette with natural materials like wood. The layout creates an open feel, while the furniture arrangement focuses on comfort and functionality."
"contemporary_576.jpg","Modern Minimalist","white, black, gray","granite, glass, metal","well lit with recessed lighting","calm and sleek","shower head, wall shelves, bottles of toiletries","small space designed for functionality","This is a modern bathroom with minimal decorations and clean lines."
"contemporary_577.jpg","Modern Minimalist","white, beige, light wood","porcelain tile, gold-tone hardware, linen","natural soft light from large windows","calm and airy","modern freestanding tub, white pedestal sink, wood towel rack, white floor lamp, black-framed mirror","space layout with a large shower area leading to the white pedestal sink, and a gold-tone freestanding tub adjacent to a wood towel rack.","A modern bathroom with minimalist design featuring a large window allowing natural light to fill the space, creating a calm and airy atmosphere."
"contemporary_580.jpg","Modern","gray, white, red","wood, glass, metal","bright and natural light from large windows","airy and open","sectional sofa, coffee table, floor lamp, plant, red chair","open space with central seating area",""
"contemporary_582.jpg","Modern","white, gray, wood","stainless steel, glass, wood","bright and warm with overhead lighting and under-cabinet lights","clean, bright, and inviting","bar stools, center island, backsplash tile","open space layout with island in center of room","This modern kitchen features a clean design with an open feel, utilizing white cabinetry and gray accents. Stainless steel appliances complement the wood countertops and stools, while overhead lights illuminate the space."
"contemporary_583.jpg","Modern Minimalist","white, beige, light wood","oak wood, linen, concrete","natural soft light from large windows and a fireplace","warm and cozy","sofa, coffee table, plant, floor lamp","open space with central seating area around the fireplace","This modern minimalist living room features a clean, neutral color palette with natural materials and ample natural lighting. The warm fireplace creates a cozy atmosphere, while the open layout encourages conversation."
"contemporary_584.jpg","Modern Minimalist","white, light wood, navy","stainless steel, quartz countertops, wood cabinets","ambient and task lighting with accent under-cabinet LED lights","modern and sleek, with a touch of elegance and warmth","stainless steel refrigerator/freezer combo, kitchen island with built-in seating, sleek stove top range, double oven","open plan kitchen with adjacent dining room area, centered around an L-shaped workspace and bar","This modern minimalist kitchen combines sleek materials and color palette with a touch of elegance. The open layout allows for easy interaction between the kitchen and adjacent dining area while the central island provides additional seating and functionality."
"contemporary_586.jpg","Modern Minimalist","black, silver, white","stainless steel, wood, leather","recessed lighting throughout space, with additional pendant lights over island","clean and contemporary","black stove top oven, large center island, dark wood barstools","open kitchen area into adjacent living space","This modern kitchen features sleek, minimalist design with black and white accents, an island for preparation and additional seating, stainless steel appliances, and well-lit space."
"contemporary_587.jpg","Modern","brown, white, black","wood, marble, glass","recessed lighting with ambient and task lighting from fixtures on the wall and ceiling","clean and minimalistic","shower head, faucet, tub, cabinet","small square space with shower, toilet, and sink arranged in a corner","This is a modern bathroom design that uses a neutral color palette of brown, white, and black. The materials include wood for the floors and walls, marble for the countertops, and glass for the shower door. Recessed lighting illuminates the space, creating an ambient and task lighting effect with fixtures on the wall and ceiling. The bathroom has a clean and minimalistic feel to it."
"contemporary_588.jpg","Scandinavian","white, blue, gray","wood, metal, fabric","natural light from large windows and ceiling fans","calm and inviting","sofa, coffee table, side tables, rug","open space with central seating area","This is a luxurious living room in a coastal residence, featuring a minimalist Scandinavian design with a color palette of white, blue and gray. The room has a modern feel with natural wood elements and metallic accents. Large windows let in plenty of light while ceiling fans provide airflow. There's an inviting seating area arranged around a coffee table."
"contemporary_590.jpg","Modern","gray, black, white","glass tile, stainless steel showerhead, brushed nickel faucet","Overhead LED light with dimmer switch","Sleek and contemporary","tiled floor, large rectangular mirror, modern towel ring","Compact space with corner shower setup","A modern bathroom design featuring gray tiles, a stainless steel fixture, and a compact corner shower."
"contemporary_592.jpg","Scandinavian","white, light blue, natural wood","oak, wood, linen, cotton","bright with natural light from large windows","calm and inviting","white wardrobe, ironing board, black iron, baskets","long narrow space with multiple shelves for storage","This image depicts a clean, minimalist closet featuring an all-white color scheme and natural lighting. The space is designed to maximize storage while maintaining a simple and uncluttered appearance."
"contemporary_594.jpg","Modern","white, gray, red","wood, metal, fabric","Natural light from the large windows and recessed ceiling lights.","Bright and airy with a modern touch.","couch, coffee table, bookshelf, floor lamp","Open plan with seating area and staircase leading to another level.","A bright and modern living room with wooden floors, a red sofa, and an open stairwell."
"contemporary_595.jpg","Modern Minimalist","light wood, white, gray","wood, glass, brass","natural soft light from large windows","calm and airy","shower, wooden bench, bamboo mat, steel showerhead","long rectangular space with central shower area","A modern bathroom with a minimalist design, featuring natural wood elements and soft lighting that creates a calm and airy atmosphere."
"contemporary_598.jpg","Modern Minimalist","white, gray, brass","wood, stainless steel, glass","Overhead track lighting with a mix of warm and cool white LED bulbs, accentuated by recessed under-cabinet lights.","Contemporary and sleek, with a focus on clean lines and uncluttered surfaces.","island countertop, stainless steel appliances, subway tile backsplash","Kitchen features an L-shaped layout with the island at the center, providing ample counter space and work triangle. The cabinets have a modern design with flush mounts.","This kitchen combines a contemporary minimalist style with functional design elements, offering both aesthetic appeal and practical utility."
"contemporary_599.jpg","Modern Minimalist","black, white, wood tones","oak wood, linen, metal frame","natural light from large windows","calm and cozy","bed, side table, plant, artwork","functional, with minimal clutter","A modern bedroom with a simple color palette, featuring a large wooden bed frame, artwork on the wall, and minimal decorations."
"contemporary_600.jpg","Modern Minimalist","white, black, wood accents","plywood paneling, smooth concrete flooring, metal studs","natural soft light from large windows and recessed ceiling lights","calm and airy","exercise equipment shelf, white sofa, black leather armchair, wooden coffee table","open space with central seating area","This interior design image features a modern minimalist style with wood accents, black and white color palette, and materials like plywood paneling and concrete flooring. The room is well-lit with natural light streaming in from large windows and recessed ceiling lights, creating a calm and airy atmosphere. Furniture includes an exercise equipment shelf, a white sofa for seating, and a black leather armchair for lounging. The layout is open, encouraging easy movement and conversation around the central seating area."
"contemporary_601.jpg","Modern Minimalist","light beige, dark wood, gray","oak veneer panels, quartz countertops, stainless steel appliances","Recessed ceiling lights with adjustable bulbs, complemented by pendant lights above island","Calm and spacious with a warm yet modern feel","island with built-in sink, bar stools at counter, floor lamp in corner of room","Open plan design, with kitchen open to living area, centered around large island","This is a modern kitchen designed for minimalist living. The color palette is warm and neutral, with oak veneer walls complementing the dark wood floors. Stainless steel appliances add a sleek touch, while quartz countertops provide durability and easy maintenance. Recessed ceiling lights allow for adjustable lighting levels, and pendant lights above the island serve as an accent piece. The layout is open to create a spacious feel, with the kitchen designed around a large central island that functions as both a cooking surface and a social hub."
"contemporary_602.jpg","Modern Minimalist","black, white, gray","wood, fabric, metal","well-lit with natural light from large windows and a skylight","calm and luxurious","sofa, coffee table, floor lamp, rug, wall art","open space with central seating area and bedroom to the side","This modern living room features a clean, minimalist design with black and white color accents on sleek furniture. The large windows fill the space with natural light, contributing to its serene and luxurious atmosphere."
"contemporary_604.jpg","Scandinavian","light gray, white, black","wood, leather, brass, natural fibers","soft, warm and inviting","serene and cozy","gray sofa, black armchair, wood coffee table, brass floor lamp, large area rug","open-concept with a central seating area and defined zones for dining and relaxation","A modern Scandinavian living room featuring gray tones, natural materials, and warm lighting, creating a serene and cozy atmosphere."
"contemporary_605.jpg","Modern","beige, black, grey","wood, leather, fabric","ambient and natural light from large windows","modern and warm","dining table, chairs, sofa, potted plant, vase","open layout with center island for seating","This is a modern dining area that feels warm and inviting. It features an open floor plan with a large center island that can be used as additional seating or for casual dining. The color palette includes beige, black, and grey tones for the chairs, while the table is in a wood finish complemented by a leather bench. A plant and a vase add natural elements to space."
"contemporary_606.jpg","Modern","white, grey, metallic","glass, wood, stainless steel","Recessed lights on ceiling and under-cabinet lighting","Clean and spacious","washer and dryer, kitchen sink, white cupboards","Efficient use of space with appliances and cabinets arranged for convenience.","A modern kitchen design with a clean and streamlined layout, featuring stainless steel appliances and glass accents."
"contemporary_607.jpg","Modern","black, white, wood","wood, metal, glass","Recessed lighting with track fixtures","Sophisticated and contemporary","chandelier, modern art piece, vase with flowers, contemporary coffee table","Dining room with open concept kitchen and living area","A stylish dining space featuring a modern design, including chic chairs, sleek wood table, and contemporary lighting fixtures."
"contemporary_609.jpg","Scandinavian","white, light wood","tile, brick, wood","natural soft light from large windows","calm and airy","toilet, black toilet brush, white tissue box, black soap dispenser","small rectangular space with white wall and white tile floor","A clean, minimalist bathroom with a simple color scheme and basic functional elements."
"contemporary_611.jpg","Modern Minimalist","gray, white, natural wood","natural stone, marble, stainless steel","recessed lighting, accentuated with pendant lights and wall sconces","calm and serene","wall-mounted mirror, his and her sinks, floating wood vanity","open layout with central focus on vanity area","This bathroom combines modern minimalist design elements for a clean, calming space that emphasizes functionality while maintaining an airy feel."
"contemporary_612.jpg","Modern","white, light wood, silver","stainless steel, wood veneer, glass","natural light from large windows and under-cabinet LED strip lights","bright, clean, and modern","bar stools, metal countertops, stainless steel refrigerator, kitchen island","L-shaped layout with open kitchen to dining area","An L-shaped kitchen with a modern design featuring stainless steel appliances, wood veneer countertops, and under-cabinet LED lights. The space is bright with natural light coming through the large windows."
"contemporary_613.jpg","Modern Minimalist","white, light wood, navy","oak wood, leather, metal, fabric","soft, even lighting from ceiling lights","clean, contemporary, and cozy","bed, bookshelf, chair, desk, television","organized space with work/lounge areas separated by built-in cabinetry","A modern bedroom features a minimalist design with built-in storage, creating a clean and organized environment. The color palette is kept light to maintain a sense of spaciousness."
"contemporary_614.jpg","Modern Minimalist","white, light wood","wood, concrete, steel","ambient string lights on patio roof","calm and airy","round dining table, bar stools, potted plant, outdoor heater","patio area with a wood deck, round wooden table for six, string lights overhead","This modern minimalist patio area features an outdoor living space with a dining set surrounded by a variety of greenery and ambient lighting. The style emphasizes clean lines and a focus on natural materials."
"contemporary_615.jpg","Modern Minimalist","white, natural wood, green accents","concrete floors and walls, wooden beams and support columns, steel frame on roof","Natural soft light from large windows, supplemented by recessed lighting in the ceiling.","Calm and airy with a touch of rustic charm.","Sofa, Oval Ottoman, Large Indoor Plant, Hanging Basket Planter, Bookshelf","Open space with central seating area, surrounded by raised planters containing gardening projects.","This indoor garden room features a modern minimalist design with clean lines and natural materials. The layout is open and inviting, with a central seating area surrounded by raised garden beds filled with plants and flowers."
"contemporary_616.jpg","Modern Minimalist","white, gray, light brown","wood, stone, metal","recessed lighting and pendant lights over mirror and sink area","clean, sleek, and contemporary","round white bathroom sink, rectangular mirror with wooden frame, tall metal towel rack, white soap dispenser, decorative stone tile backsplash","small space with efficient use of available area, featuring a compact round sink and wall-mounted vanity","This modern bathroom design combines minimalist style with sleek materials for a clean and contemporary look."
"contemporary_617.jpg","Scandinavian","black and white, yellow accents","metal frame, acrylic table top, vinyl patio furniture coverings","natural soft light from large windows","cozy and inviting","dining table with chairs, hanging pendant lights, potted plants, striped window treatments","open space with central seating area for dining","This outdoor patio is designed in a Scandinavian style, featuring a black and white color scheme accented with yellow. The space is furnished with metal frame chairs covered in vinyl, creating a modern look. A table made of acrylic tops the center of the seating area, which provides ample natural light for dining. Hanging pendant lights add warmth to the atmosphere while potted plants bring life and color to the space."
"contemporary_618.jpg","Modern","white, light wood, gray","oak wood, glass, stainless steel","recessed ceiling lights and natural light","bright and spacious","white stools, island with sink, modern pendant light, wooden dining table","open kitchen with island as centerpiece, adjacent to living area","This modern kitchen combines sleek design elements like wooden flooring and a clean color palette of white, gray, and light wood. The space is well-lit by recessed ceiling lights and abundant natural light streaming in through large windows. The kitchen features oak wood cabinetry, stainless steel appliances, and an island with a sink, making it both functional and stylish."
"contemporary_619.jpg","Modern Minimalist","white, light wood, blue accent","wood paneling, white walls, stainless steel","recessed lighting and natural light from large windows","calm and airy","modern sofa with wooden frame, minimalist coffee table, large potted plant, sleek floor lamp","open concept space with large center island","This modern minimalist home features a spacious open concept kitchen and living area, with clean lines, simple furniture, and an emphasis on natural light."
"contemporary_62.jpg","Modern Minimalist","black, white, gray","leather, metal, wood","ambient and accent lighting","modern yet warm and inviting","bed, nightstand, chair, table","spacious bedroom with bed as central feature","This is a modern bedroom that combines black, white, and gray tones to create a sleek and minimalist design. The room features a leather bed, metal nightstands, and wood accents for warmth. Ambient lighting provides a soft glow, while accent lighting adds depth and highlights the modern decor."
"contemporary_620.jpg","Modern","white, black, grey","concrete, glass, wood","natural light with some artificial accent lights.","clean and contemporary","balls, yoga mat, towel, chair","open space with mirrored walls for a sense of spaciousness.","A modern yoga room with a neutral color palette and natural lighting, featuring a variety of exercise equipment."
"contemporary_621.jpg","Modern Minimalist","white, gray, green","wood, fabric, glass","natural soft light from large windows and outdoor space","calm and airy","sofa, coffee table, plant, floor lamp","open space with central seating area, bordered by potted plants and a fence","This modern minimalist living room features a neutral color palette of white, gray, and green. Materials used include wood for the furniture and fabric for the cushions. The natural light from large windows and outdoor space creates a calm and airy atmosphere. Key objects include a comfortable sofa, a functional coffee table with decorative elements such as plants and a floor lamp."
"contemporary_622.jpg","Modern Minimalist","white, beige, brown","wood, steel, glass","natural light from floor-to-ceiling windows","clean and serene","staircase, shelves, vase of flowers, modern pendant light","spacious open-concept living area with stairs leading to upper level","This modern minimalist space is characterized by its use of natural materials and a monochromatic color palette. The open layout and large windows allow for ample light, creating a bright and airy atmosphere."
"contemporary_623.jpg","Zen Garden","green, white, grey","stone, wood, bamboo","natural sunlight filtered through trees and plants","serene and tranquil","staircase, stone pathway, stepping stones, small shrubs","terraced garden with ascending staircase surrounded by plants and trees","This serene Zen garden uses natural materials such as stone, wood, and bamboo to create a peaceful pathway for visitors to ascend up the hill. The layout encourages mindfulness and contemplation, with a clear staircase leading the way through lush plants."
"contemporary_624.jpg","Modern","blue, beige, black","wood, glass, concrete","recessed lighting and natural light from large windows and sliding doors","contemporary and relaxed","pool, outdoor furniture, plant, light fixtures","open plan with indoor and outdoor spaces connected by large sliding glass doors","The interior design showcases a modern style, featuring a neutral color palette and materials such as wood and concrete. The space is characterized by recessed lighting and natural light from the windows, creating an airy atmosphere. The indoor space opens up to an outdoor area with a pool, which is complemented by stylish outdoor furniture."
"contemporary_629.jpg","Modern Minimalist","white, light wood","oak wood, stainless steel","natural soft light from large windows","calm and airy","kitchen island, wooden stools, potted plant, black countertop","open space with central seating area","This modern kitchen design combines minimalist aesthetics with warm wooden accents, creating an inviting and spacious environment."
"contemporary_63.jpg","Modern Minimalist","dark gray, light gray, beige","concrete, brick, metal","natural soft light from string lights and lanterns","warm and cozy","sofa, outdoor dining table, chairs, string lights, fire pit, potted plants","open space with central seating area, outdoor dining area adjacent to the living area","This backyard features a modern minimalist design with concrete and brick materials, warm lighting from string lights, and a cozy atmosphere perfect for relaxation."
"contemporary_630.jpg","Modern Minimalist","white, gray, blue","wood paneling, fabric upholstery, concrete shelving","soft and adjustable ambient lighting, with recessed lighting in the ceiling","calm and sophisticated","bed, nightstands, lounge chair, plants","open floor plan with a central bedroom area, flanked by a lounge on one side and storage on the other","This bedroom is designed in a modern minimalist style, featuring a monochromatic color palette of white, gray, and blue. The room includes wood paneling as a prominent material choice, with fabric upholstery adding texture and warmth. Recessed lighting provides adjustable ambient lighting, creating a calm and sophisticated atmosphere. Furniture pieces include a bed, nightstands for personal items, a lounge chair for relaxation, and plants to add life and color to the space."
"contemporary_631.jpg","Modern Minimalist","white, beige, dark wood","wood paneling, linen, leather","warm and cozy with soft, ambient light from recessed lights and a fireplace","calm and serene","sofa, coffee table, floor lamp, large potted plant, wooden headboard","open space with central seating area around the fireplace, flanked by bed on left and reading nook on right","This modern minimalist room features a warm wood-paneled wall, leather accents, and soft lighting. A cozy fireplace serves as the focal point of the space, with a large potted plant adding a touch of greenery. The open layout allows for easy movement and creates an inviting atmosphere."
"contemporary_633.jpg","Modern Minimalist","white, light wood, gray","oak wood, tile flooring, glass shower door","well-lit with bright overhead lights and soft ambient lighting","clean, sleek, and contemporary","white bathroom sink and countertops, large mirror above sink, modern faucet, tiled shower stall","well-planned space with separate areas for the toilet and the bathtub/shower combination","A modern bathroom with clean lines, bright lighting, and a minimalist design featuring oak wood accents."
"contemporary_634.jpg","Modern Minimalist","neutral gray, natural wood, green accent","wood, stone, glass","warm and soft light from the fireplace and natural light from windows","cozy and inviting","modern sofa, wooden coffee table, potted plant, outdoor-style chairs","open floor plan with a central seating area facing the fireplace","This cabin living room is designed in a modern minimalist style, featuring neutral gray tones and natural wood accents. The space is warmed by a cozy fireplace, surrounded by comfortable outdoor-style furniture, creating an inviting atmosphere for relaxation."
"contemporary_635.jpg","Modern Minimalist","white, gray, black","concrete, wood, steel","bright and natural light from large windows","clean and spacious","bathtub, shower, bathroom sink","space with separate shower and bathtub area","This is a modern bathroom with a minimalist design, featuring clean lines and neutral colors. The space includes a large bathtub and separate walk-in shower with multiple showerheads."
"contemporary_636.jpg","Modern Minimalist","white, beige, light wood","wood paneling, porcelain countertops, stainless steel appliances","recessed LED lighting and natural soft light from large windows","bright, clean, and welcoming","large island, modern bar stools, potted plant, framed artwork, wicker basket","open space with central seating area, featuring an L-shaped countertop and a breakfast nook.","This modern kitchen combines minimalist design elements with warm materials to create a bright and inviting space. The use of wood paneling and stainless steel appliances adds texture and interest, while the large island provides additional workspace and storage options. Above-cabinet lighting illuminates the space without harsh shadows, enhancing the overall ambiance."
"contemporary_637.jpg","Modern","white, light grey","marble, steel, wood","natural sunlight from large windows and skylights","clean, bright, and open","large freestanding bathtub, wall-mounted showerheads, floor lamp, plant","open space with central bathroom area","The modern bathroom features a large marble tub and wall-mounted shower, with a light color palette and a focus on natural lighting."
"contemporary_638.jpg","Modern Minimalist","white, dark wood, black","oak wood, marble, steel","soft natural light from large windows","calm and clean","wall-mounted sinks, large vanity mirror, white countertops, black faucets, wood cabinets","linear layout with sinks on one side and storage units on the other","The bathroom design is a modern minimalist space featuring wall-mounted sinks, dark wood accents, black materials, and large mirrors. The room is illuminated by soft natural light from windows."
"contemporary_639.jpg","Modern Minimalist","white, black, gray","wood, metal, fabric","artificial, recessed lighting with accent track lights","clean and organized","shelving unit, clothes rack, sneakers, chairs","linear walkway between walls of shelving units","A modern, minimalist closet with a clean color palette, featuring wood and metal materials for the shelving and recessed lighting. A linear layout provides an efficient way to view and access clothing and sneakers."
"contemporary_64.jpg","Modern","white, gray, wood","stone, leather, fabric","Natural light from large windows and skylights","Warm and inviting","sofa, coffee table, chairs, fireplace","Open floor plan with central seating area","This living room features a modern design with natural materials, such as stone and wood, creating a warm and inviting atmosphere. The open layout allows for easy socialization while the large windows and skylights provide abundant natural light."
"contemporary_640.jpg","Modern Minimalist","white, black, red","fabric upholstery, wood flooring, brass accents","natural soft light from large windows and ceiling light fixtures","calm and airy","sofa, coffee table, plant, floor lamp, area rug","open space with central seating area around a fireplace, and large windows leading to an outdoor patio","This modern living room combines minimalist design with bold colors to create a serene yet stylish space that is both functional and inviting."
"contemporary_641.jpg","Modern Minimalist","white, black, wood","leather, glass, steel","natural soft light from large windows","warm and cozy","sofa, coffee table, plant, floor lamp","open space with central seating area","This is a modern minimalist living room featuring a white sofa set against a dark wall. The space is illuminated by natural light coming in from the large windows. There's a wooden coffee table, and a leather lounge chair adds to the seating options. A floor lamp provides additional lighting."
"contemporary_642.jpg","Modern Minimalist","white, beige, gray","concrete, steel, wood","soft natural light from large windows and ceiling lights","calm and serene","outdoor furniture set on patio, pool, large window, floor lamp","open space with central seating area by pool","This modern minimalist backyard features a concrete structure that houses an outdoor living area, adjacent to a rectangular pool. The color palette consists of white, beige, and gray tones, complemented by steel accents. Large windows allow for soft natural lighting during the day, while ceiling lights provide illumination in the evening. A comfortable outdoor furniture set sits on the patio, surrounded by lush greenery, creating a calm and serene atmosphere."
"contemporary_643.jpg","Modern Minimalist","white, navy blue, light wood","oak wood, stainless steel, glass","recessed lighting and a chandelier","clean and contemporary","kitchen island, bar stools, potted plants, modern bar cart","open kitchen area with island as central focus","A modern, minimalist kitchen featuring an open layout, clean lines, and a color palette of white, navy blue, and light wood. Stainless steel appliances are complemented by oak cabinets, while the space is illuminated with recessed lights and a chandelier. A kitchen island serves as a central gathering spot, surrounded by bar stools for casual seating."
"contemporary_644.jpg","Modern Minimalist","natural wood tones, black metal accents, white or neutral backsplash","pressure treated lumber, stainless steel grill and accessories, ceramic backsplash","under-cabinet LED lights for outdoor grilling area","inviting, warm and comfortable","outdoor gas grill with side burner, two stainless steel countertops, wooden bench seating, metal trash can","L-shaped barbecue area with pergola covering part of the space and a seating area underneath.","A modern, minimalist outdoor grilling area featuring natural wood elements, stainless steel appliances, and a comfortable lounge space."
"contemporary_645.jpg","Modern Minimalist","yellow, white, gray","wood, glass, steel","natural soft light from large windows","bright and energetic","sofa, coffee table, plant, floor lamp","open space with central seating area","This modern living room features a bold yellow accent wall that contrasts with the minimalistic design and natural wood floors. The large windows allow for plenty of light to fill the space, creating an airy and energetic atmosphere."
"contemporary_646.jpg","Modern Minimalist","white, light wood","oak wood, steel, silk","soft and warm ambient light with track lighting accentuating artwork on wall","modern and elegant","sofa, coffee table, floor lamp, plants, wall-mounted flat screen TV","open space with central seating area","This is a modern, minimalist living room featuring oak wood paneling and steel accents. The furniture includes white cushioned sofas, a coffee table with a glass top, and floor lamps for ambient lighting. A wall-mounted flat screen TV is the focal point of the room, which is decorated with plants to add a touch of nature and warmth to space."
"contemporary_648.jpg","Modern Minimalist","white, black, wood accents","oak wood flooring, metal frame structure, woven wool throw rug","soft overhead lights with recessed ceiling fixtures and natural light from large windows","calm and serene","couch for lounging, small coffee table for beverages and snacks, modern area rug to add texture and warmth, floor lamp for additional ambient lighting","open space with central seating area, flanked by bookshelves filled with decorative items, leading to a home office or study space in the background","This modern living room combines minimalist design principles with warm materials and natural light to create a calming, serene atmosphere. The open floor plan enhances the sense of spaciousness while the furniture placement provides comfortable spaces for lounging, socializing, reading, or working."
"contemporary_65.jpg","Modern Minimalist","white, beige, light wood","oak wood, linen, concrete, steel","bright and airy with natural light from large windows","calm and clean","freestanding tub, walk-in shower, double vanity, floor lamp, white potted plant","open space with clear separation between sleeping area and bathroom","This modern bathroom combines a minimalist design with high-quality materials and natural light to create a serene and stylish space."
"contemporary_650.jpg","Scandinavian","light gray, white, natural wood","wood paneling, marble counters, stainless steel faucet","Natural light from a window and recessed ceiling lights provide soft, warm illumination.","Calm and serene with a touch of elegance and modern simplicity.","freestanding bathtub, wooden vanity cabinet, hanging mirror, sleek faucet","A compact, efficient layout with a sink area adjacent to the bathtub for easy accessibility.","This bathroom combines Scandinavian design elements with modern minimalist features, creating a spacious and serene retreat with warm, inviting lighting."
"contemporary_651.jpg","Modern","gray, white, wood","concrete, brick, glass","warm and inviting with recessed lighting","cozy and sophisticated","large sectional sofa, modern coffee table, floor lamp, textured throw blanket","open concept with kitchen, dining, and living areas flowing seamlessly together","This modern home exudes warmth and style with its open layout, neutral color palette, and mix of materials."
"contemporary_652.jpg","Modern Minimalist","white, black, brass","wood, steel, glass","Natural light from windows","Calm and modern","clothing rack with folded items, shoe shelf, small bench","Open space with a single storage unit in the center","The room has a minimalist design with white color palette, steel and wood accents. The clothing is neatly arranged on a folded rack, shoes are stored on a shelf, and there's a small bench for seating. The overall atmosphere is calm and modern."
"contemporary_653.jpg","Modern Minimalist","white, wood tones, light gray","stone veneer exterior siding, glass windows and doors, reclaimed wood accents","natural soft light from large windows, supplemented by recessed ceiling lights","calm and airy","large sectional sofa in neutral color, low-profile coffee table, tall indoor plant, modern floor lamp","open space with central seating area, surrounded by a combination of stone and wood accents","This Modern Minimalist house features an exterior clad in reclaimed wood and stone veneer siding, complemented by large windows that allow ample natural light to filter into the space. Inside, a neutral color palette is paired with natural textures like wood tones and light gray accents, creating a calm and airy atmosphere. The open floor plan centers around a sectional sofa in a low-profile coffee table, contributing to a relaxed yet stylish living environment."
"contemporary_654.jpg","Modern Minimalist","black, white, wood","wood, concrete, brass","recessed lighting and pendant lights provide ample illumination","open and inviting with a touch of sophistication","dining table, kitchen island, floor lamp, potted plant","open concept kitchen and dining area connected by breakfast bar","This modern, minimalist kitchen and dining space features a sleek black countertop with contrasting wood elements, white walls, recessed lighting, pendant lights, a black stove top, and a warm wood floor. The open concept design creates a seamless flow between the cooking area and the dining space."
"contemporary_655.jpg","Modern Minimalist","black, yellow, white","tile, metal, wood","bright and well-lit space with recessed lighting and a skylight","clean, simple, and uncluttered","shower caddy, tub faucet, plant on ledge","small bathroom with shower and tub next to each other","This is a clean, modern bathroom with a minimalist design featuring black tiles, yellow accents, and white fixtures. The space is well-lit and uncluttered, with a simple layout that includes a shower caddy, tub faucet, and potted plant on the ledge."
"contemporary_656.jpg","Naturalistic","green, brown, tan","stone, wood, grass","Ambient with some accent lighting from pathway lamps and interior lights","Peaceful and serene","pathway through garden, trees, shrubs, landscape design","Path leading to destination at end of path with plantings on sides.","A path cuts through a serene natural garden, inviting viewers to explore the various plantings and enjoy the tranquility of nature."
"contemporary_657.jpg","Scandinavian","white, light wood, dark grey","wood paneling, leather, brass","Warm and inviting with a mix of natural light and under-cabinet LED lights.","Relaxed and cozy, combining modern minimalist design with comfortable textures and colors.","minimalist sofa, wooden coffee table, floor lamp, plush area rug","Open concept layout with a central seating area, flanked by bedrooms on both sides.","This modern two-story home features a Scandinavian design that is warm and inviting. The minimalist interior combines natural light and under-cabinet LED lights to create an open concept living space with ample seating options."
"contemporary_658.jpg","Modern","light gray, dark gray, white","granite, brass, glass","recessed lighting with a warm tone and soft shade","clean and contemporary","sink with faucet, soap dispenser, tall potted plant, small vase with flowers, black soap dish","vanity mirror set between dark vanity cabinets","This is a modern bathroom design featuring granite countertops, brass fixtures, and soft lighting. The color palette is neutral with accents of black for contrast. The layout includes a double vanity with a tall plant on top."
"contemporary_659.jpg","Modern Minimalist","white, gray, wood","oak wood, leather, steel","Natural soft light from large windows","Calm and airy","sofa, coffee table, plant, floor lamp","Open space with central seating area, adjacent to outdoor deck","This modern minimalist living room features a clean design with gray and white tones, oak wood accents, and large windows that provide natural light. A cozy gray sofa is the centerpiece of the space, complemented by a plant for a touch of nature. The open layout leads to an outdoor deck, making this living area feel connected to the outdoors."
"contemporary_66.jpg","Scandinavian","white, light wood, gray","oak wood, linen, glass","soft natural light from large windows, complemented by recessed ceiling lights and under-cabinet lights.","bright and airy, with a touch of warmth from the wooden cabinets.","kitchen island, countertops, range hood, stove, refrigerator, backsplash","modern galley kitchen with open shelving and cabinetry on either side of the central cooking area.","This modern Scandinavian kitchen features light wood tones, clean lines, and an abundance of natural light. With a spacious island in the center for casual dining or food preparation, it is a bright and airy space that seamlessly integrates with the open living area."
"contemporary_661.jpg","Modern Industrial","grey, green, yellow","concrete, metal, wood","dimmable overhead lights and wall sconces","modern yet inviting","sofa with throw pillows, large woven rug, hanging plants, wine rack","open floor plan with central seating area, surrounded by greenery","This modern industrial living room features a mix of concrete and wood elements, providing a warm yet contemporary space that is accentuated by the use of plants and a vibrant color palette."
"contemporary_662.jpg","Scandinavian","white, beige, light wood","tile, porcelain, metal","bright and even light from recessed lights","clean and serene","bathtub, shower, toilet, sink, mirror","small space with separate tub and shower areas","This is a small bathroom with a clean, minimalist Scandinavian design featuring white tile walls and a beige bathtub. The layout is functional, separating the tub from the walk-in shower area."
"contemporary_663.jpg","Scandinavian","white, beige, light wood","wood, brick, glass","natural soft light from large windows and overhead recessed lights","calm and airy","kitchen island with stools, gas range, oven, refrigerator, backsplash, wine rack","open space kitchen-dining area flowing to living room space","This open concept home combines the kitchen and dining areas with a seamless transition into the living space, featuring an abundance of natural light through windows and skylights, and a warm, neutral color palette."
"contemporary_664.jpg","Modern Minimalist","light blue, white, neutral tones","glass, tile, steel","recessed lights for ambiance and natural light from large window","calm and serene","modern shower head, curved rod towel rack, white plastic waste bin, tilt-down magnifying mirror","angular floor plan with corner shower, toiletry shelf, and waste bin tucked into the wall","The bathroom's design is modern minimalist with a light blue color scheme that gives it a calming vibe. The glass door of the shower allows for natural light and creates an open feel in the small space."
"contemporary_665.jpg","Modern Minimalist","white, black, grey","glass, wood, brass","well lit with recessed lighting","clean and serene","bathtub, shower head, towel rack, bottle of soap","single stand-alone unit","This bathroom features a modern minimalist design with clean lines, neutral colors, and well-chosen materials. The space is brightly lit and has essential fixtures such as a shower, bathtub, soap dispenser, and towel rack."
"contemporary_666.jpg","Modern Minimalist","white, grey, wood, metallic","wood, glass, brass, fabric","recessed and under-cabinet lighting with a mix of natural and artificial sources","calm and sophisticated","kitchen island, chairs, countertops, range hood","open kitchen/dining area connected by an L-shaped countertop","A modern minimalist kitchen with clean lines and a neutral color palette, featuring wooden cabinets, brass fixtures, and an island that serves as both a prep space and dining table."
"contemporary_668.jpg","Modern","blue, white, stainless steel","wood, metal, marble","bright and well-lit with recessed lighting and under-cabinet lights","modern, sleek, clean, and minimalist","stainless steel appliances, blue cabinetry, white countertops, subway tile backsplash","an L-shaped layout with an island in the center","This modern kitchen features a clean and minimalist design with stainless steel appliances, blue cabinets, white countertops, and a subway tile backsplash. The space is well-lit, has a marble floor, wood cabinetry, and an island in the center for additional workspace."
"contemporary_669.jpg","Scandinavian","white, gray, natural wood","wood, leather, fabric, metal","Natural soft light from large windows and recessed lights.","Warm and cozy with a touch of sophistication.","Sofa, Coffee table, Plant, Lounge chair, Floor lamp, Fireplace","Open space with a central seating area, flanked by windows on two sides.","This modern mountain cabin is designed to take in the surrounding natural beauty while providing comfort and style."
"contemporary_67.jpg","Modern Minimalist","gray, white, navy","marble, glass, metal","natural soft light from large windows","calm and airy","sleek toilet with built-in tank, large mirror on wall, modern sink vanity, simple wall sconces","open space with clean lines and minimal clutter","This modern bathroom features a sleek, minimalist design with gray and white color scheme. The large mirror on the wall adds depth to the space while the marble countertops and glass shower walls give a luxurious feel."
"contemporary_670.jpg","Modern","white, gray, blue","wood, porcelain, marble","bright and even lighting with recessed lights in the ceiling and wall sconces","clean, crisp, and fresh","double vanity with a dark wood cabinet underneath, large mirror above the sink, round towel holder on the wall, toilet, shower/bathtub area","small space with efficient use of vertical storage and horizontal lines","This bathroom has a modern design, featuring white walls, gray counters, blue fixtures, wood cabinetry, marble-look porcelain, and natural light. The layout is compact but well-arranged for functionality and style."
"contemporary_671.jpg","Modern Minimalist","gray, white, green accent","oak wood, linen, concrete, steel","natural soft light from large windows","calm and airy","bed, chair, sofa, coffee table, plant","spacious bedroom with a central sitting area","This modern minimalist bedroom has a calming and airy atmosphere, featuring light gray walls, oak wood flooring, linen accents, a large window for natural light, and furniture in neutral tones. A central sofa creates a comfortable sitting area, with a bed placed next to it."
"contemporary_673.jpg","Modern","dark gray, light gray, stainless steel","wood veneer, glass cabinets, stainless steel appliances","overhead track lighting and under-cabinet LED lights","clean, sleek, contemporary","stove, oven, sink, counters","L-shaped kitchen with island in center","A modern kitchen featuring a dark gray color scheme with stainless steel appliances and fixtures."
"contemporary_674.jpg","Modern","black, white, wood","glass, wood, steel","natural light during the day and warm overhead lights at night","contemporary and inviting","large flat screen TV, modern sofa, minimalist coffee table, modern pendant light, wooden dining table","open concept with living room, kitchen, and dining space all in one seamless flow","This modern home features a sleek design with an emphasis on open spaces, natural materials, and contemporary furniture."
"contemporary_675.jpg","Modern Minimalist","white, black, light wood","oak wood, glass, stainless steel","bright and natural, with recessed lights on the ceiling and a mirrored wall that reflects light","modern and sleek with a touch of elegance","shower curtain, towel rack, shelving unit, bath mat","small space with efficient use of every inch, featuring a corner shower and a sink with vanity mirror","A modern bathroom with sleek design elements and a minimalist color scheme."
"contemporary_677.jpg","Scandinavian","white, gray, wood","oak wood, wool carpet, metal frame","natural light from large windows","calm and airy","sofa, chair, coffee table, plant, lamp","open space with central seating area","This is a modern Scandinavian-style living room with a clean, minimalist design featuring light wood floors and furniture, gray accents, and natural materials. The large windows allow for abundant natural light, creating an airy atmosphere. The space includes comfortable seating options like a sofa and chairs, perfect for relaxation or socializing. A coffee table with books and decorative items adds to the cozy ambiance."
"contemporary_678.jpg","Modern Minimalist","beige, grey, wood accents","wooden panels, glass, concrete floors","Natural light from large windows","Calm and airy","modern sofa, minimalist coffee table, indoor plants, low level floor lamps","Open space with central seating area, separated by a low island for dining","A modern and minimalist design featuring wood accents, concrete floors, large windows that let in natural light, and a spacious open plan living and dining area."
"contemporary_679.jpg","Modern","white, wood, black","oak wood, marble, brass","layered lighting with recessed ceiling lights and vanity lighting on each side of the mirror","clean, sleek, and luxurious","two-sided rectangular mirror, brass fixtures, wooden cabinets, white countertop","long, narrow space with a large mirror dividing the room","This is a modern bathroom design featuring wood and white color palette, brass fixtures, recessed lighting, and two-sided rectangular mirror."
"contemporary_68.jpg","Modern","black, white, wood","steel, quartz, wood","Recessed ceiling lights with pendant light above island","Contemporary and functional","center island, bar stools, kitchen faucet, potted plant","U-shaped arrangement, centered around kitchen island with bar stools.","A modern kitchen with a black and white color scheme, featuring a central island for dining and bar stools for casual seating. Steel appliances contrast with wooden countertops and backsplash."
"contemporary_680.jpg","Modern Minimalist","white, gray, wood accent","oak wood, brass fixtures, marble countertop","natural soft light from large windows","calm and spacious","bathtub, bathroom vanity, towel rack, sink faucet, shower curtain","open space with central soaking tub","This is a modern and minimalist bathroom design, featuring wood accents on the walls and furniture. The color palette consists of white, gray, and wood tones. The lighting is soft and natural, coming from large windows. The mood of the space is calm and spacious, with an open layout that centers around a soaking tub."
"contemporary_681.jpg","Modern Minimalist","white, beige, light wood","marble, brass, linen","natural soft light from large windows","calm and airy","sink with marble countertop, white cabinets, vases with greenery, hanging gold light fixture","narrow elongated space with vanity in the middle","This minimalist bathroom features a color palette of white and beige, with marble accents. The design is characterized by clean lines and a focus on natural light."
"contemporary_682.jpg","Modern Minimalist","beige, light wood, brown","wood, glass","recessed lighting and natural light from a large window","calm and serene","shelving unit, bench, floor lamp","linear layout with benches on both sides of the walkway","A modern minimalist design featuring light wood, glass and a large window for natural light. The space has a calm and serene mood with recessed lighting and is designed to be functional and organized."
"contemporary_683.jpg","Modern Minimalist","black, white, brass","wood, glass, metal","natural soft light from large windows, supplemented by recessed LED lighting","calm and sleek","large dining table, chairs, storage cabinets, kitchen counter","open space with a central island bar and ample storage for kitchen essentials.","The interior design of this space is modern and minimalist, featuring neutral tones that contribute to the calm ambiance. The layout has been designed to optimize openness and functionality."
"contemporary_685.jpg","Modern Minimalist","white, light wood, gray","wood, glass, metal","natural soft light from large windows","calm and airy","sofa, coffee table, plant, floor lamp, round pendant lights","open space with central seating area and a staircase leading upstairs","The interior design is modern and minimalist, featuring light wood and gray tones. Natural light flows in through large windows, creating a calm and airy atmosphere."
"contemporary_686.jpg","Scandinavian","light wood, beige, natural wood","wood, bamboo, stainless steel","Warm and ambient with recessed lighting","Calm and relaxing","sauna bench, towel rack, shower caddy, steam release valve","A corner sauna with a single bench on two levels","This is a cozy, minimalist corner sauna designed for relaxation and warmth."
"contemporary_687.jpg","Modern Minimalist","white, gray, black","wood, metal, fabric","natural light from windows and pendant lights","modern, clean, serene","bed, nightstand, storage bench, floor lamp, bookshelf","simple yet elegant bedroom layout with a central focus on the bed","This is a beautifully designed modern minimalist bedroom that combines functionality with style. The use of natural materials and a simple color palette creates a serene and clean atmosphere. The bed is the centerpiece, with surrounding furniture that provides both storage and seating options."
"contemporary_688.jpg","Modern Minimalist","white, light wood, navy blue","wood, fabric, metal","natural soft light from large windows","calm and airy","queen size bed, sofa, coffee table, floor lamp, plant","open space with central seating area","This is a luxurious hotel room with a modern minimalist design. The color palette consists of white, light wood, and navy blue, giving it an elegant yet cozy feel. Materials such as wood, fabric, and metal are used throughout the space, adding warmth and texture to the room. Natural soft light from large windows illuminates the room, creating a calm and airy mood. The room features a queen size bed positioned in front of a window overlooking the city skyline. A comfortable sofa is situated next to a coffee table, and there's a floor lamp for additional lighting when needed. The floor has been kept bare, which adds to the minimalist design approach. Overall, this room exudes comfort and tranquility, making it perfect for relaxation and rejuvenation."
"contemporary_689.jpg","Modern Minimalist","white, light wood, neutral grey","oak wood, marble, stainless steel","bright and well-lit with recessed lighting","calm and sophisticated","kitchen island with bar stools, modern range hood, large wall art","open space layout, connecting kitchen to living room areas","This modern kitchen and dining area features a minimalist design with clean lines and a neutral color palette. The use of natural materials and the bright lighting create a calm sophisticated atmosphere."
"contemporary_69.jpg","Modern Minimalist","black, white, gray","wood, fabric, metal","chandelier with multiple candle-like lights","calm and sophisticated","chandelier, dining table, sofa, chairs, vase","centered dining area","This modern, minimalist living room features a black wall, white walls and ceiling, wood flooring, and a chandelier with candle-like lights. The space is centered around the dining table surrounded by chairs, with a sofa facing it. A vase adds a touch of elegance."
"contemporary_691.jpg","Modern Minimalist","white, black, copper","metal, tile, wood, marble","natural soft light from large windows and recessed ceiling lights","calm and airy","freestanding bathtub, large mirror, floor lamp, white towels","linear space with central focal point of the bathtub","The bathroom features a modern, minimalist design with clean lines and monochromatic colors. The space is well-lit with natural light, creating an airy atmosphere. The large mirror enhances the sense of space, while the copper fixtures add a touch of warmth to the cool tones. The marble surfaces lend elegance, and the floor lamp provides adjustable lighting for different tasks."
"contemporary_693.jpg","Modern Minimalist","black, white, gray","glass block wall, stainless steel, marble, black tile on floor","bright and natural light from frosted glass window","calm and serene","freestanding sink, toilet with tank hidden behind wall, large shower with clear doors","small space organized efficiently with no barriers between fixtures","This modern minimalist bathroom features black and white color scheme, stainless steel fixtures, and a frosted glass window that allows natural light to fill the room."
"contemporary_695.jpg","Modern Minimalist","gray, white, wood accent","glass and steel, natural wood","bright natural light with accents of warm artificial light","calm and modern","clean lines, simple furniture, sleek fixtures","open space with clean lines and minimal clutter","This modern house features a clean, sleek design with natural materials and bright lighting that creates a calm atmosphere."
"contemporary_696.jpg","Modern","white, black, orange","wood, fabric, metal","ambient and accent lighting highlighting architectural features","comfortable and sophisticated","white sofa, black leather armchair, cubist coffee table, modern pendant lamp","open-concept living space with a separate dining area accessible through an archway","This modern living room features a clean and contemporary design with a harmonious blend of materials, bold colors, and thoughtful lighting that create a warm and inviting atmosphere."
"contemporary_697.jpg","Scandinavian","white, light wood, gray","wood, steel, glass","soft natural light from large windows","bright and airy","refrigerator, cabinets, coffee table, potted plant","open space with central seating area","This kitchen is designed in a Scandinavian style, featuring white cabinetry, light wood accents, and stainless steel appliances. The refrigerator is silver with a large water dispenser on the door. A potted plant sits on the countertop next to a glass and steel coffee table. The overall atmosphere is bright and airy."
"contemporary_698.jpg","Modern Minimalist","white, beige, light wood","stainless steel appliances, white tile backsplash","bright and natural from windows","clean, bright, and functional","metal range hood, wooden cutting board, metallic kettle","L-shaped counter with open shelving above stove","This kitchen is a modern take on minimalist design, focusing on clean lines and neutral colors while incorporating stainless steel appliances for a touch of industrial style. The white tile backsplash complements the stainless steel range hood, which contrasts with the wooden cutting board. A kettle sits atop the stove for easy access, and open shelving above provides space for dishes and cookware."
"contemporary_699.jpg","Modern Minimalist","beige, brown, dark grey","wood, leather, glass","soft, ambient light from low ceiling fixtures and recessed lights","calm and sophisticated","sectional sofa, coffee table, modern floor lamp, large potted plant","open-concept living room with central seating area and separate dining space","The design is modern, minimalist, and sophisticated, featuring warm beige tones, a mix of wood and leather materials, and soft ambient lighting. The space is organized with an open floor plan that separates the living room from the dining area."
"contemporary_7.jpg","Modern","black, white, copper","porcelain, concrete, brass","ambient and task lighting","modern and sleek","rectangular mirror, black sink, white flowers","sink against a wall with decorative tiles","A modern bathroom design featuring a black sink, round mirror, and decorative tile backsplash."
"contemporary_70.jpg","Industrial Loft","gray, white, brass","steel, concrete, wood","modern track lighting with overhead fixtures","edgy and sophisticated","metal bar stools, dark wooden countertops, hanging artwork","open plan with central island","This industrial-style kitchen boasts a modern, loft-like design. The color palette is dominated by gray and white tones, accented by warm brass elements. Materials include steel, concrete, and wood in various shades. The lighting fixtures are contemporary with a mix of track lighting and overhead options. The mood of the space is edgy and sophisticated, with an open plan layout featuring a central island for seating."
"contemporary_701.jpg","Modern Minimalist","white, dark gray, orange","wood, linen, brick","natural soft light from large windows and outdoor lighting","calm and airy","sofa, coffee table, plant, outdoor heater, floor lamp","open space with central seating area surrounded by walls of wood and greenery","This outdoor living space features a minimalist design with modern furniture and neutral colors. The lighting comes from both indoor windows and outdoor lamps, creating a calm atmosphere. The space is well-organized with a central seating area and additional elements like a plant and an outdoor heater for warmth."
"contemporary_702.jpg","Modern","white, gray, brown","glass, stainless steel, wood","well-lit with natural light from the windows","calm and relaxed","shower door, faucet, tile, bathtub","clean lines and uncluttered space","A modern bathroom with a clean, minimalist design."
"contemporary_704.jpg","Modern Minimalist","dark brown, white, light wood","brick, wood, tile, metal","recessed lighting, warm and soft glow from wall sconces","calm and serene","freestanding shower stall with curved glass doors, white marble countertops, large mirror over double sink","rectangular space with central shower and vanity","This modern minimalist bathroom features a clean, sleek design with natural materials like brick, wood, and metal. Recessed lighting provides a warm glow in the recessed alcoves, while wall sconces add to the ambiance. The space is organized around a central shower and vanity area, with additional storage areas along the walls."
"contemporary_705.jpg","Modern","white, gray, black","stone, wood, glass","The room is lit with bright, overhead lighting. There are also natural lights coming through the windows.","This bathroom exudes a calm and peaceful atmosphere.","sink, countertop, mirror, vanity","The sink is positioned in front of a window, which overlooks lush greenery outside. A vanity with a mirror sits opposite the window. The countertop appears to have ample space for toiletries.","This modern bathroom features an elegant color palette, natural stone accents, and a well-lit, serene atmosphere that enhances its functionality."
"contemporary_706.jpg","Modern Minimalist","gray, white, wood","wood, leather, linen","ambient and task lighting","calm and sophisticated","sofa, coffee table, bed, chairs","open space with central seating area around fireplace","The room features a modern minimalist design, with gray walls, white bedding, and wood accents. The layout includes an open space with a central sitting area around a fireplace. Natural lighting is used in combination with ambient and task lighting to create a calm and sophisticated atmosphere."
"contemporary_707.jpg","Scandinavian","white, dark wood, gray","wood, brass, stone","natural light from large windows and pendant lights","airy and bright","island with bar stools, range hood, large kitchen island","open concept layout with central seating area","Modern Scandinavian kitchen with a warm and inviting atmosphere."
"contemporary_709.jpg","Modern","white, light wood","concrete, marble, steel","soft and ambient, with a mix of natural and recessed lighting","calm and clean","bathtub, freestanding shower, vanity sink, large mirror, towel rack","open space with large window, separated by a central tub unit","This modern bathroom features a clean and elegant design with an open layout and ample natural light."
"contemporary_71.jpg","Modern Minimalist","white, beige, light wood","oak wood, marble, brass","natural soft light from large windows and recessed lights in the ceiling","calm and airy","freestanding bathtub with built-in shower, white marble countertops, brass towel rack, gold-toned faucet","a spacious bathroom featuring a long vanity, separate bathtub, and ample storage","A modern minimalist bathroom with clean lines and a neutral color palette that exudes a sense of tranquility."
"contemporary_710.jpg","Modern Minimalist","white, light gray","wood, leather, metal","natural soft light from large windows and wall sconces","calm and serene","chair, coffee table, plant, floor lamp","open space with central seating area","This is a modern minimalist living room with a neutral color palette, featuring wood and leather materials, natural lighting, and a central seating arrangement."
"contemporary_711.jpg","Modern","green, red, white","wood, metal, concrete","natural light with accent lighting highlighting features of the garden","calm and relaxing","pathway, raised planters, various herbs and plants","curved path leading to a central seating area surrounded by raised planters with different types of plants","This garden design features a modern style with clean lines, natural materials, and a serene atmosphere. The raised planters and curved gravel path lead visitors through the space while the use of greenery adds life and color to the area."
"contemporary_712.jpg","Mid-Century Modern","dark wood, white, red","wood paneling, leather upholstery, brass fixtures","ambient and accent lighting from recessed lights and floor lamps","warm, inviting, and nostalgic","two-seat sofa, coffee table, floor lamp, vintage sideboard","comfortable and well-lit space with a welcoming seating area","This living room combines vintage touches like wood paneling and leather upholstery with modern lighting fixtures to create a cozy, nostalgic atmosphere."
"contemporary_713.jpg","Modern Minimalist","white, light brown, marble","oak wood, porcelain, steel","soft and warm light from the wall sconces","calm and serene","marble countertop, brass faucet, vase with flowers, round mirror, towel rack","narrow space with a large marble bathroom vanity as the centerpiece","A modern minimalist bathroom features a light brown oak wood cabinet, a round mirror above the white countertop, and a vase with flowers on the sink. The soft, warm wall sconces provide a serene atmosphere."
"contemporary_714.jpg","Modern Minimalist","white, black, light wood","concrete, stainless steel, leather","recessed lighting and pendant lights","calm and inviting","sofa, coffee table, plant, floor lamp, flat-screen TV, bookshelf","modern open concept with bar area adjacent to living room","This modern, minimalist interior features a neutral color palette with sleek lines and clean surfaces. The space is well-lit with recessed lighting and pendant lights, creating a calm and inviting atmosphere. Key furniture pieces include a sofa and coffee table in the living room area, a flat-screen TV, a bookshelf, and a bar area adjacent to the living space."
"contemporary_715.jpg","Modern Minimalist","white, beige, light wood","wood, leather, metal","natural soft light from large windows and recessed lights in ceiling","calm and airy","sofa, coffee table, plant, floor lamp, flat-screen TV","open space with central seating area","A modern, minimalist living room with a soothing color palette that includes white, beige, and light wood. Materials include wooden elements, leather textiles, and metallic accents. Natural light from large windows illuminates the space, creating a calm atmosphere. The layout is open, featuring a central seating area consisting of a comfortable sofa facing a wall-mounted flat-screen TV and a coffee table for convenience. A floor lamp adds to the room's soft lighting, while a plant contributes to a touch of greenery. Overall, this living room is designed for relaxation and simplicity."
"contemporary_716.jpg","Modern Minimalist","gray, white, green","concrete, stainless steel, wood","Natural soft light from large windows and stone pillars with recessed lighting","Calm and airy","sofa, coffee table, plant, floor lamp","Open space with central seating area","This is a modern minimalist patio and living room design featuring concrete walls, stainless steel accents, wood flooring, natural lighting from large windows and stone pillars, a gray sofa set, a white coffee table, green plants, a floor lamp, and an open layout with central seating area for relaxation."
"contemporary_717.jpg","Modern Minimalist","white, gray, wood","oak wood, fabric, steel, glass","soft natural light from large windows with blackout curtains","calm and sophisticated","king size bed, sofa, coffee table, floor lamp, plants","open space with central seating area around a fireplace","A modern minimalist bedroom design featuring a king size bed, sofa, coffee table, floor lamp, and plants. Natural soft light fills the room through large windows."
"contemporary_718.jpg","Modern Minimalist","white, beige, light wood","steel, acrylic, brass","natural soft light from large windows","calm and airy","leather armchair, floor lamp, abstract artwork, plant, round side table","open space with central seating area","The living room design is a modern minimalist space featuring a neutral color palette, steel and acrylic accents, natural lighting from floor-to-ceiling windows, and a comfortable leather armchair for relaxation."
"contemporary_719.jpg","Scandinavian","white, beige, light wood","wood paneling, glass shower door, white tile","natural soft light from large windows","calm and airy","washer and dryer, laundry basket, towel rack, wooden shelves","small room with open layout, allowing view of laundry area","Scandinavian-style bathroom with minimalistic design elements and light wood accents."
"contemporary_72.jpg","Modern","white, gray","metal, wood, glass","bright and even","clean and minimalist","refrigerator freezer, cabinets, open shelves","efficiency in space utilization, clean lines","The modern kitchen features a refrigerator freezer with glass doors and a stainless steel finish. The cabinets are made of wood with metal handles and the open shelves hold an assortment of spices organized on clear racks."
"contemporary_721.jpg","Modern","green, brown, white","stone, wood, metal","natural sunlight","calm and serene","tree, fence, planter","organized and symmetrical plant arrangement","A modern outdoor garden with a stone pathway, wooden fence and green plants in cans."
"contemporary_722.jpg","Modern Minimalist","white, beige, light wood","wood, marble, glass","recessed lighting with track fixtures","bright and airy","sofa, coffee table, floor lamp, potted plant","open space with central seating area","This modern kitchen is designed with a minimalist aesthetic, featuring wood cabinetry and marble countertops. The space has recessed lighting that illuminates the open layout centered around a sofa."
"contemporary_723.jpg","Minimalist","white, beige, gray","wood, glass, porcelain","natural soft light from large windows","calm and airy","mirror, sink, vanity, soap dispenser, towel holder","linear arrangement along wall with mirror at end","A modern minimalist bathroom design featuring a wood-toned vanity, white fixtures, and large windows providing ample natural light."
"contemporary_726.jpg","Modern Minimalist","white, wood tones, navy blue","white painted wood, natural linen, brushed metal","recessed lighting and natural sunlight","modern, clean, and bright","wood bunk bed, storage bench, ladder on shelving unit, large window, white nightstands","small but efficient space with multifunctional furniture for storage and sleeping","This modern, minimalist room combines functionality with a bright and airy atmosphere through the use of white, wood tones, and navy blue. A bunk bed provides sleeping space, while shelving units and a storage bench keep the room organized."
"contemporary_727.jpg","Modern Minimalist","black, white, gray","wood, metal, glass","bright and natural light from two windows","modern and clean","bathtub, double vanity sink, large mirror, toilet paper holder","narrow bathroom with large window above tub and double vanity below mirror","This is a modern bathroom with a minimalist design, featuring black and white colors and various materials. The space has two windows providing bright natural light, and includes essential objects such as a bathtub, double sink, mirror, and toilet paper holder."
"contemporary_728.jpg","Modern Minimalist","white, gray, wood","oak wood, linen, steel","soft, ambient lighting from recessed lights and floor lamp","calm and serene","bed, end table, nightstand, painting","clean lines and open space with bed as focal point","A neat, modern hotel room with a minimalist design, featuring a neutral color palette and sleek furnishings."
"contemporary_729.jpg","Modern Minimalist","gray, white, black","marble, glass, metal","recessed lighting providing even illumination","clean and serene","freestanding bathtub, large glass shower door, double vanity sink, single toilet","space arranged in a straight line with fixtures lined up parallel to each other","A modern and minimalist bathroom design featuring marble walls, freestanding bathtub, double vanity sink, and recessed lighting."
"contemporary_73.jpg","Modern Minimalist","light wood, beige, white","oak wood, stainless steel, glass","natural light from large windows and track lighting","clean, bright and airy","kitchen island with built-in stove, black faux leather bar stools, vase of fresh flowers, modern pendant lights","open space kitchen connected to dining area","A modern minimalist kitchen and dining space featuring light wood tones, white accents, and black leather seating with a sleek stainless steel backsplash."
"contemporary_731.jpg","Modern Minimalist","grayscale, white, black","concrete, brass, wood","ambient and task lighting with a warm color temperature","calm and serene","modern sink, large mirror, abstract artwork, wooden shelving","compact, efficient bathroom layout with a central focus on the toilet","This is an image of a modern minimalist bathroom with a grayscale color palette, featuring concrete walls and brass accents. The space has been designed with efficient use of space in mind, focusing on a compact yet functional layout. The lighting creates a calm and serene atmosphere, while the abstract artwork adds a touch of personality to the room."
"contemporary_733.jpg","Modern Minimalist","white, black, gray","tile, metal, wood","good natural light from a window and recessed ceiling lights","clean and organized","sink, mirror, shower, plants","small, compact space with bathroom fixtures on one wall","A modern, minimalist bathroom with a clean design featuring a tiled shower and sink, metal hardware, wood accents, natural lighting, and plants to add life."
"contemporary_734.jpg","Modern Minimalist","white, beige, light wood","oak wood, linen, concrete","ambient soft lighting with a dark-toned rug and wall treatments that absorb light","calm and airy","couch, chair, coffee table, plant, floor lamp","open space with central seating area featuring a fireplace as focal point","This modern living room features minimalistic design with a warm color palette, focusing on the natural texture of wood and concrete for a touch of industrial edge. The open layout allows for easy interaction in the seating area while the fireplace serves as a cozy centerpiece."
"contemporary_735.jpg","Scandinavian","white, beige, light wood","wood, fabric, glass","natural soft light from large windows","calm and airy","sofa, coffee table, plant, floor lamp, chair, bookshelf","open space with central seating area under a skylight and surrounded by windows","This modern living room boasts natural lighting, a minimalist design aesthetic, and comfortable furnishings for relaxation."
"contemporary_736.jpg","Modern Minimalist","beige, dark gray","wood, fabric","natural soft light from large windows","calm and airy","king-size bed, leather armchair, floor lamp, abstract art, wooden side table","open space with central seating area","This modern, minimalist hotel room features a king-size bed, leather armchair, and abstract art. The open space design allows for a calming atmosphere with natural soft light from the large windows."
"contemporary_737.jpg","Modern","white, gray, marble","marble, stainless steel, black countertop","under cabinet lighting along the wall, above mirror","clean and modern","square mirror, metal sink, small soap dispenser","rectangular layout with long marble countertop against a tall vertical wall","A sleek, modern bathroom featuring a white rectangular sink set into a black countertop. The countertop stretches along one wall under the mirror and lighting. A soap dispenser is placed on the corner of the countertop."
"contemporary_738.jpg","Modern Minimalist","dark green, light brown, white","marble, brass, wood","ambient lighting with recessed ceiling lights and wall sconces","clean and sophisticated","double sink, two faucets, mirrors, wooden towel rack","square-shaped bathroom with central vanity area","This modern minimalist bathroom features a dark green marble countertop, light brown walls, brass fixtures, and wooden accents. The layout is square-shaped with the vanity at its center. Natural light from two windows creates an inviting atmosphere."
"contemporary_740.jpg","Modern","blue, white, black","leather, wood, glass","well-lit with natural light from large windows","contemporary and stylish","couch, coffee table, lamp, vase, rug","open space with central seating area and ample room for movement","This living room features a modern design with a blue, white, and black color scheme. The materials used include leather, wood, and glass. The room is well-lit with natural light from large windows that create an open space, ideal for socializing or relaxing."
"contemporary_741.jpg","Mid-Century Modern","light blue, beige, dark wood","tile flooring, porcelain tub and tiles, brass fixtures","soft overhead lighting with option for task lighting","soothing and spacious","bathtub, shower, sink vanity with mirror, towel rack, small indoor plant","small room layout with walk-in shower and bathtub adjacent to the tub and double sink vanity","This bathroom features a modern design with mid-century elements such as the brass fixtures, blue tiles, and oak wood details. The space is well-lit and feels spacious despite its compact size."
"contemporary_742.jpg","Modern Minimalist","gray, white, light wood","oak wood, linen, steel","natural soft light from large windows","calm and airy","sofa, coffee table, plant, floor lamp","open space with central seating area",""
"contemporary_745.jpg","Modern Minimalist","black, white, brass","oak wood, leather, glass","warm and cozy with soft overhead lighting and accent track lighting","modern and sophisticated","sofa, coffee table, floor lamp, artwork, plant","spacious open floor plan with central seating area","This interior design showcases a modern minimalist style, featuring black and white as the primary color palette. The space is accented with brass details and includes an oak wood cabinet, leather upholstery, and glass surfaces. Soft overhead lighting complements the room's ambiance, while the central seating area offers a cozy atmosphere for relaxation."
"contemporary_746.jpg","Modern Minimalist","white, beige, light wood","tile, brass, linen","natural soft light from a window in front of the shower","clean and spa-like","shower caddy on left wall, bottles on shelf right of shower, hanging potted plant","narrow space with shower area in corner, followed by a small vanity and mirror","A clean, modern bathroom featuring a minimalist design with natural lighting and spa-like elements."
"contemporary_747.jpg","Scandinavian","dark blue, white, brass","dark wood, leather, glass","well-lit space with track lighting and floor lamps","modern and minimalist","wooden shelves, vintage deer head mount, brass wall sconces, black leather chair","dark wood paneling on walls with floating shelving units, large window for natural light","This interior design features a modern Scandinavian style with dark blue accents and brass elements. The space is well-lit and has a minimalist feel, accented by vintage decorative items like the deer head mount on the wall."
"contemporary_748.jpg","Modern Contemporary","light gray, dark brown, wood tones","stone veneer, metal railings, natural stone","Natural light from multiple windows with minimal artificial lighting","Clean and elegant, with a touch of warmth.","white sofa, wood coffee table, large area rug, metal sculpture","Open concept living space with a clear division between the kitchen and living room","The house exhibits a modern contemporary design, characterized by clean lines, a monochromatic color scheme, and a harmonious blend of materials. The open layout fosters a sense of spaciousness and connectivity, while the thoughtful use of natural light creates an airy, inviting atmosphere."
"contemporary_75.jpg","Modern Minimalist","black, white, gray","steel, glass, wood","recessed lighting with soft ambient glow","calm and sophisticated","bar stools, kitchen island, modern pendant lights, contemporary wall art","open layout with central kitchen island serving as focal point and seating area","This modern kitchen design features a sleek, minimalist aesthetic with black stainless steel appliances, a large central island for dining and cooking, and a warm yet neutral color palette."
"contemporary_750.jpg","Modern Minimalist","greenery, gray, blue","wood, stone, steel","soft natural light from the surrounding trees and shrubbery","calm and serene","outdoor seating area, patio table with fire pit, potted plant","circular arrangement of outdoor furniture in a courtyard surrounded by greenery","A tranquil outdoor seating area in a modern minimalist style featuring gray and blue colors, a wooden bench, stone fire pit, steel table, and potted plant. The layout is circular with the seating area at the center of the courtyard."
"contemporary_751.jpg","Modern","white, gray, wood","stainless steel, wood, fabric","well-lit with a combination of natural light and recessed ceiling lights","bright, airy, and modern","couch, coffee table, kitchen island, flat screen TV","open concept living and kitchen space with a central island","A modern home design featuring a bright color palette and sleek, minimalist materials, with an open floor plan that blends the living room and kitchen areas."
"contemporary_752.jpg","Modern","neutral, black accent","natural wood, stainless steel, glass","well-lit with recessed lights and a chandelier above the island","warm and welcoming","large center island, built-in refrigerator, metal range hood","open kitchen concept with island serving as central seating area","A modern kitchen featuring a neutral color scheme with black accents, stainless steel appliances and fixtures, natural wood elements, and well-lit by recessed lights and a chandelier."
"contemporary_753.jpg","Industrial","dark brown, rusty red, black","metal, wood, concrete","dramatic with spot lighting on artwork and shelves","edgy and masculine","barrel vaulted doorways, industrial-style shelving units, modern metal desk","open space leading to hallway with room for expansion","This industrial-style interior features dramatic barrel vaulted doors, a mix of dark and bold colors, and a modern metallic desk. The space is open and conducive to creativity."
"contemporary_754.jpg","Modern Minimalist","light gray, dark brown, white","glass block, marble, wood","natural soft light from large windows and recessed LED lights","calm and modern","sleek towel rack, modern mirror, sleek faucet, black soap dispenser","small space with efficient use of vertical storage and a central shower","This bathroom is designed for modern living, with clean lines, minimal clutter, and an emphasis on natural light."
"contemporary_755.jpg","Modern Minimalist","metallic silver","wood, silver, black","ambient overhead lighting","clean and organized","kitchen sink, stove top, oven, kitchen island","linear arrangement with central workspace","This kitchen features a streamlined design with a palette of metallic silver, wood, and black. The layout is arranged in a linear fashion with a central workspace that includes a sink, stove top, oven, and island."
"contemporary_756.jpg","Modern Minimalist","light beige, white, blue","steel, glass, natural wood","natural soft light from large windows","calm and airy","bed, nightstand, clothing rack, shoe rack","space divided into sleeping area and storage/closet area","Modern minimalist bedroom with a calming color scheme, natural light, and organized furniture arrangement."
"contemporary_757.jpg","Scandinavian","white, beige, light wood","wood, glass, stone","natural soft light from large windows and recessed lights","calm and airy","sofa, coffee table, plant, floor lamp, bookshelf, chair","open space with central seating area, separated by glass panels and steps leading down to lower level","This is a bright and airy Scandinavian-style living room featuring light wood flooring, walls painted in white, and a variety of furniture that includes a sofa, coffee table, plant, floor lamp, bookshelf, and chair. Large windows allow for ample natural light, while glass panels and steps add an interesting architectural element to the space."
"contemporary_758.jpg","Modern Minimalist","white, beige, light wood","oak wood, linen, concrete","well-lit space with natural soft light from windows and ceiling fixtures","calm and airy","freestanding bathtub, white shower curtain, gold faucet, wooden bench, wall-mounted toilet paper holder, decorative potted plant","open space with central freestanding bathtub and wooden bench on side wall, surrounded by storage shelves on walls","This modern bathroom features a minimalist design with a warm color palette. It incorporates oak wood accents, concrete surfaces, and natural light from windows and ceiling fixtures to create a calm and airy atmosphere."
"contemporary_759.jpg","Modern Minimalist","black, white, gray","wood, leather, glass","ambient and accent lighting from multiple sources","calm and cozy","couch, coffee table, armchair, fireplace, books","open space with central seating area near fireplace","This modern minimalist living room features a black leather couch, white accents, and a warm wooden floor. The space is illuminated by ambient and accent lighting from multiple sources, creating a calm and cozy atmosphere."
"contemporary_76.jpg","modern","dark grey, off white, cream","tile, brass, wood","natural light from frosted glass shower doors and recessed lights in ceiling","clean, modern, uncluttered","shower stall with dark grey tiles and brass fixtures, white towels on rack, basket of bath products","linear layout with shower at one end and shelving along far wall","This is a modern-style bathroom with tile flooring, white towels, and a minimalist design."
"contemporary_760.jpg","Modern Minimalist","white, beige, light wood","oak wood, linen, concrete","natural soft light from large windows","calm and airy","desk, chair, plant, vase","open space with central desk area","This is a modern, minimalist office with a focus on natural lighting and a serene atmosphere."
"contemporary_761.jpg","Modern","white, gray, wood, blue","stone, wood, metal","natural and warm interior light with ambient track lighting","welcoming and comfortable","sofa, coffee table, plant, lamp, rug","open floor plan with central gathering area leading to additional seating areas","The interior design of a modern home featuring clean lines, neutral color palette, natural light, and comfortable furnishings."
"contemporary_762.jpg","Industrial Loft","gray, black, orange","steel, glass, wood","recessed lighting and industrial lamps","modern and edgy","long desk with built-in storage, white chair, plant on the window sill, large wall art piece","open space with tall cabinet along one wall","An open, modern industrial loft space featuring a tall storage cabinet along one wall, contrasting with a long desk and white chair. The room has a mix of grays, blacks, orange, steel, glass, and wood accents, creating an edgy yet inviting atmosphere."
"contemporary_763.jpg","Modern Minimalist","light wood, white, blue","wood, stone, metal","natural light and accent lighting","calm and serene","plant, sofa, coffee table, floor lamp, small sculpture","open space with a central walkway","A modern minimalist design with natural wood elements, white accents, and blue tones, creating a calm and serene atmosphere."
"contemporary_764.jpg","Modern Minimalist","white, gray, wood","concrete, steel, glass","bright natural light from large windows","calm and contemporary","modern sofa, minimalist coffee table, contemporary artwork, indoor plant","open space with central seating area and large glass wall","This is a modern minimalist living room that features a combination of concrete, steel, wood, and glass. The design is characterized by bright natural light that fills the space from the large windows. A contemporary sofa sits in front of a minimalist coffee table, with a piece of art serving as the focal point of the wall. An indoor plant adds a touch of greenery to the otherwise monochromatic color scheme."
"contemporary_765.jpg","Modern Minimalist","white, grey, wood","wood, metal, ceramic","natural light from outdoor porch area","bright and airy","bench, planter with flowers, plant in a large pot","outdoor space with seating area","This modern, minimalist outdoor design is characterized by clean lines and bright colors that create an inviting atmosphere for relaxation and socializing."
"contemporary_767.jpg","Modern Minimalist","blue, white, gray","tiles, glass, metal","ambient lighting from ceiling fixture and natural light through window","calm and serene","shower stall, bench seat, sink, towel rack","compact space with functional fixtures","This modern bathroom design features a blue tile backsplash, a glass shower stall, and white accents for a clean, minimalist look."
"contemporary_768.jpg","Modern Minimalist","beige, light wood, gray","marble, steel, glass","bright and natural light from the windows","clean and serene","white porcelain toilet, black metal sink, modern wall art","linear arrangement of toilet next to sink, with art above it","This modern bathroom features minimalist design elements and is bathed in natural light."
"contemporary_769.jpg","Modern Minimalist","grey, green, wood","concrete, brick, steel","natural soft light from large windows and outdoor lighting accentuating textures","calm and airy","rectangular planter box with greenery, modern-style black metal fence, large wooden door, sleek glass window, rectangular stone pathway","open space with central seating area surrounded by textured materials and greenery, leading to an outdoor space","This image depicts a modern minimalist front yard designed with concrete, brick, steel, and wood. Natural lighting illuminates the space and is complemented by strategic plantings and textured materials. The layout creates a calm and airy atmosphere, featuring an outdoor seating area adjacent to the indoor living space."
"contemporary_77.jpg","Modern Minimalist","white, gray, wood accents","concrete, glass, stainless steel","natural light from large windows and recessed lights","modern, minimalist, serene, high-end","large sliding glass doors, minimalist furniture, modern artwork, landscaped garden","open floor plan with modern kitchen and living room in one space","This house is a modern minimalist architectural marvel. The style emphasizes clean lines, natural light, and high-end materials. Inside, the color palette is neutral with accents of wood for warmth. The overall mood is serene and sophisticated."
"contemporary_770.jpg","Scandinavian","white, beige, light wood, navy blue","oak wood, wicker, brass, glass","natural soft light from large windows","calm and airy","cabinet, vacuum cleaner, cleaning supplies, black lamp","open space with central seating area","This kitchen features a Scandinavian design with a light wood palette and a focus on openness, natural light, and clean lines."
"contemporary_771.jpg","Modern Minimalist","white, beige, light wood","wood, marble, steel","soft natural light from large windows","calm and airy","bathtub with built-in seat, double vanity, large mirror, window sill planter, wooden stool","open space with central focal point","This modern bathroom features a clean and simple design, with natural light streaming in from large windows. The color palette is soft and neutral, while materials include wood, marble, and steel for a sleek and contemporary feel."
"contemporary_772.jpg","Scandinavian","white, gray, light wood","wood, fabric, glass","warm soft light from floor lamps and wall sconces","calm and serene","bed, nightstands, lamp, chandelier","modern minimalist design with clean lines and spacious layout","A cozy, minimalist bedroom with a large bed, modern furnishings, and soft lighting."
"contemporary_773.jpg","Modern Minimalist","white, beige, light wood","glass, tile","bright and energetic with ample natural light from a skylight","modern and sleek with an emphasis on clean lines and minimal clutter","bathtub, shower stall, sink","functional and spacious, with a clear separation of the shower and sink from the bathtub area","This is a modern bathroom featuring minimalist design elements and natural lighting. The emphasis on clean lines and simple materials creates a bright and energetic space that feels both functional and spacious."
"contemporary_774.jpg","Modern Minimalist","beige, light wood","tile, glass, metal","bright overhead lights with warm tones","clean and sleek","shower caddy, bath mat, small towel rack","small space with efficient use of storage","A small, modern bathroom with a minimalist design featuring tile walls, beige tiles, and overhead lights."
"contemporary_775.jpg","Scandinavian","teal blue, white, light wood","oak wood, linen, steel","natural soft light from large windows","calm and airy","sofa, coffee table, plant, floor lamp, green chairs, dog bed, shelving unit","open space with central seating area","The room features a bright teal blue color palette, with oak wood accents and a steel tabletop. The natural light pours in through the windows and illuminates the space. There's a green-toned sofa facing a coffee table, on top of which sits a plant. A floor lamp is positioned to provide additional lighting in the evening. Green chairs are tucked under a shelving unit against one wall. A dog bed is placed near the back wall and includes a soft cushion for the canine occupant. The overall mood of the room is calm and airy."
"contemporary_776.jpg","Modern Minimalist","black, white, gold","brass, marble, wood","recessed lighting with a large vanity light above the mirror","clean and sleek","mirror, vanity light, soap dispenser, sink faucet, tissue box, basket","space centered around double sink with a vanity area beneath it","A modern bathroom featuring a minimalist design, with black brick wall and white fixtures. The space is well-lit with brass accents, marble surfaces, and wood cabinetry."
"contemporary_778.jpg","Modern Minimalist","white, grey, blue","wood, linen, brass","soft overhead lights and ambient floor lamps","calm and airy","bed, coffee table, nightstand, plant, floor lamp","two beds with ladder in a bedroom","This interior design showcases a modern minimalist style with a palette of white, grey and blue. The room is furnished with two twin beds with green accents, wooden headboards and ladders, and a coffee table at the center. Natural light from large windows creates a calm and airy atmosphere."
"contemporary_779.jpg","Modern Minimalist","white, oak wood, bronze","oak wood, stainless steel, marble","natural soft light from large windows","calm and airy","kitchen island, modern appliances, wooden cabinets, stainless steel fixtures","open space with central kitchen island","This modern kitchen is designed in a minimalist style, using natural materials like oak wood and marble. The color palette consists of neutral tones of white, oak wood, and bronze. Large windows allow for ample natural light to illuminate the space. Appliances are made of stainless steel, which contrasts with the warm wooden cabinets. A central kitchen island provides a practical workspace in the middle of the room, surrounded by modern fixtures that blend seamlessly into the design."
"contemporary_78.jpg","Modern Minimalist","blue, gray, beige","concrete, glass, stainless steel","bright with natural light filtering through large windows","clean and serene","pool, basketball hoop, chaise lounge, outdoor heater","curved pool area bordered by lawn and deck space","A modern backyard with a minimalist design, featuring a concrete infinity pool, outdoor basketball hoop, chaise lounge for relaxation, and an outdoor heater for warmth."
"contemporary_780.jpg","Modern Minimalist","gray, white, wood","concrete, wood, fabric","natural soft light from large windows","calm and cozy","sofa, coffee table, plant, floor lamp, rug, armchair, fireplace, books","open space with central seating area around fireplace","This living room design features a minimalist and modern style, using neutral colors and natural materials. A concrete fireplace serves as the focal point of the space, creating a warm and cozy atmosphere, perfect for relaxation."
"contemporary_781.jpg","Scandinavian","white, gray, wood","oak wood, marble, glass","soft natural light from a large window","calm and spacious","sink, mirror, cabinet, towel rack, potted plant","rectangular space with vanity at one end","A modern Scandinavian bathroom featuring a wooden vanity, marble countertop, and large mirror."
"contemporary_782.jpg","Minimalist Modern","white, black, wood","concrete, wood, metal","natural light from large windows","calm and sleek","bookshelf, staircase, plant, side table","spatially open with a central walkway leading to the stairs","This minimalist modern interior features a black and white color scheme, with concrete floors and wood accents. Natural light from large windows creates a calm atmosphere. The space is organized around a central bookshelf and staircase."
"contemporary_783.jpg","Modern Minimalist","white, gray, burnt orange","linen, wool, wood, glass","Soft light from built-in sconces","Calm and airy","bed, side table with shelves, woven rug, hanging plant","Open space centered around bed area","This modern, minimalist bedroom features a white linen headboard, burnt orange accents, and natural light from a large window."
"contemporary_784.jpg","Modern","gray, white, blue","wood, silk, metal","natural light from windows and overhead fixture","calm and minimalistic","bed, nightstand, side table, lamp, throw pillows","simple bedroom design with a bed against the wall, nightstand next to it, and side table and lamp near the foot of the bed.","A modern bedroom with a simple color palette and minimalistic design elements."
"contemporary_785.jpg","Modern Minimalist","white, beige, light wood","wood, fabric, metal","natural soft light from large windows","calm and airy","bed, nightstand, draperies, plant","modern bedroom with clean lines, central nightstand, and open space","This is a modern minimalist bedroom that focuses on clean lines and simplicity. The room has a large bed made of wood and fabric materials, complemented by beige linens and a light wood color palette. A wooden nightstand with a plant on top adds a touch of greenery to the space, while large windows let in natural soft light. The overall mood is calm and airy, which aligns with the minimalist design style."
"contemporary_786.jpg","Scandinavian","white, gray, green","wood, fabric, metal","natural light from the large windows and ceiling lights","calm and cozy","sofa, cushioned chair, floor lamp, small coffee table, potted plant","an open floor plan with a central seating area","This image depicts a modern, Scandinavian-style interior design of a living room and outdoor space. The color palette is neutral with pops of green. The materials include wood, fabric, and metal. The lighting includes natural light from large windows, enhanced by ceiling lights. The mood created is calm and cozy, with a focus on comfort. Key objects in the space include a sofa, chair, floor lamp, coffee table, and potted plant."
"contemporary_787.jpg","Modern Minimalist","gray, black, white","wood, fabric, glass","natural soft light from large windows","calm and airy","couch, coffee table, plant, floor lamp","open space with central seating area","This living room is designed in a minimalist style, featuring light gray and black tones on the furniture, with white accents. Wooden shelving adds warmth to the space, while large windows allow for natural light. The modern couch sits around a coffee table with a plant adding a touch of greenery."
"contemporary_788.jpg","Garden","green, yellow, white","wood, stone, plants","natural lighting","calm and serene","pathway made of stone steps, various plants and shrubs, small water fountain","curved path leading to a secluded sitting area","A curved garden path leads through the center of various plants, creating a serene and inviting atmosphere for relaxation."
"contemporary_789.jpg","Modern Minimalist","black, white, beige","wood, fabric, metal","Soft, warm light from a floor lamp and bedside lights.","Calm and elegant","bed, end table, lamp, pillow","A spacious bedroom with a large bed placed centrally.","This modern minimalist room features a clean, elegant design with a monochromatic color scheme and natural materials. The soft lighting creates a warm and inviting atmosphere."
"contemporary_79.jpg","Modern Minimalist","beige, gray, white","tile, metal railings, wood paneling","ambient light from recessed lights","modern and clean","toilet, shower door, sink vanity","walk-in shower to the left of a toilet","This is a modern bathroom with a minimalist design, featuring tile floors and walls, metal fixtures, and wood paneling. The space includes a walk-in shower, toilet, and sink vanity."
"contemporary_790.jpg","Modern Minimalist","white, beige, black","metal, marble, fabric","ambient light with accent on mirror reflection","clean and serene","large rectangular mirror, white sink and counter, white potted plant","rectangular space with mirror at end for symmetry","This image shows a modern bathroom designed in a minimalist style. The color palette is mostly neutral, featuring white, beige, and black tones. Materials used include metal for the fixtures, marble for the counter, and fabric for the rug. The lighting is soft and ambient with an emphasis on the mirror reflection. The overall mood of the space is clean and serene. Key objects in the room include a large rectangular mirror above the sink, a white sink and counter, and a potted plant adding a touch of greenery."
"contemporary_791.jpg","Modern","white, gray, black","cedar siding, black metal roofing, glass","Natural light from skylights and large windows","Contemporary and open","modern sofa, floor lamp, large area rug, contemporary coffee table, modern armchair","Open floor plan with no walls separating living room, dining room, and kitchen areas","A modern two-story home with a contemporary design featuring a minimalist color palette and materials that blend seamlessly together. The space is bright and airy thanks to an abundance of natural light."
"contemporary_792.jpg","Scandinavian","gray, beige, wood, green","wood, glass, concrete, metal","Natural light from large windows and skylights.","Calm and cozy with a modern touch.","sofa, coffee table, floor lamp, plant","Open space layout with central seating area.","A spacious, contemporary home with a Scandinavian design that incorporates natural materials and lighting."
"contemporary_793.jpg","Modern Minimalist","white, light green, dark gray","light wood, stainless steel, glass","natural soft light from large windows above counter","calm and airy","oven, refrigerator, toaster oven, dishwasher, coffee maker","island in center of kitchen with counters on sides for food preparation","Modern kitchen with minimalist design, featuring light wood and stainless steel appliances, large windows above the counter, and a central island for food preparation."
"contemporary_794.jpg","Scandinavian","gray, white, wood","brick, steel, glass","bright and natural light from large windows","clean, modern, and spacious","shower stall with tiled wall and floor, large window for natural light, wooden door frame","simple open space leading to outside environment","This is a small bathroom in a Scandinavian style, featuring a minimalist design with gray, white, and wood tones. The room has large windows for natural light, showcasing the brick and steel construction of the walls and ceiling. There are no objects to mention as it's mainly an open space leading outside."
"contemporary_795.jpg","Modern","white, gray, black","glass, tile, metal","recessed lighting with adjustable settings","modern and minimalist","shower head, handheld showerhead, bath spout, bath mat","small space optimized for functionality","This modern bathroom features a sleek design with glass walls, gray and black tiles, and minimalistic fixtures."
"contemporary_796.jpg","Modern Minimalist","white, beige, black","porcelain, brass","natural soft light from two windows with black shutters, complemented by recessed LED lights","calm and serene","double vanity sink with backsplash, large rectangular mirror, white towels on ring holder, wood plant stand with succulent, two-tone wood cabinet doors","L-shaped bathroom layout with a long counter leading to a deep vanity area","This modern minimalist bathroom combines clean lines, neutral colors, and sleek materials for a calming atmosphere."
"contemporary_797.jpg","Modern","gray, white, orange","wood, fabric, brick","natural light from floor-to-ceiling windows","airy and spacious","sectional sofa, coffee table, floor lamp, throw pillows","open concept with a large seating area in front of the windows","This modern living room features a gray sectional sofa, an orange throw pillow, white walls and ceiling, hardwood floors, and large floor-to-ceiling windows that let in natural light, creating an airy and spacious atmosphere."
"contemporary_798.jpg","Modern Minimalist","black and white, neutral tones","concrete wall, leather sofa, wood coffee table","ambient light from recessed ceiling lights","modern and sleek","sofa, coffee table, floor lamp, vase with flowers","open space layout with central seating area and fireplace as focal point","The living room is designed in a minimalist modern style, featuring a neutral color palette, concrete wall accent, leather sofa, wood coffee table, and fireplace. The furniture arrangement creates an open space with the central seating area facing the fireplace."
"contemporary_8.jpg","Modern Minimalist","black, white, steel","glass, metal, wood","industrial loft with high ceiling and skylight","bright and airy","dog cage, kitchen island, stainless steel appliances, plants","open concept with no barriers between kitchen and entryway","A modern minimalist design with a neutral color palette, featuring stainless steel appliances in the kitchen, a black dog cage next to an open entrance, and a skylight allowing in natural light."
"contemporary_80.jpg","Modern Minimalist","black, white, gray","stainless steel, wood, glass","ambient light from recessed lights and under-cabinet lighting","modern, sleek, and uncluttered","large flat screen TV, stainless steel refrigerator, stainless steel oven, brushed nickel faucet","open concept kitchen with island cooking area","This modern, minimalist kitchen features a sleek design with stainless steel appliances and fixtures that blend seamlessly into the space."
"contemporary_801.jpg","Modern Minimalist","navy blue, light gray, green accent","glass, stainless steel, porcelain","bright and even light with recessed ceiling lights and wall sconces","calm and serene","shower head, wall-mounted sink, tub faucet, large mirror","modern bathroom layout with walk-in shower, vanity area, and tub","This is a modern bathroom that combines glass walls and fixtures for a sleek, minimalist design. The color palette consists of navy blue, light gray, and green accents to provide a contemporary look while maintaining a clean, uncluttered space."
"contemporary_802.jpg","Modern Minimalist","gray, black, white","concrete, steel, wood","natural soft light from large windows","calm and airy","TV, sofa, coffee table, plant, floor lamp","open space with central seating area","This modern living room features a minimalist design with clean lines, a neutral color palette and contemporary furniture. The fireplace adds warmth to the space while the large windows let in ample natural light."
"contemporary_803.jpg","Modern","black, white, brass","stainless steel, glass, quartz countertop","recessed lighting with track and pendant lights","contemporary with a touch of elegance","modern chairs at the bar, wooden butcher block island, metallic pendant lights","open concept layout with seating around central island","This modern kitchen is designed with clean lines and a mix of textures, featuring black countertops, brass accents, and stainless steel appliances. The space is illuminated by recessed lighting with track and pendant lights that create a warm and inviting atmosphere."
"contemporary_804.jpg","Modern Minimalist","white, gray","steel, linen","natural soft light from large windows","calm and serene","bathtub, toilet, sink, plant, stool","clean, open space with minimalist bathroom fixtures","This modern minimalist bathroom features a clean and serene atmosphere with steel fixtures, gray tones, and natural lighting. The space is kept clutter-free with simple yet functional objects like a bathtub, toilet, sink, plant in a white pot, and a stool for storage."
"contemporary_805.jpg","Modern Minimalist","white, black, gray","wood, leather, glass","warm and inviting, with natural light from large windows and floor-to-ceiling windows in the living area","calm and cozy","sofa, coffee table, floor lamp, large statement artwork","open concept with a central seating area and ample space for movement and socializing","This modern, minimalist living room is designed to be both stylish and functional. The color palette is neutral, allowing the materials like wood and leather to shine. Natural light from large windows creates a warm and inviting atmosphere."
"contemporary_806.jpg","Modern Minimalist","white, dark wood, silver","cedar siding, black slate, brushed steel","soft, warm light from recessed LED lights and natural window light","calm and inviting","wooden front door with decorative panels, square planter with yellow flowers, black metal railing, black and white patterned rug","front porch area that leads to the main entrance of a two-story house","A modern minimalist design with natural wood elements and sleek materials, creating a warm and inviting atmosphere."
"contemporary_808.jpg","Scandinavian","white, light gray, wood accents","glass, light wood, metal","natural light through large windows, complemented by recessed lights","calm and serene","freestanding bathtub, large window for viewing outside, modern sink and vanity","open space with central focus on the bathroom's centerpiece - the freestanding tub","This bathroom design is a blend of modern minimalism with Scandinavian simplicity. The use of light wood tones and natural materials creates a warm, inviting atmosphere."
"contemporary_809.jpg","Modern Minimalist","white, black, gray","natural wood, linen, steel","soft natural light from large window","calm and minimalistic","crib, white bookshelf, stuffed bear, black lampshade, white rug","modern style with neutral color scheme","This room is designed in a modern minimalist style, featuring neutral colors to create a calm and serene atmosphere. The large window allows for soft natural light, while the black lampshade adds an accent touch of contrasting color."
"contemporary_810.jpg","Scandinavian","beige, wood tones, natural greys","brick wall, oak wood flooring, leather upholstery, woven textiles","soft, warm lighting from recessed ceiling lights and fireplace glow","cozy and inviting","sectional sofa with wood legs, cushioned armchair, wicker basket with blankets, stone coffee table","open floor plan with sectioned seating area around fireplace","This interior design features a Scandinavian style with a cozy and inviting mood, characterized by natural materials like brick walls and oak wood flooring. The layout is open, creating a warm seating area around the fireplace where you can unwind and relax."
"contemporary_811.jpg","Modern Minimalist","white, navy blue, beige","wood, leather, metal","natural soft light from large windows and recessed lighting","calm and airy","wall-mounted coat rack with several hanging jackets, large sectional sofa, modern pendant light, abstract art on wall","open space with central seating area flanked by closet doors","This modern minimalist living room features a clean and contemporary design with a neutral color palette. The open layout and abundance of natural light create a spacious and airy atmosphere, enhanced by the large sectional sofa that provides comfortable seating for relaxation or socializing."
"contemporary_813.jpg","Modern","neutral, brown, white","wood, leather, metal","bright with recessed lighting and large windows","modern and spacious","sofa, coffee table, plant, floor lamp","open plan with living, dining and kitchen spaces connected","This open-concept living space features a modern style with neutral tones. Large windows and recessed lighting provide ample natural and artificial illumination to the space. The material choices of wood, leather and metal give the space an elegant yet cozy feel."
"contemporary_814.jpg","Modern Minimalist","white, gray, brass","glass, wood, porcelain","natural soft light from large windows","calm and airy","bathtub, walk-in shower with glass door, white bathroom sink vanity, flat-screen TV mounted on wall above bathtub, shelves for toiletries and decor, cozy bath mats and rugs","spacious with separate wet area from dry area","This modern minimalist bathroom design features a clean and simple aesthetic, using glass for the shower enclosure to create an open and airy feel. The palette is neutral, with white accented by gray and brass fixtures. The space is well-lit from natural light coming through large windows, creating a calm and serene atmosphere."
"contemporary_815.jpg","Minimalist Modern","white, gray, beige","marble, glass, stainless steel","well lit with recessed lighting and vanity lights","calm and serene","round mirror, vase of pink flowers, white toiletries","efficient use of space, open bathroom layout","This is a modern, minimalist bathroom with clean lines and neutral colors. The white toiletries and round mirror add elegance while maintaining a simple design."
"contemporary_816.jpg","Modern Minimalist","white, wood, gold","oak wood, glass, metal","natural soft light from large windows","calm and airy","mirrors, sink vanity, vase with flowers, soap dispenser, towel holder","central vanity with mirrors on both sides flanking a window","The bathroom features a modern minimalist design with a calm and airy atmosphere, utilizing natural light and clean lines. The color palette consists of white, wood, and gold accents on oak wood cabinetry and metal fixtures. Gold decorative elements add an elegant touch to the space."
"contemporary_817.jpg","Modern","white, gray, dark wood","wood, stainless steel, glass","recessed lights and under-cabinet lights","clean and sleek","kitchen island, modern cabinets, hanging pot rack, under-mount sink","galley kitchen with open layout and central island","This modern kitchen is designed for functionality and aesthetics, featuring an L-shaped countertop with built-in storage and appliances."
"contemporary_818.jpg","Modern Minimalist","white, light wood, gray","wood, metal, glass","natural soft light from large windows and recessed LED lights in the ceiling","calm and airy","island with bar stools, dining table and chairs, green plant on window sill","open space with central kitchen island and seating area, flanked by dining area","This modern minimalist kitchen features clean lines and a neutral color palette. Natural light floods the space through large windows. The kitchen island provides extra workspace and seating for casual meals."
"contemporary_819.jpg","Modern Minimalist","white, black, wood, red","oak wood, glass, concrete, metal","natural light coming in from large windows and track lighting","clean, modern, and airy","wooden desk with computer monitor, white chair, shelving unit with various items, plant on the desk","open space with a central workspace area next to the wall of shelves","This modern, minimalist home office has a clean and airy feel with a mix of natural wood elements and industrial materials."
"contemporary_82.jpg","Modern","gray, white, wood","marble, metal, wood","ambient and accent lighting","modern yet warm","sink, bathtub, shower, toilet","linear layout with separated zones for different activities","This modern bathroom features a clean and sleek design, using natural materials like wood and marble to create an inviting and warm atmosphere. The linear layout is efficient, separating areas for the sink, bathtub, shower, and toilet."
"contemporary_821.jpg","Modern Minimalist","blue, orange, wood","wood, fabric, steel","natural soft light from large windows and recessed ceiling lights","bright and energetic","bunk bed, hammock, books, stairs, couch","open space with central seating area under stairwell","A modern, minimalist interior with natural lighting, warm colors, and a variety of furniture for different activities."
"contemporary_822.jpg","Modern Minimalist","white, light wood","oak wood, marble, brushed steel","natural soft light from large windows","calm and airy","kitchen island with sink, hanging pendant lights, wooden cutting board, wine bottle","open space with central seating area around kitchen island","This modern kitchen features a minimalist design, clean lines, and an open floor plan. The use of natural materials such as oak wood and marble creates a warm and inviting atmosphere."
"contemporary_823.jpg","Modern Minimalist","gray, white, brass","marble, glass, stainless steel","recessed lighting with accent wall sconces","calm and elegant","mirror, artwork, sink, tub","single vanity with freestanding tub and separate shower area","Modern bathroom featuring minimalist design elements, high-quality materials, and a monochromatic color scheme."
"contemporary_824.jpg","Modern","white, gray, silver","stainless steel, wood, glass","bright and even","clean and minimalistic","modern kitchen cabinets, cooked meal on stovetop, black and silver cookware","efficient galley style with ample counter space","This modern kitchen is designed for efficient use of space, featuring a clean, minimalist color scheme and sleek stainless steel appliances."
"contemporary_825.jpg","Modern","white, gray, blue","wood, fabric, glass","warm ambient lighting with recessed lights and floor lamp","comfortable and inviting","sofa, coffee table, area rug, floor lamp, couch, pillows, artwork","open concept with a separate living room area adjacent to the kitchen","This modern living room is designed with comfort and functionality in mind, featuring natural materials and contemporary furnishings that create a welcoming and stylish space."
"contemporary_826.jpg","Scandinavian","white, blue, teal","wood, leather, linen","warm and inviting with natural light coming through the windows","calm and relaxed","king size bed, two-tone upholstered armchair, accent pillows, white sheer curtains, woven area rug, plant in a corner","spacious with an open floor plan","This is a modern hotel room featuring Scandinavian design principles, focusing on simplicity and natural materials. The color palette includes light wood tones, white, and teal accents. The room is well-lit by natural light and has a warm atmosphere with inviting textures."
"contemporary_827.jpg","Modern","white, black, wood accents","wood paneling, glass, brass fixtures","Natural light from large windows","Sleek and contemporary","freestanding bathtub, double vanity with marble countertops, large mirror, floor-mounted toilet","Open space with a central bath area that is separated from the rest of the room by glass doors","A luxurious modern bathroom with wood accents and natural light."
"contemporary_828.jpg","Modern Minimalist","beige, light wood, white","marble tile, wood veneer, steel hardware","bright and natural, with overhead lights and large windows","calm and serene","freestanding tub, large mirror, sink vanity, towel rack","open space design with a separate bathroom area","This modern bathroom features minimalistic design elements, with clean lines and natural materials such as marble tile flooring. The lighting is bright, enhancing the spacious feel of the room. Large windows allow for natural light to fill the space."
"contemporary_829.jpg","Modern","white, black, brass","wood, glass, metal","overhead light with hanging pendant lights above vanity mirror and sink","clean, sleek, and sophisticated","vanity mirror, white bathroom sink, wooden shelving unit","long rectangular space with vanity mirror centered on wall between wooden side panels","A modern bathroom design with a clean and sophisticated aesthetic, featuring a white sink with a wooden countertop, overhead lighting, and pendant lights above the mirror."
"contemporary_83.jpg","Modern Minimalist","light wood, beige, gray","wood, glass, metal","natural soft light from large windows","bright and energetic","kitchen island, modern bar stools, large potted plant, stainless steel refrigerator","open space with central kitchen island","This modern kitchen features a light wood color scheme and minimalist design elements, creating a bright and energetic atmosphere. The materials used include wood for the cabinets, glass for the backsplash, and metal for the refrigerator. The layout is designed with an open space concept that includes a central kitchen island."
"contemporary_832.jpg","Modern Minimalist","gray, white, black","tiles, glass, steel","ambient light with accentuated shadows cast by the tile pattern","calm and uncluttered","showerhead, towel rack, floor drain","linear space design, with shower on one wall and toiletry on opposite wall","A contemporary bathroom design with a focus on functionality and clean lines."
"contemporary_834.jpg","Scandinavian","white, beige, light wood, green accent","wood, fabric, concrete, metal","natural soft light from large windows and wall sconces","calm and airy","sofa, coffee table, plant, floor lamp, area rug","open space with central seating area, fireplace anchoring one end of the room","This modern Scandinavian living room features a warm and inviting atmosphere with natural wood tones and light textiles, complemented by sleek lines and minimalist design elements."
"contemporary_835.jpg","Contemporary","white, brown, gray","wood, fabric, metal","Mixed lighting with recessed lighting and ambient candles.","Warm, welcoming, and comfortable.","pool table, bar stools, sofa, chairs, coffee table","Open floor plan with a central gathering area around the pool table.","This spacious living room features an open layout, perfect for hosting game nights or intimate gatherings. The contemporary style is warm and inviting, blending various materials like wood and fabric with neutral tones that create a cozy atmosphere. The mixed lighting adds depth to the space and enhances the comfortable ambiance."
"contemporary_836.jpg","Modern Loft","gray, white, black","brick wall, glass, metal railings","Natural light from the large windows fills the space with soft glow.","Modern and minimalistic, yet warm and inviting.","sofa, coffee table, plant, floor lamp, chair","An open floor plan with a central seating area, flanked by glass walls that lead to the outdoor space.",""
"contemporary_837.jpg","Modern Minimalist","black, white, gray","leather, wood, fabric","soft and indirect lighting, with accent lighting on artwork","modern and serene","bed, armchair, coffee table, large framed artwork, floor lamp","spacious bedroom with dark color scheme and clean lines","This is a modern bedroom with a minimalist design, featuring black and white tones, leather upholstery, and soft lighting. The room includes a large bed, an armchair for seating, a coffee table, and a piece of art on the wall, illuminated by a floor lamp. The space is well-lit with indirect lighting that highlights the darker elements in the room."
"contemporary_838.jpg","Modern Minimalist","white, black, wood accents","oak wood, leather, steel frame on shelves","natural soft light from large windows","calm and airy","modern leather chair, wood bookshelf with curved edges, red flowers in black vase, wooden side table","open space with central seating area, desk on one side","This office features a modern minimalist design with clean lines and neutral colors, set against a large window for ample natural light. The room is equipped with a wood bookshelf housing books and decorative items, a comfortable leather chair, and a red flower arrangement that adds a pop of color to the space."
"contemporary_839.jpg","Modern Minimalist","white, gray, wood accent","wood, fabric, metal, glass","bright and airy with ample natural light","calm and inviting","modern sofa, minimalist coffee table, small plant, floor lamp","open floor plan with seating area adjacent to fireplace","This contemporary living room combines a minimalist design with warm wood accents, providing a bright and inviting space for relaxation."
"contemporary_84.jpg","Modern Minimalist","black, white, wood","metal, wood, glass","natural soft light from large windows","bright and energetic","modern black cabinetry, white back-splash tiles, black stainless steel appliances, wood island top with built-in seating, black pendant lighting over kitchen island","open space with central island and surrounding cabinets and countertops","This modern kitchen features a minimalist design with black cabinetry, white backsplash tiles, wood accents, and a large center island with built-in seating. The space is illuminated by natural light from windows overhead and has a bright and energetic atmosphere."
"contemporary_841.jpg","Modern Minimalist","gray, blue, silver","leather, wood, marble","soft ambient lighting with floor lamps and wall sconces","sophisticated and luxurious","king size bed, tufted leather headboard, accent ottoman, statement artwork","linear space with a central focus on the bed","This modern minimalist bedroom design features a luxurious king size bed at its heart, surrounded by tufted leather and marble surfaces for a sophisticated and stylish feel."
"contemporary_842.jpg","Modern Minimalist","gray, white, beige","wood, fabric, glass","bright and well-lit","clean and serene","couches, coffee table, area rug, floor lamp","open concept with central seating area and separate zones","This modern living room features a clean, minimalist design with a neutral color palette that creates a serene atmosphere. The space is well-lit and designed for comfort with cozy couches and a warm coffee table. The wooden flooring complements the overall aesthetic while providing durability."
"contemporary_843.jpg","Modern Minimalist","white, black, stainless steel","oak wood, marble, stainless steel appliances","recessed lighting with warm white bulbs and spotlighting under cabinets for task illumination","clean, organized, and contemporary","kitchen island with seating, stainless steel refrigerator and dishwasher, marble countertops, built-in microwave","galley style with open concept to adjacent living area","A modern minimalist kitchen designed for functionality and aesthetics, with a color scheme that emphasizes clean lines and contrasting materials."
"contemporary_844.jpg","Scandinavian","white, light wood, gray","oak wood, marble, stainless steel","Natural soft light from large windows","Bright and airy","coffee table, sofa, chairs, potted plant, kitchen island","Open space with central seating area and galley kitchen","A modern, minimalist design featuring a Scandinavian style with a focus on natural light and sleek materials."
"contemporary_845.jpg","Modern Minimalist","white, beige, grey","glass, leather, steel","soft, natural light from large windows","calm and airy","sofa, coffee table, floor lamp, plant, artwork","open space with central seating area","A modern minimalist living room featuring a neutral color palette, glass and leather materials, and natural light that creates a calm and airy atmosphere."
"contemporary_846.jpg","Scandinavian","white, light wood, grey","oak wood, marble, stainless steel","well-lit with natural light from a large window and ambient lighting","calm and serene","wooden bench, steel rack, potted plant, framed artwork","open space design leading to a bathroom with glass doors and wooden paneling","This interior features Scandinavian design elements, with light wood tones and steel accents. The layout is open and inviting, with a large window providing natural light. The color palette is neutral, creating a serene atmosphere."
"contemporary_847.jpg","Modern","beige, brown, white","glass, tile, wood","natural light from large window","calm and relaxing","bathtub, shower, cabinet","enclosed bathroom with single fixture","Modern bathroom with glass enclosure, natural light from large window, and calming color palette."
"contemporary_849.jpg","Scandinavian","white, beige, wood, blue","oak wood, linen, concrete, brass","natural soft light from large windows, supplemented by a pendant lamp in the center of the room.","calm and airy","sofa, coffee table, plant, floor lamp","open space with central seating area around fireplace, flanked by windows on both sides, and a wall-mounted TV above.","This Scandinavian-style living room is designed for comfort and simplicity, with natural light and warm wood tones creating an inviting atmosphere."
"contemporary_85.jpg","Modern Minimalist","white, black, gray","marble, glass, steel","bright and airy with natural light from large windows","clean and serene","freestanding tub, his/hers sinks, large mirror, modern chandelier","open layout with freestanding tub in the middle of the room","This bathroom features a modern, minimalist design with clean lines and a color palette that combines black, white, and gray. The room is well-lit by natural light, creating a serene atmosphere. The use of marble, glass, and steel adds to the contemporary feel. The layout is open and spacious, centered around a freestanding tub in the middle of the room."
"contemporary_850.jpg","Scandinavian","white, beige, light wood","oak wood, marble, brass","soft ambient lighting from recessed light fixtures and a wall sconce","calm and serene","white porcelain sink with high arch faucet, wooden bathroom vanity with glass top, round mirror over sink with simple wood frame, hanging pink flowers, bamboo bathmat","a narrow rectangular space with a long counter on one side and a shower area on the opposite wall","A serene Scandinavian-style bathroom featuring natural materials and soft lighting."
"contemporary_851.jpg","Modern Minimalist","black, white, gray","wood, fabric, metal","ambient lighting with accent spot lights","modern and sophisticated","couch, coffee table, flat screen TV, floor lamp, decorative vase","open space with central seating area flanked by side tables and lighting fixtures","This is a modern minimalist living room featuring sleek lines, neutral colors, and stylish furnishings. The open floor plan creates a spacious feel with the focal point being the large flat screen TV mounted on the wall."
"contemporary_853.jpg","Modern Minimalist","white, gray, beige","tile, wood, glass","ambient and accent lighting","calm and relaxed","bathtub, shower, steam shower, candles, potted plant","spacious with a central focus on the bathtub","This bathroom combines clean lines and minimalistic design elements to create a serene and relaxing atmosphere. The neutral color palette and modern materials contribute to the overall sense of calm, while the candles add a touch of luxury and warmth."
"contemporary_854.jpg","Modern Minimalist","black, gray, white","leather, wood, metal","ambient and task lighting with accent lights in the fireplace","modern, luxurious, and relaxing","king-size bed, sofa with chaise lounge, flat screen TV, coffee table, floor lamp","open concept layout with a central seating area","This is a modern and luxurious bedroom featuring minimalist design elements, high-quality materials, and a warm atmosphere created by the fireplace lighting."
"contemporary_855.jpg","Modern Minimalist","white, gray, green","wood, metal, concrete","natural soft light from large windows and outdoor lighting","calm and airy","modern sofa with multiple cushions, gray concrete fire pit, small potted plants, outdoor patio furniture, floor lamp","open space with central seating area","A modern minimalist outdoor living space featuring a gray sofa, concrete fire pit, and natural lighting from large windows."
"contemporary_857.jpg","Industrial","black, gray, white","metal, concrete, wood","industrial style lighting with exposed pipes and track lights","modern and minimalistic","clothes racks, black metal shelves, metal floor lamp, gray leather arm chair","long narrow space with clothes on one side and seating area in the middle","An industrial style clothing store featuring a monochromatic color scheme and minimalistic decor."
"contemporary_859.jpg","Modern Minimalist","white, light wood, gray","wood, leather, glass","natural soft light from large windows","calm and airy","sofa, coffee table, plant, floor lamp","open space with central seating area","This modern minimalist living room features a clean design with a neutral color palette, showcasing natural materials such as wood and leather. A large window provides soft lighting that enhances the serene atmosphere."
"contemporary_86.jpg","Scandinavian","blue, green, white","tile, wood, glass","well-lit with natural light from the window above the bathtub and mirrored cabinet","fresh, clean, and inviting","bathroom sink, bathtub, shower head, tiled walls and floor","space divided into functional sections with a focus on bathroom fixtures and storage","The bathroom features modern Scandinavian design elements, such as teal tile accents, wooden storage cabinets, and reflective surfaces that enhance the brightness of the room."
"contemporary_863.jpg","Modern Minimalist","green, white, gray","brick, wood, concrete","natural soft light from large windows","calm and airy","planter box, chaise lounge, table","space divided into functional areas","Modern minimalist backyard garden with concrete planter box, wooden table, chaise lounge, and brick pathway."
"contemporary_864.jpg","Modern","white, gray","wood, metal, glass","natural light from the window and warm overhead lighting","clean, minimalist, and sleek","cabinets, counters, sink","efficient use of space with a focus on functionality","This kitchen is designed in a modern style with a clean, minimalist aesthetic. The color palette consists of white and gray, creating a sleek look that contrasts well with the wood and metal materials used. The space is functional and efficient, featuring cabinets for storage, counters for food preparation, and a sink for washing dishes. Lighting plays an important role in this kitchen, providing natural light from the window and warm overhead lighting to create a bright and inviting atmosphere."
"contemporary_865.jpg","Modern Minimalist","white, wood, beige, green","concrete, stone, oak wood, marble","natural light from floor-to-ceiling windows and indoor lights that create a warm glow","calm and airy","pool, poolside lounge chairs, outdoor seating area, wood-burning fireplace, built-in outdoor grill","open-concept with indoor and outdoor spaces seamlessly connected, featuring a pool surrounded by deck space and lawn area","This modern home combines minimalist design with luxurious features such as an outdoor swimming pool and built-in grill, set amidst a serene landscape of trees and lush greenery."
"contemporary_867.jpg","Modern Minimalist","light grey, off white, dark wood","marble, glass, steel","well-lit with natural light from a large window and recessed LED lights","calm and serene","large mirror, sleek vanity sink, wooden vase, shower curtain","efficient layout with clear separation of spaces","This modern bathroom is designed for comfort and functionality, featuring a minimalist aesthetic with natural elements like wood and marble, enhancing the sense of tranquility."
"contemporary_868.jpg","Modern Minimalist","gray, white, wood","canvas, metal, fabric","modern style floor lamp","cozy and comfortable","baby chair, stuffed animal, chair with pillow","space is arranged around baby area with central seating","The room has a modern minimalist design with a gray palette, featuring a floor lamp and materials like canvas, metal, and fabric. The space is cozy and comfortable, arranged around the baby area with a chair and stuffed animal."
"contemporary_869.jpg","Modern Minimalist","dark blue, light blue, white","wood, stone, glass","natural soft light from large windows and recessed ceiling lights","calm and serene","pool, two lounge chairs, small table with umbrella","a long pool flanked by two lounge chairs with a small table in between, all adjacent to each other along the wall of a building.","This interior design features a clean and contemporary style with a color palette that includes dark and light blue tones. The space is designed for relaxation around the pool area, using materials like wood and stone with natural lighting that creates a calm atmosphere."
"contemporary_870.jpg","Modern","black, white, brown","wood, marble, metal","Natural and artificial light mix, creating brightness with soft shadows","Modern and warm","island countertop, bar stools, large pendant lights, wooden cabinetry, stainless steel appliances","Open concept design, combining kitchen and dining areas for seamless flow","This modern kitchen blends functionality with elegance through the use of natural materials, contemporary fixtures, and a cohesive color scheme."
"contemporary_871.jpg","Modern Minimalist","light gray, beige, dark wood","glass, natural wood, leather, metal","bright and airy with recessed lighting","modern and inviting","oval coffee table, sectional sofa, contemporary chandelier, large floor mirror","open space layout with central seating area","This modern bedroom features a minimalist design with clean lines and neutral colors. The room is adorned with natural wood accents, leather furniture, glass walls, and a contemporary chandelier that provides bright and airy lighting."
"contemporary_872.jpg","Modern Minimalist","white, black, wood accents","tile, glass doors, metal fixtures","bright with overhead light and ambient light from floor lamps","modern and sleek","toilet, shower with glass doors, sink vanity, wood towel rack","small space layout with shower and sink in close proximity","A modern minimalist bathroom featuring tile on walls, black and white color scheme, a wood accented towel rack, and glass doors for the shower."
"contemporary_873.jpg","Modern Minimalist","dark gray, light gray, black","glass, brass, wood","recessed LED lighting with adjustable brightness","clean and contemporary","black toilet paper holder on wall, rectangular mirror above sink, black soap dispenser on countertop","space layout is narrow with a long vanity area","This modern bathroom features a clean, minimalist design with dark gray tones and wood accents."
"contemporary_874.jpg","Modern","white, gray, blue","tile, glass, metal","bright and focused lighting with recessed lights in the ceiling","contemporary and sophisticated","modern sink fixture, black towel rack, white tiled walls, blue shower curtain","small space with bathroom essentials arranged in a compact manner","This is a modern bathroom featuring a blue-toned color scheme, bright lighting, and tile accents. The fixtures are sleek and contemporary."
"contemporary_877.jpg","Modern Minimalist","white, black, gray","marble, steel, wood","bright and natural light from large windows","calm and serene","bathroom sink, bathtub, shower, tiled floor, marble walls","compact space with shower, bathtub, and vanity in a row","A modern bathroom designed for functionality and minimalism with marble accents."
"contemporary_878.jpg","Modern Minimalist","neutral tones, wood accents","stainless steel appliances, concrete walls, reclaimed wood floor","natural soft light from large windows and recessed ceiling lights","modern and spacious","large sectional sofa, wood coffee table with metal base, indoor potted plant, reclaimed wood wall shelf","open space with central seating area surrounding fireplace","This modern minimalist living room features a neutral color palette with pops of wood, concrete walls, and stainless steel appliances. The large windows allow for abundant natural light, creating an airy and spacious atmosphere."
"contemporary_879.jpg","Modern","blue, white, gray","wood, glass, metal","ambient with accent lighting","clean and serene","vanity mirror, sink, stool, towel rack","central vanity flanked by storage on each side","A modern bathroom with clean lines, neutral colors, and functional storage."
"contemporary_880.jpg","Modern Minimalist","white, black, gray","wood, fabric, metal","natural soft light from large windows","calm and airy","sofa, coffee table, plant, floor lamp, pool table","open space with central seating area","This modern living room features a minimalist design with clean lines and a neutral color palette. The wooden flooring, fabric accents, and steel elements create an inviting atmosphere. Large windows allow natural light to fill the space, enhancing the calm and airy mood of the room."
"contemporary_881.jpg","Modern Minimalist","black, gold, white","marble, brass, wood","ambient and task lighting with recessed ceiling lights and wall sconces","modern, sleek, and luxurious","kitchen island, backsplash, stools, sink","modern galley layout with central kitchen island","This modern kitchen features a marble countertop with an elegant backsplash, high-quality brass fixtures, and a minimalist design."
"contemporary_882.jpg","Modern","white, gray, blue","wood, leather, metal","natural sunlight from windows","organized and clean","shoes, handbags, shirts, sweaters","built-in closet system with shelves for shoes, shirts and sweaters","An organized built-in closet space designed in a modern style featuring white, gray, blue color palette with wood, leather and metal materials."
"contemporary_883.jpg","Modern Minimalist","navy blue, white, gray","wood paneling, fabric upholstery, metal accents","ambient light from recessed ceiling lights","warm and cozy","large sectional sofa, black fireplace, low coffee table, modern armchair, flat-screen TV","open space with central seating area around fireplace","This is a modern minimalist living room with a warm and cozy atmosphere, featuring navy blue upholstery on furniture, wood paneling, and metal accents. The room has ambient light from recessed ceiling lights and is centered around a black fireplace."
"contemporary_884.jpg","Modern Loft","white, light wood, black","oak wood, linen, steel","natural soft light from large windows and recessed ceiling lights","calm and modern","microwave, wine fridge, bookshelf, bottle of wine, vase","open space with central kitchen area","This modern loft-style kitchen features a clean, minimalist design with white cabinets and black accents, providing both functionality and style. The open layout allows for easy movement within the room, while the recessed lighting creates a warm atmosphere."
"contemporary_885.jpg","Scandinavian","beige, white, light brown","wood, linen","natural soft light from large windows","calm and airy","bed, nightstand, lamp, bookshelf, plant","open space with central seating area","This is a bright, open room designed in a Scandinavian style, using light and neutral colors to create a calm and airy atmosphere."
"contemporary_886.jpg","Minimalist","blue, white, black","tile, glass, metal","well-lit with natural light and recessed ceiling lights","calm and clean","shower head, towel rack, flip flops, soap dispenser","bathroom space with shower and toilet in one corner, sink on opposite wall","A modern minimalist bathroom design featuring a teal-toned color scheme."
"contemporary_888.jpg","Modern Minimalist","green, beige, light wood","wood, concrete, steel","Natural soft light from large windows and a skylight.","Warm and inviting.","Bench, Sculptural planter, Strawn pathway lights, Modern garden bench","Open space with central seating area on wooden decking, surrounded by lush greenery and sculptural elements.",""
"contemporary_889.jpg","Modern Minimalist","white, wood accents","wood paneling, metal frames, glass windows and doors","natural soft light from large windows","calm and airy","desk and chair, bookshelves with numerous books, small potted plant","open space with central seating area near windows","This is a modern, minimalist home office with a clean design that allows for a peaceful and focused workspace."
"contemporary_89.jpg","Modern","white, gray, black","marble, wood, stainless steel","recessed and pendant lighting with accent of dimmable wall sconces","contemporary, clean, and luxurious","double vanity sink with large mirror, freestanding bathtub, large shower with frameless glass door, hairdryer mounted on the wall","separate areas for sleeping and bathing with minimalist design and storage solutions","This modern bathroom features a monochromatic color scheme, high-quality materials such as marble and stainless steel, and energy-efficient lighting to create a spacious and luxurious feel."
"contemporary_892.jpg","Modern","white, gray","tiles, marble","ambient from ceiling lights and natural light from window above doorway","clean and minimalistic","shower/tub combination, black and white tiled floors, white marble tiles on walls","open space with walk-in shower on one side, tub opposite of it","This modern bathroom design features a minimalistic color palette with primarily black and white tilework, creating an open and clean atmosphere."
"contemporary_893.jpg","Modern Minimalist","white, grey, natural wood","natural stone, leather, brass","well-lit with natural light and recessed lights","clean, bright, and inviting","sofa, coffee table, floor lamp, plant, artwork","open layout with a central seating area","This modern living room features a clean and minimalist design with natural materials, a neutral color palette, and ample lighting that enhances the open space."
"contemporary_894.jpg","Modern","beige, white, dark wood","tile, steel, glass","bright, clean and modern lighting fixtures","calm and relaxed","shower caddy, hanging towel rack, toothbrush holder, bath mat","small space with efficient use of corner","A modern bathroom with clean lines and a simple color palette, featuring tile walls and floor, and bright lighting fixtures."
"contemporary_895.jpg","Modern","black, white, gray","glass, wood, stone","Natural light from large windows and outdoor lights illuminating the space at night.","Elegant and sophisticated.","sofa, coffee table, plant, floor lamp, bookcase","Open concept with a central seating area.","A modern two-story house with a large open living space featuring walls of glass and stone, black flooring, and elegant furnishings."
"contemporary_897.jpg","Modern Minimalist","white, gray, silver","glass, marble, steel","natural soft light from large windows and recessed lights","calm and airy","bathtub, freestanding shower with glass door, sink, toilet, large potted plant","space arranged for functionality with a central bathtub area","This modern bathroom features a minimalist design with a color palette of white, gray and silver. The space is bathed in soft light from large windows and recessed lights, creating a calm and airy mood. The primary materials are glass, marble, and steel, which contrast with the predominantly white fixtures to add visual interest. A large potted plant adds a touch of greenery."
"contemporary_898.jpg","Modern Minimalist","white, blue, gray","leather, wood, glass","natural soft light from large windows","calm and airy","bed, nightstand, chair, vase","open space with central bedroom area","This is a modern minimalist bedroom with clean lines, neutral colors, and simple furniture. The room features a large bed in the center of the space, flanked by two nightstands with lamps on each side. A black leather chair sits at one end of the room. There's a floor lamp near one end of the bed, providing soft lighting that matches the natural light from outside. The overall mood is calm and airy, suitable for relaxation and restful sleep."
"contemporary_899.jpg","Industrial Loft","white, black, gray","wood paneling, concrete flooring, metal siding","natural light from large windows and skylights, complemented by industrial-style pendant lights","modern and raw with a touch of rustic charm","loft bed with metal frame, wooden bench, vintage industrial shelving unit, large concrete planter","open floor plan with exposed structural elements, including high ceilings and large windows that invite the outside in.","This loft-style interior design features a monochromatic color scheme with natural materials like wood and concrete. The use of metal siding adds an industrial touch, while the large windows bring in ample light. The layout is open and airy, showcasing the high ceilings and structural elements that are hallmarks of the loft style."
"contemporary_9.jpg","Modern Minimalist","white, beige, light wood","oak wood, linen, concrete","natural soft light from large windows","bright and energetic","stainless steel refrigerator, black stove, white bar stools, large kitchen island","open space with central seating area","This modern kitchen combines sleek design elements with functional appliances and ample countertop space."
"contemporary_90.jpg","Scandinavian","dark grey, white, wood","wood, fabric, leather, metal","ambient light from ceiling recessed fixtures and natural light coming through the windows","cozy and inviting","sofa, armchair, wooden console table, artwork, plant","living room with open layout to dining area","A modern Scandinavian living space featuring neutral tones, natural materials, and contemporary furniture."
"contemporary_900.jpg","Modern Minimalist","white, light wood, gray, green accent","stone, wood, glass, metal","warm and inviting with soft overhead lighting","calm and sophisticated","large sectional sofa, modern coffee table, decorative throw pillows, potted plants, floor lamp","open space with central gathering area and defined dining space","This house's interior design features a modern minimalist style, characterized by clean lines and an open floor plan. The color palette is soft and neutral, with white being the dominant tone, complemented by light wood accents and green accent pieces. Materials used include stone for the exterior walls and floors, wood for furniture, glass for the windows and doors, and metal for hardware. Overhead lighting provides a warm glow, contributing to an inviting atmosphere. The layout is open with a central gathering area surrounded by a dining space."
"contemporary_901.jpg","Modern Minimalist","white, light wood, steel","oak wood, stainless steel, marble","natural soft light from large windows","calm and airy","island with built-in microwave, dining table and chairs, kitchen aid mixer, wall art, potted plant","open space with central island that acts as a focal point for cooking, dining, and socializing.","This modern kitchen combines functionality with minimalist design elements, featuring an open layout that promotes a sense of spaciousness and ease of movement."
"contemporary_902.jpg","Modern Minimalist","white, light wood, stainless steel","wood, metal, stone","natural soft light from large windows","calm and airy","refrigerator, cabinets, oven, knife set","open space with central island","This is a modern, minimalist kitchen with an open layout. The color palette is primarily white and light wood, complemented by stainless steel appliances. The materials used include wood for the cabinets, metal for the appliances, and stone for the countertops. The space is well-lit with natural light coming through the windows. The kitchen features a central island that adds functionality to the space."
"contemporary_903.jpg","Modern Minimalist","light gray, black, wood accents","oak wood, stainless steel, glass","under-cabinet LED lights and recessed lighting","clean, streamlined, and contemporary","wooden island with stove top, built-in oven, stainless steel cookware, potted plant","long galley kitchen with an open view into a living area","This modern minimalist kitchen combines clean lines and neutral colors with high-quality materials, creating a bright and functional space that extends into the adjoining living area."
"contemporary_904.jpg","Scandinavian","white, light wood, neutral grays","wood, linen, natural stone","bright and airy with recessed lighting and large windows","calm and minimalist","dining table, bench-style seating, wooden side table, woven baskets","open space layout with a central dining area","A modern, Scandinavian-influenced kitchen and dining area with warm wood tones and minimalist design."
"contemporary_905.jpg","Scandinavian","white, light wood, blue","wood, concrete, metal","soft natural light filtering in through windows and glass panels","calm and cozy","sofa, coffee table, plant, floor lamp","open space with central seating area leading to staircase","This modern Scandinavian-style interior features a light color palette and natural materials, creating a calming atmosphere. A large window allows for soft, diffused sunlight to fill the room, while the open layout encourages easy movement and conversation."
"contemporary_906.jpg","Modern Industrial","white, black, gray","metal, concrete, wood","natural light from windows and artificial lights","industrial yet inviting","garage door with large windows, white walls, high ceiling, metallic shelves","functional with clean lines","A modern industrial garage design with metal accents and a high-ceiling workspace."
"contemporary_907.jpg","Modern Mountain Lodge","dark wood, gray, red accent","stone, leather, wood, metal","Soft ambient light with warm glow from gas log fireplace and recessed lighting","Cozy and rustic, inviting relaxation and conversation","stone fireplace, large leather sofa, wooden coffee table, mountain view windows","Open concept with great room and kitchen flowing into dining area","Mountain lodge-style house features modern amenities, warm materials and design, and panoramic views of the valley."
"contemporary_908.jpg","Modern Minimalist","light wood, white, gray","wood paneling, tiled flooring, glass shower enclosure","natural soft light from large windows","calm and airy","shower, sink, toilet, cabinet","open space with central shower area","A modern bathroom design featuring wood paneling, a glass shower enclosure, and tiled flooring. The color palette is light and neutral. The layout is open and centered around the shower area."
"contemporary_909.jpg","Modern","black, white, orange","wood, glass, steel","natural soft light from large windows and a black fireplace","modern, cozy, warm","black sofa with orange cushion, black coffee table with glass top, wooden console with books, tall floor lamp, large vase with flowers","open space with central seating area and a fireplace as focal point","Modern living room with black and orange accents, featuring a large windows and natural lighting, comfortable furniture, and a cozy atmosphere."
"contemporary_910.jpg","Scandinavian","white, light blue, wood accents","wood panels, kitchen countertops, tiled backsplash","natural light from large windows and recessed ceiling lights","bright and airy with a touch of rustic charm","modern kitchen cabinets, stainless steel appliances, wooden cutting board, large decorative pots","open kitchen space with central island providing additional workspace","This Scandinavian-style kitchen features light wood cabinetry, a neutral color palette, and stainless steel appliances. The layout maximizes openness and functionality, while the choice of materials brings warmth and texture to the space."
"contemporary_912.jpg","Modern","blue, gray, red","wood, fabric, glass","natural light from large windows and ambient lighting from the ceiling fixture","calm and inviting","king-size bed, sofa, coffee table with books, floor lamp, large abstract painting, framed picture above the bed, potted plant on the window sill","open layout with a clear sight line from the entry to the large windows in the back wall","This modern bedroom features a calming color palette of blue, gray, and red accents. The space is filled with natural light from the large windows and ambient lighting. The room includes a king-size bed, sofa, coffee table with books, floor lamp, framed picture above the bed, large abstract painting, and a potted plant on the window sill."
"contemporary_913.jpg","Modern Minimalist","white, gray, black","glass, wood, marble","soft and warm ambient lighting with natural light from a window","clean and serene","freestanding bathtub, double vanity sinks, large mirror, black towel rack","small space with a central bathroom vanity as the main feature","A small modern bathroom designed for functionality and simplicity, with soft lighting creating a serene atmosphere."
"contemporary_916.jpg","Modern","light brown, white, dark wood","wood, marble, metal","Recessed lighting with warm color temperature and small accent lights on the walls.","Elegant and sophisticated with a touch of natural elements for warmth.","large mirror, sink, vanity table with wood frame, hairdryer","Dual vanities, separated by a central island with storage space.","This modern bathroom combines functionality and style, with dual sinks, ample counter space for toiletries, and a warm color scheme that brings in elements of nature."
"contemporary_917.jpg","Scandinavian","blue, white, grey","wood, fabric, metal","Natural soft light from large windows","Calm and airy","bed, nightstand, bookshelf, chair","Open space with central seating area","A serene bedroom with a minimalist design, featuring a large window for natural light, white walls, and blue accents on the bed."
"contemporary_918.jpg","Modern Minimalist","white, gray, black","glass, steel, stone","overhead recessed lighting with adjustable warmth and color","calm and relaxing","freestanding bathtub, shower enclosure, couch, coffee table","split design with separate seating and bathroom areas","A modern, minimalist designed bathroom that combines functionality with a serene atmosphere. The use of clear glass walls separates the shower area from the living space while maintaining an open feeling."
"contemporary_919.jpg","Modern Minimalist","black, gray, beige","wood, glass, concrete","natural soft light from large windows and recessed ceiling lights","calm and airy","modern sofa, low coffee table, contemporary side tables, minimalist artwork","open space with central seating area, separated from dining and kitchen areas by large openings","This modern minimalist home features an all-wood interior with large windows allowing ample natural light. The color palette is a mix of neutral tones with black accents, creating a calm and airy atmosphere. A central seating area anchors the space, connected by openings to the dining room and kitchen for a flexible flow."
"contemporary_92.jpg","Modern Minimalist","white, black, gray","concrete, steel, wood","a combination of natural soft light from large windows and warm artificial lighting","modern, clean, and contemporary","sofa, coffee table, floor lamp, vase, picture frame","open space with a central seating area, featuring large glass windows to bring in natural light","This modern house features clean lines and minimalistic design elements. The color palette is neutral with a pop of black accents. Natural light streams in through the large windows, creating a warm atmosphere."
"contemporary_921.jpg","Scandinavian","white, gray, green","marble, brass, wood","natural light from large window","calm and serene","bathroom vanity, black bowl sink, gold-toned fixtures, white towels, small yellow flowers","linear with straight lines","A modern bathroom with a minimalist design featuring marble, brass and wood materials."
"contemporary_922.jpg","Modern Minimalist","white, black, gray","marble, glass, metal","bright and natural light from the window and the recessed lights in the ceiling","calm and serene","freestanding tub, shower, sink, large mirror, towel rack","a spacious bathroom with a separate shower and bathtub area, adjacent to the sink","This modern minimalist bathroom features a monochromatic color scheme with white marble walls and floor, a glass door enclosure for the shower, metal fixtures, and natural light that creates a serene atmosphere."
"contemporary_924.jpg","Modern Minimalist","white, beige, light wood","oak wood, linen, concrete","natural soft light from large windows and recessed lights","calm and airy","kitchen island with built-in seating, stainless steel appliances, dining table for six, floor-to-ceiling windows, modern pendant light","open space plan with central kitchen and dining area, flanked by living room on one side and bedrooms on the other","Modern minimalist design with an emphasis on natural light and streamlined surfaces and furniture."
"contemporary_925.jpg","Minimalist","white, beige, light wood","wood, fabric, glass","bright and natural light, filtered by white window shades","open and spacious","white bookshelf with glass doors, modern kitchen island, black dining table","clean lines, open space design with no clutter","This minimalist interior design combines white and light wood tones with a few select materials to create a spacious, uncluttered space that feels modern and fresh."
"contemporary_926.jpg","Scandinavian","white, beige, light wood","marble, wood, metal","well-lit with natural light from a large window","calm and serene","bathtub, sink, vanity mirror, tub","long bathroom with tub and sink in the middle","A modern Scandinavian bathroom featuring marble wall and floor, a large bathtub, wooden vanity area, and well-placed natural lighting."
"contemporary_927.jpg","Modern","brown, green, white","wood, concrete, metal","natural sunlight from above","serene and peaceful","small garden area, large potted plants, cactus, stone wall, brick planter","square garden with a concrete border and planting in the center","A tranquil garden space with a modern design, featuring natural materials, greenery, and stone elements."
"contemporary_929.jpg","Modern Minimalist","white, grey, wood, red","concrete, steel, glass, wood","natural soft light from large windows and recessed ceiling lights","calm and airy","sofa, coffee table, plant, tv, exercise equipment","open space with central seating area, gym setup in corner","A modern minimalist garage conversion features a white and grey color palette with wood accents. The room is filled with natural light from large windows and recessed ceiling lights. A red sofa sits under one of the windows, surrounded by a concrete and steel design theme. The space includes a coffee table, a plant, and a wall-mounted TV. In the corner of the garage is a gym setup with exercise equipment."
"contemporary_93.jpg","Modern Minimalist","white, gray, wood accent","wood veneer, porcelain, metal","recessed and track lighting, providing bright and even illumination","clean and sophisticated","double sink vanity, framed mirrors, wall-mounted hand towel holder","linear arrangement along a central axis with the double sink as focal point","This modern bathroom features sleek, minimalist design elements including wood veneer surfaces and under-cabinet lighting. The space is illuminated by recessed and track lighting, creating a bright and airy atmosphere."
"contemporary_930.jpg","Modern Minimalist","beige, white, brass","marble, wood, glass","ambient and task lighting, with a focus on natural light from the large windows","calm and sophisticated","leather sofa, modern coffee table, floor lamp, abstract artwork","open space with central seating area, surrounded by floor-to-ceiling windows","This contemporary living room combines minimalist design with a focus on natural materials and lighting. The large windows allow for ample daylight to brighten the space, while the neutral color palette creates a calm and sophisticated atmosphere. The furniture is arranged around a central seating area, with a leather sofa and modern coffee table providing comfortable surfaces for relaxation or conversation."
"contemporary_931.jpg","Modern Minimalist","white, navy blue, natural wood","metal cabinetry, quartz countertops, porcelain backsplash tiles","recessed LED lighting and under-cabinet lighting","clean, bright, and modern","stainless steel refrigerator freezer, black electric cooktop, stainless steel dishwasher","open galley kitchen with island seating","This minimalist kitchen features a clean and contemporary design, utilizing white cabinetry and countertops with contrasting dark accents. The space is illuminated by recessed LED lighting and under-cabinet lights, creating a bright and airy atmosphere."
"contemporary_933.jpg","Modern","white, gray, black","marble, wood, metal","Recessed lighting with adjustable bulbs for ambient and task","Clean and luxurious","double vanity, freestanding tub, shelves, vases","A long, narrow space with separate zones for bathing and grooming.","This modern bathroom features elegant gray cabinets, a white marble double vanity, and black accents throughout. Recessed lighting creates a bright atmosphere, while shelves hold decorative items like vases and plants. The large tub adds an element of luxury to the space."
"contemporary_935.jpg","Modern","white, brown, light wood","tile, wood, glass","soft natural light from window and recessed lights","calm and relaxing","shower curtain with palm tree design, white towel rack, bathroom sink, tiled floor","space designed for functionality and cleanliness","Bathroom with modern design, white color palette, wood accents, and a tropical vibe from the shower curtain's palm tree pattern."
"contemporary_936.jpg","Modern","beige, gray, black","tiles, concrete, metal","natural light from the window and ceiling light","calm and relaxed","shower head, wall-mounted soap dish, sliding glass door, built-in seat","corner shower with a built-in bench in the corner","This is an image of a modern corner shower with tile walls and floor, a built-in bench for sitting down while showering, and a sliding glass door. The color palette consists of beige, gray, and black tones to create a calm and relaxed atmosphere."
"contemporary_937.jpg","Scandinavian","light wood, white, beige","wood, fabric, metal","natural soft light from large windows","calm and airy","sofa, coffee table, plant, floor lamp","open space with central seating area","This living room has a Scandinavian design style with a light wood floor, white and beige furniture, wooden walls, fabric elements and metal accents. The natural soft light from the large windows creates a calm and airy atmosphere."
"contemporary_938.jpg","Modern Minimalist","light gray, dark gray, white","steel, leather, wood","recessed lighting throughout space","modern and sleek with a touch of elegance","sofa, coffee table, floor lamp, framed artwork, large area rug","open concept layout with separate living room and dining areas","This image showcases a modern, minimalist interior design. The color palette consists of light grays, dark grays, and white accents. Materials include steel, leather, and wood. The space is well-lit by recessed lighting throughout. The overall mood is sleek and elegant with a touch of warmth. Objects in the room include a sofa, coffee table, floor lamp, framed artwork, and large area rug."
"contemporary_942.jpg","Modern","white, gray","marble, chrome","bright and natural light from skylights","clean and minimalistic","shower, tub, floor towel rack, shelf, hanging basket","small space with all necessities in one area","This bathroom is a modern, compact design with a focus on clean lines and minimalistic elegance."
"contemporary_943.jpg","Modern Minimalist","white, black, grey","glass, stainless steel","natural soft light from large windows","calm and relaxing","pool, waterfall, seating area, plant","open space with central water feature surrounded by seating","This modern minimalist indoor space features a large pool with a cascading waterfall at its center, surrounded by ample seating areas. The color palette is simple yet impactful, with white for the walls, black for some accent pieces, and grey for the flooring. Materials used are sleek and modern, including glass for the walls and stainless steel for the water feature and furnishings."
"contemporary_944.jpg","Modern Minimalist","black, white, red","leather, wood, metal","modern track lighting illuminating the room with spot lights on artwork","sophisticated and contemporary","couch, end table, artwork, lamp","L-shaped layout with sitting area facing large windows","This modern living room features minimalist design elements, a bold color palette of black, white and red, and includes leather furniture, wood accents and track lighting."
"contemporary_945.jpg","Modern Minimalist","dark gray, white, brass","dark gray tiles, gray stone, stainless steel","soft ambient light from recessed fixtures","clean and serene","large mirror, freestanding tub, sink with gold faucet, single vanity mirror, towel rack","space is divided by the shower area, tub, sink, and countertops","This bathroom combines a minimalist design style with modern fixtures and finishes to create a serene atmosphere. The dark gray tiles and stone walls provide an edgy backdrop for the soft ambient lighting and gold accents."
"contemporary_946.jpg","Modern","gray, white, gold","glass, tile, metal","ambient light from recessed lights and natural light from windows.","calm and serene","shower curtain, towel rack, showerhead, bathtub faucet","separate shower stall with glass door and bathtub in same space.","This modern bathroom features a gray and white color scheme, gold accents on fixtures, and a simple layout for a clean and relaxing atmosphere."
"contemporary_947.jpg","Minimalist","white, marble","marble, wood","Natural light from a window","Calm and airy","shelf, plant","Rectangular space with shelf on one wall and plant on the opposite wall","A minimalist bathroom design with white walls, a marble-covered back splash, and a green plant for a touch of nature."
"contemporary_950.jpg","Modern Minimalist","black, white, silver","porcelain, brass, quartz","natural soft light from large windows","calm and airy","modern sink, kitchen island, black countertops, silver faucet","kitchen with an L-shaped layout, featuring a center island","This kitchen combines modern minimalist design elements with a touch of elegance through the use of black and silver. The clean lines and bright color palette create a serene atmosphere."
"contemporary_951.jpg","Modern Minimalist","white, beige, gray","tile, linoleum","natural light from window above sink","clean and sleek","sink with faucet and countertop, floor heater, white towel rack on wall, soap dispenser, tissue box","small space with white tiled floor, white tiled walls, and a single object in center of room","A modern minimalist bathroom design with clean lines, neutral colors, and basic amenities."
"contemporary_952.jpg","Modern","blue, orange, green","wood, fabric, plastic","bright and well-lit","vibrant and cheerful","swing set, play area, colorful decorations, shelves, toys","open and child-friendly","A modern, brightly lit room with a colorful playroom designed for children."
"contemporary_953.jpg","Modern","dark gray, neutral gray, bright white","wood, glass, metal","Natural light from large windows, accentuated by ambient lighting from recessed fixtures","Modern and sleek with a hint of warmth","minimalist console table with decorative items, low to the ground lounge chairs for conversation, wooden shelving unit with books and decorative pieces, sleek, modern sofa for relaxation, large window overlooking city skyline","An open floor plan with a central seating area flanked by storage spaces and functional furniture.",""
"contemporary_954.jpg","Scandinavian","purple, grey, white","wood, cotton, linen","bright sunlight from large windows","warm and cozy","bed, nightstand, blanket, pillow","single bed in open space with minimal decor","A simple, uncluttered Scandinavian-style room featuring a purple and grey comforter on a large bed, nightstand for personal items, and blanket for warmth."
"contemporary_955.jpg","Modern Minimalist","black, white, wood","concrete, metal, wood","natural light with a touch of ambient","cool and contemporary","kitchen island, sleek bar stools, large pendant lights, modern cabinetry","open-concept space with clean lines and minimal decor","This kitchen embodies a modern, minimalist aesthetic with a touch of rustic warmth from the wood accents."
"contemporary_957.jpg","Modern Minimalist","black, white, gray","wood, fabric, steel","natural soft light from large windows","calm and airy","sofa, coffee table, plant, floor lamp","open space with central seating area","This is a modern, minimalist living room that exudes a calm and airy atmosphere. The color palette consists of black, white, and gray tones. The main materials used are wood for the floors and walls, fabric for the sofa and window treatments, and steel for the fireplace and coffee table frame. Large windows allow natural soft light to fill the room. Key furniture pieces include a sofa positioned in front of a central coffee table, a plant adding greenery, and a floor lamp providing additional lighting."
"contemporary_958.jpg","Modern Minimalist","light wood, white, beige","laminate flooring, wooden table and chairs, fabric upholstery","well-lit with natural soft light from large windows","calm and airy","sofa, coffee table, plant, floor lamp","open space with central seating area around dining table","This is a modern minimalist living room that features light wood flooring, white upholstery, and beige walls. The room is well-lit with natural soft light from large windows, creating a calm and airy atmosphere. The space is furnished with a sofa, coffee table, plant, and floor lamp arranged around the dining area, which serves as a central focus of the open layout."
"contemporary_96.jpg","Modern Minimalist","black, white, brass","oak wood, glass, stainless steel","natural light from large windows and recessed LED lights","modern and sophisticated","built-in laundry center with control panel, brass hardware on cabinets, small potted plant","open space with kitchen area adjacent to laundry room","A modern, minimalist laundry room and kitchenette combination, featuring a black appliance set into an oak cabinet, brass hardware, and recessed LED lights."
"contemporary_960.jpg","Modern Minimalist","green, white, beige","wood, linen, metal","natural soft light from large windows","calm and airy","dining table, chairs, potted plant, vase, area rug","open space with central seating area around dining table","This modern minimalist dining room features a simple color palette of green, white, and beige. The materials used include wood for the floor and furniture, linen for the curtains, and metal for the chandelier. Large windows fill the space with soft natural light, creating a calm and airy atmosphere. A central dining table surrounded by chairs encourages social interaction in this open layout."
"contemporary_961.jpg","Modern","black, white, grey","wood, steel, glass","bright and open space with natural light from large windows","clean and organized","kitchen island, stainless steel countertops, built-in cabinetry, sleek faucet","efficient use of limited space with functional areas separate yet open to each other","This modern kitchen is designed for efficiency and style, featuring a clean color palette and built-in storage. The open layout allows for easy movement between the cooking and dining areas while maintaining a sense of separation."
"contemporary_962.jpg","Modern Minimalist","black, white, blue","concrete, glass, stainless steel","modern chandelier with warm glow","sleek and contemporary","rectangular pool, poolside chaise lounge, integrated outdoor kitchen","open space with sleek lines and clean edges","This modern backyard pool area features a rectangular pool, chic chaise lounges, and an integrated kitchen. The design has a minimalist style with black-and-white color scheme and warm lighting that creates a sleek atmosphere."
"contemporary_965.jpg","Modern Minimalist","white, grey, orange","wood, fabric, metal","soft ambient lighting from floor lamps and ceiling lights","calm and peaceful","red armchair, white ottoman, modern art piece on wall","open space with sectional seating arrangement","This living room features a modern minimalist design, using white, grey, and orange color palette. The materials used include wood for the floor, fabric for upholstery, and metal accents throughout the space."
"contemporary_966.jpg","Modern Minimalist","gray, black, white","steel, marble, glass","natural soft light from large windows","calm and airy","bathtub, sink, shower head, towel rack","open space with central bathroom area","A modern, minimalist design in a bathroom featuring steel fixtures, marble countertops, gray walls and black tile floors, providing a calm and airy atmosphere."
"contemporary_967.jpg","Modern Minimalist","gray, white, gold","glass, metal, tile","natural soft light from large windows and skylight","calm and airy","bathtub, shower head, faucet, towel rack, floor mat","compact space with efficient use of area for bathroom needs","This modern minimalist bathroom features a monochromatic color scheme and clean lines, contributing to a sense of tranquility."
"contemporary_968.jpg","Modern Minimalist","white, gray, black","marble, glass, steel","natural soft light from large windows","calm and airy","shelf, towel rack, sink, cabinet","open space with central shelf against wall","The bathroom features a modern minimalist design with marble walls, gray accents, and black fixtures. The centerpiece is a glass shelf set into the wall above a sink, which contrasts with the solid steel towel rack. The overall mood of the space is calm and airy due to the soft natural lighting and open layout."
"contemporary_969.jpg","Modern Cabin","wood, white, brass","cedar wood paneling, brass handles, steel frame","natural sunlight flooding the room through large windows","warm and inviting","large wooden window shutters, comfortable sofa facing water, wooden coffee table in front of window","open concept with central focus on view outside","The interior design presents a cozy, modern cabin atmosphere with a focus on natural materials and lighting that enhances the serene view of the water."
"contemporary_97.jpg","Contemporary","light grey, dark wood, navy blue","marble, brass hardware, wood","ambient with recessed lighting and a central chandelier","luxurious and elegant","large rectangular mirror, double vanity sinks, freestanding bathtub","spacious bathroom with separate sections for shower, sink, and tub","This spacious modern bathroom features a large marble countertop with double vanity sinks, a freestanding bathtub, and ample storage in the form of wooden cabinets."
"contemporary_972.jpg","Modern Minimalist","white, navy blue, gray","wood, leather, glass","Natural light streaming through large windows","Bright and airy","sofa, coffee table, chair, plant, artwork","Open floor plan with central seating area by window","A modern, minimalist living room featuring a bright color palette and natural light."
"contemporary_974.jpg","Modern","white, gray, black","marble, chrome, glass","Natural light from windows and overhead fixture","Calm and contemporary","freestanding tub, floor-to-ceiling window, rectangular mirror, black pendant light","Spacious bathroom with open space surrounding tub, large windows for natural light and view","This modern bathroom features a clean and sleek design with black elements that contrast against the marble and white surroundings. The large window provides ample natural light and an expansive view of trees outside."
"contemporary_975.jpg","Modern Minimalist","brown, gray, green","wooden paneling, metal fencing, stone tiles","natural light from the windows and overhead lights","relaxed and serene","water feature, outdoor furniture set, planter with small trees","enclosed patio space","This modern backyard design features minimalist elements, natural materials like wooden paneling, stone tiles and metal fencing. The color palette is kept simple and earthy, with an emphasis on greenery from plants and small trees. The layout includes a covered seating area, perfect for relaxation or entertaining guests while enjoying the tranquil water feature."
"contemporary_977.jpg","Modern Minimalist","white, gray, black","marble, glass, brushed steel","recessed lighting with LED track above mirror, accentuated by floating wall sconces","clean and spa-like","freestanding bathtub, sleek vanity with built-in sink, large wall art over vanity, white roses","angular design with clean lines, reflective surfaces and tiled walls","This bathroom is designed to evoke a sense of calm and luxury with its modern minimalist style, calming color palette, and thoughtful lighting."
"contemporary_98.jpg","Modern Minimalist","gray, white, black","tile, metal, wood","bright and even","clean, sleek, and sophisticated","bathtub, shower, sink, cabinet, towel rack","small bathroom with compact layout","This is a modern minimalist bathroom with gray tile walls, white fixtures, and black accents. The space features tile flooring, a metal shower head, and wood cabinetry. The lighting is bright and even, creating a clean and sophisticated atmosphere."
"contemporary_99.jpg","Modern","gray, white, black","tile, wood, metal","recessed ceiling lights and sconces","modern, clean, and sleek","double sink vanity with mirrored wall behind it, white potted plant on countertop, rectangular soap dish with slender handle","corner layout with one sink against each wall for privacy","A modern bathroom with gray tiles, sleek double sinks and mirrored walls, and a clean design."
