"filename","style","color_palette","materials","lighting","mood","objects","layout","summary"
"farmhouse_0.jpg","Modern Minimalist","white, beige, light wood","oak wood, linen, concrete","natural soft light from large windows and recessed ceiling lights","clean and spacious","oven range, kitchen island, stainless steel fittings, built-in microwave","spacious galley layout with kitchen island serving as central workspace","A modern minimalist kitchen with a clean, spacious design featuring oak wood cabinets and linen accents. Natural light streams in from large windows and the recessed ceiling lights provide ample illumination."
"farmhouse_1.jpg","Modern Minimalist","white, beige, light wood","oak wood, linen, steel","bright and even overhead lighting with accent under-cabinet lights","calm and inviting","center island cooktop, white bar stools, large clock on wall, white chairs","open kitchen and dining space with ample countertops","This modern, minimalist kitchen and dining area combines a harmonious color palette of white, beige, and light wood tones, creating a calm and inviting atmosphere. The open layout fosters social interaction, while the center island cooktop and ample counter space contribute to its functionality."
"farmhouse_10.jpg","Modern Minimalist","white, light wood, gray","wood, steel, glass","natural soft light from large windows and under-cabinet lights","bright and airy, with a touch of warmth","island with stools for casual dining, large kitchen table and chairs, hanging pot rack, open shelving","an L-shaped floor plan, with a central cooking area and an open sitting space","This modern kitchen combines clean lines, natural materials, and plenty of light to create a warm and inviting atmosphere."
"farmhouse_101.jpg","Scandinavian","white, light wood, gray, natural green","wood paneling, steel hardware, cork flooring, leather upholstery","Natural light from large windows with white frame, supplemented by recessed ceiling lights.","Calm and inviting with a touch of rustic charm.","large wooden door, white built-in bench, hanging plant, wooden table","A long, narrow open space leading to outdoor area.","This is an example interior design with a Scandinavian style that focuses on minimalism and natural elements."
"farmhouse_102.jpg","Modern Minimalist","white, gray, stone","wood, stone, fabric","bright and natural, with a mix of overhead lights and wall sconces.","airy and spacious with an inviting atmosphere.","white sofa, wood coffee table, stone fireplace, modern fan","open plan with a central seating area and a large stone wall dividing the space.","A modern, minimalist living room design that blends natural elements with clean lines and neutral colors."
"farmhouse_103.jpg","Modern Minimalist","white, beige, light wood","wood, metal, glass","natural soft light from large windows","calm and airy","kitchen island, bar stools, modern pendant lights, open shelves","open space with central seating area, kitchen island in the middle of the room","This modern kitchen is designed with clean lines and a minimalist color palette. The materials used include wood for the cabinets, metal for appliances, and glass for the backsplash. Natural light fills the space from the large windows, creating a calm and airy atmosphere. Key features include an open layout that flows into the adjacent living area, a central kitchen island for additional counter space, and a bar stool seating area for informal dining or conversation. A modern pendant light hangs above the island, adding a touch of industrial chic to the design."
"farmhouse_105.jpg","Modern Minimalist","white, light wood, grey","wood, metal, stone","natural soft light from large windows and overhead recessed lights","calm and airy","kitchen island, bar stools, potted plant, hanging pendant lights, white cabinets","open space with central kitchen island and seating for casual dining or gathering","This modern kitchen boasts a sleek design with natural materials, creating an inviting atmosphere that blends well with the open layout of the home."
"farmhouse_107.jpg","Modern Rustic","white, gray, brown","wood paneling, stainless steel, stone","bright and airy with natural light from windows","cozy and inviting","kitchen island, wooden stools, potted plants, metal pendant lights","open concept with kitchen, dining, and living spaces flowing together","This modern rustic-style home combines natural materials like wood paneling with sleek metal accents to create a warm and inviting space. The open layout promotes easy movement between the kitchen, dining, and living areas."
"farmhouse_108.jpg","Rustic","gray, white, wood","brick, leather, canvas","Dim and warm ambient lighting with some natural sunlight","Warm, cozy, inviting","king-size bed, wicker chairs, wooden desk, brick headboard, large mirror","Open and spacious with a central seating area around the television.","This room features rustic elements such as the brick wall, wooden furniture, and wicker chairs, creating a cozy and inviting space."
"farmhouse_11.jpg","Scandinavian","light wood, beige, white","wood, leather, linen","Natural soft light from large windows and ceiling fans.","Cool and relaxed","couch, coffee table, chairs, potted plant, rug","Open space with central seating area surrounded by columns.","A modern Scandinavian living room with a cozy fireplace, wood flooring and furniture, and large windows allowing natural light to fill the space."
"farmhouse_110.jpg","Scandinavian","white, navy blue, warm wood","subway tile, brass fixtures, dark wooden cabinetry","natural soft light from large windows","cozy and intimate","freestanding clawfoot tub, white toilet, potted plant, wooden towel rack, vase with flowers","long narrow space with bathtub at end, toilet in the middle and sink on the right side","A well-organized Scandinavian bathroom with a dark color palette, natural lighting, and simple yet elegant fixtures."
"farmhouse_111.jpg","Modern","white, beige, wood","brick, glass, steel","Natural light from large windows and modern LED fixtures","Clean, bright, and inviting","oversized mirror above fireplace, modern artwork on wall, black leather armchair, sleek glass coffee table","Open concept design with kitchen and living room flowing together","A modern, spacious home featuring brick accents, large windows for natural light, and minimalist decor."
"farmhouse_115.jpg","Modern Minimalist","white, light gray, natural wood","oak veneer, stainless steel, glass","recessed ceiling lights and pendant light fixtures in the kitchen island","clean, modern, and bright","wooden ladder on wheels, wine rack with bottles, cooking utensils","open shelving with a center island for food preparation","This kitchen features an open-concept design with modern minimalist style, using a palette of white, light gray, and natural wood. Materials include oak veneer, stainless steel, and glass. The space is brightly lit by recessed ceiling lights and pendant light fixtures in the kitchen island. The open shelving allows for easy access to cooking utensils, while the center island provides a functional workspace."
"farmhouse_118.jpg","Modern Minimalist","white, light wood","marble, brass","well-lit with soft natural light from a large window","clean and serene","two-toned mirror, modern chandelier, white marble bathroom sink","open space with central feature being the bathroom vanity","The bathroom is a modern, minimalist space featuring white elements and light wood accents. The marble countertops and brass fixtures add a touch of elegance to the room."
"farmhouse_119.jpg","Scandinavian","white, black, grey, natural wood","wooden beams and panels, stone facade, glass windows and doors, plaster walls","soft, warm, natural light from large glass windows","serene and cozy","sofa, coffee table, rug, bookshelf, chairs","open floor plan with a central seating area and separate living room and bedroom spaces","This modern Scandinavian-style house is characterized by its warm, natural materials, bright open windows, and comfortable, inviting furniture."
"farmhouse_12.jpg","Modern Minimalist","white, light wood, navy blue","oak wood, stainless steel, glass","bright and even natural light from the window above the sink","clean, contemporary, and organized","recessed built-in cabinetry with pull-out storage, stainless steel double sinks, modern pendant lights, wooden countertops","a galley-style kitchen with a central island","This modern kitchen design combines minimalist style with functional, built-in features to create an organized and efficient space."
"farmhouse_120.jpg","Modern Minimalist","white, gray, wood","oak wood, linen, marble","natural soft light from large windows","calm and airy","large mirrors over sink, two wall sconces, white towels on rack, potted plant on counter, white cabinet with drawers","open space with central vanity area","This modern bathroom is designed for a minimalist aesthetic, with natural materials and soft lighting creating a calm atmosphere."
"farmhouse_121.jpg","Scandinavian","white, light wood, navy blue","wood, fabric, glass","natural soft light from large windows and recessed lights","calm and airy","couch, coffee table, floor lamp, plant, books","open space with central seating area, flanked by bookshelves on each side","This is a cozy Scandinavian-style living room that features light wood furniture and fabric upholstery, creating a warm and inviting atmosphere. Large windows flood the space with natural light and recessed lights provide additional illumination for evenings. A comfortable couch and coffee table invite relaxation and conversation, while floor lamps offer soft lighting options for reading or working in the evening. Bookshelves on both sides of the room contain a variety of books, adding to the intellectual charm of the space."
"farmhouse_122.jpg","Modern","gray, white, natural wood","oak, linen, metal","ambient and task lighting from recessed fixtures and pendant lights","clean, contemporary, functional","cappuccino maker, coffee cups, knife set, wine glasses","open shelving with a breakfast bar counter","This modern kitchen features open shelves, a breakfast bar, and a cappuccino machine, offering a clean, contemporary space for preparing meals and enjoying coffee."
"farmhouse_123.jpg","Scandinavian","white, beige, gray, wood","oak wood, linen, leather, metal","bright and airy natural light from high windows","calm and inviting","sofa, coffee table, plant, floor lamp, vase","open concept with staircase to second floor","The interior design style is Scandinavian, featuring a light-filled space with natural materials and a calm atmosphere."
"farmhouse_126.jpg","Scandinavian","white, beige, light wood","marble, brass","Natural soft light from large windows","Calm and serene","bathroom sink with mirror, wooden vanity cabinet, potted plant","Efficient and functional bathroom layout centered around the sink with vanity cabinet","A modern Scandinavian bathroom design featuring a wooden vanity cabinet, marble top sink, and natural light from large windows that create a calm and serene atmosphere."
"farmhouse_127.jpg","Modern","white, gray","wood, porcelain","ambient lighting with spotlights on artwork and mirror above sink","calm and elegant","wooden vanity, freestanding bathtub, framed artwork, small orchid","small bathroom with stand-alone tub and vanity, mirror above sink, toilet next to tub","This modern bathroom features a minimalist design with clean lines and natural materials. A freestanding bathtub adds a touch of luxury, while the wooden vanity gives warmth to space."
"farmhouse_128.jpg","Modern","black, white, gray","wood, brass, fabric","recessed lighting and a large chandelier","spacious and modern","sofa, coffee table, bookshelf, tv","open space with an L-shaped layout","This is a spacious and modern living room featuring dark wood furniture, a large bookshelf filled with books, a comfortable sofa, a sleek coffee table, a stylish tv, and a chandelier that provides ample lighting."
"farmhouse_129.jpg","Modern","white, gray, black","stainless steel, glass, wood","Natural and artificial, highlighted by recessed lighting","Modern yet warm, with a touch of elegance","kitchen island, oven range, farmhouse sink, glass pendant lights","A central kitchen island surrounded by white cabinetry and stainless steel appliances","This modern kitchen is designed for functionality, with a clean and minimalist look."
"farmhouse_13.jpg","Modern Minimalist","white, beige, light wood","oak wood, linen, glass","natural soft light from large windows and recessed ceiling lights","calm and airy","cabinets, sink, mirror, shelves, towel racks, baskets","long narrow space with central bathroom area","A modern, minimalist bathroom with a clean color palette and natural lighting. Features include white cabinets, oak wood details, linen towels, and glass elements for both storage and aesthetics."
"farmhouse_130.jpg","Modern Minimalist","white, black, wood accents","stone cladding, glass windows and doors, metal railings","Warm, ambient light from recessed lights and floor lamps.","Clean, contemporary, luxurious.","modern sectional sofa, clean lines coffee table, sleek metal console table, large statement mirror, minimalist artwork","Open concept living space with flow from kitchen to living room to dining area.","This modern minimalist home features a clean, luxurious design with wood accents and stone cladding. Large windows and glass doors allow for an abundance of natural light while the recessed lights provide warm ambiance. The open layout connects the kitchen, living room, and dining area seamlessly."
"farmhouse_131.jpg","Modern Minimalist","gray, white, black","stone wall, wood flooring, metal accents","ample natural light from large windows","calm and serene","sectional sofa, coffee table, flat-screen TV, stone fireplace, decorative bowl","open space with central seating area, adjacent to large windows overlooking the lake","This modern minimalist living room combines natural materials like stone and wood with contemporary furnishings to create a serene atmosphere, ideal for relaxation or entertaining."
"farmhouse_132.jpg","Scandinavian","white, gray, wood, green","natural wood, fabric upholstery, ceramic tiles, glass","bright natural light from large windows and skylights","open, airy, and calming","sofa, coffee table, potted plant, floor lamp, vase","open floor plan with combined living and dining areas","Scandinavian-style living room featuring natural materials, neutral colors, and large windows for a bright and open feel."
"farmhouse_133.jpg","Modern Minimalist","gray, white, wood","oak wood, glass, metal","natural soft light from large windows","calm and airy","sink, countertop, vanity mirror, bathroom cabinet, shower curtain","long narrow bathroom with vanity and shower","This is a modern minimalist bathroom design, characterized by the use of gray tones on white walls, wood accents, oak cabinetry, glass fixtures, and natural light streaming in from large windows."
"farmhouse_134.jpg","Traditional","white, wooden accents","wood siding, vinyl windows, asphalt shingles","Natural light from front porch and multiple windows.","Warm and welcoming with a hint of elegance.","entry door with transom, chairs on the porch, siding exterior, front porch railings, house numbers","Main level entry foyer leads to hallway and staircase. Open dining room in the background.",""
"farmhouse_135.jpg","Modern Minimalist","white, black, wood","marble, metal, wood","natural soft light from large windows","calm and airy","shower caddy, towel rack, bath mat","single occupant shower stall with bench seating","A modern minimalist bathroom that features a combination of marble, wood, and metal materials. The space is bathed in natural light from the large window above the shower. The color palette consists of white, black, and wood tones, which contribute to a calm and airy atmosphere."
"farmhouse_136.jpg","Modern Minimalist","white, light wood","oak wood, porcelain, brass","natural soft light from large windows","calm and airy","sofa, coffee table, plant, floor lamp, kitchen cabinet, sink, candle","open space with central seating area, kitchen island in center of room","This modern minimalist space features clean lines and a neutral color palette that creates an open, airy feeling. The large windows allow for plenty of natural light to fill the room, enhancing its serene atmosphere. A comfortable sofa provides a cozy spot to relax, while the kitchen island serves as both additional workspace and a focal point in the room."
"farmhouse_137.jpg","Modern Minimalist","white, black, gold","tile, metal, wood","bright and natural","clean and serene","sink, mirror, basket, towel rack","linear with long counter","This bathroom combines minimalist design elements with bright, natural lighting to create a clean, spacious, and serene environment."
"farmhouse_138.jpg","Modern","black, white, gray","marble, brass, silver","natural light with accents from sconces and pendant lights","spacious and elegant","freestanding bathtub, double vanity, large mirror, framed wall art","angular space with central tub, flanked by sink and counter","This is a modern bathroom design featuring a large marble-clad bathtub, double vanity sinks, and stylish pendant lighting. The color palette includes black, white, and gray tones, complemented by brass fixtures and silver accents."
"farmhouse_139.jpg","Modern Minimalist","green, brown, white","wood, glass, metal","natural light from large windows","calm and serene","trees, shed, patio furniture","outdoor space with central seating area","An outdoor garden space featuring wooden elements, plants in pots, and a shed, with a welcoming seating area under a pergola."
"farmhouse_140.jpg","Modern Minimalist","beige, light wood, green accent","oak wood, linen, concrete, steel","natural soft light from large windows and glass doors","calm and airy","sofa, coffee table, plant, floor lamp","open space with central seating area on a wooden deck","This modern minimalist living room features clean lines, natural materials, and soft lighting that create a calm and airy atmosphere. With large windows and glass doors, the indoor-outdoor connection is highlighted by the wooden deck that extends into the backyard. The furniture includes a sofa and coffee table centered around a focal point, with plants adding a touch of greenery."
"farmhouse_141.jpg","Industrial Loft","gray, brown, white","brick wall, concrete countertop, wooden vanity, steel faucet","natural soft light from large windows","cozy and rustic","vase with flowers, potted plant, soap dispenser","space is divided into a bathroom area with the sink and vanity, and a separate mirrored area against the wall.","This bathroom has an industrial loft design style, featuring brick walls, wooden elements, and concrete surfaces. The color palette consists of shades of gray, brown, and white, providing a warm and earthy feel. The space is well-lit by natural light coming through the windows, creating a cozy atmosphere. The bathroom includes a vanity with a steel faucet, wooden countertops, and large mirrors that reflect the space, making it appear larger than it is."
"farmhouse_142.jpg","Modern Minimalist","white, beige, light wood","wood, fabric, metal","natural soft light from large windows and a chandelier","calm and airy","sofa, coffee table, plant, floor lamp","open space with central seating area","A modern minimalist living room featuring a neutral color palette, wood accents, and natural lighting. The room is furnished with a sofa, coffee table, plant, and floor lamp."
"farmhouse_143.jpg","Scandinavian","white, light wood","oak wood, metal, stone","natural light from large windows","calm and serene","door, couch, end table","open space with central seating area","This interior design features a Scandinavian style, with a light wood color palette, oak wood accents and metal materials. Large windows allow natural light to flood the space, creating a calm and serene mood. The layout is open concept, designed for comfort and functionality, with a central seating area featuring a couch and an end table."
"farmhouse_144.jpg","Modern Minimalist","gray, white, natural wood","oak, quartz, stainless steel","well-lit with ample natural light from large windows","spacious and airy, perfect for socializing and cooking","kitchen island, metal pendant lights, large abstract artwork, brass backsplash","open kitchen with center island, flanked by seating area","A modern, minimalist kitchen design with a focus on functionality and style, featuring an open layout for social interaction and cooking."
"farmhouse_145.jpg","Modern Minimalist","white, beige, light wood, gray","wood, linen, stone, metal","natural soft light from large windows","calm and airy","sofa, coffee table, plant, floor lamp, bookshelves","open space with central seating area, featuring a cozy fireplace as focal point.","This modern living room features clean lines and minimal decor to create a calming atmosphere. The neutral color palette is complemented by natural materials such as wood and stone, while the lighting from the large windows casts a soft glow throughout the space."
"farmhouse_147.jpg","Modern Minimalist","white, gray, green","wood, metal, fabric","natural soft light from large windows and ceiling fan with light","calm and airy","sofa, coffee table, floor lamp, plant, artwork","open space with central seating area, surrounded by shelving for display","This modern minimalist living room features a clean, light color palette, natural materials, and an open layout that creates a calm and airy atmosphere."
"farmhouse_148.jpg","Scandinavian","white, black, wood","steel, marble, leather","natural soft light from large windows and recessed ceiling lights","bright and airy","kitchen island, bar stools, backsplash tiles, vase with flowers","open kitchen layout with a central island","This kitchen has a bright and airy feel, featuring a Scandinavian design style with a palette of white, black, and wood. The steel appliances and marble countertops add a modern touch to the space."
"farmhouse_15.jpg","Modern Minimalist","white, black, wood accents","natural wood for cabinets and flooring, metal for sink, glass for countertop","recessed lighting in the ceiling, with natural sunlight streaming in through windows","clean and bright, with a feeling of openness","modern pendant lights hanging from the ceiling, an island with a breakfast bar, a green plant for color accent","a central kitchen island with a built-in sink and counter space; stools on one side for seating","This kitchen combines modern minimalist design principles with natural materials, creating an open and bright space that is both functional and stylish."
"farmhouse_150.jpg","Modern Minimalist","dark grey, white, natural wood","brass fixtures, black and white tile, wood cabinetry","layered lighting with ambient, task, and accent lights","modern and luxurious","double vanity mirror, oak wood cabinets, brass bath faucet, black and white striped rug","narrow space optimized for functionality and aesthetics","A modern, minimalist bathroom with a monochromatic color scheme and layered lighting that emphasizes luxury."
"farmhouse_151.jpg","Modern Minimalist","white, beige, light wood","stone veneer, metal railings, glass windows","natural soft light from large windows and recessed lights","calm and airy","sofa with neutral cushions, wooden coffee table with glass top, plant on the patio, large statement artwork","open space with central seating area, featuring a spacious kitchen with island, dining room adjacent to the living room","This modern two-story home features clean lines and minimalistic design elements, utilizing neutral tones for a peaceful and serene atmosphere."
"farmhouse_152.jpg","Modern Minimalist","white, beige, light wood","oak wood, linen, steel","soft, natural light from large windows and overhead fixture","calm and serene","large walk-in shower with frameless glass doors, freestanding bathtub, wooden shelving unit, white toilet, white pedestal sink","long, narrow space that feels open due to high ceilings and ample natural light","A clean, modern bathroom with a minimalist aesthetic featuring oak wood accents and a serene color palette."
"farmhouse_153.jpg","Modern Minimalist","black, white, gold","wood, marble, brass","soft light from recessed ceiling fixtures","calm and sophisticated","double sink vanity, large mirror, gold-toned hardware, wooden bath caddy","linear space with long central counter and mirror","This is a modern, minimalist bathroom that features a sleek black cabinet with gold-toned handles and fixtures. The room has marble walls, wooden accents, and recessed lighting for a sophisticated and calm atmosphere."
"farmhouse_156.jpg","Modern","white, light wood, navy","oak wood, stainless steel appliances, marble countertops","natural soft light from large windows and recessed ceiling lights","bright and airy with a touch of elegance","island with bar stools, large kitchen table with chairs, wall-mounted cookware","open space with a central island for seating and food preparation","A modern, spacious kitchen with clean lines, neutral tones, and stylish materials."
"farmhouse_158.jpg","Modern Minimalist","white, light wood, copper","stainless steel, marble, wood","Natural soft light from large windows","Calm and airy","counters with stools for casual seating, large island for food preparation, wall-mounted cookware rack","Open space with central seating area, surrounded by kitchen cabinets and appliances","A spacious, modern minimalist kitchen with a warm color palette, natural lighting, and open layout."
"farmhouse_159.jpg","Modern Minimalist","white, black, wood","oak wood, glass, metal","soft, warm LED lighting with recessed lights and vanity lights","calm and clean","two-person vanity, large mirror, framed artwork, black and white patterned rug","open space with a central sink area flanked by toiletries and storage","This modern bathroom features a minimalist design with clean lines, a neutral color palette of black, white, and wood, and soft lighting. The open layout creates a sense of spaciousness and allows for easy use of the sink area, toiletries, and storage."
"farmhouse_16.jpg","Modern Minimalist","beige, white, light wood","tile, marble, wood, glass","Natural soft light from large windows and recessed lights.","Calm and airy","Bathtub, Shower, Wooden stool, Flower arrangement, Vase with candle","Open space with central tub and shower area.","A clean, minimalist bathroom design featuring a freestanding bathtub, large windows for natural light, and a wooden stool holding a flower arrangement and candle for warmth and fragrance."
"farmhouse_160.jpg","Modern Minimalist","white, wooden cabinet, black, gray","stainless steel appliances, glass kitchen cabinet doors, stone countertop, wood flooring","ambient light from recessed ceiling lights and under-cabinet lighting, with natural light coming through windows","bright and airy","stainless steel oven and range, island with stove top, black countertops, white pots and pans","L-shaped kitchen layout with island at end of counter space, open shelving above cabinets, and bar seating by window","Modern design featuring minimalist aesthetic with sleek lines, clean surfaces, and abundant natural light."
"farmhouse_163.jpg","Modern Minimalist","white, gray, natural wood","stainless steel, wood veneer panels, marble countertops, textured wall tiles","bright and even with recessed lighting and under-cabinet LED strips","airy, spacious, and sophisticated","built-in oven, stainless steel refrigerator, kitchen island, wine rack","open floor plan with a central kitchen island separating the living and dining spaces","This modern kitchen features sleek, minimalist design elements and an all-white color scheme. Stainless steel appliances and wood veneer panels provide a warm contrast to the cool tones of the space. Under-cabinet LED strip lighting ensures bright illumination for cooking tasks while maintaining a clean, unobtrusive look."
"farmhouse_164.jpg","Modern","neutral, white, wood, metal","stainless steel, marble, oak, black countertop","recessed lighting with warm white bulbs and under-cabinet LED strip lights","clean, bright, and welcoming","kitchen island, modern bar stools, wooden cutting board, hanging kitchen utensils","open floor plan with kitchen flowing into dining area","This modern kitchen features a neutral color palette, sleek materials like stainless steel and marble, and smart lighting solutions that make the space feel bright and welcoming. The island serves as a central hub for cooking, dining, and socializing, creating an open flow between the kitchen and adjacent dining area."
"farmhouse_165.jpg","Scandinavian","white, light wood, blue","oak wood, glass, stainless steel","well-lit with natural light coming in from the windows and ceiling lights that provide a warm glow.","airy and inviting, creating a cozy atmosphere for cooking and gatherings.","kitchen island, wooden cabinets, stainless steel appliances, bamboo floor","open kitchen layout with an island at the center for seating and preparation.","This Scandinavian-style kitchen features a warm color palette, natural materials like wood and bamboo, and abundant lighting from the large windows. The open design and central island create a welcoming space for cooking and gathering."
"farmhouse_166.jpg","Modern Rustic","white, brown, wood, gray","stone, metal, brick","natural and ambient lighting from large windows","warm and welcoming","couches on a porch, wooden coffee table, large potted plants, outdoor rug","open space with central seating area around fireplace","This modern rustic home features a white exterior with stone and brick accents, open floor plan, wooden furniture and decor, large windows for natural lighting, and an inviting front porch."
"farmhouse_168.jpg","Modern Minimalist","white, light wood","wood siding, wood windows and doors, stainless steel","natural soft light from large windows and sliding glass door","warm and cozy with a touch of modern elegance","white sofa and loveseat set, coffee table, plant on front porch","open space with central seating area, leading to outdoor front porch space","The interior design combines a modern minimalist style with warm wood tones and an emphasis on natural light. The open floor plan leads to an inviting front porch space."
"farmhouse_17.jpg","Modern Minimalist","white, gray, black","oak wood, stainless steel, linen, glass","natural soft light from large windows and recessed ceiling lights.","calm and airy","sofa, coffee table, floor lamp, dining table, kitchen island","open space with central seating area, leading to a kitchen with island in the center.","This modern interior design features a minimalist color palette of white and gray, creating an open and airy feel. Natural light fills the space, enhancing its calm atmosphere. The room is furnished with a sofa facing a coffee table, a floor lamp providing soft illumination, and a dining table with a central kitchen island that functions as additional seating and preparation space."
"farmhouse_170.jpg","Modern","gray, white, brown","wood, glass, metal","Overhead track lighting and wall sconces provide ample illumination.","Elegant and contemporary","freestanding bathtub with clawfoot design, large bathroom vanity with double sinks, overhanging mirror above the vanity","The layout includes a large open shower area, separate deep soaking tub, and ample countertop space.","This modern bathroom features clean lines, neutral tones, and a mix of materials to create an elegant and functional space."
"farmhouse_171.jpg","Modern Minimalist","white, beige, light wood","oak wood, linen, glass","natural soft light from large windows","calm and airy","sofa, coffee table, plant, floor lamp, side table, vase","open space with central seating area","This image depicts a modern minimalist bedroom that exudes a calm and airy atmosphere. The room is decorated in neutral colors of white, beige, and light wood, creating a serene and soothing environment. The furniture is made of oak wood, which adds warmth to the space, while linen and glass materials provide texture and contrast. Natural light floods in from large windows that offer an expansive view of the surrounding landscape."
"farmhouse_172.jpg","Country","blue, white, gray","wood, wicker, metal","Natural light from the large windows and ceiling fan light","Cosy and inviting","rocking chair, wooden bench, small table, potted plant","Small country cottage with a cozy front porch and living area","This charming country cottage is filled with natural materials, soft textures, and warm lighting, creating a welcoming and comfortable atmosphere."
"farmhouse_173.jpg","Southern Cottage","white, red, blue","wood siding, cedar shake roof, brick walkway","Warm and inviting with natural light from windows and doors","Cozy and welcoming","front door, step, bench, potted plant","Small porch area leading to front door, central entrance with large window","This small Southern Cottage features a white wood siding exterior with red trim around doors and windows. The cedar shake roof adds warmth and character to the home. A brick walkway leads to a welcoming porch area where a bench provides a place to sit and enjoy the front yard. Inside, a large window brightens the central entrance hall, creating an inviting atmosphere."
"farmhouse_174.jpg","Modern Minimalist","white, beige, light wood","oak wood, linen, woven wicker","natural soft light from large windows","calm and airy","king-size bed with tufted headboard, wooden nightstands with integrated lighting, floor-to-ceiling draperies, vintage pendant light fixtures, plush area rug in soft tones","open space with central seating area, featuring a large bed as focal point","This well-lit and spacious modern bedroom combines minimalism with elements of warmth and comfort."
"farmhouse_175.jpg","Scandinavian","white, gray, green","wood, stone, metal","Natural light from large windows and skylights.","Clean, bright, and cozy.","sofa, coffee table, fireplace, area rug, outdoor furniture, planter","An open floor plan with a central seating area in front of the fireplace.","A Scandinavian-style house with a welcoming atmosphere, featuring natural materials and light colors."
"farmhouse_177.jpg","Modern Farmhouse","gray, white, wood","wood, metal, glass","natural light from large windows and hanging chandeliers","warm and inviting","kitchen island, stainless steel appliances, hanging pots and pans, wooden dining table","open concept with kitchen flowing into dining area and living room","This modern farmhouse kitchen is characterized by a warm color palette, high-quality materials, and an open layout that combines the cooking, dining, and living spaces for a spacious and inviting environment."
"farmhouse_18.jpg","Modern Minimalist","beige, light wood, dark blue","wood, glass, metal","well-lit with natural light from a large window","calm and organized","drawer organizer, kitchen cabinet","organized open shelving in kitchen space","The interior design exhibits a modern minimalist style with a color palette of beige, light wood, and dark blue. The materials used include wood, glass, and metal. The well-lit space features natural sunlight filtering through the large window, creating a calm and organized atmosphere."
"farmhouse_180.jpg","Modern Minimalist","natural wood, white, neutral grays","wood, fabric, metal, stone","Natural light filtering through the ceiling-to-floor windows, and accented with warm-toned LED track lights.","Bright and airy, with a modern and welcoming vibe.","wooden swing, sofa with gray cushions, round wooden coffee table, large flat-screen TV mounted on wall, floor lamp","A spacious open floor plan centered around an outdoor seating area under a pergola.","This space combines modern design elements with natural materials, creating a bright and inviting living area that seamlessly blends indoors and outdoors."
"farmhouse_182.jpg","Modern","white, black, gray","wood, metal, fabric","soft overhead lighting and natural light from large windows","modern, sleek, and contemporary","sofa with colorful throw pillows, large area rug, minimalist coffee table, wall-mounted flat screen TV, wooden stair railing","open floor plan with a clear view of the kitchen in the background","This modern living room features a neutral color palette, wooden elements, and sleek design. The space is well-lit, creating an open feel that flows seamlessly into the adjacent kitchen."
"farmhouse_184.jpg","Modern","white, light wood","oak wood, marble","natural light from large windows and recessed ceiling lights","bright and airy","large center island, dining table and chairs, built-in oven and microwave, stainless steel appliances, kitchen bar stools","open concept design with combined kitchen and dining area","This modern kitchen features a spacious center island, plenty of natural light from windows, and built-in stainless steel appliances. The color palette is simple yet elegant, and the combination of oak wood and marble gives a warm and sophisticated touch."
"farmhouse_185.jpg","Modern Minimalist","white, gray, black","wood veneer cabinets, black countertops, stainless steel appliances","natural soft light from large windows","bright and energetic","stove top, oven, microwave, kitchen sink, knives set","efficient galley kitchen layout with open shelves for storage","This is a modern, minimalist kitchen that combines stainless steel appliances and black countertops to create a bright and energetic atmosphere. The design includes wood veneer cabinets and efficient galley layout with plenty of storage options, such as open shelves."
"farmhouse_187.jpg","Scandinavian","white, light wood, navy blue","oak wood, stainless steel appliances, marble countertops","soft natural light from large windows and recessed ceiling lights","warm, inviting, and airy","kitchen island with bar stools, open shelving units, large potted plant, modern pendant lights","open layout with kitchen adjacent to living space","This modern Scandinavian-inspired kitchen combines a warm color palette with natural materials and lighting for a cozy yet bright atmosphere."
"farmhouse_188.jpg","Rustic","white, wood, green","wood, metal, glass","bright and natural with high ceiling windows","warm and inviting","wooden bench, garden boxes, steel door, metal railing","a simple and open space with a central garden area","A rustic wooden shed with a high ceiling, featuring a large garden plot in the center, surrounded by wood benches. The interior is brightly lit by natural sunlight streaming through the windows."
"farmhouse_189.jpg","Scandinavian","white, beige, wood accents","oak wood, linen, stainless steel","natural soft light from large windows and pendant lights above island","calm and airy","large kitchen island, white cabinetry, wood floor, potted plants","open space with central seating area around the island, and separate cooking area on one side of room","This is a modern Scandinavian-style kitchen featuring an open concept layout with light wooden tones and stainless steel appliances. The kitchen has large windows that let in soft natural light, and a central island with pendant lights above it for additional illumination. White cabinetry lines the space, complementing the wood floor and providing ample storage. Potted plants add a touch of greenery, contributing to the calm and airy atmosphere."
"farmhouse_19.jpg","Modern Minimalist","white, black, gray","wood, metal, glass","Overhead lights with under-cabinet lights for task and ambient light.","Elegant and sophisticated","kitchen island, bar stools, sleek faucet, modern pendant light","Open concept kitchen with dining area to left of kitchen counter.","A modern, minimalist kitchen featuring a monochromatic color scheme, wood and metal finishes, and stylish fixtures."
"farmhouse_190.jpg","Modern Minimalist","blue, gray, white","wood, glass, metal","natural light from windows","calm and serene","cabinet, sink, towel rack, shower","closed bathroom layout with cabinet under sink","This bathroom combines a modern minimalist design with a focus on functionality and comfort."
"farmhouse_193.jpg","Scandinavian","white, light wood, green accent","oak wood, linen, concrete","natural soft light from large windows and hanging black metal fixtures","calm and airy","kitchen island with bar stools, modern white cabinets, brass hardware on doors and drawers","open kitchen design, connecting to dining area and living space","A spacious Scandinavian style kitchen featuring a light wood color palette, natural light from large windows, and minimalist black fixtures."
"farmhouse_194.jpg","Contemporary","white, light gray, dark wood","stainless steel, wood, glass","Overhead recessed lighting, with under-cabinet lights for task illumination.","Warm and welcoming, with a clean and modern feel.","kitchen island, stainless steel refrigerator, double oven, sink","L-shaped kitchen with breakfast bar seating by the window.","This contemporary kitchen has a clean, modern design with stainless steel appliances and a warm wood finish. The island provides additional workspace and seating for casual dining. Natural light from the large window creates a bright atmosphere."
"farmhouse_195.jpg","Modern Minimalist","white, beige, wood accents","white cabinetry, stainless steel appliances, wood countertops","recessed ceiling lights with ambient lighting","open and airy","center island, hanging pendant lights, potted plants, vases","U-shaped layout with large center island","A modern minimalist kitchen with a clean, open layout featuring white cabinetry, wood accents, stainless steel appliances and ambient lighting. The space is well-lit and airy, with a large center island providing additional countertop space."
"farmhouse_196.jpg","Scandinavian","white, beige, blue","wood, fabric, glass","soft and warm, primarily from overhead light fixture","inviting and cozy","sofa, coffee table, plant, vase, rug, framed artwork","living room with open space to kitchen area","A Scandinavian-style living room that combines natural materials, soft textures, and a neutral color palette for a warm and inviting space."
"farmhouse_197.jpg","Modern Minimalist","white, black","glass, stainless steel","bright and natural light from a window","modern and clean","shower head, faucet, towel rack, bath mat","small space with shower area underneath large window","This modern bathroom features a minimalist design with black and white color palette, glass walls for the shower, stainless steel fixtures, and bright natural light from a large window above the shower."
"farmhouse_199.jpg","Modern Minimalist","light gray, white, natural wood","glass, wood, concrete","ambient and accent lighting for functionality and aesthetics","clean, serene, and sophisticated","freestanding bathtub, walk-in shower, large mirrored wall, wooden sink console","compact yet spacious with efficient use of space","A modern and minimalist bathroom with a soothing color palette, functional fixtures, and stylish design elements."
"farmhouse_2.jpg","Industrial","black, white, metallic","steel, brick, concrete","Recessed ceiling lights with pendant lights over island and track lighting above countertops.","Edgy and bold","black bar stools, stainless steel appliances, large format tiles on the backsplash","Open kitchen with high ceilings, featuring a central island and an L-shaped countertop.","A modern industrial kitchen with a focus on metallic accents, exposed brick walls, and a bold design statement."
"farmhouse_200.jpg","Modern Minimalist","green, white, brass","marble, wood, metal","recessed lighting with warm white bulbs","calm and sophisticated","double vanity mirror, floating sink bowl, bathroom cabinetry","central focus on double vanity mirror, with floating sink bowl in front of a long wall-mounted cabinet","This bathroom combines modern minimalist design elements with luxurious materials and fixtures to create a sophisticated space."
"farmhouse_201.jpg","Modern Rustic","white, wood accents, brass","stainless steel appliances, butcher block island, oak cabinets, marble countertop","reclaimed wood pendant lights and white cabinetry illuminated by under-cabinet lighting","inviting, warm, and cozy","wooden bar stools, stainless steel sink, wood cutting board, metallic serving tray","open concept kitchen with dining nook adjacent to living space","A spacious and well-lit kitchen with a blend of modern and rustic styles, featuring wood accents, stainless steel appliances, and ample seating."
"farmhouse_202.jpg","Modern","gray, off-white, brown","stainless steel appliances, wood cabinetry, cork backsplash","recessed LED lighting and pendant lights over island","cozy and inviting","kitchen island with seating, stainless steel refrigerator, potted plant on counter, wine rack","U-shaped layout with kitchen island at center","This modern kitchen features a warm palette, wood cabinetry, and stainless steel appliances. The U-shaped layout includes an island at the center for additional seating and storage."
"farmhouse_203.jpg","Scandinavian","white, gray, wood","wood, leather, metal","natural light streaming in from large windows, supplemented by pendant lights and floor lamps","airy and bright, with a touch of warmth","dining table, chairs, sink, cabinets, wine rack","open kitchen concept with no-sew island in center of room, flanked by cabinets on two sides and pendant lights above table","A modern, open kitchen design with a warm color palette that includes white for walls and gray for cabinets, complemented by wood elements and soft lighting."
"farmhouse_204.jpg","Modern Minimalist","white, beige, light wood","oak wood, glass, concrete","natural soft light from large windows","calm and airy","island with seating, wooden countertops, stainless steel appliances, baskets for pantry","open space with central island and seating area","Modern minimalist kitchen featuring a white color scheme, oak wood accents, and glass elements. Large island serves as both seating and countertop workspace."
"farmhouse_206.jpg","Scandinavian","light green, white, wood tones","oak cabinets, marble countertops, stainless steel appliances","bright and natural from large windows in the kitchen","calm and airy with a touch of rustic charm","white chair at the island, large marble countertops, wooden utensils","galley style layout with an island in the center","A bright Scandinavian-style kitchen with oak cabinets and a large island, featuring stainless steel appliances and natural light from several windows."
"farmhouse_207.jpg","Modern Minimalist","white, black, silver","glass, stainless steel, porcelain","bright and natural with recessed lights","clean and contemporary","large mirror, white porcelain sink, black faucet, silver towel rack","single wall vanity in corner of bathroom","This is a modern, minimalist bathroom design with clean lines and a monochromatic color scheme. The use of glass, stainless steel, and porcelain gives the space a sleek and contemporary feel."
"farmhouse_208.jpg","Modern Minimalist","grey, green, wood","wood, rubber, metal","natural soft light from large windows","bright and energetic","swingset, slide, monkey bars, trampoline","outdoor play area with equipment arranged for child safety and easy access","This playground is designed with modern minimalist aesthetics, featuring wood, rubber and metal materials that give it a sleek yet durable appearance. The space is filled with natural light from surrounding windows, creating a bright and inviting atmosphere for children to enjoy outdoor play activities."
"farmhouse_209.jpg","Modern","black, white, wood","wood, steel, glass","natural and warm light","calm and cozy","mirror, bathroom sink, shelving unit, plant","small space with a single vanity in the center","This is a modern bathroom design that features wood accents, a black and white color scheme, and a small mirror above the vanity. The layout is efficient and centered around the sink, creating a calm and cozy atmosphere."
"farmhouse_212.jpg","Modern","white, gray, blue","glass, wood, metal","natural sunlight","contemporary and inviting","washer and dryer, rugs on floor, shelves with towels","linear hallway leading to bedrooms and bathroom","Modern laundry room with clean lines, natural lighting and open concept layout."
"farmhouse_213.jpg","Modern","gray, white, beige","wood, fabric, steel","natural and ambient light","warm and inviting","sofa, coffee table, chairs, lamps","open concept living space with separate zones for dining, cooking, and lounging.","This modern living room features an open floor plan that allows for a sense of spaciousness and flow, with distinct areas dedicated to dining, cooking, and relaxation."
"farmhouse_214.jpg","Modern Minimalist","white, grey, blue","wooden floors, stone wall, steel accents","bright and natural light from large windows and recessed ceiling lights","spacious and serene","sofa, coffee table, floor lamp, plants, potted tree","open floor plan with living area adjacent to patio space","This open-concept living room is styled in a modern minimalist design, featuring wood floors and stone wall as the primary materials. The color palette consists of white, grey, and blue accents. Large windows provide natural bright lighting. The space has a serene mood, enhanced by the wooden beams overhead and the steel accents in the fireplace. A sofa, coffee table, floor lamp, plants, and a large potted tree create a cozy living area adjacent to an outdoor patio space."
"farmhouse_215.jpg","Modern","white, gray, beige","leather, fabric, wood","natural soft light from large windows and floor lamps","calm and cozy","king size bed with dark wooden headboard and linens, two nightstands with lamps, large windows for natural light, white patterned rug on wooden floor, dark wood coffee table","open space with central seating area featuring the bed, two chairs and a small sofa or love seat","This is a modern bedroom designed for comfort and relaxation. The room features a king size bed at the center, flanked by two nightstands with lamps and accented with a white patterned rug on the wooden floor."
"farmhouse_216.jpg","Modern Minimalist","white, beige, light wood","wood, glass, stainless steel","natural soft light from large windows and under-cabinet lighting","calm and airy","kitchen cabinets, porcelain dishes, wooden kitchen utensils, stainless steel appliances","clean and organized layout with open shelving for easy access to items","This kitchen features a modern minimalist style with a color palette of white, beige, and light wood. The space is made up of wood and glass materials, complemented by stainless steel appliances that add a touch of modernity. Large windows allow for natural soft light to fill the room, creating a calm and airy atmosphere. Open shelving provides easy access to kitchen essentials, while the clean and organized layout contributes to a clutter-free and efficient environment."
"farmhouse_217.jpg","Scandinavian","light blue, beige, white","wood, linen, glass","bright natural light from large windows","calm and airy","blue velvet armchair, wooden stool with woven seat, mid-century modern coffee table, large round mirror, small green plant in corner","open space with central seating area and separate storage nook","This living room exhibits a Scandinavian design style, featuring light blue and beige textiles on wooden furniture. The space is bathed in bright natural light from large windows, creating a calm and airy atmosphere. A mid-century modern coffee table sits at the center of the seating area, surrounded by a blue velvet armchair with a wooden stool with woven seat. To the side, there's a separate storage nook, adding functionality to the space."
"farmhouse_219.jpg","Modern Minimalist","grayscale, beige, natural wood","wood, leather, stone","ambient and task lighting with natural light from windows","calm and inviting","sofa, coffee table, area rug, potted plant","open layout with a central focus on the seating area","This modern living room features a minimalist design with neutral colors, natural materials and a well-organized layout that creates a comfortable and inviting atmosphere."
"farmhouse_22.jpg","Industrial Loft","white, gray, black","wood, steel, glass","reclaimed wood beams and chandeliers provide warm, rustic lighting that contrasts with sleek steel fixtures.","industrial-inspired open floor plan living space with a cozy and modern feel","sectional sofa, wooden coffee table, reclaimed wood dining table, steel pendant light, vintage leather armchair","great room concept with open kitchen in the background, showcasing rustic exposed ceiling beams and chandeliers.","This living space has an industrial-inspired design featuring a combination of raw materials like reclaimed wood and steel against a neutral color palette. The room is filled with natural light from large windows, creating a warm and airy atmosphere that balances the sleek lines of the contemporary furniture pieces."
"farmhouse_220.jpg","Scandinavian","light wood, white, light blue","wood, glass, metal","bright and natural from large windows","calm and airy","wooden table, bar stools, silverware","open space with central seating area around bar and island","The design features a modern Scandinavian style with light wood tones, white accents, and natural light from the windows creating a calm and airy mood. The material choices include wood for the cabinets and countertops, glass for the backsplash, and metal for the appliances. The space is arranged around an open kitchen concept with a central bar area."
"farmhouse_221.jpg","Modern","dark gray, white, gold","wood, porcelain, brass","well-lit with natural light and recessed lights","clean, modern, and spacious","vanity mirror, toilet paper holder, bathroom sink, wooden cabinet","open layout with toilet next to the vanity area","This is a clean, modern bathroom with a dark gray color scheme and wood accents."
"farmhouse_222.jpg","Modern Minimalist","white, wood tones","wood panels, metallic fixtures, linen towels","bright and clean with recessed lighting","calm and serene","white porcelain bathroom sink, wood framed mirrors, metallic towel racks","small space efficiently arranged with minimal clutter","This modern bathroom features a clean white color palette, wood accents and minimalist design elements that create a serene and calming atmosphere."
"farmhouse_223.jpg","Modern Minimalist","black, white, gray","wood, metal, textile","recessed lighting and natural light from windows","clean, crisp, and minimalistic","dining table, modern chairs, hanging pendant lights, wooden shelves, modern sofa","open concept with seating area adjacent to dining area","This modern kitchen and dining room combines minimalistic design elements with a clean, airy feel. The open layout creates a spacious and inviting atmosphere, ideal for family gatherings or intimate dinners."
"farmhouse_224.jpg","Modern","white, gray, black","marble, metal","modern chandeliers over double vanity mirror","contemporary and luxurious","double vanity sinks, mirror, hanging chandelier, decorative vase on countertop","long rectangular space with a central double vanity","This modern bathroom features a sleek design with marble countertops, metallic fixtures, and contemporary lighting."
"farmhouse_226.jpg","Modern Minimalist","white, grey, wood","wood, linen, cement","natural soft light from large windows","calm and airy","sofa, coffee table, plant, floor lamp, bookshelf, planter, vase","open space with central seating area","This is a modern minimalist interior design with clean lines and natural materials. The room has large windows allowing for soft, natural light to fill the space. The color palette is simple with white, grey, and wood tones. The materials used include cement, linen, and wood that add warmth and texture to the room. A bookshelf holds decorative items like a plant, vase, and books. The layout is open and centered around a seating area for relaxation."
"farmhouse_227.jpg","Scandinavian","white, light gray, light blue","wood, glass, stone","natural light from large windows, accented by warm LED recessed lighting","calm and serene","modern sofa, minimalist coffee table, floor-to-ceiling window, mid-century modern chairs","open floor plan with central seating area, leading to a large backyard",""
"farmhouse_228.jpg","Modern Minimalist","white, navy blue, black, brass","tile flooring, wood-framed glass shower door, brass fixtures, white brick wall","natural soft light from large windows and a single hanging ceiling light","calm and airy","bathtub, showerhead, bathmat, small wooden stool with plants on it","open space with central shower area","A modern, minimalist bathroom design featuring a tile floor and wall, a wood-framed glass shower door, brass fixtures, a single hanging light, and a small wooden stool with plants on it."
"farmhouse_229.jpg","Modern Minimalist","light wood, gray, white","wood, linen, glass","natural soft light from large windows","calm and airy","table, chairs, vase, pillows","open space with central seating area","A modern dining room featuring a minimalist design, light wood tones, linen fabrics, and natural light that creates a calm and airy atmosphere."
"farmhouse_23.jpg","Modern Minimalist","gray, white, brass","wood, glass, metal","natural soft light from large windows","calm and airy","sink, mirror, vanity lights, towel bar","small rectangular space with mirror above sink","This modern bathroom design features a minimalist color palette, wood and glass materials, soft lighting, and functional yet elegant objects. The layout focuses on the sink area as the primary activity space."
"farmhouse_230.jpg","Modern Minimalist","white, beige, light wood","oak wood, linen, concrete","natural soft light from large windows","calm and airy","sofa, coffee table, plant, floor lamp","open space with central seating area","The interior features a minimalistic design with light wood accents, oak flooring, and linen textiles. Natural light illuminates the room, creating a calming atmosphere. A sofa sits in the center of the open space, providing an intimate seating area for relaxation."
"farmhouse_231.jpg","Modern","gray, white, wood","metal, glass, concrete","bright and natural from large windows on side of building","airy and spacious","sofa, coffee table, potted plant, bar stools","open plan with kitchen and living area sharing a common space","The interior design is modern, featuring a mix of grays, whites, and wood tones. The space is open and bright, with large windows allowing for natural light to fill the room. Materials include metal, glass, and concrete. Furniture includes a sofa, coffee table, potted plant, and bar stools."
"farmhouse_233.jpg","Modern","gray, beige, black","wood, glass, metal","bright and airy with natural light from window","minimalistic and clean","bathroom vanity with mirror and sink, standing shower stall, toilet paper holder on wall","small bathroom with a stand-up shower in the corner","This modern bathroom design features clean lines, minimalistic elements, and bright lighting, creating a serene yet stylish atmosphere."
"farmhouse_236.jpg","Scandinavian","white, blue, silver","linen, wool, wood","Soft natural light from two windows","Calm and relaxed","bed, nightstand, lamp, couch, wall decor","Narrow bedroom with twin beds, nightstand between them","A cozy Scandinavian-style bedroom with light colors and simple, natural materials."
"farmhouse_237.jpg","Modern Minimalist","white, gold","oak wood, linen","natural soft light from large windows","calm and airy","bathtub, sink, mirror, vanity lights","spacious bathroom with double sinks and standalone tub","A modern, minimalist bathroom design featuring a white color palette with gold accents, natural lighting from windows, and a clean, open layout. The space is characterized by its simplicity and uncluttered appearance."
"farmhouse_239.jpg","Modern Minimalist","white, black","oak wood, steel, glass","recessed lighting with dimmable LED ceiling lights","modern and elegant","flat screen TV, black leather sofa, minimalist coffee table, floor lamp","open space with central seating area, large entertainment wall unit","This modern living room combines minimalism and elegance with a focus on clean lines and high-quality materials."
"farmhouse_240.jpg","Modern Minimalist","white, beige, green accent","oak wood, linen, concrete, steel","soft natural light from large windows","calm and airy","sofa, coffee table, plant, floor lamp","open space with central seating area around fireplace","This modern minimalist living room is designed for a calm and airy atmosphere, featuring soft natural light from large windows. The color palette is primarily white, beige, and green accent, complemented by oak wood flooring and steel accents. The space is adorned with simple furniture like a sofa, coffee table, plant, and floor lamp. A central seating area around the fireplace makes the room inviting and cozy."
"farmhouse_241.jpg","Scandinavian","white, blue, wood","wood, metal, glass","Natural light from large windows and skylights, complemented by recessed ceiling lights.","Clean and bright, with a touch of coziness from the wooden elements and color palette.","blue fridge, wood cabinets, metal sink, glass shelf","The kitchen is designed in an open concept layout, creating a seamless transition between the kitchen and living area. A bar separates the two spaces, adding functionality without compromising on style.","This kitchen showcases a Scandinavian design with white walls, blue cabinets, wood elements, and natural light from large windows."
"farmhouse_242.jpg","Modern Minimalist","white, gray, black","marble, wood, metal","well-lit with a combination of natural light and recessed lights","elegant and sophisticated","sink, mirror, towel rack, plant, candle","double vanity with ample counter space on either side","This bathroom features a modern minimalist design with white marble countertops, black fixtures, and gray accents. The well-lit space has a double vanity with an oval mirror, towel racks on both sides of the vanities, a candle for ambiance, and a potted plant adding a touch of greenery."
"farmhouse_243.jpg","Modern Minimalist","white, light wood, black accent","oak wood, linen, wood veneer","natural soft light from large windows","calm and airy","sofa, coffee table, plant, floor lamp","open space with central seating area","The room features a modern minimalist design with a light wood color palette, large windows that allow natural light to fill the space, and a variety of materials such as oak wood, linen, and wood veneer. The overall mood is calm and airy, with a focus on simplicity and clean lines. The room contains key pieces like a sofa, coffee table, plant, and floor lamp for both function and style."
"farmhouse_244.jpg","Scandinavian","white, beige, light wood","wood planks, linen cushions, metal candle holder","warm and inviting with natural light from large windows","calm and peaceful","sofa, coffee table, chair, plant, floor lamp","open space design with central seating area","This is a spacious living room with a warm Scandinavian style, featuring light wood planks, linen cushions, and an open layout that invites natural light to fill the room."
"farmhouse_245.jpg","Modern Minimalist","white, light wood, green accent","oak wood, concrete, steel","natural soft light from large windows","calm and airy","wooden kitchen island with open shelves, ceramic bowls, potted plant, white vase, coffee table","open space with central seating area around kitchen island","The kitchen features a modern minimalist style with clean lines and an emphasis on light wood accents. The color palette is soft and natural, enhancing the sense of calm and openness in the space. Natural light from large windows illuminates the room, creating a bright and airy atmosphere. Key elements include wooden cabinets, ceramic bowls, a potted plant, a vase, and a coffee table. The layout is designed to encourage interaction with a central seating area around the kitchen island."
"farmhouse_247.jpg","Modern Minimalist","white, beige, light wood","oak wood, linen, concrete","natural soft light from large windows","calm and airy","cabinet, clothes hanging on hooks, bags on shelves","open space with centralized cabinet and storage areas","The interior design is modern and minimalist, featuring a neutral color palette with wood and linen accents. The natural lighting creates an open feeling to the room, with the central cabinet serving as a focal point for organization and storage."
"farmhouse_248.jpg","Traditional","light beige, white, dark brown","brick exterior siding, vinyl window frames, hardwood floors","Natural light from large windows and a front porch with ceiling fan and lights","Warm and inviting","front door with chandelier above it, patio furniture set, large potted plants on the steps","Main floor has a formal living room, dining room, kitchen, and front porch; second floor has bedrooms and another bathroom","A traditional two-story house with a welcoming front porch that offers shade from an overhead fan and ceiling light."
"farmhouse_25.jpg","Modern Minimalist","white, blue, stainless steel","oak wood, marble countertops, black metal appliances","natural soft light from large windows above the sink","bright and clean","white stove, blue bowl on the counter, stainless steel refrigerator, small green plant in a white pot","galley style with two sinks side by side and an island in the center","This modern kitchen has clean lines, minimal decorations, and uses a color palette of white, blue, and black. The large windows provide ample natural light, which contributes to the bright and airy atmosphere."
"farmhouse_250.jpg","Modern","green, blue, white","brick, concrete, wood","Natural light from the trees and bright sky above.","Peaceful and serene","trees, garden bed, statue","Nature-inspired garden with paths leading through it.","This is a modern garden with minimalist design elements, incorporating natural materials like brick and concrete. The color palette is simple yet vibrant, creating a peaceful atmosphere."
"farmhouse_251.jpg","Modern Minimalist","white, beige, light wood","wood, marble, metal","natural soft light from large windows and recessed ceiling lights","calm and airy","kitchen island, barstools, cooker stove, sink, kitchen cabinets","open space with central kitchen island, flanked by appliances and a dining table at one end","This modern minimalist kitchen features clean lines and an uncluttered design, with a warm palette of whites and light woods. The large windows allow for abundant natural light, creating a bright and airy atmosphere."
"farmhouse_252.jpg","Industrial Loft","white, wooden, metallic","wood, steel, glass","Natural light from large windows and industrial style pendant lights","Cool and modern","vintage wood doors, industrial metal cabinet, modern floor lamp, wooden console table, abstract artwork","Open space with high ceilings, long hallway leading to other rooms","This loft style interior has an industrial feel with vintage wooden doors and steel accents. The color palette is simple yet striking with the contrast of white walls, wooden floors, and metallic fixtures. Natural light fills the space from large windows, while pendant lights add a modern touch to the room."
"farmhouse_253.jpg","Traditional","brown, green, white","wood, stone, metal","Natural light from windows and skylights","Warm, inviting, and rustic","wooden bench, farm table, antique plow, wheat sheaf","Elongated building with multiple gables, divided into sections by interior walls.","An old stone barn converted into a charming and rustic living space."
"farmhouse_254.jpg","Rustic Cabin","brown, white, green","wood, stone, metal","natural light from windows and outdoor setting","peaceful and pastoral","porch swing, rustic table, barn door, cow statue","open space with porch and barn in the background","This rustic cabin design combines traditional elements such as wooden walls, a stone chimney, and a cow motif to create an idyllic countryside atmosphere."
"farmhouse_255.jpg","Colonial","white, gray, black","wood, metal, glass","Natural sunlight illuminating the space through large windows","Warm and inviting","gate, fence, driveway, trees","A symmetrical entrance with a central fountain","This Colonial-style home exudes a warm, welcoming atmosphere through its architectural design and natural lighting."
"farmhouse_256.jpg","Scandinavian","white, light gray, beige","wood, linen, cushioned fabrics","natural soft light from large windows and ceiling lights","calm and serene","sofa, coffee table, area rug, floor lamp","open space with central seating area around fireplace","This is a well-lit, Scandinavian-style living room with a neutral color palette and natural materials. The open layout promotes a calm and serene atmosphere."
"farmhouse_258.jpg","Modern","neutral, blue, wood","metal, leather, natural wood","soft, natural light from large windows","comfortable and relaxed","couch, bed, storage bench, side tables","open floor plan with central seating area","This is a modern bedroom with a neutral color palette, metal frame beds, wooden accents and large windows that provide soft lighting. The room feels comfortable and relaxed with its inviting couch and storage bench."
"farmhouse_259.jpg","Modern Minimalist","white, light wood, natural tones","concrete, wood, metal","moderate and natural light from large windows and sliding glass doors, with supplementary track lighting for even illumination","calm and serene","sofa, coffee table, floor lamp, large area rug, artwork","open floor plan with a central living area flanked by two wings for additional spaces (bedrooms, bathroom)","This modern house features minimalist design elements such as clean lines and a neutral color palette. The space is filled with natural light from large windows and sliding glass doors, creating a calm and serene atmosphere."
"farmhouse_26.jpg","Modern Minimalist","white, light gray","wood, marble","natural soft light from large windows and recessed ceiling lights","calm and airy","white kitchen island with sink, modern stainless steel appliances, wooden countertops, large kitchen cabinetry, contemporary pendant lighting","open space with central seating area around kitchen island","This modern minimalist kitchen features a neutral color palette of white and light gray, contrasted by wooden countertops and marble backsplash. The large windows provide ample natural light that complements the recessed ceiling lights. The open space design allows for easy movement while cooking or socializing at the central island seating area."
"farmhouse_260.jpg","Modern Minimalist","white, light wood","oak wood, linen","natural soft light from large windows","calm and airy","table, chairs, flowers, candles","open space with central seating area","This is a spacious modern home kitchen with a minimalist design, featuring oak wood floors and furniture, linen accents, and a bright airy feel from the large windows."
"farmhouse_261.jpg","Modern Rustic","white, beige, light wood","wood, fabric, stone","natural soft light from large windows","warm and cozy","porch rocking chair, patio table and chairs, potted plant","open space with central seating area","The interior design of this porch combines modern rustic elements, featuring white wicker rocking chairs and a wooden porch table. The natural light from large windows creates a warm and cozy atmosphere, perfect for relaxation."
"farmhouse_262.jpg","Modern Minimalist","white, grey, light wood","oak wood, glass, concrete","natural soft light from large windows and hanging lamps","calm and airy","kitchen island, modern chairs, hanging plant, bookshelf","open space with central kitchen island and dining area","This modern minimalist design features a neutral color palette, open spaces, natural lighting, and simple, functional furniture."
"farmhouse_263.jpg","Industrial Loft","white, black, grey","wood, metal, glass","industrial track lighting and a large window providing natural light","modern and edgy","plant, potted plant, coffee table, chairs","open plan with high ceiling and exposed beams","Industrial loft interior featuring modern design elements such as black windows, metal beams, and wood accents."
"farmhouse_264.jpg","Rural Barn","light gray, dark brown, black","metal siding, wood beams, stone foundation","Natural sunlight streaming in from windows and open doors","Serene and inviting with rustic charm","large wooden door with barn style, metal sign above door reading 'Barn', barn-style window on side of building","Simple, single level space with open doors leading to outdoors","A charming rural barn building with a rustic, barn-like design and materials that give it an old-fashioned yet functional appeal."
"farmhouse_265.jpg","Scandinavian","white, wood, steel","wood, steel, glass","soft and natural, with overhead track lighting supplementing the ambient sunlight from large windows","calm and airy, with a touch of modern minimalism","modern kitchen island with built-in cooktop, black bar stools for casual dining, large abstract artwork as focal point on the wall","open layout with separate spaces clearly defined by cabinetry and fixtures","This modern kitchen combines a Scandinavian design sensibility with warm wood tones, sleek steel appliances, and ample natural light."
"farmhouse_266.jpg","Modern","Warm Brown, Light Beige, Sandy Tan","Wood, Concrete, Glass","Natural sunlight streaming through windows and skylights","Clean, bright, and airy","Industrial-style pendant light, Sleek lines of wooden slats on ceiling, Contemporary sofa with minimalist design","Open floor plan with circular seating arrangement","This modern interior features a warm color palette, natural lighting, and clean lines to create an inviting and stylish space."
"farmhouse_267.jpg","Naturalistic","green, brown, beige","wood, stone, concrete","natural light filtering through trees and onto the patio","relaxed and tranquil","patio table, potted plants, deck furniture","open outdoor space with a central patio area surrounded by trees","This outdoor design features natural materials and a color palette that blends well with the surrounding environment, creating a serene atmosphere for relaxation and socializing."
"farmhouse_268.jpg","Modern Minimalist","white, light wood, blue accent","wood paneling, leather upholstery, black metal railings","Natural light from large windows and ceiling lights","Modern and serene","floor lamp, white sofa, coffee table, large potted plant","Open space with central seating area under a covered porch","A modern, minimalist style home with a mix of natural and artificial lighting, wood paneling, leather upholstery, and black metal railings. Features include white sofa, floor lamp, coffee table, large potted plant, and an outdoor covered porch."
"farmhouse_269.jpg","Modern Minimalist","white, beige, light wood","wood, fabric, metal","natural soft light from large windows","calm and airy","sofa, coffee table, potted plant, floor lamp","open space with central seating area","This modern minimalist interior design features a bright white color palette, natural light streaming in from large windows, and a harmonious blend of wood, fabric, and metal materials. The layout is open and welcoming, centered around a comfortable sofa, coffee table, and a softly lit floor lamp."
"farmhouse_27.jpg","Scandinavian","white, light wood, gray","wood, linen, metal","natural light from large windows","calm and serene","shelves, plants, kitchen cabinets, washing machine, sink","open layout with a central workspace","This image features an open kitchen space with a light color palette, natural lighting, and a Scandinavian design style. The room includes shelves for storage, plants for greenery, kitchen appliances, and cabinets for organization. The overall mood of the space is calm and serene."
"farmhouse_271.jpg","Scandinavian","dark green, light blue, white","wood, glass, tile","recessed lighting with pendant lights above the sink","calm and serene","sink, vanity mirror, soap dispenser, two small vases","narrow alcove between two walls with one wall covered in floral wallpaper, bathroom sink centrally located below a large mirror","A serene and stylish Scandinavian bathroom with floral accents."
"farmhouse_272.jpg","Country","warm brown, wood grain, rustic red","natural wood, tile backsplash, stainless steel","Natural light from windows and skylights","Cozy and inviting","large center island, wooden cabinets, wine rack, antler decoration","Open kitchen with a central island and wooden cabinets surrounding it","A rustic country style kitchen with warm tones, natural materials, and an inviting atmosphere."
"farmhouse_274.jpg","Modern Minimalist","white, beige, light wood","stainless steel appliances, glass front cabinets","recessed lighting with warm white glow","bright and inviting","refrigerator freezer, oven, wine rack, toaster","kitchen island as central workspace","A modern, minimalist kitchen with a clean and functional design featuring stainless steel appliances, glass front cabinets, recessed lighting, and an efficient layout centered around the kitchen island."
"farmhouse_275.jpg","Modern Minimalist","white, beige, gray","wood, fabric, metal","recessed lighting with natural soft light from large windows","calm and airy","sofa, coffee table, chair, plant, floor lamp","open space with central seating area, featuring a fireplace as focal point","This modern living room has clean lines and minimalist design elements, offering a comfortable yet stylish space for relaxation and entertainment."
"farmhouse_276.jpg","Rustic Contemporary","natural wood, neutral greys, terracotta","wood, stone, metal","Natural light with ambient outdoor lighting","Warm and inviting","wooden gate, stone archway, rustic table, wood-burning stove","Outdoor space with a central walkway flanked by landscaping on both sides","This scene combines modern design elements such as the wooden gate and stone archway with rustic materials like wood and stone to create a warm and inviting outdoor space that integrates seamlessly with the natural environment."
"farmhouse_277.jpg","Modern Minimalist","white, beige, light wood","oak wood, glass, stainless steel","Recessed lighting and overhead hanging lights provide ample brightness.","Calm and airy, with a touch of modern elegance.","kitchen island, double oven, stainless steel refrigerator","A spacious kitchen featuring an L-shaped layout with the island at its heart.","This modern minimalist kitchen is characterized by clean lines, neutral colors, and sleek appliances. The stainless steel appliances and oak cabinetry create a warm yet chic atmosphere."
"farmhouse_278.jpg","Modern Minimalist","white, beige, light wood, gray","oak wood, linen, concrete, steel","natural soft light from large windows and recessed lights","calm and airy","open bar, island with sink, barstools, kitchen stove","spacious open layout with central island and seating area around it","This modern minimalist kitchen features an all-white color scheme with beige and light wood accents, creating a clean and serene atmosphere. The space is filled with natural light from the large windows and recessed lights overhead. Materials include oak wood cabinetry and flooring, concrete countertops, and stainless steel appliances, contributing to an industrial loft-style feel. The open bar at the center provides additional seating and a functional workspace for meal preparation. The mood is calm and airy, perfect for entertaining or relaxed family dinners."
"farmhouse_279.jpg","Scandinavian","white, light blue, natural wood","oak wood cabinets and countertops, stainless steel appliances, blue linoleum flooring","overhead pendant lights with recessed lighting providing ample illumination","warm, inviting, and open","island in the center of kitchen for additional counter space, sleek stainless steel appliances, wooden dining table with benches","open floor plan connecting kitchen and living room areas","This modern Scandinavian-style kitchen features a clean, minimalist design with warm wood tones, light blue accents, and overhead pendant lights. The space is well-lit with recessed lighting and open layouts that connect to the adjacent living room area."
"farmhouse_280.jpg","Modern Minimalist","white, light beige, wood accents","glass, tile, marble","soft, natural light from glass block windows and ceiling lights","calm and serene","freestanding tub, shower with rain showerhead, plant, potted flowers, tile backsplash","linear layout with glass block windows and door leading to outdoor space","A modern, minimalist bathroom design with a clean aesthetic and natural lighting."
"farmhouse_281.jpg","Modern Minimalist","white, light wood, gray","stainless steel, natural wood, stone","well-lit with recessed lights and a large window in the center","clean, sleek, and contemporary","modern bar stools, large island, stainless steel appliances","open concept with separate dining area and kitchen space","This modern kitchen features a monochromatic color scheme with white and light wood tones, stainless steel fixtures, and natural materials such as wood and stone. The open layout and minimalist design create an airy and contemporary feel."
"farmhouse_282.jpg","Modern Minimalist","dark wood, light wood, white","wood, metal, fabric","recessed ceiling lights with warm LED bulbs and ambient light from under-cabinet LED strip","clean, minimalistic, and well-organized","wooden cabinets, drawers, countertops, open shelving","kitchen designed with space optimization in mind, featuring an island with a built-in dishwasher","This is a modern, minimalistic kitchen design that focuses on clean lines and efficient use of space. The color palette consists of dark wood for the cabinets and countertops, while the drawers are a light wood tone. The materials used include wood for the cabinets, metal for the appliances, and fabric for upholstery and curtains. Lighting is provided by recessed ceiling lights with warm LED bulbs, as well as ambient light from an under-cabinet LED strip. Objects in this kitchen include wooden cabinets, drawers, countertops, and open shelving that help to keep the space organized and clutter-free."
"farmhouse_283.jpg","Modern Minimalist","white, light wood, gray","oak wood, linen, steel","natural soft light from large windows and recessed LED lights","calm and airy","dining table, chairs, vase with flowers, floor lamp, potted plant","open space with central seating area, surrounded by large windows that overlook a backyard","This modern kitchen and dining room blend together to create an open concept space. The use of natural light from the many windows creates a bright and inviting atmosphere, while the minimalist design elements ensure that the space feels calm and uncluttered."
"farmhouse_284.jpg","Modern Minimalist","white, light wood, bronze","stainless steel, white marble, light oak","natural soft light from large windows","calm and airy","double sink vanity, silver faucet, brass cabinet handles, hanging pendant lights, wooden cutting board","linear arrangement with work triangle","This modern kitchen features a clean and minimalist design, with a color palette of light wood and white. Stainless steel appliances complement the white marble counters, while brass cabinet handles add a touch of warmth. The large windows allow natural light to fill the space, creating an airy and calm atmosphere."
"farmhouse_287.jpg","Modern","beige, dark brown, green","wood, stone, leather","natural light from the large windows and recessed lights","spacious and inviting with a hint of sophistication","sofa, coffee table, floor lamp, plant, couch","open living space with a central seating area","This modern living room features a neutral color palette, natural materials like wood and stone, and recessed lights that highlight the high ceiling. The open layout encourages conversation and socializing."
"farmhouse_288.jpg","Modern","gray, black, white","wood, leather, brass","well-lit with natural light and soft ambient lighting","modern and sophisticated","dining table, chairs, countertop, sink","open concept layout with island in the middle of the kitchen and dining area","This modern kitchen and dining room features a monochromatic color palette, with gray tones on the walls and black leather chairs at a dark wooden table. The space is well-lit by natural light that comes through large windows, complemented by soft ambient lighting. The layout includes an island in the center of the kitchen and dining area, providing extra workspace and seating options."
"farmhouse_289.jpg","Modern","white, brown, black","stainless steel, wooden floors, brick wall","recessed lighting with pendant lights above island and hanging chandeliers","modern, minimalist, and clean","island with seating, hanging light fixtures, metal barstools","L-shaped design with open kitchen and dining area","This kitchen combines modern minimalism with industrial elements, featuring a stainless steel refrigerator and sink, wooden floors, brick walls, pendant lights, and hanging chandeliers. The island provides a casual dining option while the open space allows for easy movement between the kitchen and dining areas."
"farmhouse_29.jpg","Modern","light gray, dark brown, white","tile, wood, brass","well-lit with recessed lighting and natural light from a window","calm and clean","mirror above the sink, bathmat on floor, plant on counter, towel rack on wall","long rectangular bathroom with door at far end, mirrored cabinet over sink, large shower and bathtub against one wall.","This is a modern-style bathroom with clean lines and light colors. It features tile flooring, wood accents, recessed lighting, and a large window that allows natural light in."
"farmhouse_290.jpg","Modern Minimalist","white, brown, black","wood, tile, metal","Overhead lighting complemented by wall sconces","Clean and contemporary","large mirror, sink basins, framed artwork, plants","Functional layout with efficient use of space","This bathroom combines modern design elements with minimalist aesthetics to create an elegant and functional space."
"farmhouse_292.jpg","Country Inn","white, brown, grey","brick, wooden beams, wood paneling","Natural light with soft, diffused interiors.","Warm and welcoming.","large wooden front door, white rocking chair on porch, brick fireplace in living room, wooden staircase bannister, wooden armoire","Two story house with brick exterior, central chimney, and a wrap-around porch.","A two-story country inn style home with a warm and welcoming atmosphere, featuring natural materials like brick, wooden beams and panels. The layout features a large front door, a wrap-around porch with rocking chairs, and a central chimney."
"farmhouse_293.jpg","Modern Minimalist","grayscale, natural wood tones","wood paneling, stainless steel, black granite","recessed lighting, ambient lights in backsplash","modern, elegant, minimalistic","wood-burning stove, sleek countertops, built-in barbecue grill","linear layout with central kitchen island","This modern kitchen is designed to be sleek and functional, featuring wood paneling, stainless steel appliances, and a built-in barbecue grill. The grayscale color scheme enhances the minimalistic design, creating an elegant and uncluttered space that emphasizes clean lines and high-quality materials."
"farmhouse_294.jpg","Modern Minimalist","white, gray, light wood","oak wood, stainless steel, glass","bright and airy with soft spotlighting","modern, stylish, clean","fridge set into cabinetry, wooden island for food prep, hanging pot rack, modern stove top","open concept layout with no wall between kitchen and living area","This modern kitchen combines sleek design with functionality, utilizing open shelves and integrated appliances to create a clean and stylish space."
"farmhouse_295.jpg","Modern","white, wood tones, copper accents","wood, stainless steel, marble","Natural light from a large window and recessed ceiling lights provide ample illumination.","Bright and airy with a warm, welcoming atmosphere.","kitchen island, butcher block table, modern range hood","Open layout with a spacious kitchen that flows into a dining area.","This modern kitchen features high-quality materials and fixtures, creating an inviting and stylish space."
"farmhouse_296.jpg","Modern Minimalist","white, light wood","wood paneling, stone facade, metal roof","bright with natural light from large windows and skylights","welcoming and spacious","sofa, coffee table, flat-screen TV, modern art on wall, floor lamp","open floor plan with central seating area surrounded by windows","This modern home features a minimalist design with wood paneling and stone facade. The spacious living room is filled with natural light from large windows and skylights, creating a bright and welcoming atmosphere."
"farmhouse_297.jpg","Scandinavian","white, blue, brown","wood, leather, metal","natural soft light from large windows and white walls","calm and airy","sofa, coffee table, plant, floor lamp, books, painting","open space with central seating area","The living room is designed in a Scandinavian style, featuring light wood floors and furniture, blue couches, leather chairs, and brown accents. The space is open and airy, with large windows allowing natural light to fill the room. A fireplace adds warmth to the cool color palette."
"farmhouse_298.jpg","Modern Minimalist","white, beige, light wood","oak wood, linen, concrete, steel","natural soft light from large windows","calm and airy","sofa, coffee table, plant, floor lamp, woven basket, wooden bowl, vase with flowers","open space with central seating area around fireplace","This modern minimalist living room features a calming color palette of whites and light wood tones, creating an airy atmosphere. Natural light fills the room through large windows, complementing the oak wood flooring and concrete walls. The layout centers around a cozy seating area centered by a fireplace, with additional accents like a woven basket and wooden bowl on the coffee table."
"farmhouse_299.jpg","Modern Minimalist","white, beige, light wood","oak wood, fabric upholstery, metal hardware","bright and airy with recessed lighting","calm and inviting","sectional sofa, coffee table, floor lamp, area rug, bookshelf","open concept with a central seating area","A modern, minimalist living room featuring neutral colors and natural materials, with ample lighting that creates a calm and inviting atmosphere."
"farmhouse_3.jpg","Modern Minimalist","white, light gray","wood, cloth","natural soft light from large windows","calm and airy","doorway with wreath hanging on it, wicker basket coat rack, wooden wall mirror, sconce light fixture","open space with central hallway leading to living room","A modern, minimalist entry foyer with wood and cloth accents, featuring a large wall mirror, wicker basket coat rack, and natural lighting."
"farmhouse_300.jpg","Scandinavian","white, black, beige","granite, metal, wood","good natural light from the window above the sink","clean and serene","sink with silver faucet, cabinets, countertop, kitchen island","kitchen layout with black granite countertop and metal faucet on the kitchen island","A modern Scandinavian kitchen design featuring a black granite countertop and a silver faucet on an island."
"farmhouse_301.jpg","Modern","blue, white","wood, glass","natural light from large windows","clean and modern","blue cabinet, antique mirror, vintage globe, modern sink","long and narrow space with two sinks flanking blue cabinet in center","Modern bathroom with a clean, minimalist design featuring blue accents, vintage elements, and natural light."
"farmhouse_302.jpg","Modern Minimalist","white, black","oak wood, glass","natural soft light from large windows","clean and serene","couch, table, plant, lamp","open space with central seating area and a fireplace serving as focal point","This is a modern minimalist living room, featuring a clean and bright color scheme centered around white and black. The space has a mix of materials including oak wood for the flooring and glass panels. Large windows allow for natural light to fill the room, creating a serene atmosphere. The layout is designed with an open floor plan that includes a central seating area surrounding a fireplace as the focal point."
"farmhouse_304.jpg","Modern Minimalist","white, black, wood accents","stone veneer, glass railings, brick accents","natural soft light from large windows and outdoor lighting that spills in","calm and airy","modern sofa, minimalist coffee table, large indoor plant, floor lamp, abstract art","open space with central seating area, creating a focal point for conversation","A modern two-story home with white walls and black accents. The minimalist design focuses on sleek lines and natural materials. Large windows bring in soft light during the day, while outdoor lighting creates a warm ambiance in the evening."
"farmhouse_305.jpg","Modern","black, white, wood","glass, marble, metal","bright with pendant light over island","contemporary and sleek","bar stools at island, large kitchen table, metal range hood, potted plant","open concept with a center island for dining and preparation","This modern kitchen is designed to be both functional and stylish, featuring dark cabinets, stainless steel appliances, marble countertops, and pendant lighting."
"farmhouse_306.jpg","Modern","black, gray, white","concrete, brass, wood","overhead and ambient lighting from recessed ceiling lights","calm and luxurious","sink, vanity mirror, faucet, towel rack","compact with efficient use of space, centered around the bathroom sink","This modern bathroom features a neutral color palette and materials like concrete and brass, creating an elegant and calming environment."
"farmhouse_307.jpg","Modern Minimalist","white, light wood, grey","wood, stainless steel, marble","well-lit with soft overhead light and under-cabinet lighting","clean, bright, and spacious","island, bar stools, kitchen table, oven, sink","open layout with kitchen island as focal point","This modern kitchen features an open layout with clean lines and minimalist design elements, a light color palette that creates a bright and spacious feel, and stainless steel appliances that provide a sleek touch."
"farmhouse_308.jpg","Industrial","black, brown, white","metal, concrete, wood","low ambient light with spotlighting on specific features","raw and utilitarian","stalls, feed troughs, hay bales, water buckets, flooring of metal grate","linear hallway with stalls on either side","A simple, functional space with a focus on durability and ease of cleaning."
"farmhouse_309.jpg","Modern Minimalist","white, gray, wood","brass, glass, marble","ambient under-cabinet lighting with overhead pendant lights","modern and inviting","bar stools, high table, countertop appliances, potted plants","open concept with separate seating area and kitchen island","This modern kitchen features a monochrome palette, brass accents, marble countertops, and contemporary lighting. The space is arranged for entertainment and convenience with a bar seating area near the center island."
"farmhouse_31.jpg","Scandinavian","white, light wood","wood, metal, glass","natural soft light from large windows","bright and airy","kitchen cabinets, stainless steel sink, black cooktop, white appliances","spacious galley kitchen with center island","A modern, spacious kitchen with a Scandinavian design style featuring light wood and white cabinetry, stainless steel appliances, and natural lighting."
"farmhouse_310.jpg","Modern Minimalist","gray, white, blue","wood, fabric, metal","natural soft light from large windows and ceiling fan","calm and airy","bed, nightstand, chair, bookshelf, bear","open space with central seating area around bed","This is a cozy, modern bedroom with minimalist design elements. The color palette consists of gray, white and blue tones, with wood as the primary material for furniture. Natural light streams in through large windows and is supplemented by soft overhead lighting. The room has a central seating area around the bed, providing ample space for relaxation and sleep."
"farmhouse_311.jpg","Modern Minimalist","gray, white, beige","wood, fabric, metal","soft ambient light from recessed ceiling lights and floor lamp","calm and serene","sofa, coffee table, plant, floor lamp, area rug","open space with central seating area, flanked by side tables","This modern minimalist living room features a neutral color palette and minimal decor, creating a calm and serene atmosphere."
"farmhouse_313.jpg","Modern Minimalist","white, beige, light wood","oak wood, linen, concrete","natural soft light from large windows","calm and airy","sofa, coffee table, plant, floor lamp","open space with central seating area","A modern, minimalist living room with a warm color palette, natural lighting, and an open layout featuring comfortable furniture."
"farmhouse_315.jpg","Scandinavian","gray, white, natural wood","wood, metal, leather","Natural soft light from large windows and pendant lights.","Calm and airy with a touch of modern elegance.","oval dining table, black leather chairs, potted plant, large floor lamp","Open space with central seating area.","A modern Scandinavian-style kitchen and dining room featuring a sleek black leather dining set, large windows allowing for plenty of natural light, and a pendant light fixture hanging from the ceiling."
"farmhouse_316.jpg","Modern","white, gray, wood","stainless steel, glass, wood","bright and well-lit, with a mix of ambient and task lighting.","clean and contemporary, with a warm inviting atmosphere.","hanging pendant lights, kitchen island, high-rise cabinets, under-mounted sink, built-in wine fridge","an L-shaped layout with the kitchen island serving as a functional workspace.","This modern kitchen combines sleek design elements with practical amenities, creating an efficient and stylish space for cooking and entertaining."
"farmhouse_317.jpg","Modern Minimalist","light wood, beige, white","oak wood, silver, marble","recessed lighting with a central pendant lamp","bright and airy","stainless steel appliances, wooden bar stools, woven basket on the counter","an L-shaped kitchen island with seating along one wall","This modern kitchen features a clean and bright design with a focus on natural materials and minimal clutter."
"farmhouse_32.jpg","Modern Minimalist","gray, white, black","wood, linen, metal","natural soft light from large windows","calm and airy","bed, nightstand, lamp, rug, artwork","clean lines with central bed placement","This is a modern bedroom design with a neutral color palette, featuring wood accents and soft lighting. The room has a minimalist style with clean lines and a central bed placement for a calm and airy atmosphere."
"farmhouse_320.jpg","Modern Minimalist","black, white, natural wood","brass, marble, wood","industrial-style pendant lights","clean and serene","modern vanity mirror, contemporary sinks, natural plants","rectangular layout with central vanity area","This modern bathroom features clean lines, a minimalist color palette, and brass fixtures that give it an elegant yet functional design."
"farmhouse_321.jpg","Modern","white, gray, black","concrete, wood","soft and warm ambient lighting with accents of bright light from the fireplace","inviting and comfortable","couch, coffee table, sofa, plant, fireplace","open floor plan with a central seating area flanked by walls of built-in storage and shelves","The modern living room features a neutral color palette, a mix of concrete and wood materials, soft ambient lighting, a cozy fireplace, and built-in storage and shelving."
"farmhouse_323.jpg","Modern Minimalist","white, light wood, steel","oak wood, linen, concrete","natural soft light from large windows and under-cabinet lighting","calm and airy","sofa, coffee table, plant, floor lamp, vase with flowers","open space with central seating area, bar-height counter for casual dining","This modern kitchen is designed with a minimalist approach, featuring an open layout that maximizes natural light and creates a serene atmosphere. The color palette is neutral with accents of steel and wood. The materials used include oak wood, linen, and concrete, creating a warm and inviting space. Lighting is soft and natural, complemented by under-cabinet lights. The kitchen includes a sofa for seating, a coffee table, a plant for greenery, a floor lamp for additional lighting, and a vase with flowers as a decorative accent."
"farmhouse_326.jpg","Modern","white, wooden brown, navy blue","wood, leather, linen","soft natural light from a large window above the steps","calm and airy","wooden bench, coffee table, plants, floor lamp, storage bench","open space with wooden stairs leading up to an open loft area","This modern interior design features a warm and inviting color palette of white, wood tones, and navy blue. The space is well-lit with natural light that filters through the large window above the stairs, creating a calm and airy atmosphere. Materials used include wood for flooring, walls, and stairs; leather for seating; and linen for soft draperies. The layout of the space is open and leads up to an open loft area."
"farmhouse_327.jpg","Modern Minimalist","white, beige, light wood","oak wood, linen, concrete","natural soft light from large windows","warm and cozy","kitchen island, stainless steel appliances, brick wall backsplash, wood cabinets","open space with central kitchen island and countertops on either side","This modern minimalist kitchen features a warm, cozy atmosphere with clean lines and natural materials. The open layout creates a sense of spaciousness. The large windows allow for an abundance of natural light."
"farmhouse_33.jpg","Modern Minimalist","white, beige, gray","wood, fabric, metal","natural soft light from large windows","calm and airy","sofa, coffee table, plant, floor lamp, abstract artwork, modern mirror","open space with central seating area","A contemporary bedroom with a neutral color palette, clean lines and natural lighting that creates a serene atmosphere."
"farmhouse_330.jpg","Log Cabin","wooden brown, white, red","wood, cotton, metal","sunlit space with warm wooden tones","rustic and cozy","bunk beds, shelves, bedside tables, desk","simple open floor plan with central gathering area","This is a log cabin style interior with warm wooden tones, featuring bunk beds and furnishings that evoke the feeling of a rustic retreat."
"farmhouse_332.jpg","Scandinavian","dark blue, light wood, red","wood, fabric, glass","natural light coming from large windows","calm and airy","bookshelves, chairs, floor lamp, small table with vases, large area rug","open space with central seating area","This is a Scandinavian-style room featuring dark wood floors, light wood walls, and red accents. The room is filled with furniture in light wood and blue tones. There are large windows allowing for natural light to fill the space."
"farmhouse_333.jpg","Modern","white, light wood, gray","oak wood, linen, stainless steel","bright and even light from multiple overhead fixtures","clean and uncluttered","stove, oven, dishwasher, kitchen island, sink","galley style with center island for food preparation","This is a modern galley kitchen featuring light wood cabinets, stainless steel appliances, and white countertops. The design is sleek and uncluttered, with overhead fixtures providing ample brightness. The layout includes an island in the center for food preparation."
"farmhouse_334.jpg","Modern Minimalist","white, beige, light wood","oak wood, glass, brass","natural soft light from large windows and pendant lights","calm and airy","white barstools, marble countertops, large island, metal range hood","open space with central island and countertops, surrounded by white cabinets and stainless steel appliances","This modern kitchen features minimalist design elements with a color palette of light wood, beige, and white. The marble counters and metal range hood complement the oak cabinetry. Light from large windows and pendant lights creates a bright, airy atmosphere."
"farmhouse_335.jpg","Modern Minimalist","white, beige, black","wood, fabric, metal","bright and natural light from large windows","clean and serene","sofa, coffee table, plant, rug, floor lamp","open space with central seating area","This is a modern, minimalist living room with a clean and serene mood. The color palette consists of white, beige, and black, and the materials include wood, fabric, and metal. Large windows allow for bright and natural light to fill the space, enhancing the clean lines and simplicity of the design."
"farmhouse_336.jpg","Modern","white, gray, light wood","vinyl siding, concrete driveway, wooden deck","Natural light from large windows and recessed lighting in ceiling.","Bright, open, and airy","stone fireplace, metal railing on deck, modern outdoor furniture","Open floor plan with combined kitchen/dining room, living room, and hallway.","This modern home features a white exterior with gray shutters and siding. The interior has an open layout with hardwood floors, large windows for natural light, stone fireplace in the living area, and contemporary furnishings."
"farmhouse_337.jpg","Scandinavian","white, beige, light wood","wood siding, wood decking, glass","Natural light from windows with white frames and black shutters, complemented by soft recessed ceiling lights.","Clean, bright, and airy.","wooden bench on the deck, large framed artwork hanging over the sofa, woven area rug under the coffee table, fresh potted plant","Open concept with a spacious living room leading to a cozy kitchen area.","This Scandinavian-style home features an open layout, with light wood siding and decking creating a bright and airy atmosphere. The color palette is simple yet inviting, with white walls complemented by beige wood tones and a light wooden floor."
"farmhouse_339.jpg","Industrial Loft","dark brown, brass, black","metal, wood, leather","recessed spotlights and warm ambient lighting","sophisticated and inviting","large wine rack, shelving units for liquor bottles, wine glasses on display","rectangular shape with long narrow shelves for bottles, centered around large wine rack","This is a luxurious wine cellar designed in an industrial style featuring dark wood and metal elements. The space has recessed lighting that highlights the colorful bottle collection while creating an inviting atmosphere."
"farmhouse_340.jpg","Industrial Loft","white, black, brass","wood, concrete, metal","industrial-inspired with exposed ductwork ceiling and recessed lighting","modern, industrial, and warm","high ceilings, vintage chandelier, wooden furniture, metal accents","spacious with open floor plan featuring kitchen, dining, living room spaces seamlessly integrated","This loft-style home features a warm and inviting atmosphere with modern industrial design elements. Open layouts connect the kitchen, dining, and living areas, creating a spacious feel."
"farmhouse_341.jpg","Scandinavian","beige, white, light wood","oak wood, linen, stainless steel","sunlit kitchen with skylights and recessed lighting","clean, bright, and organized","dishwasher, oven, sink, cabinets, countertop, appliances","open kitchen with dining area","This is a modern, clean kitchen with an open layout and warm lighting."
"farmhouse_343.jpg","Modern","white, light wood","oak wood, marble, glass","bright and well-lit bathroom","calm and serene","bathtub, bathroom vanity with mirrors, two gold sconces on wall, wooden towel rack on wall, small potted plant on vanity","long and narrow bathroom with linear design","This is a modern, well-lit bathroom that features clean lines and natural wood elements. The color palette is neutral, with white and light oak accents. There are two gold sconces on the wall, providing both function and decoration. The bathroom vanity has double mirrors and cabinets underneath for storage."
"farmhouse_344.jpg","Scandinavian","light wood, natural beige, white","oak wood, linen, stainless steel","natural soft light from large windows","calm and airy","bench, cabinet, coat rack, shelf, jacket, boot","compact and functional space arrangement with efficient use of space","This is a small room designed in a Scandinavian style, with light wood paneling and a beige color palette. The cabinets are made of oak wood and the coat rack has several jackets on it. There's a bench that serves as seating or storage space, and a shelf for storing things like books or decorations."
"farmhouse_345.jpg","Industrial","black, white, silver","stainless steel, wood, marble","recessed lighting and pendant lights","modern and sleek","kitchen island with built-in seating, professional stove, stainless steel refrigerator, overhead exhaust hood","L-shaped layout with galley kitchen space","This is a modern, industrial-style kitchen with high-end appliances and fixtures."
"farmhouse_346.jpg","Scandinavian","navy blue, white, washed grey","wood, linen, glass","natural light from windows and ambient lighting fixtures","bright, airy and inviting","sofa, coffee table, dining table, kitchen island, clothes washer","open floor plan with distinct zones for living, dining, kitchen, laundry, and bathroom","The interior design of this home is a bright and modern Scandinavian style with a focus on natural light and minimalist materials. The navy blue walls provide a dramatic backdrop to the white linen and washed grey accents throughout. The open floor plan allows for easy movement between different areas of the house."
"farmhouse_349.jpg","Scandinavian","blue, white, wood","wood, cloth, metal","natural soft light from large windows","calm and airy","bench, shelves, plant, hat","open space with central seating area","A bright, open kitchen with blue cabinets, wooden shelves, a natural wood bench, a plant, and a hat on the wall."
"farmhouse_35.jpg","Modern Minimalist","white, beige, wood accent","steel, brick, glass","soft natural light from large windows and ceiling lights","calm and spacious","flat-screen TV, sectional sofa, coffee table with decorative items, bookshelf, floor lamp","open space with central seating area surrounding fireplace","A modern living room design with minimalist aesthetics, featuring a neutral color palette and materials such as steel, brick, and glass. The room is filled with natural light from large windows and overhead ceiling lights, creating a calm and spacious atmosphere for relaxation."
"farmhouse_350.jpg","Modern","neutral tones, natural wood accents","wood paneling, sliding glass doors and windows, metal roofing","warm ambient lighting with strategically placed spotlighting","contemporary and inviting","large sectional sofa, modern armchairs, floor-to-ceiling windows, dining table","open floor plan with living and dining areas blending seamlessly into each other","This modern home features a neutral color palette, warm lighting, and an open layout that creates a spacious and inviting atmosphere."
"farmhouse_351.jpg","Modern","white, light wood, gray","oak wood, linen, steel","ambient and task lighting with natural light from windows","clean and modern","sink, vanity, mirror, toilet","small bathroom with vanity area next to window","This is a small, modern bathroom with oak wood cabinets providing ample storage space and a gray vanity top for functionality. The design incorporates a linen mirror and steel fixtures that complement the light wood cabinetry."
"farmhouse_352.jpg","Modern Minimalist","white, light wood, gray","wood, stainless steel, glass","bright with recessed lighting and a chandelier above the island","modern and inviting","kitchen island with bar stools, stove top oven, large potted plant, kitchen sink","open kitchen concept that flows into dining area","This modern minimalist kitchen features a light wood and white color scheme, with stainless steel appliances. The space has an open layout and is brightly lit by recessed lights and a chandelier above the island. The kitchen island serves as a bar, complete with bar stools for seating. A large potted plant adds a touch of greenery to the room."
"farmhouse_353.jpg","Modern Minimalist","gray, white, black","wood, linen, leather","natural soft light from large windows","calm and airy","bed, nightstand, lamp, rugs, artwork","cozy bedroom with a neatly made bed, nightstand on one side, and lamp on the other side of the bed.","A clean, modern bedroom with neutral colors and minimalistic design."
"farmhouse_356.jpg","Modern Minimalist","dark wood, light wood, white","dark wood, glass, metal","bright and natural with a mix of ambient, task, and accent lighting","modern and sleek with a touch of warmth","two sinks, wooden cabinets, towel rack, decorative vase","linear arrangement with sink area on one side and vanity area on the other","A modern bathroom design with a focus on clean lines, wood accents, and natural light."
"farmhouse_357.jpg","Modern","black, white, gold","marble, wood, brass","modern light fixtures and natural light from windows","modern, sophisticated, clean","toilet, sink with gold faucet, mirror above sink, potted plant","bathroom layout features toilet, sink, and storage space underneath","This modern bathroom design combines black walls with a white and gold color palette for a sophisticated look. The marble countertop adds elegance while the wood accents provide warmth. Gold fixtures add a touch of luxury, and natural light enhances the overall cleanliness of the space."
"farmhouse_358.jpg","Scandinavian","white, light wood, dark wood, navy blue","oak wood, stainless steel, glass, linen","natural soft light from large windows","bright and airy","kitchen island with stools, black refrigerator freezer, white oven range with hood, large bowl filled with fruit on countertop, hanging light fixtures over the center island","open space with central seating area around kitchen island","Scandinavian-style kitchen with a bright and airy atmosphere, featuring natural light from large windows, stainless steel appliances, oak wood cabinetry, black accents, and an open layout centered around the kitchen island."
"farmhouse_359.jpg","Scandinavian","white, light gray, dark wood","tile, wood, steel","recessed lighting and natural light through windows","clean, calm, and minimalistic","white toilet, white sink, wooden shelves, potted plant, vase with flowers","small bathroom space efficiently utilized with toilet and sink adjacent to each other and shower tucked in corner","This is a small, efficient bathroom with a clean Scandinavian design featuring white fixtures on dark wood cabinets, natural lighting from windows, and a minimalistic color scheme."
"farmhouse_36.jpg","Modern Minimalist","light neutral colors, dark wood tones","wood, marble, linen","bright, even lighting from recessed ceiling fixtures","simple and elegant","white toilet, wooden vanity, metal wall shelves, hanging plant","clean lines and efficient use of space","This bathroom features a neutral color scheme with natural materials and modern fixtures, creating a simple yet elegant space."
"farmhouse_360.jpg","Modern Minimalist","white, light wood","oak wood, marble, stainless steel","soft natural light from large window","calm and serene","freestanding bathtub, white pedestal sink, wooden shelving unit, bath rug","spacious with a cohesive color palette, clean lines, and minimal decoration","This bathroom features a modern and serene design with a neutral color scheme, high-quality materials, and simple, elegant fixtures."
"farmhouse_361.jpg","Modern","gray, white, wood","natural wood, stainless steel, glass","recessed and pendant lights","bright and inviting","kitchen island, modern stove top oven, wooden countertops, pendant light fixtures","open concept with galley kitchen","This modern kitchen features a neutral color palette, natural wood and stainless steel materials, and recessed and pendant lights that create a bright and inviting atmosphere. The open concept design includes an island for casual dining or preparation, and a galley kitchen layout with stove top oven and countertops."
"farmhouse_362.jpg","Modern","grayscale, natural wood tones","wood veneer panels and cabinetry, stainless steel appliances, marble countertops","ambient light with warm recessed fixtures accentuated by under-cabinet LED strip lights","contemporary, sleek and inviting","modern pendant lights over island, brushed nickel faucet and hardware, kitchen aid mixer, large format backsplash","open kitchen and dining area, with adjacent bar seating and wine storage","This modern kitchen is characterized by a harmonious blend of natural materials, clean lines, and an open layout that connects the cooking space to the dining and lounging areas."
"farmhouse_363.jpg","Scandinavian","light blue, wood, white","oak wood, linen, steel","soft and natural light from recessed LED lights.","calm and clean","washer/dryer combo, white cabinets, blue backsplash tiles","linear design with appliances along one wall, cabinets on the other.","This space is a modern and efficient laundry room that uses a clean color palette to create a relaxing atmosphere."
"farmhouse_367.jpg","Modern Minimalist","dark blue, light wood, white","oak wood, marble, steel","natural soft light from large windows","calm and airy","mirror, toilet, sink, faucets, painting, vase with flowers","small, clean space with efficient use of storage and space","This bathroom combines modern minimalist design elements with a calming color palette of dark blue, light wood, and white. The oak wood cabinet adds warmth to the space while the marble countertop provides durability and luxury. Large windows allow for natural light to fill the space, creating an airy atmosphere. A painting adds visual interest, and a vase with flowers introduces an organic touch. A mirror above the sink helps to visually expand the space, making it appear larger."
"farmhouse_368.jpg","Modern","white, beige, gray","oak wood, linen, glass","natural soft light from large windows and recessed lighting","calm and inviting","modern sofa set, mid-century modern coffee table, large abstract wall art, plant in a decorative pot, floor lamp with curved arm design","open space with central seating area and built-in entertainment unit","This modern living room features neutral tones, natural lighting, a mix of contemporary and mid-century modern furniture, and tasteful decor."
"farmhouse_369.jpg","Scandinavian","light grey, white, natural wood","oak wood, linen, concrete","natural soft light from large windows, complemented by dimmable overhead lights","calm and airy","staircase, wooden side tables, modern sofa, floor lamp, abstract art","open space with central seating area, leading to other spaces such as living room and dining area","This modern Scandinavian-style interior design features a light grey color palette, natural wood accents, and soft, dimmable overhead lights. The open layout allows for an airy feel while the staircase adds an architectural element to space."
"farmhouse_37.jpg","Modern Minimalist","white, black, gray","wood, leather, metal","well-lit space with a combination of natural and artificial light sources","sophisticated and contemporary","couch, coffee table, plant, floor lamp","open floor plan with a central seating area near a wall-mounted TV","The living room is a modern minimalist space featuring neutral colors, natural materials, and sleek design elements. The open floor plan creates a sense of spaciousness, while the furnishings provide comfortable seating options for entertainment."
"farmhouse_370.jpg","Modern Minimalist","white, natural wood, silver","oak veneer, stainless steel, textile","well-lit space with recessed lighting","clean and serene","kitchen island, drawer front, recessed lights, potted plant","open concept kitchen with breakfast bar","This is a modern minimalist style kitchen with clean lines, a white color palette, and stainless steel materials. The space has a well-lit atmosphere from the recessed lighting and features an oak veneer drawer front that matches the island. A potted plant adds a touch of greenery to the otherwise urban design."
"farmhouse_371.jpg","Modern Minimalist","white, beige, light wood","oak wood, linen, steel","natural soft light from large windows","calm and airy","cabinet with glass front, countertops, kitchen island, potted plant","open space with central kitchen island","The interior features a modern minimalist design with a soothing color palette of white, beige, and light wood. The oak cabinetry provides warmth, while the steel appliances add a touch of industrial chic. Large windows flood the space with soft natural light, creating an airy atmosphere."
"farmhouse_372.jpg","Modern","white, red, black","wood, metal, glass","bright with accents of warm white lighting","modern and minimalistic","wine rack, kitchenware, stools","spacious open layout with island in center","This is a modern kitchen with white cabinets, red accents, and stainless steel appliances. It features an open design with a central island for food preparation. The space includes a wine rack and shelving units for additional storage."
"farmhouse_374.jpg","Modern Minimalist","white, beige, navy blue","wood, porcelain, metal","soft overhead light with additional ambient lights","modern and serene","washer/dryer combo, white farmhouse sink, tall plant, small wall art","galley style layout with kitchen on one side and bathroom on the other","A modern kitchen and bathroom in a minimalist design featuring soft colors, wooden cabinetry, and a cohesive color palette."
"farmhouse_375.jpg","Modern Minimalist","white, beige, gray","wood paneling on walls and ceiling, metal beams across ceiling, woven basket weave accents","natural soft light from large windows, complemented by warm ambient lighting.","bright and airy","large flat screen TV, white wicker sofa, wooden coffee table with blue and white throw pillows, woven basket weave side tables, plant on floor","open space with central seating area, featuring a couch facing the fireplace.",""
"farmhouse_376.jpg","Industrial Loft","light blue, white, black","wood, linen, concrete, metal","Natural soft light from large windows and a skylight.","Bright and energetic.","Queen size bed with black metal frame, Wooden nightstands on either side of the bed, Black metal floor lamp next to one of the nightstands, Two patterned throw pillows on the bed, A patterned rug underneath the bed","Open space with central seating area created by the bed. A small desk sits against the wall opposite the windows.","This is a modern industrial-style room featuring an open floor plan with a large king-sized bed as the centerpiece of the space."
"farmhouse_377.jpg","Modern Minimalist","white, light gray, black","wood, metal, stone","bright and well-lit, with overhead track lighting","modern and sleek","island with bar stools, large dining table with chairs, kitchen cabinetry and backsplash","open concept layout with kitchen island as centerpiece, flowing into living space","A contemporary style kitchen and living area, featuring a neutral color palette, wood materials, and modern design elements."
"farmhouse_378.jpg","Scandinavian","white, beige, light wood","metal, wood, fabric","natural soft light from large windows","clean and minimalist","shelves with jars of ingredients, baskets on countertop, potted plant","linear layout with clean lines and open spaces","This kitchen combines a Scandinavian design style with natural materials to create a clean, minimalist space that is both functional and visually pleasing."
"farmhouse_379.jpg","Modern Minimalist","white, gray, wood","oak wood, linen, steel","natural soft light from large windows and recessed ceiling lights","calm and airy","white shelving unit, kitchen utensils, cooking ingredients, wooden cutting board","long narrow space with a central island of storage and counters for food preparation","Modern, minimalist kitchen design with an emphasis on natural materials and light wood tones. The layout is open and airy, featuring a long wooden shelving unit to store ingredients and utensils, as well as ample counter space for meal preparation."
"farmhouse_38.jpg","Modern Minimalist","dark blue, light gray, wood, white","oak wood, linen, stainless steel","natural soft light from large windows and under-cabinet lights","calm and modern","island with built-in sink, dark blue cabinets, wood countertops, stainless steel appliances, modern pendant light","open space with kitchen island as focal point","This modern minimalist kitchen features a clean and sleek design with dark wood elements, stainless steel appliances, and under-cabinet lights that provide soft illumination."
"farmhouse_380.jpg","Mid-Century Modern","white, light wood, gray","oak wood, linen, steel","soft, natural light from large windows","warm and inviting","kitchen island, cabinets, dining table, chairs","open space with a central dining area","This image shows a Mid-Century Modern kitchen design, featuring a warm palette of white and light wood tones. The room is filled with natural light from large windows, creating a welcoming atmosphere. The kitchen includes an island for additional counter space, cabinets for storage, a dining table surrounded by chairs, and decorative elements like plants that add life to the space."
"farmhouse_382.jpg","Modern Minimalist","gray, white, wood","concrete, leather, linen","natural soft light from large windows and ceiling lights","calm and airy","sofa, coffee table, plant, floor lamp","open space with central seating area in front of large windows","This is a modern minimalist living room that features a monochromatic color scheme, simple lines, and natural lighting. The materials used include concrete, leather, and linen, creating a warm and cozy atmosphere."
"farmhouse_383.jpg","Modern Minimalist","brown wood, white, metallic","wood, glass, stainless steel","natural light from large windows and recessed lighting","open, airy, bright","island with built-in oven and sink, wood cabinets, metal stools, large plants","open layout with island at center of space","A modern kitchen featuring a minimalist design with wooden elements, stainless steel appliances, and a focus on natural light."
"farmhouse_384.jpg","Modern","white, light blue, gray","porcelain, wood, metal","bright and natural light from large window","clean and serene","toilet, sink, bathtub, shower curtain, towel","functional with minimal clutter","Modern bathroom with minimalist design, clean lines, and natural lighting."
"farmhouse_385.jpg","Industrial Loft","wood, black, white","wood, metal, glass","industrial-style lighting fixtures and natural light from windows","modern yet cozy with a touch of rustic charm","vintage seating area, wooden bar stools, industrial-inspired shelving unit","open floor plan with a central stairwell leading to second floor","This space is designed with an industrial loft style in mind, featuring natural wood accents against black and white elements. The layout is open and welcoming, centered around a seating area on the main floor that overlooks the stairs leading to a cozy second story."
"farmhouse_386.jpg","Scandinavian","white, black, wood, gold","oak wood, brass fixtures, linen, concrete counters","well-lit with natural light from large windows and overhead track lighting","clean, bright, and airy","oversized mirror, white marble vanity top, brass faucet, plant on window sill","efficient use of space with a narrow entryway leading to the bathroom","This is a stylish, modern bathroom featuring an all-black and white color scheme with brass fixtures, oak wood accents, and large mirrors for an elegant, spacious feel."
"farmhouse_388.jpg","Industrial Loft","white, gray, wood","concrete block wall, metal beams, natural wood doors","industrial style light fixtures","modern and minimalist","large wooden doors, metal work bench, industrial pendant lights, white concrete flooring, steel shelving unit","open space with central work area","This industrial loft style garage features a modern and minimalist design with natural wood doors, metal beams on the wall, and a large work bench. The open space is illuminated by industrial-style light fixtures, creating a bright and spacious atmosphere."
"farmhouse_389.jpg","California Modern","light beige, dark gray, green","wood siding, glass panels, stucco","soft, natural light from large windows and skylights","modern yet welcoming with a relaxed atmosphere","flat-screen TV, built-in fireplace, mid-century modern style furniture","open floor plan with central living area that flows into the kitchen and dining room","A stylish, modern home with clean lines and a warm color palette, located in California."
"farmhouse_39.jpg","Modern Minimalist","white, gray","wood, leather","soft overhead lighting with dimmable option","calm and inviting","sofa, coffee table, flat screen TV, wall decor, area rug","open floor plan with central seating area","This is a modern living room that focuses on minimalist design elements, creating a calm and inviting atmosphere. The space utilizes neutral colors and natural materials to create a clean, spacious look, while the soft lighting enhances the sense of relaxation."
"farmhouse_390.jpg","Modern Minimalist","white, beige, light wood","oak wood, linen, concrete, steel","natural soft light from large windows","calm and airy","white wall-mounted washer/dryer, bamboo cutting board, candle holder, black barstools","open space with central seating area, featuring an island in the middle of the room.","This modern minimalist kitchen features a clean and simple design with white cabinetry. The color palette is light and neutral, creating a calm atmosphere. Natural light floods into the space through large windows, enhancing the airy feel. An island sits in the middle of the room, providing extra workspace and seating. A bamboo cutting board adds a touch of natural texture to the space, while black barstools provide an elegant contrast. The laundry area is integrated with white appliances that blend seamlessly into the cabinetry."
"farmhouse_391.jpg","Modern Minimalist","white, beige, light wood, gray","wood, metal, glass, linen","Soft overhead and recessed lighting with accents from pendant lights above island.","Calm and spacious, with a focus on clean lines and natural materials.","dining table, island bar stools, pendant lights, bookshelves","Open kitchen layout with a central island and seating area for casual dining.","This modern, minimalist kitchen is designed for functionality and style, with an emphasis on natural materials and soft lighting."
"farmhouse_392.jpg","Modern Minimalist","white, light wood, black","wood, marble, stainless steel","natural soft light from large windows","clean and airy","kitchen island, stove top oven, black refrigerator, white countertops with gold handles, wooden cutting board","open space kitchen with central island","This image showcases a modern and minimalist kitchen design, featuring white and light wood cabinets, stainless steel appliances, marble countertops, and natural sunlight streaming in from the windows."
"farmhouse_393.jpg","Modern Minimalist","white, beige, wood tones","wood, fabric, plastic","soft natural light from a window above the sink","bright and spacious","white farmhouse sink, two open shelves for storage, bamboo placemat, set of four white towels, glass jar with a black label, small succulent plant, black and silver coffee mug","linear layout with the sink on one end and shelving on the other","This is an image of a modern minimalist bathroom with a farmhouse sink, open shelving for storage, bamboo placemat, towels, and a small succulent plant. The space has soft natural light from a window above the sink, and it feels bright and spacious."
"farmhouse_394.jpg","Modern","white, natural wood, black","wood, marble, stainless steel","Recessed ceiling lights with black metal fixtures","Clean, sleek and minimalist","kitchen island, stools, open shelves, range hood","Galley style kitchen with island at center for prep area","A contemporary galley kitchen with a large central island, open shelving, and minimalist decor"
"farmhouse_395.jpg","Contemporary","dark wood, white, metallic accents","wood, metal, glass","ambient and task lighting","warm, inviting, and modern","kitchen island, modern cabinetry, stainless steel appliances, wooden countertops","open concept with central kitchen island","This is a contemporary kitchen design featuring dark wood cabinetry, modern stainless steel appliances, and warm wood accents."
"farmhouse_397.jpg","Modern Minimalist","white, gray, black","tile, metal, wood","recessed lighting with adjustable accents for flexibility","calm and serene","freestanding tub, large shower with glass door, sleek vanity with double sinks, modern toilet","open space with separate but connected areas for bathing and grooming","A modern, minimalist design focused on clean lines and monochromatic color scheme, with high-quality materials and flexible lighting options."
"farmhouse_398.jpg","Modern","white, blue, green","wood, leather, metal","Natural light from large windows and additional ambient lighting","Clean, simple, and functional","couch, coffee table, area rug, framed artwork, floor lamp","Open space with a modern floating staircase leading to upper level. Furniture arranged around the stairs for a central seating area.","Modern interior design featuring minimalist furnishings and a neutral color palette, creating an open and airy atmosphere."
"farmhouse_4.jpg","Modern Minimalist","white, beige, light wood","oak wood, linen, stainless steel","bright and well-lit space, with a natural soft light from large windows.","clean and organized","white cabinets, black stove top, silver oven, brass faucet","open kitchen with large window overlooking the outdoors, creating a seamless transition between indoors and outdoors.","This modern minimalist kitchen combines clean lines and sleek appliances with warm wood accents. The space is well-lit by natural light, and features an open layout that connects the kitchen to the outdoor area."
"farmhouse_400.jpg","Modern Minimalist","black, white, gray","leather, wood, metal","natural soft light from large windows","calm and airy","sofa, coffee table, plant, floor lamp, potted plant","open space with central seating area","This living room features a modern minimalist design, with black leather sofas and a gray rug. The large windows let in natural light, creating a calm and airy atmosphere. Additional decor includes plants and wooden accents."
"farmhouse_401.jpg","Modern Minimalist","white, beige, light wood","wood veneer on cabinets, marble countertops, glass and stainless steel appliances","Natural soft light from large windows with sheer white drapes","Calm and airy","large dining table, upholstered chairs, framed art on wall, area rug on wood floor","Open space with central seating area, including kitchen bar stools near island.","A modern minimalist interior design featuring a neutral color palette and natural light. The space includes wooden cabinets, marble countertops, glass appliances, and a large dining table set up for a family meal."
"farmhouse_403.jpg","Scandinavian","white, beige, light wood","wood, brick, metal","natural soft light from large windows","calm and airy","kitchen island, hanging pendant lights, wooden stools, glass vase","open space with central seating area around kitchen island","This modern, clean kitchen features a Scandinavian design style with a neutral color palette. The wooden elements and natural light create a warm and inviting atmosphere."
"farmhouse_404.jpg","Modern Minimalist","white, natural wood, metal accents","wood cabinetry, granite countertops, stainless steel appliances","soft, natural light from large windows and recessed ceiling lights","bright and clean","center island with marble top, stainless steel range hood over stove, large potted plant","open space with central kitchen island for seating, flanked by cabinets on both sides","This modern kitchen features a minimalist design with a monochromatic color scheme. Natural wood accents and metal appliances create a warm yet sleek atmosphere."
"farmhouse_405.jpg","Modern Minimalist","white, black, wood","oak wood, concrete, steel","bright with natural light from windows","clean and spacious","washer, dryer, wooden bench, boot rack","small galley layout with appliances on one side and wooden bench on other side","This is a modern minimalist laundry room that feels open and bright. The color palette is simple, with white for the walls and black accents throughout. The materials include oak wood, concrete, and steel, which add to the sleek look of the space."
"farmhouse_406.jpg","Modern Minimalist","white, gold, navy","marble, wood, glass","overhead and wall sconces","modern and luxurious","black vanity mirror, white bathroom sink, bamboo towel rack, wicker basket with rolled-up towels","wall-mounted vanity under rectangular mirror","This modern bathroom design features clean lines and a neutral color palette, creating a luxurious and inviting atmosphere."
"farmhouse_407.jpg","Modern Minimalist","neutral tones, wood accents","wood paneling, leather upholstery, brass fixtures","natural soft light from large windows","warm and cozy","sofa, coffee table, floor lamp, area rug, bookshelf","open space with central seating area","This living room combines a modern minimalist design with warm wood accents to create an inviting and cozy atmosphere. The large windows let in plenty of natural light, while the comfortable seating arrangements encourage relaxation. The bookshelf filled with books adds a touch of intellectual charm to the space."
"farmhouse_408.jpg","Rustic Cabin","white, light brown, green","wood, metal roofing, brick","Warm and inviting light from inside lanterns on walls and ceiling.","Cozy and intimate ambiance.","outdoor sofa with cushions, wooden table, wreath of greenery over door","Enclosed porch leading to main living space.","This rustic cabin exterior features a cozy outdoor seating area with lanterns providing warm light, complementing the wooden and brick materials. The color palette is dominated by natural tones of white, light brown, and green."
"farmhouse_409.jpg","Modern Minimalist","white, gray, copper","wood, metal, glass","recessed lighting with adjustable hues","calm and organized","modern island, brushed nickel fittings, hanging planter","open concept with flow between kitchen and living spaces","This modern kitchen design combines a minimalist style with natural wood accents, metal finishes, and a neutral color palette to create a clean and calming atmosphere."
"farmhouse_41.jpg","Scandinavian","white, wood tones, gray","wood, tile, brass","natural light from skylights and overhead lights","calm and bright","kitchen island, dining table, bar stools, vase with flowers, hanging pendant lights","open floor plan with kitchen, dining, and living area all flowing together","The interior design in this space is Scandinavian-inspired, featuring wood tones throughout, a bright color palette that emphasizes natural light, and an open layout for a sense of spaciousness. The kitchen includes a large island with bar stools, a dining table surrounded by chairs, and various decorative elements such as plants and pendant lights."
"farmhouse_410.jpg","Scandinavian","white, beige, gray","wood, fabric, metal","natural soft light from large windows and recessed ceiling lights","calm and airy","sofa, coffee table, plant, floor lamp, cabinet","open space with central seating area, leading to kitchen","This is a cozy living room with a Scandinavian design. The color palette consists of neutral tones and the furniture is made from wood, fabric, and metal. Natural light floods in from large windows, creating an inviting atmosphere. The seating arrangement centers around a comfortable sofa and coffee table, while a plant adds a touch of nature to space. A floor lamp provides additional lighting when needed. The open layout connects the living room with the adjacent kitchen, making it an ideal space for entertaining or spending time together."
"farmhouse_411.jpg","Contemporary","white, light gray, dark wood","oak cabinets, stone backsplash, stainless steel appliances","Recessed lighting and statement chandelier overhead","Bright, clean, and modern","island with stools, wooden cabinets with brushed metal handles, kitchen rug under island","Open layout with center island for dining and workspace","A sleek, contemporary kitchen with a blend of natural and metallic materials that exude a modern and inviting atmosphere."
"farmhouse_412.jpg","Modern Minimalist","gray, white, wood","metal, concrete, wood","natural soft light from large windows","calm and airy","gate, driveway, pathway, trees","open space with central driveway","A modern minimalist farmhouse entrance with a gray metal gate set on a wood-paved pathway, surrounded by a calm and airy atmosphere."
"farmhouse_413.jpg","Modern Minimalist","white, beige, light wood","oak wood, linen, concrete, steel","bright and natural light from large windows","calm and airy","sofa, coffee table, plant, floor lamp, couches, side tables","open space with central seating area, surrounded by walls of large windows","This is a spacious and modern living room that utilizes natural light to create a bright and airy atmosphere."
"farmhouse_414.jpg","Modern","neutral palette of grays and beiges","white oak hardwood flooring, painted white walls, natural fiber rugs, steel beams","bright natural light from skylights and large windows, supplemented by recessed can lights","open and airy, with a touch of warmth","modern sectional sofa, wooden coffee table, statement artwork, abstract sculpture","open floor plan, with living area flowing seamlessly into dining area in the background","This modern living room combines neutral colors and natural materials with a bold lighting design to create an open and inviting space."
"farmhouse_415.jpg","Scandinavian","white, light gray, navy blue, brass","wood, porcelain, stainless steel","Natural light from floor to ceiling windows.","Clean, bright and spacious.","kitchen island, freestanding oven, modern pendant lights, brass kitchen faucet","Open concept with a central kitchen island that separates the living spaces.","This modern Scandinavian-style kitchen features light wood cabinets, a white countertop, stainless steel appliances, and brass fixtures. The space is flooded with natural light from large windows that span floor to ceiling."
"farmhouse_416.jpg","Modern","white, wood, grey","oak wood, stainless steel, glass","natural light from high windows with no visible curtains or blinds.","clean and airy","sofa, dining table, kitchen island, cabinetry","open concept with separate zones for living, dining, and kitchen spaces.","A bright and modern open-concept home, featuring a mix of natural wood tones and neutral colors."
"farmhouse_418.jpg","Scandinavian","gray, yellow, red","wood, fabric, plastic","natural soft light from large windows","warm and cozy","shoe rack, bench, lockers, jackets","linear arrangement with lockers on one side and bench on the other","A cozy storage space in a home, featuring wooden locker doors, a yellow jacket hanging on a hook, and shoes neatly arranged."
"farmhouse_419.jpg","Scandinavian","gray, white, green","wood, porcelain, glass","natural soft light from window","calm and airy","bathtub, double vanity sink, shelving with decorative items, baskets for towels and linens, vases of flowers","small space with multiple functional areas","A modern bathroom with minimalist design, natural lighting, and a serene atmosphere."
"farmhouse_42.jpg","Modern Minimalist","white, gray, wood","oak wood, glass shower door, marble countertop","natural light from the window above the sink","clean and serene","white porcelain sink, black metal faucet, gray bath mat, bamboo toothbrush holder","efficient space layout with sink area centered between mirrors and bathtub","This modern minimalist bathroom combines wood elements for a warm feel, sleek fixtures, and natural lighting for a clean, serene atmosphere."
"farmhouse_420.jpg","Scandinavian","white, beige, light wood","marble, wood, steel","bright and natural from large windows","open and airy","white cabinets, chandelier, vases with flowers, large mirrors","open space with central island workstation","This is a Scandinavian-style interior featuring light wood tones, marble countertops, and large windows that allow natural light to flood the space."
"farmhouse_422.jpg","Modern Minimalist","white, black, brass","stainless steel, wood, glass","modern with clean lines, recessed lighting and minimal decorative fixtures","modern, bright and open","kitchen island, dining table with bench seating, sleek barstools, large range hood","open space layout with a central kitchen island serving as the focal point","This modern minimalist kitchen features stainless steel appliances, wood and glass elements, and a sleek design that emphasizes openness and functionality."
"farmhouse_423.jpg","Modern Minimalist","white, light wood, steel","oak wood, linen, concrete","natural soft light from large windows","calm and airy","modern cabinets, stainless steel appliances, large island, wooden table, metal frame chairs","open space with central island","This kitchen features a modern minimalist design, using primarily white and light wood tones to create a calm and airy atmosphere. The large windows let in natural soft light, while the oak wood cabinets provide ample storage space. Stainless steel appliances add a sleek touch, complementing the metal frame chairs around the wooden table. The central island not only serves as additional workspace but also adds to the open feel of the room."
"farmhouse_424.jpg","Modern","gray, white, black","stainless steel, wood, glass","soft, recessed lighting with spot track lights on the ceiling","contemporary and sleek","bar stools, island countertop, hanging shelves","kitchen area opens to a living area, with an island in the center","This modern kitchen is designed for efficient use of space and features sleek gray cabinetry, white countertops, and black accents."
"farmhouse_425.jpg","Mid-Century Modern","white, light wood, beige","oak wood, fabric upholstery, porcelain tiles, metal hardware","warm and inviting with recessed lighting in the kitchen area, complemented by a chandelier above the dining table.","homey and comfortable","dining room table, chair, kitchen island, potted plants","a central living space with an open kitchen connected to a dining area and additional workspace in the corner.","A beautifully designed space with vintage-inspired furnishings, clean lines, and plenty of storage for books and accessories."
"farmhouse_426.jpg","Modern","white, black","porcelain, tile, wood","Well lit with natural light and complementary artificial lights.","Clean and minimalistic","bath towel, soap dispenser, potted plant","Bathroom with a wall shelf under the mirror for storage.","This modern bathroom design features clean lines, tiles on the walls and floor, a minimalistic color palette, and a well-lit space that makes efficient use of available light sources."
"farmhouse_427.jpg","Modern","brown, grey, blue","wood, fabric, metal","bright and natural with ample windows","cozy and inviting","sofa, chairs, tv, pool table","spacious and open with a central entertainment area","This modern outdoor space features a warm palette of brown, grey and blue, combined with wood, fabric and metal materials. The natural light illuminates the area, creating a cozy and inviting atmosphere that is perfect for relaxation."
"farmhouse_428.jpg","Modern","gray, black, white","brass, marble, wood","natural light from large window","clean and minimalistic","double sink vanity, floor mirror above double vanity, framed wall art, small potted plant on left side of vanity, wooden towel rack","linear layout with vanity centrally placed, mounted to the wall","This is a modern bathroom design featuring a clean and minimalistic style. The space is dominated by a large double sink vanity that sits against a gray wall, which also contains a small framed wall art piece. Above the vanity hangs a floor mirror with black frame. To the left of the vanity, there's a wooden towel rack. On the right side of the vanity, there is a small potted plant adding a touch of greenery to space."
"farmhouse_429.jpg","Scandinavian","white, light wood","wood, metal, fabric","natural light from large windows","warm and cozy","king bed, dresser, coffee table, floor lamp","open space with central seating area around fireplace","This bedroom is designed in a Scandinavian style, characterized by clean lines and a neutral color palette. The space features natural materials like wood and metal, complemented by soft fabric accents. The room has large windows that allow ample natural light to fill the space, creating a warm and cozy atmosphere. The bed is centrally located in the room with a seating area around the fireplace. The dresser matches the bed, maintaining the Scandinavian design aesthetic."
"farmhouse_43.jpg","Modern Minimalist","gray, white, brown","wood, metal","recessed and under-cabinet lighting","clean, serene, and spacious","double sink vanity, wooden shelves above vanity, large round mirror, black metal light fixtures","rectangular with a large open space","The bathroom is designed in a modern minimalist style, featuring gray cabinets and white countertops. The wooden shelves above the double sink vanity add warmth to the space, while the recessed lighting provides ample illumination."
"farmhouse_430.jpg","Modern Minimalist","white, beige, light wood","wooden cabinetry, brass fixtures","recessed lighting with adjustable warmth and color settings","clean, bright, and serene","round mirror above vanity, wooden vanity, shelving unit, floor lamp, plants","linear space layout with central bathroom sink","This modern minimalist bathroom features wooden cabinetry, a round mirror above the vanity, and plants for a serene and clean atmosphere."
"farmhouse_431.jpg","Modern Minimalist","white, light gray, dark gray","wood veneer cabinets, stainless steel appliances, granite countertops","bright and well-lit, with overhead track lighting","clean and sleek, with a neutral color palette that feels modern and spacious","modern pendant light over the island, stainless steel range hood, granite kitchen countertops, white subway tile backsplash","a galley kitchen with two parallel counters, stove between them","This is a contemporary kitchen design that emphasizes functionality and clean lines. The use of wood veneer cabinets gives warmth to the space while maintaining the modern minimalist style."
"farmhouse_432.jpg","Modern Minimalist","white, beige, light wood","wood, linen, cotton","natural soft light from large windows","calm and airy","king-size bed, dresser, side table, area rug, large painting","spacious bedroom with open design concept","A serene and inviting modern bedroom featuring a king-size bed, minimalist furnishings, and soft natural lighting."
"farmhouse_433.jpg","Modern Minimalist","white, beige, gray","wood, linen, glass","bright and even, with natural light from windows","calm and serene","large bed, nightstand, lamp, vase","spacious bedroom with a bed centered between two nightstands, a lamp on one side and a vase on the other","This bedroom features a minimalist design with a modern flair. A large bed is the centerpiece of the room, flanked by two nightstands holding lamps on either side, contributing to a serene ambiance that benefits from natural light flooding in."
"farmhouse_434.jpg","Modern Minimalist","white, beige, light wood","glass, wood, metal","recessed lighting with ambient accents","clean and serene","mirrors, vase of succulent plants, contemporary vanity lights","linear design with symmetrical elements","A modern bathroom features sleek glass mirrors, a neutral color palette, and contemporary accents to create a serene space."
"farmhouse_435.jpg","Modern Minimalist","white, black, wood","oak wood, marble, brass","bright and natural from skylights","clean and serene","freestanding bathtub, double sink vanity, round mirror, wooden bench","open space with separated but connected bathroom and vanity areas","This modern bathroom features a minimalist design, with monochromatic color palette and materials. The open layout allows for bright natural light to fill the space, enhancing the clean and serene atmosphere."
"farmhouse_436.jpg","Mid-Century Modern","dark brown, light brown, brass","oak wood, marble, brass","warm and ambient, with brass fixtures adding a touch of elegance","inviting and relaxed","antler-shaped wall sconce, golden deer figurine on shelf, brass faucet, brown wooden cabinet","a clean, streamlined bathroom with a single vanity sink set into a large mirrored vanity unit","This Mid-Century Modern bathroom is designed to create a sense of calm and relaxation, featuring a dark wood and marble finish that exudes warmth and elegance."
"farmhouse_437.jpg","Modern Minimalist","white, gray, dark wood","tile, marble, metal","bright and well lit","clean and serene","toilet, shower, sink, plant","efficient use of space with all fixtures close together.","This is a modern minimalist bathroom design featuring tile walls, marble counters and a metal shower system. The space is efficiently used with all fixtures in close proximity."
"farmhouse_438.jpg","Modern","neutral, white, wood","wood, tile","recessed lighting and natural light from windows","bright, clean, and organized","vanity with mirror, wooden cabinetry, tiled flooring, hanging art","functional layout with open concept","This is a modern bathroom designed with natural wood tones and clean lines, creating an organized and bright space."
"farmhouse_439.jpg","Minimalist","white, beige","steel, concrete","bright and even","clean and serene","cabinet, shelf, tray","rectangular space with open shelves on one wall","This interior design image features a minimalist style with white and beige color palette. The materials used are steel and concrete, giving the space an industrial feel. The lighting is bright and even, contributing to a clean and serene atmosphere. The cabinets have open shelves on one wall that allow for easy access and organization."
"farmhouse_44.jpg","Modern Minimalist","dark grey, light grey, white","wood, metal, glass","ambient lighting with a focus on natural light","modern and serene","cabinet, bar cart, potted plant","open space layout with kitchen and living room connected","This modern, minimalist home design features a dark grey cabinet as a focal point in the open space connecting the kitchen and living room. The materials used include wood, metal, and glass. The color palette consists of dark grey, light grey, and white. Natural light floods into the space, creating an airy atmosphere."
"farmhouse_441.jpg","Modern Minimalist","white, light wood, blue accent","wood, glass, stainless steel","soft, natural light with under-cabinet lights for additional illumination","clean and contemporary with a warm touch","island with seating, range hood, potted plants, open shelving","galley kitchen with a central island in the middle and wood cabinetry on two sides","This modern kitchen features a clean, minimalist design with soft lighting that creates a warm atmosphere."
"farmhouse_442.jpg","Modern Minimalist","white, light gray","wood paneling on ceiling and walls, cotton bedding, linoleum flooring","natural light from windows, ambient light from recessed lighting","clean and serene","beds, nightstands with lamps, wooden chairs, floor rug","open living space with bedrooms to side","This modern minimalist interior design features a clean color palette, wood paneling on ceiling and walls, linoleum flooring, cotton bedding, and ambient lighting that creates a serene and open atmosphere in the living area."
"farmhouse_444.jpg","Modern Minimalist","gray, wood, white","wood, glass, metal","soft and warm, with natural light coming through large windows","welcoming and cozy","large island in center of room, modern chairs, chandelier","open space design with kitchen flowing into dining area","Modern, minimalist home with a warm and inviting atmosphere. Grays, whites, and wood tones create a serene color palette while the large island serves as a central focal point."
"farmhouse_446.jpg","Modern","white, gray, brass","stainless steel, wood, porcelain","Under-cabinet lighting and recessed ceiling lights","Warm and inviting","stove top oven, kitchen island, dining table, bar stools","L-shaped layout with central island workspace.","This modern kitchen features a clean, sleek design with gray and white finishes. The materials used include wood, stainless steel, and porcelain. Under-cabinet lighting and recessed ceiling lights provide ample illumination. The island provides additional workspace and seating is available at the dining table or bar stools."
"farmhouse_447.jpg","Modern Minimalist","white, light wood, navy","quartz countertops, stainless steel appliances, brass fixtures","natural soft light from large windows and recessed lighting in ceiling","calm and airy with a hint of modern elegance","freestanding island with stools, modern stove top oven, hanging light fixture, large window planter","open space with central seating area and kitchen bar","This modern minimalist kitchen features a neutral color palette of white, light wood, and navy, with sleek quartz countertops. The recessed lighting in the ceiling complements the natural soft light coming from the large windows. Stainless steel appliances add a touch of contemporary elegance. A freestanding island provides additional workspace and dining area, surrounded by modern stools at the kitchen bar."
"farmhouse_448.jpg","Modern Minimalist","white, gray","wood, leather, metal","bright and natural with pendant lights","clean and contemporary","kitchen island table, modern chairs, hanging artwork, decorative vase","an open floor plan with a central kitchen island serving as the focal point for seating and cooking","This modern minimalist kitchen combines clean lines and bright natural light to create a contemporary space that feels both functional and inviting."
"farmhouse_449.jpg","Modern Minimalist","beige, white, light wood","wood, stainless steel, marble","natural soft light from large windows","calm and airy","wood cabinetry, white marble countertops, potted plants, modern chairs, stainless steel appliances","open space with central seating area, surrounded by a spacious kitchen","This modern minimalist kitchen is designed for functionality and aesthetics. Featuring light wood cabinetry, white marble countertops, and stainless steel appliances, it's illuminated by natural soft light that highlights the warm tones of the materials used. The open layout leads to a cozy seating area, creating a welcoming atmosphere for cooking and dining."
"farmhouse_45.jpg","Modern Minimalist","white, gray, black","wood, fabric, metal","natural soft light from large windows","calm and airy","sofa, coffee table, candle holder, floor lamp, vase","open space with central seating area","This modern minimalist living room combines soft grays, blacks and white to create a calming and airy atmosphere. The open layout with a central seating area promotes conversation and interaction."
"farmhouse_450.jpg","Modern Minimalist","light gray, gray, dark gray","wood paneling, metal siding","natural light from many windows and a large garage door window","modern, sleek, and clean","built-in garage cabinets, contemporary outdoor furniture","two car garage on left side, front entry covered porch","This house combines a contemporary design with functional space utilization."
"farmhouse_451.jpg","Modern","white, light gray, dark wood","wood, linen, glass","natural soft light from large windows","warm and cozy","sofa, coffee table, floor lamp, plant, vase","open space with central seating area around fireplace","This living room features a modern design with a minimalist color palette of white, light gray, and dark wood. Materials include wood flooring, linen upholstery, and glass accents. The soft natural light from the large windows creates a warm atmosphere, emphasizing the cozy feel of the space. Key elements in this room are a sofa for seating, a coffee table for holding items, a floor lamp providing additional lighting, a plant for greenery, and a vase for decorative purposes. The layout centers around the fireplace, which serves as a focal point and encourages gathering for conversation or relaxation."
"farmhouse_452.jpg","Modern Minimalist","dark blue, light gray, wood accents","glass block walls, brushed nickel fixtures, wood paneling","recessed lighting with warm-toned LED bulbs","modern and serene","bathroom vanity unit, freestanding shower tub, toilet, black metal handrail","space is divided with large glass block wall between toilet area and shower/bathtub area.","The bathroom has a modern design with minimalistic elements, featuring dark blue walls, light gray tiles and wood accents. The space is well-lit by warm LED bulbs and contains a vanity unit, freestanding shower tub, toilet and black metal handrail for safety."
"farmhouse_454.jpg","Modern","neutral beige, sleek metallic, deep wood","wood paneling on walls and ceiling, leather upholstery, steel accents","recessed lighting with ambient and task lighting","modern yet warm and inviting","large sofa facing fireplace, coffee table in front of seating area, floor lamp on side for reading","open living room space with a focus on conversation and relaxation","Modern living room with warm tones, sleek materials, and a comfortable arrangement."
"farmhouse_455.jpg","Modern Industrial","white, brown, black","wood, steel, marble","recessed lighting and pendant lights above the island","inviting and contemporary","kitchen island, open shelving, stainless steel appliances, hanging plants","open concept kitchen with island in center, surrounded by bar stools","This modern industrial style kitchen is characterized by a blend of raw and polished materials, open shelving for display and storage, pendant lights, and an inviting atmosphere."
"farmhouse_457.jpg","Rustic Country","red, brown, white","wood, metal, stone","Warm, ambient lighting from interior track lighting","Cozy and welcoming atmosphere","large fireplace, antler decorations, vintage tools","Open plan with garage on left side","This barn-style building has a warm and inviting feel, featuring rustic elements like the red barn exterior and natural wood finishes inside. The open layout makes it easy to move around and view the garage area."
"farmhouse_458.jpg","Modern Minimalist","beige, light wood, gold","oak wood, copper, glass","natural soft light from large windows and pendant lights over countertop","calm and airy","kitchen island with stools, wooden cabinetry, stainless steel appliances, potted plants","open space with central kitchen island and adjacent dining area","This modern kitchen combines minimalist design elements with warm, natural materials to create a serene and inviting space."
"farmhouse_459.jpg","Modern Minimalist","white, gray, brass","wood, marble, metal","natural soft light from large windows, supplemented by recessed ceiling lights.","calm and airy","large island with marble top, modern bar stools, tall potted plant","open space with central seating area around kitchen island, flanked by sink and stove on opposite sides.","This modern kitchen combines clean lines, neutral tones, and minimal decor to create a spacious and inviting atmosphere. The large island serves as both a practical workspace and a social hub in the heart of the room."
"farmhouse_46.jpg","Modern Minimalist","light gray, white, brown","oak wood, black metal fixtures, white tile","Natural light from a large window above the sink area, complemented by recessed lighting in the ceiling.","Calm and serene with a touch of elegance.","bathroom vanity, wooden framed mirrors, small green plant, candle","Space layout consists of a large bathroom vanity with wooden cabinet doors, a sink area under the mirrors, and space for toiletries.","This modern bathroom features a clean, minimalist design with a light color palette. The combination of wood, black metal fixtures, and white tile gives it an elegant feel. Natural light fills the space, and recessed lighting in the ceiling provides ambient lighting. A small green plant adds a touch of nature, while a candle introduces warmth to the space."
"farmhouse_460.jpg","Modern Minimalist","light gray, white, dark gray","vinyl siding, glass windows and doors, concrete driveway","natural soft light from large windows","calm and airy","sofa, coffee table, plant, floor lamp","open space with central seating area","This two-story home features a modern minimalist design with light gray siding, white trim, and dark gray shutters. The entryway is welcoming with its concrete driveway and walkway leading to the front door. Inside, an open floor plan provides ample space for seating and relaxation, while the large windows fill the room with natural light."
"farmhouse_462.jpg","Modern Minimalist","white, black, wood","steel, glass, wood","Natural light, soft sunlit space","Clean and serene","kitchen island, bar stools, oven, sink","Open kitchen with bar area and sliding glass door to patio","A modern, minimalist kitchen space featuring steel appliances, wood counters, a black and white color scheme, and natural lighting that creates a serene atmosphere."
"farmhouse_463.jpg","Modern Minimalist","black, white, gray","wood, metal, leather","natural soft light from large windows","bright and energetic","shelving unit, clothing hooks, office supplies, organizational storage baskets, pen board","closed space with central work desk area and cabinets for organization","This is a well-lit modern office space with black shelving unit, hooks for hanging items, wood counter top, and storage baskets."
"farmhouse_464.jpg","Modern Minimalist","white, black, wood","natural wood, porcelain, brass","soft, natural light from window with white frame","calm and serene","double sink vanity, wooden stool with toiletries, framed mirror over double sink, floor-mounted toilet paper holder, gold-toned wall sconces","open, functional layout with dual vanity as focal point","Modern bathroom design with minimalist aesthetic, featuring natural wood elements and gold accents for warmth."
"farmhouse_465.jpg","Modern","gray, white, wood","wood, metal, glass","Overhead recessed lighting with warm white bulbs and a combination of natural and artificial light.","Clean, spacious, and airy with a touch of rustic charm.","front-loading washer and dryer, wooden cabinet with hooks for hanging clothes, decorative wallpaper with floral pattern, two indoor plants","A galley kitchen layout with the sink, stove, and appliances on one side and a countertop with seating on the other. The laundry area is set between the two sides.","This modern kitchen combines rustic elements like wood cabinetry with clean lines and contemporary fixtures to create an inviting and functional space."
"farmhouse_466.jpg","Modern Minimalist","white, black, wood tones","brick veneer, metal siding, wood framing","natural soft light from large windows and recessed lights","calm and airy","sofa, coffee table, plant, floor lamp, wicker chair","open space with central seating area, flanked by stone walls","A modern minimalist style home exterior with a serene and airy atmosphere, featuring large windows, brick veneer accents, and a cozy outdoor patio."
"farmhouse_467.jpg","Modern","white, natural wood tones, metallic accents","wood paneling on walls and shelves, stainless steel appliances, clear glass jars","bright, natural light from large windows","modern, functional, and organized","open kitchen shelving units, baskets of ingredients, stainless steel appliances, wooden utensils","efficiency-focused with ample storage for pantry items","This modern kitchen features a sleek, uncluttered design with wood paneling and stainless steel appliances. The open shelving units are filled with clear glass jars containing pantry items, allowing for easy access and organization."
"farmhouse_468.jpg","Modern Minimalist","white, beige, light wood","wood, leather, fabric, metal","natural soft light from large windows","calm and airy","sofa, coffee table, plant, vase, floor lamp","open space with central seating area","This modern living room features a minimalist design, characterized by clean lines and a harmonious color palette. The wood elements are complemented by leather accents for texture, while fabric softens the overall look. Natural light fills the room, creating a calm and airy atmosphere. Furnishings include a comfortable sofa, functional coffee table, and tasteful decorative items such as a plant and vase."
"farmhouse_469.jpg","Scandinavian","white, gray, blue","wood paneling, woven rattan, black metal","soft and natural light from white ceiling fixture and wall sconces","calm and cozy","gray sofa with beige cushions, wood coffee table, blue abstract artwork, white pendant light, large green plant","open space with black metal fireplace as focal point, gray sofa facing it, and woven rattan area rug underneath","This living room has a Scandinavian design style featuring white walls and ceiling, wood paneling on the lower half of the walls, a soft white pendant light, black metal fireplace, blue abstract artwork, gray sofa with beige cushions, a wooden coffee table, and a large green plant to provide natural soft light. The mood is calm and cozy with warm textures and a mix of neutral and vibrant colors."
"farmhouse_47.jpg","Modern Minimalist","white, light wood, gray","oak wood, stainless steel, marble","soft overhead lighting and accent lighting under the cabinets","bright and clean","kitchen island, sleek countertop range, built-in wine fridge, sleek stainless steel appliances","open kitchen with an L-shaped layout connecting to dining area","This modern, minimalist kitchen features a clean design with natural wood elements and stainless steel accents. The soft overhead lighting illuminates the space while the under-cabinet lights provide task lighting for cooking areas. A sleek kitchen island serves as the heart of the space, adorned with stainless steel appliances that complement the marble countertops. The built-in wine fridge adds a touch of luxury to this sophisticated space."
"farmhouse_470.jpg","Modern","navy blue, white, light wood","wood paneling, concrete flooring, leather cushions","Natural light from two large windows, enhanced by recessed ceiling lights.","Minimalist and spacious with a touch of warmth.","sofa bench, floor lamp, bamboo plant, wooden shelving unit","Open floor plan with a separate seating area.","A modern living room with navy blue walls and wood paneling, featuring a sofa bench, concrete flooring, leather cushions, bamboo plant, and wooden shelving unit for storage."
"farmhouse_471.jpg","Industrial Loft","dark wood, black, metal","wood, glass, metal","industrial with track lighting and pendant lights","modern and minimalist","open shelving, kitchen island, potted plants, stainless steel appliances","spacious with long sightlines and open concept to dining area","This is a spacious kitchen designed in an industrial loft style, featuring dark wood cabinetry, black countertops, stainless steel appliances, and track lighting overhead. The color palette consists of dark wood tones, black accents, and metallic finishes. The space is open concept with long sightlines to the dining area, highlighted by pendant lights and large windows that allow natural light in."
"farmhouse_472.jpg","Modern Minimalist","gray, white, blue","brick, wood, metal","ambient light from recessed lights in ceiling with spotlighting over fireplace","calm and cozy","stone-faced fireplace, framed artwork on mantel, plant in pot on floor, vase with decorative sticks on floor","living room area centered around fireplace with seating arrangement visible in background","This modern minimalist living space combines a brick-walled fireplace, wooden mantel and beam design, with white accents and framed artwork to create a calm and cozy atmosphere."
"farmhouse_473.jpg","Modern Minimalist","white, black","wood, metal, porcelain","a mix of natural and recessed lighting, enhancing the room's spaciousness.","clean, minimalistic, and sleek.","black pendant lights, wooden bar stools, white marble countertop","an open concept layout with a kitchen island at its center, connecting the living and dining spaces.","The interior of this home is characterized by modern minimalistic design elements, including an all-white color scheme and clean lines. The room features a blend of materials such as wood for the flooring and countertops, metal for the kitchen fixtures, and porcelain for the backsplash."
"farmhouse_475.jpg","Modern Minimalist","black, white, wood","oak wood, marble, stainless steel","natural soft light from large windows","warm and cozy","wood cabinets, kitchen island, metal range hood, brass faucet, sleek pendant lights","open space with central seating area","This is a modern, minimalist kitchen and dining area that combines wood elements with sleek metal fixtures to create a warm and cozy atmosphere. The large windows let in soft natural light, enhancing the sense of space while maintaining intimacy through the central seating area."
"farmhouse_476.jpg","Modern","white, gray","wood, metal","Natural light from windows and ceiling lights","Calm and serene","sofa, coffee table, mirror, bench, plant","Open floor plan with a defined entryway, living room, and dining area","This modern home features a neutral color palette with wood accents and large windows that allow natural light to flow through the space."
"farmhouse_478.jpg","Scandinavian","white, beige, light wood, grey","wood, glass, steel, linen","natural soft light from large windows and recessed ceiling lights","calm and airy","cushioned bench at bottom of staircase, wooden stair railing with decorative metal insets, wall sconces on either side of stairwell, floor lamp near bench, modern pendant light fixture above stairs","open space with central seating area, featuring wooden staircase","This interior design is a Scandinavian-inspired space that combines natural materials and soft colors to create a calm and airy atmosphere. The centerpiece is the cushioned bench at the bottom of the wooden stairs, which serves as both seating and a visual anchor for the room's layout. Recessed ceiling lights provide additional illumination, while decorative elements like the metal insets on the stair railing add an industrial touch. Overall, this space is designed to be inviting and stylish, with a focus on simplicity and functionality."
"farmhouse_479.jpg","Scandinavian","white, gray, wood accent","wood planks on wall and ceiling, concrete floors, leather sofa","natural soft light from large windows","calm and airy","sofa, coffee table, plants, wooden wall shelving","open space with central seating area around fireplace","This living room combines a Scandinavian design style with natural materials and soft lighting to create a warm and inviting atmosphere."
"farmhouse_48.jpg","Modern Minimalist","white, gray, black","wood, marble, metal","Natural soft light from large windows, complemented by recessed lighting in the ceiling.","Calm and serene","sink vanity with wood cabinet, black faucet, white marble sink top, white soap dispenser, decorative mirror with floral pattern on wall","Small space layout with efficient use of vertical storage in the wood cabinet underneath the sink.","A modern, minimalist bathroom with a calm and serene atmosphere, featuring wood and marble materials, natural lighting, and a small wood cabinet for efficient storage."
"farmhouse_480.jpg","Modern Minimalist","white, beige, grey","oak wood, porcelain, stainless steel","soft, ambient light from recessed ceiling lights and under-cabinet LED strip lights.","clean and contemporary with a touch of rustic charm.","white subway tile backsplash, black stainless steel appliances, black marble countertops, matte black cabinet hardware","galley layout with open shelving on one wall and a counter lined with cabinets on the other.","This kitchen combines modern minimalist style with contemporary materials to create a clean, functional space that also has a touch of rustic charm."
"farmhouse_481.jpg","Modern Minimalist","white, beige, light wood","fabric upholstery, wooden headboard and footboard, cushions, silk throw blanket","soft, natural light from multiple windows","calm and serene","king-size bed with upholstered headboard and footboard, two floor lamps on either side of the bed, bedside table with a lamp and decorative objects, small chest of drawers at foot of bed, ruffled white throw blanket over the top of the comforter","open space with central seating area created by bed's arrangement","This bedroom features a modern, minimalist design with a soothing color palette of whites and light woods. The room is well-lit with natural light from windows, creating a serene atmosphere."
"farmhouse_482.jpg","Modern","white, gray, brown","stone, metal, wood","Natural light from large windows and black lanterns.","Cool and contemporary.","sectional sofa, stone fireplace, black lanterns, outdoor furniture","Open space with central stone fireplace and surrounding seating areas.","Contemporary outdoor living area featuring a sectional sofa, black lanterns, and a stone fireplace."
"farmhouse_484.jpg","Modern Minimalist","white, beige, light wood","oak wood, marble, steel","Natural soft light from large windows and hanging fixtures.","Calm and airy","Double vanity with mirrors, Wall-mounted sconces, Rug on wooden floor, Plant in corner, Floor lamp by tub, Tub with freestanding shower head, Baskets under sink for storage","Open space with separate areas for bath and vanity.","This modern minimalist bathroom features a clean, uncluttered design with natural light from large windows. The palette is neutral with oak wood accents and steel fixtures. The vanity has double sinks and ample storage. A rug on the wooden floor adds warmth underfoot."
"farmhouse_485.jpg","Modern Minimalist","white, beige, gray","wood, linen, metal","natural soft light from large windows and overhead lights","calm and airy","white shelves, woven baskets, gray sofa, dining table, wooden bowl","open space with central dining area and wooden cabinets lining the walls","This modern minimalist kitchen features a calm and airy design with a white color palette, wood cabinetry, woven baskets for storage, and soft overhead lights that provide natural light. The layout is open and welcoming, perfect for entertaining guests."
"farmhouse_487.jpg","Modern","white, gray, black","stainless steel, wood, glass","Overhead recessed lighting","Sleek and contemporary with a touch of coziness.","open kitchen island, modern white cabinets, flat screen TV, white desk","Open plan layout with a clear separation between the living room and kitchen.","This modern space combines functionality with style, featuring an open layout that creates a bright and spacious atmosphere."
"farmhouse_488.jpg","Modern Minimalist","white, gray, blue","wood, fabric, metal","natural soft light from large windows and chandelier in center of room","calm and airy","sofa, coffee table, chandelier, plant, area rug","open space with central seating area and windows on three sides","This modern bedroom has a minimalist design with clean lines, neutral tones, and natural materials. The large windows allow for plenty of light to fill the room, creating an airy atmosphere. A chandelier hangs from the center of the ceiling, adding an elegant touch. The space is furnished with a comfortable sofa and coffee table, providing ample seating in the central area. Additional decorative elements include a plant for a pop of greenery, an area rug to define the space, and tasteful artwork on the walls."
"farmhouse_489.jpg","Modern Minimalist","white, black, brass","oak wood, porcelain, marble","natural soft light from large windows","calm and airy","wooden vanity, clawfoot tub, hanging lights","small space with efficient layout","This bathroom is designed with a modern, minimalist style in mind. The color palette consists of white, black and brass accents that create a clean and contemporary look. Oak wood complements the space, while porcelain and marble add a touch of luxury to the fixtures. Lighting is natural soft light from large windows, which contributes to a calm and airy atmosphere. The bathroom features a wooden vanity, clawfoot tub and hanging lights as its main furniture pieces."
"farmhouse_49.jpg","Modern Minimalist","white, black, wood","oak wood, marble, steel","natural soft light from large windows","calm and airy","sofa, coffee table, plant, floor lamp","open space with central seating area","The interior design features a modern minimalist style, with a color palette of white, black, and wood. The materials used are oak wood, marble, and steel. Natural light flows through large windows, creating a calm and airy atmosphere. Key furniture pieces include a sofa, coffee table, plant, and floor lamp, arranged in an open space with a central seating area."
"farmhouse_491.jpg","Modern","gray, white, wood","oak wood, silver metal, concrete","natural light","inviting and warm","kitchen counter, oven, potted plant, wooden cutting board, bread drawer","open kitchen space with center island","This is a modern kitchen with an inviting atmosphere, featuring oak wood, white accents, concrete countertops and natural light. The open layout allows for easy movement around the kitchen."
"farmhouse_492.jpg","Modern Minimalist","white, black, gray","wood, leather, metal","Natural soft light from large windows","Calm and airy","Console table with black frame, Low-profile sectional sofa, Modern metal floor lamp, Oval mirror on wall, Large abstract art print","Open space layout with central seating area centered around fireplace","This living room is a modern minimalist design that focuses on clean lines, soft lighting and natural materials. The black leather sofa sits next to the large window allowing for plenty of sunlight during the day and a cozy atmosphere in the evening."
"farmhouse_494.jpg","Modern Minimalist","light gray, white, wood accents","glass, wood, fabric","natural soft light from large windows","calm and airy","sofa, coffee table, plant, floor lamp","open space with central seating area","This modern living room features minimalist design elements, a light color palette that enhances the natural light coming in through large windows, and wood accents that add warmth to the space."
"farmhouse_495.jpg","Modern Minimalist","white, gray, brown","wood, tile, metal","modern chandelier with exposed bulbs and recessed lighting in the ceiling","bright and airy","hanging pendant lights, sleek kitchen faucet, large green plant","open kitchen design with center island and adjacent seating area","This modern minimalist kitchen features a clean, bright design with a warm color palette that includes shades of white, gray, and brown. The space is well-lit by a combination of natural light from large windows and artificial lighting fixtures."
"farmhouse_496.jpg","Modern Minimalist","white, beige, light wood","oak wood, linen, stainless steel","natural soft light from large windows and pendant lights","bright and energetic","sofa, coffee table, plant, floor lamp","open space with central seating area surrounding kitchen island","This modern minimalist home features an open layout with clean lines, neutral tones and natural lighting. The design incorporates oak wood accents for warmth, a central island for functionality and a floor lamp for added illumination."
"farmhouse_497.jpg","Scandinavian","dark blue, light wood, white","cedar siding, black metal roofing, white-painted plywood walls","bright and natural, with skylights providing ample daylight","cozy and inviting with a touch of rustic charm","wooden bench, modern kitchenette, stainless steel countertops","compact but functional, with a combined kitchen/living area","This is a modern Scandinavian design house with a cozy and inviting atmosphere. It features natural materials such as wood siding and a black metal roofing. The lighting is bright and natural, thanks to the skylights. The interior has a touch of rustic charm and includes a compact kitchenette and a wooden bench for seating."
"farmhouse_498.jpg","Modern Rustic","dark grey, light grey, wood accents","wood siding, metal roofing, brick veneer","Warm and inviting with ambient lighting from recessed lights and natural light from windows.","Cozy and comfortable with a touch of elegance.","front door with window, large wooden front porch, wooden bench","Open floor plan with living room, dining area, and kitchen all in view. Front door centrally located.","A large two-story house with a modern rustic style that features a mix of dark and light greys, wood accents, and a brick veneer exterior. The interior has warm ambient lighting and is centered around the front door which opens to a wooden porch."
"farmhouse_499.jpg","Modern Minimalist","light wood, white, beige","wood, linen, wool","natural soft light from large windows","calm and airy","sofa, coffee table, baby bassinet, floor lamp","open space with central seating area near window","This is a modern minimalist nursery decorated in soft, light colors that create a calm and airy atmosphere. The space features wood flooring, linen accents, and wool textiles, contributing to the natural and cozy feel. A sofa sits near large windows, allowing for ample natural light. The baby bassinet is placed nearby, adding functionality and warmth to the space."
"farmhouse_5.jpg","Modern","gray, white, brown","wood, fabric","Natural light from large windows","Calm and relaxed","sofa, coffee table, chair, throw blanket","Open space with central seating area",""
"farmhouse_50.jpg","Scandinavian","white, blue, wood","wood, steel, glass","natural soft light from large windows and recessed ceiling lights","calm and airy","kitchen island with built-in cooktop, high kitchen chairs at island, stainless steel range hood","open space layout with central island seating area and refrigerator on the side","A modern Scandinavian-style kitchen featuring a wooden island, high stools for seating, and natural light from large windows."
"farmhouse_502.jpg","Modern Minimalist","white, gray, beige, green","wood, linen, metal, stone","ambient and natural light from large windows","calm and serene","sofa, coffee table, plant, floor lamp, framed art","open space with centered seating area","This is a modern minimalist interior design featuring white, gray, beige and green color palette. The room has wood flooring, linen on the walls, metal accents, stone elements and large windows that allow for ample natural light. There's a cozy sofa in the center of the room surrounded by soft ambient lighting. A plant adds to the serene atmosphere. The art is framed and placed thoughtfully around the space."
"farmhouse_503.jpg","Minimalist","off white, dark wood, stainless steel","oak wood, stainless steel, porcelain","bright natural light","modern and sleek","drawer unit, kitchen cabinets, wooden countertop","open kitchen with island","An open kitchen design with a minimalist style featuring stainless steel appliances, wood surfaces, and ample natural light."
"farmhouse_504.jpg","Modern","white, gray, brass","stainless steel, marble, wood","recessed ceiling lights with a large chandelier above the island","clean and modern, yet warm and inviting","center island, modern cabinets, brass handles, stainless steel appliances","an L-shaped layout with a central kitchen island serving as the focal point","This modern kitchen features a clean and elegant design, with a color palette that balances neutral tones with brass accents. It has stainless steel appliances, marble countertops, and wooden cabinetry, creating a warm yet sophisticated atmosphere."
"farmhouse_505.jpg","Modern Minimalist","white, natural wood","white pine paneling, wicker baskets, light-colored tile","soft, natural light from a large window with shutters","calm and peaceful","wooden laundry baskets on the counter, white towels folded on top of each other, a potted plant, a stack of white candles","small, efficient space with a built-in washer and dryer against one wall","A simple, modern laundry room with a calming atmosphere and functional design."
"farmhouse_506.jpg","Scandinavian","white, beige, light wood","wood, fabric, metal","natural soft light from large windows and interior lighting fixtures","calm and airy","sofa, coffee table, plant, floor lamp","open space with central seating area featuring a spiral staircase as the focal point","A Scandinavian-style interior with natural light and wood accents. The open floor plan creates a spacious, calming atmosphere with minimalistic design elements."
"farmhouse_507.jpg","Modern Minimalist","white, light gray","white cabinetry, black countertops, stainless steel appliances","bright and well-lit, with natural light coming in from a window","clean, organized, and contemporary","washer and dryer, laundry hamper, towel rack, small vase","efficient use of space, with washer/dryer next to each other under a window","This image depicts a modern laundry room with a minimalist design, featuring white cabinetry and countertops, stainless steel appliances, and black accents. Natural light filters in through a window, creating a bright and airy atmosphere."
"farmhouse_508.jpg","Modern","white, grey, black","metal, wood, quartz","under-cabinet lights, pendant lights over island, natural light from large windows","bright and inviting","large kitchen island, modern pendant lights, stainless steel appliances, wooden cabinets","open space with galley style kitchen area and central seating island","This modern kitchen features a sleek, minimalist design with a mix of materials including stainless steel, wood, and quartz. The lighting scheme includes under-cabinet lights and pendant lights over the large kitchen island that also serves as an additional counter space. A central seating area provides casual dining options within easy reach of all appliances."
"farmhouse_509.jpg","Modern Minimalist","white, black, silver","porcelain, metal, brass","recessed lighting with recessed mirrors and wall sconces","clean, sleek, and contemporary","sink, vanity lights, sink basin","linear layout centered around the double vanity mirror","The bathroom features a modern minimalist design with black-framed mirrors, white porcelain walls, and metallic fixtures. The clean and simple layout is centered around the large double vanity mirror."
"farmhouse_51.jpg","Modern Industrial","gray, navy blue, orange","wood, metal, brick","Industrial-style pendant lights above island countertop","Inviting and warm","center island with built-in seating, hanging pot rack, stainless steel refrigerator","Open concept layout, with kitchen and dining area flowing into living space","This modern industrial-style kitchen combines a mix of natural wood, stainless steel appliances, and concrete elements to create a warm and inviting atmosphere. The center island with built-in seating adds functionality and style to the open concept layout."
"farmhouse_510.jpg","Scandinavian","white, light gray, wood","oak wood, marble, steel","natural soft light from large windows","calm and airy","toilet, bathtub, sink, mirror","small, compact space with minimalist design","This is a Scandinavian-style bathroom with a light color palette and wood elements. The room features a toilet, sink, bathtub, and large mirror, creating an airy feel."
"farmhouse_511.jpg","Modern","white, gray, black","stainless steel, wood, glass","industrial style with multiple pendant lights and under cabinet lighting","modern and sleek with an emphasis on clean lines and contrasting textures","kitchen island, stainless steel appliances, white subway tile backsplash, open shelving","galley style kitchen with central island, flanked by walls of windows that provide ample natural light and an open view into the living area","This modern kitchen is designed for function and style, with a focus on open space and clean lines. The use of stainless steel appliances and open shelving contributes to its sleek and contemporary feel."
"farmhouse_512.jpg","Modern Industrial","dark brown, clear glass, silver","metal, glass, wood","overhead track lighting with adjustable bulbs","clean and functional","bar shelves, translucent glassware, reclaimed wood table","open floor plan","A modern industrial design in an open space, featuring a mix of materials including metal, glass, and reclaimed wood. Translucent glassware adds elegance to the bar shelves."
"farmhouse_513.jpg","Scandinavian","white, gray, navy","glass, wood, tile","natural light from skylight and ambient lighting fixtures","calm and spacious","shower stall with frosted glass door, bathtub, sink vanity, towel rack","open space design with a focal point on the shower stall","The bathroom features Scandinavian style with natural materials and minimalistic design. The glass door of the shower stall allows for light to flood the space, creating a calm and spacious atmosphere."
"farmhouse_515.jpg","Modern Minimalist","white, black, light wood","wood, metal, glass","natural soft light from large windows, overhead lights and under-cabinet lighting","calm and airy","dining table with stools, sofa, coffee table, potted plant, floor lamp","open space with central seating area, island in middle of kitchen","This modern minimalist space combines sleek lines and natural materials to create a calming atmosphere. The open layout enhances the sense of spaciousness, while the black and light wood color scheme adds warmth and texture."
"farmhouse_517.jpg","Modern Minimalist","white, light gray, dark wood","oak wood, stainless steel, glass","bright and airy with large windows","clean and uncluttered","modern sink, large island, copper pots and pans","open kitchen concept with island as focal point","A modern, minimalist kitchen with a clean and clutter-free design featuring oak wood cabinets, stainless steel appliances, glass backsplash, and large windows for natural light."
"farmhouse_518.jpg","Modern Rustic","natural wood tones, copper accents, deep blues","wood paneling on walls and ceiling, stainless steel appliances, black granite countertops","reclaimed wooden beams and exposed rafters provide natural light","warm, inviting, with a touch of rustic charm","large center island for food prep, vintage-style kitchen sink, stainless steel refrigerator","galley style with cabinets and appliances on both walls, open shelving above island","A modern rustic kitchen designed to feel warm and inviting with natural materials and a touch of vintage charm."
"farmhouse_519.jpg","Scandinavian","blue, white, rust","wood, tile, fabric","natural soft light from large windows","warm and cozy","sofa, coffee table, plant, floor lamp, vase with flowers","open space with central seating area","This is a Scandinavian-style living room featuring wood flooring, wooden walls, and green accents. A fireplace provides warmth and coziness to the space. The design incorporates natural materials like tile and fabric, creating a soft and inviting atmosphere."
"farmhouse_52.jpg","Modern Minimalist","dark wood, grey, white","dark wood paneling, leather upholstery, black metal frame","natural soft light from large windows with blackout shades","warm and cozy","bookshelf, desk, chair, plant, artwork","den with desk in corner, bookshelves flanking window wall","Modern design with minimalist aesthetic and warm color palette."
"farmhouse_520.jpg","Modern Minimalist","white, gray, natural wood","white vinyl siding, white window trim, metal railings","well-lit with natural light from windows and roof overhang","calm and inviting","black front door, gray stone steps, large wooden front porch, white garage doors","open and spacious with a central entrance and driveway access","A modern two-story house with white siding, gray trim windows, black door, and large porch."
"farmhouse_521.jpg","Modern Minimalist","white, light wood","wood, glass","natural soft light from large windows","calm and airy","staircase, coffee table, plants, bookshelf","open space with central staircase and adjacent living areas","This image showcases a modern minimalist interior design with a neutral color palette of white and light wood, contrasted by dark-toned wood accents. The design incorporates natural materials like wood and glass, creating an airy and calming atmosphere. The space is thoughtfully arranged, with a central staircase leading to an open loft area and adjacent living spaces."
"farmhouse_522.jpg","Modern Minimalist","black, white, gold","wood, metal, glass","natural soft light from large windows","calm and airy","double vanity with marble top, black frame mirrors above sinks, gold-toned fixtures, wooden towel bar","space with double vanity between two windows, allowing for natural light","This modern bathroom design features a black and gold color palette with wood accents, providing a sleek and serene atmosphere."
"farmhouse_523.jpg","Modern Minimalist","blue-grey, white, brass","wood, marble, brass","overhead fixtures and natural light from a window","clean, elegant, serene","sink, mirror, soap dispenser, toothbrushes, vase with flowers","square counter space with mirror above sink and towel rack adjacent","A modern bathroom with a monochromatic color scheme, minimalist design elements, and a focus on clean lines and functionality."
"farmhouse_524.jpg","Scandinavian","beige, white, light wood","wood, glass, fabric","natural soft light from large windows and floor lamps","cozy and warm","sofa, coffee table, area rug, floor lamp, pillows","open space with central seating area surrounding a fireplace","This is a large, open-concept living room in a Scandinavian style. The color palette includes beige, white, and light wood tones. Materials such as wood, glass, and fabric can be seen throughout the space. Natural soft light fills the room from the large windows and floor lamps. The mood of the room is cozy and warm, with a comfortable seating arrangement around a fireplace. Objects in the room include a sofa, coffee table, area rug, floor lamp, and numerous pillows."
"farmhouse_525.jpg","Modern Minimalist","white, wood accent","wood, glass","overhead and under-cabinet lighting with adjustable brightness","clean, sleek, functional","stainless steel refrigerator, cooktop, coffee maker, sink, wine rack","kitchen space with central island and countertops flanking a central sink area","This modern kitchen design features white cabinetry, wood accents, stainless steel appliances, overhead lighting, and under-cabinet lighting. The color scheme is simple yet elegant, creating a clean and functional space."
"farmhouse_526.jpg","Rustic Lodge","brown, tan, white","wood, stone, leather","natural sunlight through large windows and warm interior lighting from overhead fixtures.","cozy and inviting with a touch of rugged charm.","lounge chair, wooden coffee table, framed landscape print, stuffed animal on shelf","open floor plan with a central gathering space and defined living room, kitchen, and dining areas.","A spacious two-story house featuring rustic lodge design elements such as exposed wooden beams, stone fireplace, and cozy furnishings that create a warm and welcoming atmosphere."
"farmhouse_527.jpg","Modern","white, black, gray","glass, marble, wood","well-lit with natural light from large windows and recessed lighting fixtures","calm and serene","bath tub, shower stall, sink, mirror","a compact bathroom design with a shower, sink, toilet, and cabinet space.","This modern bathroom features a color palette of white, black, and gray, with glass walls for the shower stall and a large mirror above the sink."
"farmhouse_529.jpg","Modern Minimalist","light wood, white, grey","oak wood, linen, steel","natural soft light from large windows","calm and airy","freestanding tub, double vanity, wooden shelves, gold-finished fixtures","open space with central focus on bathroom area","This modern bathroom features a minimalist design, with light wood and white creating a calm and airy atmosphere. The freestanding tub is the focal point of the room, while gold-finished fixtures add elegance. Natural light from large windows illuminates the space."
"farmhouse_53.jpg","Modern","white, gray, wood","wood, fabric, metal","Natural light from windows and overhead lights","Calm and inviting","large sectional sofa, modern fireplace with wood accents, contemporary coffee table, high ceilings and exposed beams, large windows with stone frame","Open floor plan with living room, dining room, and kitchen areas flowing seamlessly together","A modern living space with a warm and inviting atmosphere, featuring natural wood elements and contemporary design."
"farmhouse_530.jpg","Minimalist","white, gray, beige","wood, fabric, concrete","natural soft light from large windows and ceiling lamps","calm and airy","sofa, coffee table, plant, vase, chair","open space with central seating area and hallway leading to another room","A modern, minimalist living room featuring an open floor plan with a sofa facing a coffee table. The color palette is neutral with a touch of green from the plant. Natural light streams in through large windows. A hallway leads to another room."
"farmhouse_531.jpg","Modern","white, brown, gray","wood, glass, metal","natural light from windows and recessed lighting","bright and welcoming","cabinets, countertop, dishwasher, refrigerator","open kitchen with island","The interior design features a modern style with a neutral color palette, utilizing wood, glass and metal materials. The space is well lit by natural light from large windows and recessed ceiling lights. The kitchen has an open layout, with a central island and stainless steel appliances."
"farmhouse_532.jpg","Contemporary","gray, white, yellow","wood, fabric, metal","Overhead light with natural light coming in from a window and floor lamp for soft lighting","Bright and welcoming","sofa, coffee table, floor lamp, plant, wooden bookshelf","Open layout with furniture arranged to create a central space for gathering.","This living room features a contemporary style with a neutral color palette and natural materials. The overhead light is complemented by natural light from the window and a floor lamp that creates a bright and welcoming atmosphere."
"farmhouse_533.jpg","Modern Minimalist","white, beige, gray","oak wood, linen, silk, brass","natural soft light from large windows","calm and airy","bed, couch, side table, armchair, ruffled throw blanket","open space with central seating area around fireplace","The interior design of this room is characterized by a modern minimalist style. The color palette consists of neutral tones, and materials include oak wood, linen, silk, and brass. Natural lighting filters through large windows, contributing to a calm and airy atmosphere. The furniture includes a bed, couch, side table, armchair, and a rugged throw blanket."
"farmhouse_534.jpg","Modern Minimalist","white, beige, gray","oak wood, ceramic tile, stainless steel","natural soft light from large windows and ceiling recessed lights","calm and airy","white washer and dryer, wooden cabinets, green plant on countertop, brass door handle","efficient use of space with laundry area adjacent to cabinetry and exit to hallway","The interior design combines modern minimalism with clean lines, neutral tones, and natural materials. The space is efficiently laid out for optimal functionality."
"farmhouse_535.jpg","Scandinavian","white, light wood, navy blue","oak wood, porcelain, glass, brass","soft, warm light from wall sconces and overhead fixtures","calm and serene","round mirror above vanity, white porcelain bathroom sink with brass faucets, white vase of pampas grass on vanity, white framed medicine cabinet, white towel rack","long, narrow space divided into two sections by a wall partition","A modern Scandinavian bathroom with a minimalist design featuring light wood and white fixtures."
"farmhouse_536.jpg","Modern","white, gray, navy","wood, steel, glass","natural soft light from large windows above kitchen counter and cooktop","bright and airy","bowl, coffee pot, wooden spoon holder, cookbooks","modular, with a central island that doubles as both a preparation space and an additional cooking area","This modern kitchen combines functionality with style, using natural light to create a bright and inviting atmosphere. The clean lines and monochromatic color scheme contribute to the overall sleek look of the space."
"farmhouse_539.jpg","Modern Minimalist","beige, black, light wood","wood, metal, glass","natural soft light from large windows","calm and airy","double vanity sink with large mirror, freestanding tub, plant in vase on counter, floor lamp","linear arrangement of bathroom fixtures, vanity flanked by double sinks, tub positioned to right","Modern and minimalist bathroom design with neutral tones, large windows for natural lighting, and a functional layout."
"farmhouse_54.jpg","Modern Minimalist","light wood, white, gray","wood, stainless steel, porcelain","soft and natural lighting from overhead fixtures","clean and serene","kitchen cabinet with open doors, wooden cutting board hanging on wall, white potted plant, stainless steel coffee maker","open kitchen layout with island for dining and food preparation","This modern minimalist kitchen features light wood cabinets, white countertops, stainless steel appliances, and a calming mood created by the natural soft lighting."
"farmhouse_540.jpg","Industrial","black, white, wood","dark wood, stainless steel, tile","industrial style pendant lights hanging from ceiling","modern and sleek","industrial cabinet, white countertops, black stove top oven","open concept with island in center of kitchen","This is a modern industrial kitchen featuring dark wood cabinets, white countertops, and stainless steel appliances. The pendant lights give the space an edgy feel."
"farmhouse_541.jpg","Modern Minimalist","black, white, wood","wood, linen, metal","natural soft light from large windows","calm and airy","sofa, coffee table, plant, floor lamp, stairway railing","open space with central seating area, separated from dining/kitchen area by stairwell","This modern minimalist home features a black and white color scheme with wood accents. A large window provides ample natural light to the open living area. The space is furnished with a comfortable sofa, stylish coffee table, plant for a touch of nature, and floor lamp for additional illumination."
"farmhouse_542.jpg","Modern Minimalist","white, gray, brown","wood, fabric, metal","soft and warm from ceiling lights, natural light through large windows","calm and inviting","sofa, coffee table, plant, floor lamp","open space with central seating area around fireplace","This modern living room is designed for comfort and style, with a neutral color palette and natural materials that create an inviting atmosphere."
"farmhouse_544.jpg","Scandinavian","white, beige, light wood","oak wood, linen, marble","natural soft light from large windows","warm and cozy","cupboard, stove, bowl, kettle","functional galley layout with ample storage and counter space","This kitchen features a warm, inviting design with light wood finishes, white cabinetry, and marble counters. The galley layout maximizes the available space for cooking and provides abundant storage."
"farmhouse_545.jpg","Modern","black, white, silver","metal, porcelain, glass","ambient lighting from recessed ceiling lights","clean and modern with a touch of whimsy","double sinks, mirror, toilet, bathroom sink","narrow space designed for functionality","A modern bathroom with double sinks, a mirror, and a toilet. The design is clean and efficient, while the floral wallpaper adds a touch of whimsy."
"farmhouse_546.jpg","Modern Minimalist","blue, white, gold","steel, marble, wood","natural soft light from large windows","calm and airy","sink, cabinet, dishwasher, stove","space layout with efficient use of space for cooking, washing, and storage","This modern kitchen is designed with a minimalist approach to maximize functionality while maintaining a clean and calming atmosphere."
"farmhouse_547.jpg","Modern Minimalist","white, light wood, gray","glass, wood, metal","Natural light flooding in from large windows and high ceiling recessed lighting","Bright and airy with a touch of coziness","sofa, coffee table, potted plant, floor lamp","Open kitchen and living area with central island","A modern, minimalist-inspired kitchen and living space with a bright color palette, featuring natural materials like wood and glass, and a mix of traditional and contemporary furniture."
"farmhouse_548.jpg","Modern Minimalist","white, beige, light wood","fabric, wood, metal","natural soft light from large windows","calm and airy","bed, bedside table, lamp, floor lamp, pillows","open space with central bedroom area","The room is a modern minimalist hotel suite, featuring a white color palette with beige and light wood accents. The design utilizes fabric, wood, and metal materials to create a calm and airy atmosphere."
"farmhouse_549.jpg","Modern Minimalist","black and white, brass accents","white tiles, wood countertops","overhead track lighting with brass fixtures","modern and sophisticated","round mirror above counter, brass towel racks, black and white print on wall, white marble sink","small room with compact layout, featuring a small vanity area with round mirror and black and white print on wall above it.","This bathroom features modern minimalist design elements including black and white color palette, brass accents, wood countertops, overhead track lighting, and compact layout. It includes essential fixtures such as a small vanity with round mirror and towel racks."
"farmhouse_55.jpg","Modern Minimalist","white, light wood, black accents","oak wood, marble, steel","recessed lighting with additional overhead lights for a bright and airy feel.","calm and minimalistic","large island in center of room, sleek stainless steel appliances, modern pendant lights, built-in wine fridge","open space design with a central kitchen island for functionality and style.","This modern kitchen combines minimalistic design elements with functional features to create an elegant and efficient cooking space."
"farmhouse_550.jpg","Scandinavian","white, green, wood","oak wood, metal handles, granite countertops","natural soft light from large windows","calm and airy","island with butcher block top, stools, potted plant, bowls","open space with central seating area and kitchen island","This is a Scandinavian-style kitchen with a clean and airy feel. The color palette includes white, green, and wood tones, which are complemented by oak wood cabinetry, metal handles, and granite countertops. The kitchen features large windows that let in natural light and an island with a butcher block top for casual dining or working. The space is furnished with stools, a potted plant, and bowls on the counters to add warmth and personality."
"farmhouse_551.jpg","Modern Minimalist","white, light blue","wood, tile, stainless steel","natural soft light from large windows and recessed ceiling lights","calm and airy","island with marble top, bar stools, kitchen sink, vase on the countertop","open space with central island and seating area in front of a window","This modern kitchen features light-colored wooden cabinets, white countertops, and minimal decor, creating an airy and calm atmosphere."
"farmhouse_552.jpg","Modern","white, wood, black","wood, metal, stone","bright and natural light from windows","clean and bright","oven, cabinet, sink, countertop","U-shaped kitchen with island","A modern, clean kitchen with a combination of natural materials and light colors for an open feel."
"farmhouse_553.jpg","Modern Minimalist","white, beige, dark wood","oak wood, stainless steel, glass","overhead track lighting with recessed under-cabinet lighting","bright and airy","wooden kitchen island, dark brown bar stools, stainless steel range hood","L-shaped layout with central kitchen island","Modern kitchen with a minimalist design featuring natural wood, stainless steel accents, and bright overhead lighting that creates an airy atmosphere."
"farmhouse_555.jpg","Modern Minimalist","white, gray, light wood","oak wood, linen, leather","soft overhead lighting and ambient soft light from the sides","calm and airy","bed, nightstands, dresser, floor lamp","open space with centered bed flanked by nightstands and dresser on opposite wall","This is a modern, minimalist bedroom featuring a serene palette of white, gray, and light wood. The room has soft overhead lighting and ambient soft light from the sides, creating a calm and airy atmosphere."
"farmhouse_556.jpg","Modern Minimalist","white, gray, wood","oak wood, marble, stainless steel","natural soft light from large windows","calm and airy","washer and dryer, wooden baskets on cabinets, framed artwork above washer and dryer, white countertops, stainless steel appliances","kitchen area with stacked washer and dryer","This kitchenette combines modern minimalist design elements with a soft, calming atmosphere. The wood and white color palette creates a warm space, while the stainless steel appliances add a touch of industrial chic. The layout is efficient, with essential appliances such as washer and dryer stacked together in a kitchen area that also doubles as laundry space."
"farmhouse_558.jpg","Modern Minimalist","white, beige, gray, brass","stainless steel appliances, glass cabinet doors, wood accents, subway tile backsplash","Under-cabinet lighting and recessed lights for ambient illumination, complemented by pendant lights over island.","Elegant and clean with a touch of warmth from the wood accents.","island, stools, counters, wine fridge","Open kitchen layout, featuring an L-shaped island that serves as a breakfast bar and additional counter space.","A modern minimalist kitchen with a clean palette of white, beige, gray, and brass. Highlights include stainless steel appliances, glass cabinet doors, wood accents, and pendant lights over an island breakfast bar."
"farmhouse_559.jpg","Modern Minimalist","white, gray, wood tones","oak wood, stainless steel, marble","bright and airy","clean, uncluttered, and spacious","kitchen island with seating, modern range hood over stove, large pendant lights over countertops","open space with island as a focal point","This modern minimalist kitchen showcases clean lines and neutral colors, creating an uncluttered yet functional space that feels open and airy."
"farmhouse_56.jpg","Modern Minimalist","navy blue, white, brass","glass shower door, blue cabinetry, tile flooring","natural soft light from large window","calm and clean","double vanity, large mirror, floor lamp, potted plant","open space with central vanity area","This modern bathroom features a minimalist design with navy blue cabinetry, tiled flooring, and glass shower door. A large window provides natural light that fills the space, contributing to a calm and clean atmosphere."
"farmhouse_560.jpg","Modern","white, dark wood, brass","wood, stainless steel, leather, glass","Recessed lighting with brass fixtures, and under-cabinet lighting","Warm and inviting","kitchen island, suspended shelving unit, large range hood, modern pendant lights","Open concept layout with kitchen connected to dining area","This modern kitchen features a clean, minimalist design with warm wood tones and brass accents. The space is well-lit by recessed lighting fixtures and has an open layout that connects the kitchen to the adjacent dining area."
"farmhouse_561.jpg","Scandinavian","white, beige, wooden accents","oak wood, linen, metal","natural soft light from large windows","calm and airy","kitchen island, dining table with chairs, wood-burning stove, framed artwork","open space with central seating area, kitchen open to dining room","This image depicts a modern kitchen and dining area with a Scandinavian design. The color palette is warm with beige walls and wooden accents. The space features natural lighting from large windows, enhancing the calm atmosphere. Key objects include an island in the center of the kitchen and framed artwork on the wall. The layout combines the kitchen and dining area for a seamless flow between spaces."
"farmhouse_562.jpg","Modern Minimalist","beige, light wood, gray","oak wood, linen, glass","natural soft light from large windows","calm and airy","wood vanity, woven baskets under sink, flower arrangement on countertop","small space with efficient use of available area","This bathroom features a modern minimalist design, with beige and light wood tones creating a serene atmosphere. The oak vanity adds warmth to the space, while glass elements allow for natural light to enter. A woven basket under the sink provides storage, and decorative touches like flowers add life to the room."
"farmhouse_563.jpg","Modern Minimalist","white, gray, black","glass, wood, metal","natural light from large windows and recessed ceiling lights","calm and serene","bed, bookshelf, lamp, chair","open space with clean lines and minimal clutter","The room has a modern, minimalist design with a monochromatic color scheme, glass surfaces for openness, and carefully chosen objects to maintain simplicity."
"farmhouse_564.jpg","Modern Minimalist","white, black, wood accents","metal, wood, glass","natural soft light from large windows, with overhead pendant lights","clean, modern and inviting","center island with seating, vintage-style pendant lights, modern wood cabinetry","open space design with island in center, leading to dining area","This modern kitchen combines minimalist style elements with warm woods and a mix of vintage and contemporary lighting fixtures."
"farmhouse_565.jpg","Modern","blue, beige, grey","wood, marble, metal","well-lit with recessed lighting and accent pieces","modern yet inviting","kitchen island, stainless steel appliances, blue kitchen cabinetry, marble countertops, gray pendant lights","L-shaped layout with central island and breakfast bar","This modern kitchen combines sleek design elements with warm, inviting tones to create a comfortable space for cooking and entertaining."
"farmhouse_566.jpg","Modern Minimalist","light gray, white, dark wood","wood, glass, brass","recessed lighting providing a soft glow","calm and organized","sink vanity with mirror above, marble countertop, wooden shelves for decor, brass faucet","a clean, open bathroom space","This modern minimalist bathroom features a light gray and white color scheme with wooden accents. A marble vanity top sits on a countertop, accompanied by brass fixtures and wood shelving for storage and decoration."
"farmhouse_567.jpg","Modern Minimalist","white, beige, light wood","wood, linen, fabric","bright and natural from large windows and overhead lighting","calm and serene","bed, nightstand, desk, dresser, chair","spacious with open floor plan","A modern minimalist bedroom design with neutral color palette, featuring a large bed, functional nightstand and dresser, desk for work or study, and a comfortable chair."
"farmhouse_568.jpg","Industrial Loft","brown, black, white","metal, wood, concrete","low hanging industrial lights with exposed bulbs","intense and focused","weight rack, dumbbells, kettlebell, bench","space designed for functional movement with weightlifting equipment at center","A gym interior space with an industrial aesthetic, featuring weightlifting equipment and low hanging lighting."
"farmhouse_569.jpg","Scandinavian","white, light wood","wood, stone, brick","natural soft light from large windows","calm and airy","sofa, coffee table, plant, floor lamp, bookshelf","open space with central seating area, adjacent to stone wall","The interior design of this space has a Scandinavian influence, featuring light wood and white tones for a calm and airy mood. Natural light illuminates the room through large windows, creating an open atmosphere. The furniture includes a sofa, coffee table, plant, floor lamp, and bookshelf, all of which blend harmoniously with the stone wall."
"farmhouse_57.jpg","Scandinavian","white, beige, light wood","oak wood, linen, concrete, steel","natural soft light from large windows","calm and airy","sofa, coffee table, plant, floor lamp","open space with central seating area","The house features a bright Scandinavian design, with a light wood color palette and natural materials. The interior is illuminated by soft natural light from large windows, creating a calm and airy atmosphere. Key elements include a comfortable sofa, functional coffee table, lush plant, and modern floor lamp in the central seating area."
"farmhouse_570.jpg","Contemporary","white, gray, wood","brick, stone, wood","Natural light with a warm glow from the windows and doors.","Elegant and inviting.","sofa, coffee table, floor lamp, area rug, potted plant","A spacious open floor plan with a central living area surrounded by bedrooms.","This is an elegant and inviting contemporary home with a warm color palette of white, gray, and wood. The materials used include brick, stone, and wood, giving it a natural and textured look. Natural light streams through the large windows and doors, creating a warm glow that highlights the open floor plan and spacious living area."
"farmhouse_571.jpg","Modern Minimalist","white, blue, beige","wood, fabric, glass","Natural soft light from large windows","Warm and cozy","sofa, coffee table, plant, floor lamp","Open space with central seating area",""
"farmhouse_572.jpg","Modern","neutral tones, wood accents","brick facade, metal roofing, stone walls","natural light with recessed ceiling lights","contemporary and inviting","lounge chair, outdoor seating, poolside barbecue grill","open-concept living space, flowing into an outdoor entertainment area with a pool","This modern home combines rustic elements like brick and stone walls with contemporary design features. The open floor plan connects the interior living spaces to the exterior for seamless indoor-outdoor living."
"farmhouse_573.jpg","Modern Minimalist","white, neutral grey, brown","wood, metal, glass","warm and cozy glow from recessed lighting and wall sconces","inviting and comfortable","sofa, coffee table, plant, floor lamp, outdoor chairs","open space with central seating area and a covered outdoor patio","The interior design is modern minimalist, featuring neutral tones that create a warm and inviting atmosphere. The use of wood, metal, and glass materials adds to the contemporary look while still maintaining a cozy feel through the recessed lighting and wall sconces. The space is organized around a central seating area, with an outdoor patio providing additional relaxation and entertainment space."
"farmhouse_574.jpg","Modern Industrial","white, black, brass","concrete block wall, stainless steel appliances, oak wood countertops","natural light coming in through large windows","modern and inviting","island with stools, black pendant lights, hanging green plant","open concept layout with kitchen integrated into living space","This modern industrial-style kitchen features a clean, open design with concrete walls, stainless steel appliances, and oak wood countertops. The large windows let in natural light, creating an inviting atmosphere."
"farmhouse_576.jpg","Scandinavian","white, light wood, beige","linen, wood, metal","natural soft light from large windows","calm and airy","bed, dresser, lamp, framed mirror, window treatments","small, neatly arranged bedroom with a focus on simplicity and functionality.","The room has a serene and minimalistic design, featuring linens in light colors, wooden furniture, and metal accents. The bed is made, giving the space a tidy and organized appearance."
"farmhouse_577.jpg","Scandinavian","white, beige, light wood","wood paneling, linen, steel","natural soft light from large windows","calm and airy","bathtub, cabinet, bed, floor lamp","open space with central tub area","This bathroom combines Scandinavian simplicity with a calming color palette, featuring wooden paneling, linen, and steel elements. The large windows let in soft natural light, creating a serene atmosphere that complements the clean lines of the bathtub and cabinet."
"farmhouse_578.jpg","Mid-Century Modern","yellow, beige, blue","leather upholstery, wood frames on furniture, woven bamboo rug","bright and warm ambiance from wall sconces","comfortable and inviting","love seat, coffee table, end tables, floor lamp","open plan with a central seating area around fireplace","A well-appointed living room featuring mid-century modern design elements, a cozy fireplace, and plentiful seating options."
"farmhouse_579.jpg","Modern","white, grey, blue","wood, fabric, metal","Natural light through large windows, complemented by modern floor lamps.","Clean and serene with a touch of luxury.","bed, nightstands, sofa, chair, rug","Bedroom with a view in the background, featuring a bed by large windows.",""
"farmhouse_580.jpg","Scandinavian","white, beige, light wood","wood, fabric, glass","natural soft light from large windows","clean and bright","washer/dryer combo, iron and ironing board, towels, laundry detergent, hanging shirts","open space with washer/dryer set into wall, ironing station with hanging items above it","A compact laundry room designed for efficient use of space, featuring a built-in washer and dryer combo, an integrated ironing station with hanging storage above, and shelving units for linens."
"farmhouse_581.jpg","Modern Minimalist","gray, white, beige","wood, linen, glass","natural soft light from large windows","calm and airy","bathtub, cabinets, sink, lamp","bathroom with separate tub and shower area","A clean, modern bathroom that feels spacious and luxurious."
"farmhouse_582.jpg","Modern Minimalist","white, gray, black","oak wood, glass, metal","natural soft light from large windows","calm and airy","kitchen island, bar stools, wooden cabinetry, range hood","open space with central kitchen island for seating and food preparation","This modern, minimalist kitchen features a clean design with white cabinets and gray countertops. The large windows allow natural light to flood the space, creating a bright and airy atmosphere."
"farmhouse_583.jpg","Modern Minimalist","white, gray, black","glass, marble, brass","recessed ceiling lights and wall sconces","clean, minimalist, serene","modern bathroom fixtures, contemporary mirror, abstract artwork","single bathroom space with separate shower and toilet areas","This modern bathroom combines a sleek marble design with minimalist fixtures, creating an elegant and serene atmosphere."
"farmhouse_584.jpg","Modern","gray, white, light wood","wooden beams, gray siding, stone veneer","well-lit with a mix of natural and artificial light, featuring recessed lighting accents","inviting and comfortable","built-in fireplace, oversized sectional sofa, wooden coffee table","open concept with living room flowing into dining area and kitchen","This modern two-story house features a rustic yet polished design, highlighted by stone veneer accents and gray siding. The open floor plan creates a welcoming atmosphere for entertaining."
"farmhouse_586.jpg","Modern Minimalist","white, light blue, brass","wood, glass, stainless steel","soft and diffused light from recessed lighting fixtures","airy and bright","wooden kitchen island, white pendant lights, metal range hood, blue backsplash","L-shaped with open space between the kitchen and dining room","A modern and minimalist kitchen design, featuring a light blue color palette, wood cabinets, stainless steel appliances, and a mix of natural and industrial materials."
"farmhouse_587.jpg","Scandinavian","white, light gray, navy","marble, wood veneer, metal","soft, natural lighting from large windows","calm and airy","bathtub, large mirror, sink with double vanity, freestanding tub, wooden bench","open space design, separate bathroom area","A luxurious Scandinavian-style master bathroom featuring a marble bathtub, freestanding tub, double vanity sink, and plenty of natural lighting."
"farmhouse_588.jpg","Modern Minimalist","white, grey, blue","concrete, brass, wood","natural soft light from large windows","calm and serene","bathtub, tiled wall, shower caddy, large mirror, soap dispenser","linear layout with vanity on far side of room","A modern minimalist bathroom design, featuring a white and blue color palette, concrete walls and floor, brass fixtures, and large windows that allow natural light to fill the space."
"farmhouse_589.jpg","Modern","white, gray, wood","glass, tile, steel","overhead track lighting with adjustable fixtures","clean and serene","shower enclosure, vanity with mirror, sink with faucet, towel rack","bathroom space divided into functional zones, with a separate shower area.","The bathroom is designed with a modern minimalist aesthetic, utilizing clean lines and uncluttered surfaces to create a serene atmosphere. The color palette consists of neutral tones, while the use of glass for the shower enclosure adds a touch of elegance and sophistication."
"farmhouse_59.jpg","Modern Minimalist","white, beige, light wood","wood, fabric, glass","natural soft light from large windows","calm and airy","sofa, coffee table, plant, floor lamp","open space with central seating area","This modern minimalist living room features a clean design with neutral colors, natural wood accents, and plenty of natural light from large windows."
"farmhouse_590.jpg","Modern","white, wood accent, brick, black","glass, metal, brick, wood","Well lit with natural light and modern fixtures","Elegant and inviting","door, potted plants, chairs on the porch, wall decoration","Open floor plan with a central entrance area","The interior design combines modern elements with natural materials, creating an elegant and inviting space."
"farmhouse_591.jpg","Modern Minimalist","dark blue, white, wood","stainless steel appliances, glass cabinet doors, wooden shelves, brass fixtures","soft, ambient light from track and pendant lights","spacious, bright, and airy","modern island, white countertops, large window with view of trees, brass range hood","open-concept kitchen with a breakfast bar","This modern kitchen features sleek stainless steel appliances, dark blue cabinets, wood countertops and shelves, a large window that provides natural light, and an open layout connecting to the living area."
"farmhouse_592.jpg","Modern Minimalist","grey, white, neutral","linen, wood, brass","soft and natural light from large windows","calm and spacious","bed, nightstand, chair, side table, rug","open space with a central seating area created by the bed and two chairs","This room is styled in a minimalist modern design, featuring a large bed at the center, flanked by two armchairs. The color palette is neutral with shades of grey and white, complemented by natural materials like linen, wood, and brass. Soft lighting creates a calm atmosphere."
"farmhouse_593.jpg","Modern Minimalist","black, white, wood","wood, stone, glass","ambient natural light from large windows","clean and serene","double sink, framed mirror, toiletry holder, candle on the countertop, potted plant on the windowsill","a narrow bathroom with a window above the double sink, long counter with storage underneath","A modern minimalist bathroom that feels clean and serene, thanks to natural light and simple design elements."
"farmhouse_594.jpg","Modern Minimalist","white, grey, black","wood, stone, metal","natural soft light from large windows","calm and airy","sofa, coffee table, plant, floor lamp, artwork","open space with central seating area","This modern minimalist living room features a neutral color palette of white, grey, and black, complemented by wood, stone, and metal materials. The natural light from large windows creates a calm and airy atmosphere. The open layout centers around a sofa with a coffee table in front, a plant for greenery, a floor lamp for additional lighting, and artwork on the wall to add personality."
"farmhouse_595.jpg","Scandinavian","white, beige, wood accents","wood, marble, stainless steel","natural soft light from large windows and recessed lighting","calm and airy","double sink vanity with mirror above it, white farmhouse style cabinetry, wooden charging station drawer, potted plant on countertop, white pendant lights hanging from ceiling","open space kitchen with central island for seating","This is an image of a modern kitchen interior with a Scandinavian style. The color palette is neutral, featuring wood accents against white and beige walls. The room has wood cabinetry, marble countertops, and stainless steel fixtures that contribute to the sleek design. Natural light flows in from large windows, creating a bright and inviting atmosphere."
"farmhouse_596.jpg","Modern Minimalist","white, light wood, neutral gray","wood paneling, leather upholstery, metallic accents","well-lit space with overhead lights and a fireplace","welcoming and relaxed","sofa, coffee table, floor lamp, large mirror, potted plants","open concept living room connected to dining area","This modern, minimalist living space combines neutral tones with wood paneling and metallic accents. The open layout connects the living room and dining areas, creating a welcoming atmosphere for relaxation and socializing."
"farmhouse_597.jpg","Scandinavian","white, blue, wood","wood paneling, glass, metal fixtures","natural soft light from large windows","calm and airy","sink with faucet, vanity mirror above sink, shower caddy, white towel on rack","small space with efficient use of vertical storage and a single sink for functionality","The bathroom features Scandinavian design elements, including wood paneling, minimalist fixtures, and natural light from large windows. The color palette consists of white, blue, and wood accents, creating a serene and airy atmosphere. The space is efficiently organized with vertical storage for toiletries and essential items."
"farmhouse_599.jpg","Modern Minimalist","white, gray, beige, wood accent","wood paneling, glass, fabric upholstery","natural soft light from large windows and floor lamp","calm and airy","sofa, coffee table, plant, floor lamp, framed artwork","open space with central seating area, surrounding bookshelves","A modern minimalist living room with a neutral color palette and natural lighting that creates a calm and airy atmosphere."
"farmhouse_6.jpg","Scandinavian","white, beige, light wood","wood, linen, metal","natural soft light from large windows","cozy and inviting","sofa, dining table, chairs, sideboard","open space with central seating area","A cozy Scandinavian-style living room with a warm wooden dining table and chairs, a sideboard for storage, and a comfortable sofa."
"farmhouse_60.jpg","Modern Minimalist","white, wood tones, gray accents","oak wood, linen, steel","natural soft light from large windows","calm and airy","sofa, coffee table, plant, floor lamp, white rug","open space with central seating area","This living room showcases a modern minimalist style with clean lines, a neutral color palette and natural lighting."
"farmhouse_600.jpg","Scandinavian","light blue, white, dark gray","wood, marble, metal","natural light with ambient, task, and accent lighting","calm and serene","mirrored vanity mirror, blue vanity cabinet, sink, towel rack","open space with efficient use of available space","This Scandinavian bathroom design features a calming light blue color palette, natural materials, and strategic mirror placement for a clean, uncluttered look that makes good use of the available space."
"farmhouse_601.jpg","Modern Minimalist","gray, white, green","oak wood, marble, brass","natural soft light from large windows","calm and airy","bathtub, sink, vanity mirror, wine bottle holder","space with separate bathroom area","This modern bathroom features a gray color scheme, oak wood accents, marble countertops, and natural lighting that creates a calm and airy atmosphere."
"farmhouse_602.jpg","Modern","white, light gray, dark wood","wood, glass, stainless steel","bright and natural sunlight filling the space","airy and spacious","island with seating, large windows, bar stools, dining table","open concept with seamless transition to dining area","This modern kitchen is filled with natural light, featuring a large island for both dining and additional counter space, while maintaining an open layout that blends seamlessly into the adjacent dining area."
"farmhouse_603.jpg","Modern Minimalist","gray, white, beige","wood, metal, marble","soft overhead lighting with pendant lights around the island","clean and spacious","oversized center island, dining table, stainless steel refrigerator, modern chairs, decorative vases","open kitchen with a central island, leading to the dining area","This modern minimalist kitchen features a gray and white color palette, with a mix of wood, metal, and marble materials. The space is characterized by soft overhead lighting complemented by pendant lights around the center island. Natural light flows in from the large windows, creating a clean and spacious feel."
"farmhouse_605.jpg","Modern","neutral tones, light wood, navy accent","wood paneling, slate tile, linen upholstery","bright natural light from large windows and skylights","calm and inviting","white sofa, coffee table, outdoor fireplace, flat-screen TV, striped area rug","open space with central seating area and separate sleeping quarters","This modern mountain retreat features warm wood paneling, slate tile floors, and a cozy outdoor fireplace for an inviting atmosphere."
"farmhouse_606.jpg","Modern","white, gray, light wood","wood, metal, fabric","ambient and task lighting with a mix of pendant lights","clean, elegant and inviting","island for preparation/seating, dining table, bar stools, hanging plants, sleek appliances","open kitchen with dining area flowing seamlessly into living space","This modern kitchen combines clean lines, neutral tones, and natural light to create a warm, inviting space for cooking, dining, and entertaining."
"farmhouse_607.jpg","Modern Minimalist","dark blue, light gray, white","wooden paneling, marble countertop, brass fixtures","natural soft light from large windows","calm and airy","double vanity sink with brass faucet, large wall mirror, vase with fresh flowers","small bathroom space layout with double vanity centered on window","A modern bathroom featuring dark blue walls, wooden paneling and marble countertops, a large wall mirror over the vanity, and brass fixtures that complement the overall color scheme. The natural light from the large windows provides a calm and airy atmosphere."
"farmhouse_608.jpg","Modern","white, beige, gray","wood, fabric, metal","Natural light from large windows and recessed lighting in ceiling","Bright, airy and spacious","vase with flowers on coffee table, floor lamp with curved neck, bookshelf, chair","Open floor plan with central stairs leading to second floor","This is a modern interior design space featuring a bright color palette, natural materials and lighting, creating an airy and spacious atmosphere."
"farmhouse_609.jpg","Modern","white, silver, wood","brass, white marble, wood","The lighting is soft and warm, with a mix of natural light from windows above the sink and overhead fixtures.","This bathroom has a spa-like atmosphere, with a focus on cleanliness and tranquility.","sink, mirror, towel rack, plant, storage cabinet","The sink is centrally located within the frame, under a rectangular mirror. Above the sink, there are two windows allowing natural light to enter, and the overall layout suggests a clean, uncluttered space.","This modern bathroom features a brass faucet and hardware, white marble countertops, and wood-toned cabinets, creating a luxurious and serene environment."
"farmhouse_61.jpg","Scandinavian","white, light wood, navy blue","oak wood, marble, linen","soft and natural light from large windows above the sink","calm and spacious","vanity mirror, sink, baskets","long rectangular space with vanity set against one wall, baskets on floor under vanity for storage","This bathroom is designed in a minimalist Scandinavian style with light wood accents and white linens. The vanity area is the focal point of the space, featuring a large mirror above a spacious sink with ample countertop space. The baskets on the floor provide additional storage options."
"farmhouse_610.jpg","Modern Minimalist","white, beige, light wood","tile, glass, brass","natural soft light from large windows and overhead track lighting","calm and serene","freestanding bathtub with potted plant on top, striped towels, sleek faucet","space is divided into two main areas: a shower area with large window and a separate tub area","This modern bathroom combines minimalist design with natural elements, creating a serene and calming atmosphere."
"farmhouse_611.jpg","Contemporary","white, beige, brown","wood, steel, linen","Overhead recessed lighting and floor lamps","Bright and inviting","kitchen island, bar stools, potted plant, wooden dining table, metal chandelier","Open concept with a combined kitchen and living area","Modern two-story home with a contemporary design, featuring warm wood tones, open stairwell, and an abundance of natural light."
"farmhouse_612.jpg","Modern Minimalist","white, beige, light wood","oak wood, stainless steel, glass","bright and natural from multiple windows","clean, bright and inviting","modern kitchen island, wooden table and chairs, kitchen backsplash, hanging pendant light, stainless steel appliances","efficient use of space with clean lines and minimal clutter","This modern kitchen combines a clean design with a neutral color palette, creating an inviting space that is both bright and functional."
"farmhouse_613.jpg","Modern","white, light wood, gray","wood, glass, metal","natural light from large windows and recessed ceiling lights","bright and modern","stainless steel appliances, dining table, bar stools, potted plants","open concept with kitchen, dining, and living room connected","This modern interior design features an open floor plan with a harmonious blend of materials and lighting."
"farmhouse_614.jpg","Modern Minimalist","black, white, wood","metal, wood, tile","ambient with recessed lighting","calm and organized","cabinets, shelves, kitchenware","linear layout with efficient workspaces","The kitchen features sleek black cabinetry, white subway tile walls, and natural wood accents. With a simple design, it offers ample storage and workspace while maintaining a modern and minimalist aesthetic."
"farmhouse_615.jpg","Modern Minimalist","white, stainless steel, brushed nickel","wood cabinetry, metal appliances, glass backsplash","well-lit with recessed and pendant lights","clean, bright, and inviting","stainless steel refrigerator, white double oven, center island cooktop, wood dining table","U-shaped layout with central island","This kitchen features a modern design with stainless steel appliances, wood cabinetry, and a glass backsplash. The well-lit space has a clean and inviting atmosphere."
"farmhouse_617.jpg","Modern Minimalist","white, beige, light wood","oak wood, linen, concrete, steel","bright and natural from skylights","calm and airy","modern stove top oven, black pendant lights, wooden counter tops, large kitchen island","open space with central cooking area","This is a modern minimalist kitchen with clean lines and natural materials. The open layout allows for easy movement around the kitchen, while the bright light from the skylights creates an airy atmosphere."
"farmhouse_62.jpg","Scandinavian","white, beige, light wood, green accent","wood planks, white paint, marble, brass hardware","warm soft light from wall sconces and overhead fixture","calm and peaceful","mirror, sink vanity with wooden base, flowers in vase, wooden towel rack","compact space with vanity, mirror, storage cabinet, and doorway","This is a cozy and minimalist bathroom design featuring light wood and white tones for a serene atmosphere."
"farmhouse_620.jpg","Rustic","brown, black, white","wood, stone, metal","Natural light from large windows and ceiling fans","Warm and cozy","couches, chairs, coffee table, fireplace, potted plants","Open concept with central seating area under a vaulted ceiling","A cozy rustic cabin with wooden walls, stone fireplace, and comfortable seating in front of large windows."
"farmhouse_622.jpg","Scandinavian","white, wood, black","wood, tile, glass","Natural light from large windows.","Bright and airy","sink, cabinet, knives, bowl, oranges","Linear space with sink as focal point.","A modern kitchen with natural light, wooden cabinets, white countertops, and minimalist design."
"farmhouse_623.jpg","Scandinavian","white, neutral gray, light wood","wood, felt, woven textile","natural soft light from large windows, enhanced by recessed ceiling lights.","calm and airy","long wooden bench with white fur throw blanket, rectangular mirror above long bench, modern floor lamp with a white shade on left side of room, framed artwork on wall to the right of bench, white and light wood coffee table with storage drawers in front of bench","open space with central seating area, surrounded by kitchen and dining areas.","This is a Scandinavian-style interior design featuring natural wood materials and white accents, providing a calm and airy atmosphere. The open space layout includes a long wooden bench as the centerpiece of the room, complemented by a mirror above it for depth and reflection, floor lamp for soft lighting, artwork on the wall, and a storage coffee table."
"farmhouse_624.jpg","Modern Minimalist","black, white","wood, marble, metal","bright and even","clean and crisp","round mirror, two round mirrors, sink, cabinets","linear arrangement with symmetrical elements","This modern bathroom features a black and white color scheme, minimalistic design, marble countertops, and two round mirrors for added depth."
"farmhouse_625.jpg","Modern Minimalist","white, wood, gray","wood, metal, glass","recessed and pendant lighting with natural sunlight streaming in through windows","bright, spacious, and airy","kitchen island, bar stools, vintage style range hood, wooden dining table","open concept with kitchen, dining, and living spaces flowing seamlessly together","This modern minimalist kitchen features a bright color palette of white, wood, and gray. The materials used include natural wood for cabinetry and floors, metal for fixtures, and glass for counters. Recessed lighting is complemented by pendant lights to create an airy and spacious atmosphere. The vintage style range hood adds a touch of character to the space. The open concept layout flows seamlessly between the kitchen, dining, and living areas."
"farmhouse_626.jpg","Modern","white, light wood, blue","oak wood, stainless steel, glass","well-lit with natural light from large windows and pendant lights","warm, inviting, and stylish","bar stools, kitchen island, wooden table, range hood","open kitchen layout with island in center","This modern kitchen features a warm color palette of white, light wood, and blue accents. The space is well-lit, with pendant lights over the island complementing natural light from large windows. Materials include oak wood for cabinets, stainless steel for appliances, and glass for the backsplash. A bar area with stools is integrated into the design for informal dining or socializing."
"farmhouse_627.jpg","Modern Minimalist","white, light wood, gray, blue","glass, wood, metal, fabric","natural soft light from large windows with hanging pendant lights","calm and airy","bar stools, kitchen island, hanging plants, open shelving","open space with central seating area, kitchen island as centerpiece for dining","This modern kitchen is a minimalist design with natural light from the large windows. The palette includes soft whites and grays, complemented by light wood accents. Materials are primarily glass, wood, metal, and fabric. The space is open and airy, featuring a central seating area around the kitchen island which serves as a dining table. Hanging pendant lights add to the overall ambiance of calmness."
"farmhouse_628.jpg","Modern Minimalist","green, white, black","brass, steel, wood","under-cabinet lighting and ambient pendants","bright and energetic","modern island with bar stools, stainless steel appliances, brass cabinet handles","open layout with kitchen, dining and living room spaces flowing into one another","A modern kitchen space that combines functionality with style through its minimalist design, green color scheme, stainless steel appliances, and a warm, inviting atmosphere."
"farmhouse_629.jpg","Modern Minimalist","dark green, black, white","wood, metal, glass","bright and natural, from large windows","calm and serene","bookshelves, tv, couch, plant","open space with central desk area","This modern office features a minimalist design with dark green cabinets, metal accents, and black furnishings. The space is brightly lit from large windows that surround the room."
"farmhouse_630.jpg","Modern Minimalist","dark brown, silver, white","steel, wood, leather","under-cabinet lights and natural light from windows","tidy and organized","laptop, tablet, phone, power strip, charging cables, pen holder","clean lines with built-in desk accessories","A modern, minimalist workspace with a dark wood finish and under-cabinet lights for a tidy, organized feel."
"farmhouse_631.jpg","Modern Minimalist","white, beige, light wood, black accent","oak wood, linen, steel, leather","natural soft light from large windows and under-cabinet LED strip lights","calm and airy","sofa, coffee table, plant, floor lamp, vase, blanket","open space with central seating area in front of a wall-mounted TV above wooden cabinetry","This modern living room features clean lines, minimalistic decor, and a neutral color palette that creates a calm and airy atmosphere. The steel accents add an industrial touch to the otherwise warm and cozy space."
"farmhouse_632.jpg","Scandinavian","white, gray, blue","wood, linen, leather","warm natural light from large windows","cozy and serene","bed, nightstands, throw blanket, rug","open space with central bed area","This bedroom combines a Scandinavian design style with natural wood elements, creating a cozy and serene atmosphere. The large windows allow for warm natural light to fill the room, while linen and leather materials contribute to a comfortable and inviting space."
"farmhouse_633.jpg","Modern Minimalist","black, white, brass","stainless steel appliances, dark wood cabinetry, marble countertops","under-cabinet LED lights and recessed ceiling lighting","modern, clean, and inviting","black bar stools, large kitchen island, flat-screen TV, white wine fridge","open concept with an L-shaped layout and central cooking area","This modern kitchen combines sleek design elements with high-quality materials to create a space that is both stylish and functional."
"farmhouse_634.jpg","Modern Minimalist","gray, white, beige","wood, leather, fabric, concrete","bright natural light from large windows and a skylight","clean, calm, and modern","couch, coffee table, area rug, floor lamp","open space with central seating area and fireplace","This is a spacious, modern living room that combines minimalistic design elements with warm, inviting colors and materials."
"farmhouse_637.jpg","Modern Minimalist","gray, white, black","wood, glass, metal","recessed lighting with adjustable dimmer","modern and chic","bar shelves, industrial-style faucet, brass fixtures","kitchen island in center of kitchen, flanked by cabinets on either side","Modern kitchen with gray cabinetry, wood backsplash, and industrial bar shelves."
"farmhouse_638.jpg","Modern Minimalist","white, beige, light wood","concrete, glass, wood","natural soft light from large windows","calm and airy","sofa, coffee table, floor lamp, potted plant, pool view","open space with central seating area around pool view","This interior design features a modern minimalist style, using primarily light wood and concrete materials to create an airy and spacious living room. The color palette is centered around whites and beiges, and the overall mood of the space is calm and inviting. The seating area includes a comfortable sofa with a coffee table, and there's a floor lamp for additional lighting. Natural light from the large windows highlights the pool view, creating a relaxing atmosphere."
"farmhouse_64.jpg","Modern","white, light gray, natural wood","wooden siding, cedar shingles, concrete driveway","bright, natural light from large windows and glass garage doors","clean, bright, airy","large wooden garage doors, stone accent on front of house, modern pendant lights in driveway","open space with a central focus on the double-garage door and covered entrance","This modern single-story home with two-car garage features a simple yet elegant design, with wooden siding and cedar shingles, large windows for bright natural light, and a minimalist color palette. The open layout leads to the inviting front porch, making this home both stylish and functional."
"farmhouse_642.jpg","Modern","beige, gray, wood","brick, wood, linen","warm and cozy with candlelit ambiance","inviting, comfortable, warm","dining table, chairs, candles, vase","open space with central seating area, surrounding by cabinets","This modern kitchen and dining area has a rustic charm with wooden walls, a brick fireplace, a candlelit ambiance, warm beige tones, and an open layout that invites conversation."
"farmhouse_643.jpg","Modern Minimalist","gray, beige, white","wood, linen, acrylic","soft overhead lighting with recessed fixtures and a floor lamp","calm and neutral","low platform bed, wall-mounted shelving unit, abstract art piece, floor lamp, plant","open space layout with beds aligned against wall, stairs between levels, and overhead lighting centered over the room.",""
"farmhouse_644.jpg","Modern","dark blue, natural wood, light grey","wood, granite, stainless steel","recessed lighting with warm white bulbs, supplemented by under-cabinet LED strip lighting","professional and elegant","modern range hood with brushed nickel finish, dark blue cabinets, brass handles, metal kitchen faucet","linear kitchen layout with island in center","The interior design of this kitchen is a modern take on professional and elegant spaces, featuring dark blue cabinetry, brushed nickel finishes, and warm white lighting. The space combines a central island for preparation and socializing with a clean, linear layout that maintains a sense of openness."
"farmhouse_645.jpg","Industrial Loft","black, white, rustic brown","wood planks, metal fixtures, glass shelves","mix of natural and industrial light sources, such as pendant lights above the sink and mirror","modern and rustic with a touch of luxury","sink with black metal fixtures, large bathroom mirror, wooden shelving unit with plants","compact space with a central sink area, flanked by a large mirror on one side and wooden storage on the other.","This is an image of a modern industrial-style bathroom. The design features wood planks for walls and flooring, black metal fixtures for the sink and shelving unit, pendant lights hanging over the sink, and a large mirror. Plants are used as decorative elements to add some warmth and life to space."
"farmhouse_646.jpg","Modern","white, black, grey","wood, steel, glass","modern recessed lighting with brass accents","contemporary and spacious","dining table with built-in bench seating, kitchen island with marble countertop, wooden bar stools, large hanging pot with greenery","open plan design combining kitchen and dining area","This modern kitchen features a blend of sleek lines, natural materials, and clean white cabinetry that creates an inviting atmosphere."
"farmhouse_647.jpg","Modern Industrial","black, white, brass","black metal, wood, concrete","bright and airy, with industrial style pendant lights","cool and contemporary","metal barstools, modern kitchen island, high-rise faucet, reclaimed wood shelves","open concept with central bar stools, surrounded by dark cabinets and countertops","This is a modern industrial style kitchen, characterized by its use of black metal and concrete materials, bright pendant lights, high-rise faucet, and reclaimed wood accents."
"farmhouse_648.jpg","Modern","white, wood, black","oak wood, marble, brass","soft and warm, with a large window allowing natural light to flood the space","clean, bright, and modern","bathroom vanity, sink, mirror, tub, waste basket","a long bathroom with a central tub flanked by two walls of mirrors and a vanity on the third wall","A modern, well-lit bathroom featuring a wooden vanity with a marble top, a large mirror, a white bathtub, and brass fixtures."
"farmhouse_649.jpg","Modern","white, grey, black","brick, wood, glass","Natural light from large windows and skylights, complemented by recessed LED lighting.","Bright and airy with a modern and contemporary feel.","sofa, coffee table, flat-screen TV, floor lamp, area rug","Open concept living space with a central seating area surrounded by large windows and sliding glass doors leading to an outdoor patio.","This modern living room features a comfortable seating arrangement, ample natural light, and stylish furnishings that create a contemporary and welcoming atmosphere."
"farmhouse_651.jpg","Rustic Industrial","brown wood, white, green","wood, metal, glass","reclaimed wood beam ceiling with exposed ductwork","warm and inviting","vintage kitchen island with marble top, antique copper sink, wooden bowl with fruit","L-shaped design with central prep area","This rustic industrial kitchen blends reclaimed materials with vintage charm, creating a warm and inviting space."
"farmhouse_654.jpg","Modern","white, neutral grays","wood, metal","recessed lighting and natural sunlight","spacious and serene","vaulted ceiling with exposed beams, large island in center of room, white kitchen cabinetry, stainless steel appliances","open concept design with seamless transition from living to dining areas","This modern-style open kitchen and living area features a spacious layout with natural light, neutral color palette, wood accents, white cabinetry, and stainless steel appliances."
"farmhouse_655.jpg","Modern Minimalist","light wood, gray, white","wood paneling, brick wall, metal railings","natural soft light from large windows and skylights","cozy and inviting","sofa, coffee table, floor lamp, area rug, potted plant","open space with central seating area, flanked by windows and doors","This modern cabin-style room features a minimalist design with light wood paneling, brick walls, metal railings, and large windows that let in plenty of natural light. The color palette is warm and earthy, creating a cozy atmosphere. The space is furnished with a sofa for lounging, a coffee table for casual dining or putting things down, and a floor lamp to add ambiance when needed."
"farmhouse_656.jpg","Scandinavian","white, black, wood accents","cedar siding, metal roofing, stone veneer","soft, natural light from large windows and skylights","warm and inviting","wooden front door with glass transom, stone clad fireplace, white built-in bench in the entryway","open plan living space with central seating area, adjoining dining room and kitchen","This two-story house is characterized by a Scandinavian style with a warm, inviting atmosphere. The color palette includes white, black, and wood accents, creating a cohesive look. Exterior materials include cedar siding, metal roofing, and stone veneer. Large windows and skylights fill the space with soft, natural light, enhancing the welcoming ambiance. Inside, wooden floors, built-in benches, and other furnishings add to the cozy feel of the home."
"farmhouse_657.jpg","Modern Minimalist","dark blue, light gray, white","tiles, metal, wood","bright and airy","clean and serene","large mirror, freestanding bathtub, double sink vanity","angular space with central focal point","This modern bathroom features a sleek design with a dark blue color palette, creating a calm and serene atmosphere."
"farmhouse_658.jpg","Scandinavian","white, wood, copper","kitchen cabinets - gray and white, marble countertops, stainless steel appliances","natural light from large windows","bright and airy","white kitchen cabinets, stainless steel oven, kitchen island with seating, red tablet on drawer, wood cutting board","open space with central cooking area","This modern kitchen is designed in a Scandinavian style, featuring a gray and white color scheme with marble countertops and stainless steel appliances. Natural light streams in from large windows creating a bright and airy atmosphere."
"farmhouse_659.jpg","Modern Minimalist","white, wooden tones, gray, soft pink","wood, marble, leather, metal","natural soft light from large windows, complemented by recessed and pendant lights","calm and airy","sofa, coffee table, kitchen island with stools, vase of flowers, framed artwork","open space with a clear division between the kitchen and dining area, featuring an L-shaped counter for added functionality","This modern minimalist kitchen features clean lines, neutral colors, and natural materials to create a calm and airy atmosphere. The open layout connects the spaces for easy interaction, while the central island serves as both a cooking station and a casual dining area."
"farmhouse_660.jpg","Modern","white, black, beige","tiles, brass fixtures, wood","recessed lighting with black track","clean and minimalist","bathtub, black shower head, white towels","small space with compact layout","This modern bathroom features a clean, minimalistic design with tile walls and floor, black fixtures, and recessed lighting. The space is small but efficiently arranged for functionality."
"farmhouse_661.jpg","Modern Minimalist","white, beige, light wood","oak wood, linen, concrete, steel","natural soft light from large windows and recessed lights in the ceiling","calm and airy","large island with built-in sink, brass range hood, modern pendant lights, wooden kitchen cabinets","open space with central seating area around island, flanked by tall cabinets for storage and appliances.",""
"farmhouse_662.jpg","Modern Minimalist","white, beige, black, wood","marble, linen, wood, metal","natural soft light from large windows, overhead recessed lighting and floor lamps","calm and airy","sofa, coffee table, floor lamp, plant, bookshelf","open space with central seating area, fireplace anchoring the room","This modern minimalist living room features a clean and uncluttered design with natural light from large windows. The marble stone wall serves as the focal point of the room, providing warmth and texture. The sofa is surrounded by neutral colors creating a calming atmosphere."
"farmhouse_663.jpg","Modern Rustic","dark wood, gray, white","wood planks, stone tiles, metal railing","soft, natural light from large windows and skylights","warm and inviting","large sectional sofa, distressed wood coffee table, floor-standing floor lamp, large area rug, plant","open concept with living room flowing into kitchen","This modern rustic home features a warm and inviting atmosphere with wooden accents, a natural light source, and an open layout connecting the living and dining spaces."
"farmhouse_664.jpg","Modern Minimalist","white, gray, wood","oak wood, stainless steel, concrete","natural soft light from large windows","calm and airy","kitchen island, chairs, cabinets, pendant lights","open space with central kitchen island","This is a modern minimalist interior design in a residential setting, featuring an open layout with a large kitchen island and natural lighting that creates a calm and airy atmosphere."
"farmhouse_665.jpg","Modern Minimalist","white, beige, light wood","marble, brass, wood","natural soft light from large windows","calm and airy","sink, faucet, soap dispenser, plants, vase, mirror","compact space with efficient use of available area","This modern bathroom features a monochromatic palette, minimalistic design, and a compact layout that maximizes the functionality of the small space."
"farmhouse_666.jpg","Modern","white, black, brass","steel, marble, glass","natural light from large windows","clean and minimalistic","vanity, sink, mirror, towel rack, soap dispenser","modern with monochrome color scheme, focusing on clean lines and minimalism","This is a bathroom design that features modern elements such as steel fixtures, black faucets, and marble countertops. The space is illuminated by natural light from large windows and has a monochrome color scheme with white walls, a black vanity, and brass accents."
"farmhouse_667.jpg","Industrial Loft","dark wood, white, metal","wood, brick, concrete, stainless steel","natural soft light from large windows","warm and cozy","large island with stove top, dining table with bench seating, hanging pendant lights, floor to ceiling cabinets","open space with central island for cooking and dining area, flanked by tall cabinets on sides","Industrial-style kitchen with wood cabinetry, stainless steel appliances, concrete counters, and large windows allowing natural light to fill the space."
"farmhouse_668.jpg","Modern","brown, white","brick, wood","Well-lit with natural light from large windows and a single overhead light","Clean, organized, and professional","garage doors, garden hose, tool chest","The garage has a central door with two side-by-side garage doors on the right. There is no visible decor inside.","This modern garage features two double doors, one central and flanked by two smaller ones, set against a brick wall. A tool chest sits against the wall, and there's a garden hose coiled nearby."
"farmhouse_669.jpg","Modern Minimalist","white, gray, brass","stainless steel, black countertops, wood cabinets","recessed LED lighting with pendant lights over the island","clean and sleek","center island, black stove, white refrigerator, gray bar stools, wooden butcher block","open space with L-shaped kitchen counter, centered around an island","This modern minimalist kitchen is designed for functionality and style, featuring a neutral color palette with black appliances and wood accents."
"farmhouse_67.jpg","Modern","white, gray, black","stainless steel, wood, glass","bright and natural with recessed lights","modern and sleek with a touch of minimalism","stainless steel appliances, white countertops, black marble backsplash, wooden floating shelves","open concept with kitchen flowing into living space","This kitchen design showcases a modern aesthetic with stainless steel appliances, white countertops, black marble backsplash and wooden floating shelves. The open concept layout creates a seamless transition between the kitchen and living area."
"farmhouse_670.jpg","Scandinavian","white, beige, light wood","oak wood, linen, concrete, steel","natural soft light from large windows","calm and airy","island, cabinet, sink, countertops, flooring","open space with central island serving as a focal point for the cooking and dining areas.","This open-concept kitchen features a Scandinavian design, characterized by its minimalist approach, use of light wood tones, concrete accents, and steel fixtures. Natural light pours in from multiple windows, creating an airy atmosphere. The island serves as both additional counter space and a casual dining area."
"farmhouse_671.jpg","Modern Minimalist","white, gray, wood","wood, glass, brass","recessed ceiling lighting and natural light from windows","clean, crisp, and spacious","white dishwasher, white washer and dryer, white sink, wood shelving","efficient use of space with built-in appliances and storage solutions","This modern laundry room features a minimalist design, with clean lines and a focus on functionality. The color palette is neutral and calming, consisting of white with gray accents and wood details. Recessed ceiling lighting provides ample illumination, while large windows allow for natural light to flood the space. Built-in appliances and shelving provide both convenience and storage solutions."
"farmhouse_674.jpg","Modern Minimalist","white, beige, gray","wood, linen, leather, brass","recessed lighting with warm glow","spacious and inviting","sofa, armchair, coffee table, vase, potted plant","living room with open floor plan and central seating area","This modern living room features a minimalist design with a neutral color palette, wood accents, linen textiles, leather cushions, and warm lighting. The space is inviting and well-lit, with cozy seating and decorative elements like vases and plants."
"farmhouse_675.jpg","Modern Minimalist","white, beige, light wood","glass, steel, marble","natural soft light from large windows and recessed lighting","calm and airy","shower caddy, hair dryer, single towel rack","open space with central shower enclosure","This modern bathroom is characterized by its minimalist design, use of neutral colors, and natural lighting. The glass enclosed shower offers a sense of spaciousness while the steel fixtures add a touch of urbanity."
"farmhouse_677.jpg","Scandinavian","white, beige, light wood","oak wood, linen, concrete","natural soft light from large windows and track lighting","calm and airy","sofa, coffee table, plant, floor lamp, dining table, chair","open space with central seating area, stairs leading to lower level","This Scandinavian-style home features a bright and spacious living room with natural lighting from large windows. Oak wood flooring and linen accents contribute to the warm color palette. A sofa, coffee table, plant, floor lamp, dining table, and chair provide ample seating and storage options."
"farmhouse_678.jpg","Modern Minimalist","light wood, gray, black","steel, wood, glass","recessed lighting, large windows for natural light","modern, clean and serene","open shelving, island with cooktop, dining table, sleek bar stools","open layout with central island for cooking and dining area","This modern kitchen features a light wood palette, steel appliances and fixtures, glass cabinet doors, and an open shelving system. The design is minimalist, with clean lines and surfaces that give the space a serene and spacious feel."
"farmhouse_679.jpg","Modern","white, light wood, navy blue","oak veneer paneling, cushioned outdoor furniture, glass railings","soft, natural light from the large windows","airy and inviting","white sofa with orange throw pillows, outdoor fireplace table with built-in grill, large indoor plant, outdoor seating area","open space with central seating area, featuring raised deck with stairs leading up to it and a separate outdoor kitchen area","This modern outdoor living space is designed for comfort and relaxation, with a neutral color palette that complements the natural surroundings. The design features a mix of materials and textures, from sleek oak paneling to plush cushions and a cozy fireplace."
"farmhouse_680.jpg","Modern Minimalist","white, wood, black","glass, wood, metal","bright and airy with natural light","clean, contemporary and serene","bathtub, shower door, toilet, sink, mirror, wooden stool, bottles","small space with efficient layout for bathroom essentials","This modern bathroom design combines minimalist aesthetics with a focus on functionality and clean lines."
"farmhouse_681.jpg","Scandinavian","white, wood, gray","oak wood, marble, stainless steel","overhead fixtures with natural light streaming in through windows","bright and airy","hanging pots, wooden bowls, glass pitcher, silver toaster","open kitchen and living room area connected by a counter","An open floor plan connects a sleek, modern kitchen with a bright, inviting living space."
"farmhouse_683.jpg","Modern Minimalist","white, black, wood","oak wood, brass, leather","natural soft light from large windows","calm and airy","desk, chairs, shelves, plants","open space with central seating area","This modern office design focuses on minimalism with a warm, inviting mood enhanced by natural light and calming colors. Oak wood furniture brings a touch of nature to the space, while leather accents add sophistication."
"farmhouse_684.jpg","Modern Minimalist","white, wood, black","wood, stone, steel","overhead light and natural light from windows","clean and bright","sink, vanity mirror, soap dispenser, towel rack, vase with flowers","space is organized around sink area","A modern, minimalist bathroom with clean lines and a light color palette."
"farmhouse_685.jpg","Modern Minimalist","white, light wood","wood, porcelain","bright and well-lit with recessed lighting","clean, spacious and serene","sink, mirror, cabinet, towel rack","compact and efficient layout with a central sink area","This is a compact, modern bathroom with a minimalist design featuring a white sink and vanity set against a light wood backdrop. The bright recessed lighting creates a spacious feel, while the porcelain fixtures add to the clean, serene atmosphere."
"farmhouse_686.jpg","Scandinavian","white, beige, light wood","wood, glass, stainless steel","warm and ambient lighting from recessed ceiling lights and overhead pendant lamps.","bright and welcoming","center island with seating, modern appliances, hanging pot rack, white farmhouse table","open kitchen-living area with center island for dining or casual gathering.","This is a bright and airy Scandinavian-style kitchen featuring wood elements, modern appliances, and an open layout that connects to the living space."
"farmhouse_687.jpg","Modern Minimalist","white, light wood","oak wood, linen","natural soft light from large windows","calm and airy","sink, toilet, basket, vase with flowers, mirror","small space with central fixtures for functionality","This bathroom features a clean, minimalist design with modern fixtures and a soothing color palette that contributes to a calm atmosphere."
"farmhouse_689.jpg","Modern Minimalist","white, beige, light wood","wood, linen, leather","natural soft light from large windows and recessed ceiling lights","calm and airy","sofa, coffee table, plant, floor lamp, rug","open space with central seating area, surrounded by white walls","This is a modern, minimalist living room with neutral colors and natural light sources. The design features wood flooring, a large window over the staircase, and a sleek sofa."
"farmhouse_69.jpg","Modern Minimalist","white, wood tones","white oak wood, linen, washed silk","natural soft light from large windows and recessed LED lighting","calm and airy","bookshelves with decorative pieces, blue-toned area rug, plant, modern sofa","an open space layout with a central seating area near the bookshelves","This modern minimalist living room features neutral wood tones, linen, and washed silk textiles, creating a calm and airy atmosphere. Large windows allow for soft natural lighting, while recessed LED lights add to the ambiance. The central seating area is flanked by bookshelves filled with decorative pieces, contributing to the modern yet cozy feel of the space."
"farmhouse_690.jpg","Modern Minimalist","white, beige, gray","marble, wood, brass","overhead light with vanity lights above mirror for task illumination","clean, bright and open","modern faucet fixtures, large rectangular mirrors, contemporary cabinet hardware","L-shaped counter with sinks on the corner wall under a long vanity mirror","This bathroom combines modern minimalist design elements with clean, bright colors and materials to create an open and inviting space."
"farmhouse_691.jpg","Scandinavian","white, beige, black, light wood","wood, linen, leather, glass","natural soft light from large windows and black pendant lights","calm and airy","sofa, coffee table, plant, floor lamp, rug, cushions","open space with central seating area, anchored by a fireplace","This living room showcases a Scandinavian style with a warm beige palette and natural light. The open layout features a central seating area with a black pendant light and a rug, creating a cozy atmosphere."
"farmhouse_693.jpg","Modern Minimalist","gray, white, light wood","glass, brick, metal","Natural soft light from large windows and blackout curtains","Calm and airy","front door, sofa, coffee table, plant, floor lamp","Open space with central seating area, connected to outdoor area for transition between indoor and outdoor living spaces.","Modern house with minimalist design, featuring brick wall exterior, large glass windows, natural wood accents, contemporary furniture, and a welcoming entryway."
"farmhouse_694.jpg","Scandinavian","blue, white, wood","porcelain, metal, wood","natural soft light from large windows","calm and airy","sink, vanity mirror, tiled wall, toothbrush holder, soap dispenser","compact space with functional placement","This bathroom is designed in a Scandinavian style, featuring blue and white colors, wood accents, and natural light. The vanity mirror is mounted above the sink on a tiled wall, which also houses a toothbrush holder and soap dispenser for practical purposes."
"farmhouse_695.jpg","Scandinavian","white, beige, light wood","wood, stone, fabric","natural light from large windows and white ceiling fan","calm and inviting","wicker sofa, wicker armchair, cushioned bench, white coffee table, plant, floor lamp","open space with central seating area near fireplace","This is a bright, open and airy living room that emphasizes natural materials like wood and wicker to create a warm and inviting atmosphere."
"farmhouse_696.jpg","Modern","white, beige, wood, gray","oak wood, marble, tile, porcelain","Natural light from large window","Calm and serene","sink, mirror, towel, wooden stool","Small space with functional layout","Modern bathroom design with clean lines, neutral color palette, natural light, and minimalist objects."
"farmhouse_697.jpg","Modern","white, black, gray","wood, metal, concrete","natural light from windows and pendant lights","minimalistic yet inviting","sofa, coffee table, plant, vase","open floor plan with a focus on the hallway","A modern, minimalistic interior design with an open layout, emphasizing natural light and clean lines."
"farmhouse_698.jpg","Modern Minimalist","white, black, gray","wood, metal, glass","bright and even, illuminating the space well.","clean and serene.","stainless steel refrigerator freezer, range top cooking stove, built-in dishwasher","open layout with central island in kitchen area, providing a spacious feel.","This is a modern, minimalist kitchen design featuring clean lines and an open layout that creates a serene atmosphere."
"farmhouse_699.jpg","Industrial Loft","white, copper, wood","brass, wood, metal","overhead lighting with pendant lights","modern and warm","wooden island, metallic stove, leather stools, brass faucet","open kitchen layout with center island","This is a modern industrial loft-style kitchen with copper accents, white wood cabinetry, and brass fixtures. The space features an open layout with a large wooden island in the center providing ample countertop workspace."
"farmhouse_7.jpg","Modern","white, gray","wood, marble, metal","recessed and hanging lights provide ample illumination","contemporary and inviting","kitchen island, barstools, range hood, backsplash","open layout with a central kitchen island","This modern kitchen features a neutral color palette, sleek materials, and contemporary fixtures, creating an inviting space for cooking and gathering."
"farmhouse_700.jpg","Modern Minimalist","white, black, wood accents","cork flooring, stainless steel appliances, glass walls","natural soft light from large windows and skylights","modern yet warm and inviting","clean lines sofa, wood coffee table, sleek floor lamp, contemporary plant","spacious with open kitchen area leading to outdoor patio space","This modern minimalist cabin is designed for functionality and comfort, featuring a warm color palette of white, black, and wood accents, cork flooring, stainless steel appliances, and large windows that let in soft natural light."
"farmhouse_701.jpg","Modern","white, wood, gray","wood, fabric, glass","soft and ambient lighting","warm and inviting","couch, coffee table, plants, lamp","open concept with central area for sitting and conversation","This living room features a modern design style with soft, warm lighting, and natural materials like wood and plants. The color palette is neutral with white walls and wood accents, creating a cozy atmosphere in the open space."
"farmhouse_703.jpg","Modern","white, light blue, gray","wood, tile, stainless steel","natural light from a window","calm and organized","sink with faucet, cabinets, shelves, window over sink","kitchen island with cabinets, counter space, and shelving above","This kitchen has a modern design with white cabinetry, light blue backsplash tiles, gray countertops, wood accents, stainless steel appliances, and abundant storage spaces. The natural light from the window over the sink gives it a bright and airy feeling."
"farmhouse_705.jpg","Modern Minimalist","white, light wood, gray","oak wood, stainless steel, linen","natural soft light from large windows","bright and cheerful","island with bar stools, modern appliances, wooden table and chairs, hanging pendant lights, plants","open space with central seating area around dining table","Modern kitchen with minimalist aesthetic, light oak cabinets, stainless steel appliances, and large windows letting in plenty of natural light."
"farmhouse_706.jpg","Modern Minimalist","white, beige, light wood","marble, brass, wood","natural soft light from large windows","calm and airy","sink with marble top, double vanity mirrors, white hand towels","single sink area under a large wall mirror","This bathroom is designed in a minimalist style, featuring an all-white color scheme and modern fixtures. The marble counters and double vanity mirrors create a luxurious yet streamlined look. Large windows fill the space with soft natural light, contributing to the serene atmosphere."
"farmhouse_707.jpg","Modern","white, wood tones, brass","wood, metal, glass","overhead recessed lighting with additional pendant lights over island","contemporary and sleek","island countertop with built-in seating, range hood above stove, wooden bowl on table","open kitchen layout with central island providing additional workspace","A modern, spacious kitchen featuring wood finishes and sleek design elements."
"farmhouse_708.jpg","Modern Minimalist","white, gray, black","oak wood, marble countertops, stainless steel appliances","natural soft light from large windows","bright and energetic","island with stools, modern pendant lights, large abstract artwork","open space with central seating area","This modern kitchen design features a minimalist color palette, white oak wood accents, and natural light streaming in from the large windows. The marble countertops contrast beautifully with stainless steel appliances, creating an energetic and bright atmosphere that is both functional and stylish."
"farmhouse_709.jpg","Modern","white, light gray, black","metal, wood, glass","well-lit with natural light","clean and spacious","garage door, workbench, tool chest, air compressor","open bay design with ample space for parking vehicles","A modern, well-lit garage with a clean and spacious layout featuring metal siding, glass windows, and black doors."
"farmhouse_71.jpg","Modern","gray, white, wood","wood, metal, marble","recessed lighting and wall sconces","calm and elegant","sink, mirror, soap dispenser, towel rack, bowl","L-shaped layout with sink in corner","A modern bathroom with clean lines, minimalistic design elements and a mix of natural materials like wood and marble."
"farmhouse_710.jpg","Modern Minimalist","white, light wood","oak wood, marble","natural soft light from large windows","calm and airy","kitchen island, bar stools, large bowl on island, wooden spoon holder","open space with central kitchen island","This modern minimalist kitchen features a neutral color palette, clean lines, and an open layout to create a calm and airy atmosphere."
"farmhouse_711.jpg","Modern Minimalist","white, gray","wood, stainless steel","natural soft light from large windows and pendant lights","bright and airy","kitchen island, bar stools, vases on countertops, hanging pots over stove","open space with central seating area around kitchen island, connected to living room","This modern minimalist kitchen features a bright and airy design with an open layout that connects the kitchen and living room areas. The color palette is simple yet impactful, with white cabinets and gray accents complementing the natural wood elements like the large island and dining table. Stainless steel appliances add a sleek touch to the space. Lighting comes from pendant lights hanging above the island and soft light streaming in through multiple windows."
"farmhouse_712.jpg","Modern Minimalist","white, gray, black","cedar siding, brass fixtures, glass","natural soft light from large window","calm and airy","soaking tub, wooden vanity, freestanding toilet paper holder, wooden stool, vase with greenery","open space with central focus on bathtub","The bathroom has a modern minimalist design with a color palette that includes white, gray and black. Materials include cedar siding, brass fixtures and glass. The space features natural light from the large window. The mood is calm and airy. Objects in the room are functional yet stylish such as the soaking tub, wooden vanity, freestanding toilet paper holder, wooden stool and a vase with greenery."
"farmhouse_715.jpg","Modern","white, wood, grey","wood, brick, metal","The space is well-lit with natural light from large windows and a skylight.","The mood of the space is inviting and comfortable, perfect for relaxation and entertainment.","couch, chair, coffee table, tv, plants","The living room opens up to an outdoor deck through large sliding glass doors, creating a seamless indoor-outdoor experience.","This modern living room is designed with comfort and style in mind, featuring high-quality materials and ample natural light that creates a warm and welcoming atmosphere."
"farmhouse_716.jpg","Modern Minimalist","light wood, white, natural green","oak wood, brass, stainless steel","natural soft light from large windows, complemented by modern pendant lights","calm and airy with a touch of warmth","white kitchen island, black metal bar stools, tropical houseplants, large format artwork","open space design with central seating area around kitchen island","This modern minimalist kitchen is designed for an easy flow of movement and features a harmonious blend of natural materials and soft lighting."
"farmhouse_719.jpg","Scandinavian","white, gray, wood","tile, marble, brass","recessed ceiling light with soft glow","clean and serene","sink, vanity mirror, candles, toiletries","narrow hallway with vanity on one wall and toilet on the other","A narrow Scandinavian-style bathroom that features a simple, clean design and natural materials."
"farmhouse_72.jpg","Modern Minimalist","light gray, white, dark wood","cedar siding, glass windows and doors, black metal hardware","bright natural light from large glass windows","modern and inviting","large outdoor-style chairs, gray bench, stone planter with greenery, floor lamp","open layout with stone steps leading to double doors","This modern two-story home has a minimalist design style, featuring large windows and glass doors that let in abundant natural light. The color palette is simple yet elegant, with a mix of dark wood accents on the exterior and walls painted in a soft gray. Cedar siding adds warmth to the overall look. Inside, the open layout encourages conversation and interaction, while large outdoor-style chairs invite relaxation on the front steps or in the front yard. The stone planter with greenery adds a touch of nature to the space."
"farmhouse_720.jpg","Modern","white, black, gray","tile, metal, wood","natural light from the window","calm and relaxed","showerhead, floor mat, bottle of soap","enclosed space with corner fixture","The bathroom has a modern design with minimalistic elements, utilizing mostly neutral colors for its materials and color palette. The lighting comes from the window above the showerhead, creating a calm atmosphere. There are only three main objects: the showerhead, a floor mat, and a bottle of soap."
"farmhouse_721.jpg","Modern","white, gray, wood","stainless steel, white countertops, oak cabinets, quartz counters","natural light from windows and recessed lighting fixtures","bright and airy","kitchen island, double oven, dishwasher, stainless steel sink, wooden cutting board","open layout with central kitchen island for cooking and dining","This modern kitchen features an all-white color scheme with wood accents, a stainless steel appliance set, recessed lighting, and ample natural light from windows. The open layout creates a bright and airy feel, perfect for entertaining."
"farmhouse_722.jpg","Scandinavian","white, gray, wood, metal","oak wood, marble, linen, copper","natural soft light from large windows","calm and airy","freestanding bathtub, shower enclosure, sink with gold fixtures, vanity mirror, wooden stool","modern bathroom layout featuring a central tub and vanity area","This is a modern Scandinavian-style bathroom with a clean, minimalist design that uses natural materials and soft lighting to create a calming atmosphere."
"farmhouse_723.jpg","Scandinavian","white, beige, green accent","wood, linen, glass","natural soft light from large windows","calm and airy","sofa, coffee table, plant, floor lamp","open space with central seating area","This living room combines Scandinavian design principles with warm natural lighting to create a calm and airy atmosphere, featuring a mix of wood, linen, and glass elements. The white sofa and green accent cushions are complemented by wooden furniture, while the floor lamp adds additional illumination."
"farmhouse_724.jpg","Scandinavian","white, blue","linen, wood, glass","natural soft light from large windows and chandelier","calm and airy","beds, chair, curtains, table lamp, sofa, wall art","large open space with central seating area, two bedroom spaces separated by a divider","The room is designed in a Scandinavian style, featuring white and blue tones, linen and wood materials, soft natural lighting, and a calming atmosphere that highlights the peacefulness of the space."
"farmhouse_726.jpg","Country Cottage","white, gray, green","stone, wood, stucco","Natural light from windows and skylights","Rustic and inviting","couch, coffee table, wood-burning stove, rocking chair","Open floor plan with central living room","This country cottage exudes a warm and welcoming atmosphere with its stone exterior, white trim, wooden beams, and wood floors. The interior design is centered around natural materials and textures, creating an inviting space that feels both rustic and comfortable."
"farmhouse_727.jpg","Industrial Loft","white, wooden tones, dark grey","concrete, steel, wood, leather","exposed rafters, track lighting, and ambient natural light","modern, rustic, and cozy","sofa, coffee table, floor lamp, bookshelves, cushions","open space with high vaulted ceiling, central seating area flanked by bookcases","An open concept loft-style living room with a cozy and modern ambiance, featuring wooden tones, concrete walls, exposed rafters, track lighting, and an abundance of books."
"farmhouse_728.jpg","Scandinavian","white, beige, light wood","oak wood, linen, concrete","natural soft light from large windows","calm and airy","coffee table, shelf with shoes, vase of flowers, wooden floor, chair","open space with central seating area","A clean, minimalist interior with a Scandinavian design style featuring oak wood cabinetry and linen upholstery. The room is filled with natural light from large windows and has a cozy, calm atmosphere."
"farmhouse_729.jpg","Scandinavian","light wood, white, gray","brick wall, wood paneling, metal fixtures","ambient light from sconces on walls and overhead lighting","modern and fresh","white sink with silver faucet, black and white towel rack, framed artwork","space is divided into separate sections with brick wall as divider","The image shows a modern bathroom with a Scandinavian design style, featuring light wood accents on the walls, white fixtures, and a large mirror. The space is lit by sconces along the walls and overhead lights, creating an ambient atmosphere. A brick wall serves as a divider between two sections of the room, one with a sink and towel rack, and another with framed artwork on the wall."
"farmhouse_73.jpg","Scandinavian","beige, white, wood accents","wicker, leather, brass, oak wood","soft natural light from windows and white lampshades","calm and airy","sofa, coffee table, chair, potted plant, floor lamp","open space with central seating area in front of a window","Scandinavian style living room with natural light, neutral tones, and a cozy atmosphere."
"farmhouse_730.jpg","Scandinavian","white, beige, wood, blue","wood, fabric, metal, glass","Natural light from large windows","Warm and inviting","sofa, chairs, coffee table, bookshelves, potted plants","Open space with kitchen island at center of room","A modern, Scandinavian-style living space with an open floor plan and warm, natural lighting. The room features a mix of wood tones, white walls, and blue accents, creating a cozy and inviting atmosphere."
"farmhouse_732.jpg","Scandinavian","white, neutral, light wood","wood, porcelain, metal","natural soft light from large windows","calm and airy","kitchen island, white countertops, wooden cabinetry, stainless steel appliances","open space with central kitchen island and separate dining area","This is a spacious kitchen with an open layout featuring a large island in the center. The design is minimalist with a neutral color palette, primarily white and light wood tones. The materials include wood, metal, and porcelain surfaces. Natural lighting from windows creates a calm and airy atmosphere."
"farmhouse_733.jpg","Modern","gray, white, brass","wood, marble, brass","overhead track lighting and vanity lights","modern yet warm and welcoming","large mirror, vanity sink, cabinet with drawer units, framed print on wall","long narrow space with open door to other room","Modern bathroom with a gray cabinet, marble countertop and vanity sink, large mirror, and warm lighting."
"farmhouse_734.jpg","Modern","white, light wood","oak wood, glass, metal","natural soft light from large windows","bright and airy","kitchen island, recessed range hood, stainless steel refrigerator, marble countertops","open plan layout with separate sections for kitchen, dining, and living areas","A modern home kitchen featuring an open concept design with a bright and airy feel. The color palette is neutral with white cabinets complementing the light wood accents on the island. Stainless steel appliances add a contemporary touch, while the marble countertops provide elegance. Large windows allow ample natural light to fill the space."
"farmhouse_735.jpg","Scandinavian","white, beige, light wood","wood, wicker, glass","sunlit with natural light from the windows and door","bright and airy","shelf, bench, door, mirror, flower basket","open space with a central bench flanked by cabinets on either side","A bright, open kitchenette area designed for natural light and open shelving."
"farmhouse_736.jpg","Modern Minimalist","white, light wood, neutral grey","stainless steel, quartz countertops, hardwood flooring","well-lit with overhead recessed lighting and under-cabinet LED strip lights.","open, bright, and spacious","modern stainless steel appliances, large island in the center of the kitchen, hanging pendant light above the island","U-shaped layout with open shelving and plenty of counter space.","This modern minimalist kitchen combines sleek stainless steel appliances with warm wood accents to create a bright, spacious, and inviting atmosphere."
"farmhouse_737.jpg","Modern","white, wood, gray","metal, wood, glass","Natural light from large windows, pendant lights above island for additional illumination.","Clean and minimalistic with a touch of rustic warmth from wooden elements.","kitchen island with sink, bar stools, stainless steel appliances, metal range hood","Open concept design with kitchen flowing into dining area and living space, creating a spacious and connected atmosphere.","This modern kitchen combines the warmth of wood with sleek metal elements and an open layout to create a stylish, functional space."
"farmhouse_739.jpg","Scandinavian","white, natural wood, green accent","oak wood, concrete, glass","soft natural light from large windows and recessed lights","bright and airy","kitchen island, butcher block table, wooden chairs, stainless steel appliances","open space with center island serving as hub of activity","This modern kitchen is designed in a Scandinavian style, featuring natural wood elements and green accents. The lighting is soft and natural, creating a bright and airy atmosphere. The layout is open, highlighted by the central island that serves as both a dining and workspace area."
"farmhouse_74.jpg","Modern Minimalist","white, gray, wood accents","wood paneling on walls, concrete flooring, leather upholstery","natural soft light from large windows, complemented by modern chandelier and floor lamps","calm and serene","white sofa with patterned throw pillows, black metal coffee table with round glass top, reclaimed wood bench in front of fireplace, modern floor lamp with brass base, green potted plant","open space with central seating area, fireplace as focal point","A modern and minimalist living room with a warm and inviting atmosphere, featuring natural light from windows, wood paneling on walls, leather upholstery, concrete flooring, and stylish furniture pieces."
"farmhouse_740.jpg","Modern Minimalist","white, black, brass","wood, metal, leather","natural soft light from large windows","calm and airy","sofa, coffee table, media console, floor lamp, plants, decorative items in cabinets","open space with central seating area and fireplace","This modern, minimalist living room features a black and white color palette with brass accents. The space has a warm and airy feel due to the large windows allowing in natural light and a cozy fireplace at one end of the room."
"farmhouse_743.jpg","Modern","white, light wood, navy","metal, wood, glass","under-cabinet lighting and overhead pendant lights","bright and cheerful","bar stools, island, backsplash, microwave","U-shaped kitchen layout with island in center","This modern kitchen features a bright color palette, with white cabinets and light wood accents. Metal appliances complement the room, while glass adds an industrial touch. Under-cabinet lighting illuminates the workspace, and pendant lights hang overhead to provide general illumination."
"farmhouse_746.jpg","Modern Minimalist","white, beige, light wood","glass, steel, marble","recessed lighting and dimmable spotlights","clean, serene, and modern","freestanding bathtub, floating wall sink, large mirror, wooden towel rack","compact yet functional layout with open shower design","This bathroom combines a minimalist modern aesthetic with clean lines and neutral colors, creating a serene and calming atmosphere."
"farmhouse_747.jpg","Modern Minimalist","white, light gray, dark wood","concrete, fabric upholstery, metal frame, acrylic window","recessed lighting with ambient string lights","cozy and warm","sectional sofa, cubed ottoman, plant, floor lamp","open floor plan with living room and dining area combined","This modern minimalist living space combines a variety of textures and finishes to create a comfortable and stylish environment, with recessed lighting that provides ample illumination and ambient string lights for added warmth."
"farmhouse_749.jpg","Industrial Loft","white, wood, black","oak wood, metal, brick","natural soft light from large windows and recessed lighting","modern and cozy","sofa, coffee table, bookcase, floor lamp","narrow and long space with central seating area","This interior design features an industrial loft style, characterized by a blend of natural materials like wood and metal. The color palette consists of white as the dominant hue, complemented by black accents and wood tones. Large windows let in soft, natural light, while recessed lighting adds to the cozy ambiance. The layout is narrow but long, with a central seating area anchored by a sofa, coffee table, and bookcase. A floor lamp provides ambient lighting. The mood of the space is modern and cozy."
"farmhouse_750.jpg","Scandinavian","white, light wood, green accent","oak wood, linen, concrete, steel","bright and airy, with ample natural light from large windows","calm and inviting, with a focus on functionality and openness.","island in center of room, sink with barstools, wall-mounted oven","open layout with central island as the focal point","A modern Scandinavian kitchen featuring a light wood color palette, stainless steel appliances, and an open floor plan."
"farmhouse_751.jpg","Modern Minimalist","white, grey, black","wood, leather, metal","natural soft light from large windows","calm and airy","sofa, coffee table, plant, floor lamp, artwork","open space with central seating area","This modern minimalist living room is bright, inviting, and stylish, featuring a neutral color palette that creates a serene atmosphere."
"farmhouse_753.jpg","Modern","white, grey, wood","stainless steel, wood, marble","bright with overhead track lighting and pendant lights","open, bright, and spacious","kitchen island, counters, refrigerator, sink","centered around kitchen island with sink and stove on opposite sides","A modern open kitchen featuring sleek appliances, wood accents, and stylish pendant lights."
"farmhouse_754.jpg","Scandinavian","green, gray, wood","brick, bamboo, concrete","natural light through a canopy of trees, soft shadows on the ground and stone wall","calm and serene","large boulders, stone bench, round table with lanterns, wooden bird house","a winding path through a natural setting, leading to a secluded clearing","This Scandinavian-style outdoor living space is designed for relaxation and connection with nature. Stone walls meander through the landscape, guiding visitors along a shaded stone path lined with large boulders and a stone bench. Natural light filters through trees overhead, casting soft shadows on the ground and stone wall. The color palette is minimalistic, featuring green, gray, and wood tones that harmonize with the surrounding foliage. Concrete and bamboo elements blend seamlessly with the natural environment. A round table with lanterns serves as a cozy spot for quiet conversation or reading. The space includes a bird house made of wooden slats, adding an element of whimsy. This tranquil setting is perfect for those seeking solace and inspiration in the great outdoors."
"farmhouse_755.jpg","Modern","white, gray","tile, metal","well-lit with overhead light and vanity lights","clean and bright","shower curtain, vanity mirror, faucet, cabinet","small space with bathroom sink and shower in the same area","This is a clean, modern bathroom featuring tile flooring and walls. The design focuses on simplicity with white fixtures and gray accents."
"farmhouse_756.jpg","Modern Minimalist","white, light wood, navy","glass, marble, oak","well-lit with soft overhead lights and natural light from a large window","calm and clean","freestanding bathtub, double sinks, floor lamp, large mirror","open floor plan with separate shower and tub areas","Modern bathroom design with a minimalistic style featuring glass walls, white fixtures, and natural wood accents."
"farmhouse_758.jpg","Modern Minimalist","white, dark wood","tile, mirror, wood","natural soft light from large window","clean and serene","wall-mounted sink, cabinet under sink, large framed mirror above sink","small but functional layout with sink and cabinet space below it","Modern minimalist style bathroom featuring a clean, monochromatic color palette, natural light from large windows, and essential fixtures for a practical space."
"farmhouse_759.jpg","Modern Minimalist","light green, natural wood, white","oak wood, stainless steel appliances, linoleum floor","overhead recessed lighting and natural light from windows","bright and airy","washer/dryer, kitchen cabinets, wooden countertops, black pendant lights","open floor plan with no dividing walls between kitchen and laundry area","This kitchen has a modern minimalist style, featuring light green cabinetry, natural wood accents, white appliances, and overhead recessed lighting. The space is designed for efficiency, with the washer/dryer in the same room as the kitchen cabinets and countertops."
"farmhouse_76.jpg","Modern Minimalist","gray, white, wood","oak wood, linen, concrete","warm and inviting, with a soft ambient glow from wall sconces.","calm and serene, offering a tranquil retreat.","sink, toilet, bathtub, mirror, wooden towel rack","a well-organized space with separate areas for bathing and grooming.","This modern bathroom is a sleek, stylish space that combines functionality with elegance."
"farmhouse_760.jpg","Modern Minimalist","white, light wood, gray","glass, wood, tile","bright with good natural light from window","clean and serene","bath tub, shower stall, counter top, toilet, sink","small space with corner shower and large windows","This bathroom is designed with a modern minimalist style, featuring a combination of white, light wood, and gray colors. The materials include glass for the shower stall, wood for the counter top, and tile on the walls. The layout is small but efficiently arranged with a corner shower and large windows providing bright natural light."
"farmhouse_762.jpg","Scandinavian","white, beige, light wood","oak wood, linen, concrete","well-lit with ample natural light from large windows and overhead lights","calm and airy","washing machine, dryer, cabinet, potted plant, flowers","efficient use of space with laundry center between appliances and storage above","A clean, minimalist laundry room with ample natural lighting and a functional layout."
"farmhouse_763.jpg","Scandinavian","light wood, white, blue","wood, fabric, metal","natural soft light from large windows and ceiling fixtures","warm and cozy","sofa, coffee table, plant, sideboard","open space with central seating area, adjacent kitchen area","This image depicts a Scandinavian-style interior with an open floor plan featuring light wood tones and white accents. A central coffee table is positioned between two sofas that face each other around a ceiling fixture and large windows. A dining table is adjacent to the kitchen area, which has wooden cabinetry and a modern range hood. The space exudes warmth and coziness through the use of soft textures and neutral tones."
"farmhouse_764.jpg","Modern Minimalist","white, beige, light wood","oak wood, linen, concrete","natural soft light from large windows","calm and airy","bench, storage shelves, sink, hats, potted plant","open space with central seating area, storage units along walls for organization","This modern minimalist kitchen features an open layout with natural lighting, oak wood and linen materials, a neutral color palette of white, beige, and light wood, and is organized with benches, storage shelves, a sink, and hats. A potted plant adds life to the space."
"farmhouse_766.jpg","Modern","white, light wood, beige","oak wood, linen, stainless steel","natural soft light from large windows","calm and airy","sofa, coffee table, plant, floor lamp","open space with central seating area",""
"farmhouse_767.jpg","Modern Minimalist","white, gray, brass","oak wood, stone, metal","soft ambient lighting with hanging pendant lights","clean and serene","kitchen island with seating, freestanding dining table, floor-to-ceiling windows","open floor plan with central kitchen island as focal point","A modern minimalist kitchen and dining area featuring oak wood, stone and metal materials. The space is illuminated by soft ambient lighting and includes a kitchen island for seating."
"farmhouse_768.jpg","Modern Minimalist","black, white, natural wood","black cabinetry, wooden countertops, metal hardware","soft and natural light filtering in from windows","modern, clean, and spacious","bookshelf, sink, countertop, recessed lighting, wine rack","open kitchen with island and barstools","This modern kitchen features a black cabinetry design, contrasting white countertops, and stainless steel appliances. The layout is open, with a large island for dining and workspace, and under-cabinet lighting to brighten the space."
"farmhouse_769.jpg","Modern Industrial","white, gray, black","wooden table and bench, metal barn door, brick wall, concrete floor","natural light from large windows, supplemented by black pendant lights","minimalistic, yet warm and inviting","wooden table with bench seating, metal barn door, black pendant lights, plants on both sides of the room","open space with a central seating area created by the wooden table and bench, leading to other areas of the house through the metal barn door","This open concept living and dining area combines modern industrial design elements for a warm yet minimalistic feel. The wood of the furniture complements the brick wall and concrete floor, while the large windows let in natural light and create an inviting atmosphere."
"farmhouse_770.jpg","Modern Minimalist","white, gray, black","stainless steel, glass, wood","well-lit with a balance of natural and artificial light","modern and sophisticated","stainless steel refrigerator, black stove top oven, gray dishwasher, glass cabinetry","linear arrangement with kitchen island serving as a focal point","This modern minimalist kitchen features sleek stainless steel appliances, gray cabinets, and black accents. The space is well-lit, creating an inviting yet sophisticated atmosphere."
"farmhouse_771.jpg","Modern Minimalist","black, white, stainless steel","oak wood, brushed nickel, glass","recessed LED lighting with soft ambient lights from pendant fixtures","modern and sleek with a touch of rustic warmth","black kitchen island with stools, stainless steel appliances, large potted plant, modern pendant lights, wooden kitchen cabinetry","open kitchen layout with an L-shaped bar and countertop space, leading to a seating area","This is a modern minimalist design in a kitchen setting. It features a monochrome color scheme with oak wood accents, stainless steel appliances and fixtures, and recessed LED lighting with ambient lights from pendant fixtures. The layout includes an open concept space with bar seating and ample countertop space."
"farmhouse_773.jpg","Modern Minimalist","white, gray, natural wood","wood siding, glass windows and doors, stone chimney","Natural soft light from large windows, with additional ambient lighting.","Calm and airy, with a touch of rustic charm.","front door with sidelight windows, white sofa on porch, coffee table between seating areas, black leather armchair, dining room table","Open space with central seating area flanked by wings for sleeping and service areas.","A modern, minimalist design with wood siding and stone chimney brings a touch of rustic charm to the home. The open floor plan and large windows create an airy atmosphere."
"farmhouse_775.jpg","Modern","white, gold, navy","glass, brass, tile","bright and well-lit","modern and sophisticated","shower caddy, shower head, floor mat","small room with open shower area","A modern bathroom with a minimalist design, featuring brass fixtures and glass surfaces."
"farmhouse_776.jpg","Modern Minimalist","white, navy, green","concrete, wood, linen","natural soft light from large windows","bright and energetic","laundry machine, dishwasher, shelves with towels, sink, pendant light","efficiency-focused small space layout with all amenities in one area","A modern and minimalist laundry room design with concrete floors, wood accents, linen walls, and natural lighting."
"farmhouse_777.jpg","Modern","white, gray, blue","wood, fabric, metal","Bright and airy with a mix of natural and artificial light","Spaceship-like, floating above the ground","sofa, coffee table, chandelier, area rug","An open concept living and dining area with a view of the backyard","This modern interior design features a high ceiling with exposed beams and an industrial feel, combined with a soft color palette and natural light that creates an airy and welcoming atmosphere."
"farmhouse_779.jpg","Modern Minimalist","white, beige, light wood","oak wood, linen, concrete","natural soft light from large windows","calm and airy","sofa, coffee table, plant, floor lamp","open space with central seating area",""
"farmhouse_78.jpg","Modern Minimalist","white, dark grey, silver","wood veneer, stainless steel, glass","recessed LED lighting and overhead track lights","clean, uncluttered, and bright","cappuccino maker, wooden countertops, potted plant, wall-mounted wine rack","open concept with seamless transition to living area","This kitchen features a modern, minimalist design with clean lines and a neutral color palette. The space is well lit and uncluttered, creating a bright and inviting atmosphere."
"farmhouse_780.jpg","Modern Industrial","white, wood, black","wood, metal, linen","overhead lighting and recessed lights","modern, bright, and open","bar stools, cabinet, potted plant, coffee maker","open concept with kitchen island in center","This modern industrial design kitchen features a mix of wood and metal materials, white cabinets, overhead lighting, and a central kitchen island with bar stools, creating a bright, open space that is both functional and stylish."
"farmhouse_781.jpg","Scandinavian","white, beige, light wood","copper, wood, glass","natural soft light from large windows and overhead fixture","calm and airy","large wall clock, kitchen shelves, bottles of alcohol, potted plant","open space with central seating area around kitchen island","A modern, Scandinavian-style kitchen with a copper clock and shelving that uses natural materials for an airy feel."
"farmhouse_782.jpg","Modern Minimalist","white, beige, light wood","oak wood, linen, concrete","bright and natural light from windows and large glass doors","airy and serene","sofa, coffee table, large potted plant, modern art, stone fireplace","open floor plan with separate dining area and covered patio by pool","This modern home features a minimalist design with concrete floors, oak wood accents, and large windows for natural light. The color palette is simple yet elegant, with the main materials being oak wood, linen, and stone. Large glass doors and windows create an airy atmosphere, contributing to the serene mood of the space."
"farmhouse_785.jpg","Traditional","white, black, grey","wood, linen, brick","Natural light from multiple windows and a large ceiling fan","Warm, inviting and cozy","sofa, coffee table, armchair, potted plant, area rug","Open living space with kitchen and dining areas adjacent to each other","A traditional southern-style home featuring white walls, black shutters, a large wooden porch, and a cozy living area with comfortable seating."
"farmhouse_787.jpg","Modern Minimalist","gray, white, wood accent","tile, glass, metal, wood","recessed lighting and natural light through a large window","calm and serene","modern sink, large mirror, shower stall with glass door, small wood bench","long narrow space with a central vanity area","This modern bathroom features minimalist design elements, such as the glass shower stall and recessed lighting. The color palette is neutral, featuring grays and whites, which creates a calm and serene atmosphere. The space includes a long vanity area with a large mirror and a small wood bench for added functionality."
"farmhouse_788.jpg","Modern","black, white, wood","black siding, glass, concrete","bright natural light from large windows and skylights","modern, minimalist, spacious and airy","modern sofa, minimalist coffee table, large plant, contemporary floor lamp","open layout with central seating area and modern fireplace","This modern house features a minimalist design with black siding, large windows and skylights for bright natural light. The open layout includes a central seating area, a contemporary sofa, and a minimalist coffee table. A floor lamp provides additional lighting, and a large plant adds warmth to the space."
"farmhouse_789.jpg","Scandinavian","white, light wood","oak wood, glass, stainless steel","bright and natural from large windows","bright and airy","blue island, gray bar stools, white pendant lights, wooden countertop","open kitchen layout with center island and refrigerator inset into cabinetry","This Scandinavian-style kitchen features an open layout, light wood cabinets, white countertops, gray bar stools, blue island, and large windows that let in ample natural light."
"farmhouse_79.jpg","Modern Minimalist","black, white, clear glass","glass, wood, metal","natural soft light from large windows","calm and airy","greenhouse, wooden fence, small shrubs","open space with central greenhouse","This is a modern minimalist garden design with clear glass greenhouse in the center, surrounded by wood fencing and small shrubs."
"farmhouse_791.jpg","Modern Minimalist","white, blue, gray","wood, fabric, glass","natural soft light from large windows","calm and airy","dining table with chairs, hanging chandelier, large windows, abstract art","open space with central seating area","This dining room is a blend of modern minimalism with clean lines and a calm, airy atmosphere. The design incorporates soft lighting from large windows, a chandelier that adds a touch of elegance, and an abstract art piece that brings interest to the space."
"farmhouse_792.jpg","Scandinavian","white, gray, wood, blue","wood, metal, glass, tile","Natural light from windows and recessed lighting above countertops.","Bright and inviting, with a touch of rustic warmth.","Stainless steel range hood, Wooden cabinets, Ceramic backsplash tiles, White subway tile walls, Glass pantry doors","U-shaped layout with sink and stove on one side, counters in the middle, and dishwasher and oven on the other.","A modern Scandinavian kitchen with a mix of natural materials and neutral tones."
"farmhouse_793.jpg","Scandinavian","white, gray, wood accent","steel appliances, wood cabinetry, quartz countertops","natural soft light from large windows and pendant lights over island","calm and airy","island with bar stools, large farm sink, wooden cutting board","open kitchen with dining area in front","This kitchen is a blend of modern design elements with Scandinavian influence, featuring an open layout, steel appliances, and natural light."
"farmhouse_794.jpg","Scandinavian","white, light gray, wood","wood, linen, cotton, leather","natural soft light from large windows","calm and airy","sofa, coffee table, plant, bookshelf, floor lamp","open space with central seating area between bookcases on either side","A well-lit, Scandinavian style living room featuring light wood tones and a cozy atmosphere."
"farmhouse_795.jpg","Scandinavian","white, light wood, black","oak wood, linen, steel","natural soft light from large windows and pendant lights","calm and airy","sofa, coffee table, plant, floor lamp","open space with central seating area","This modern Scandinavian kitchen features white cabinets, light wood accents, a black pendant chandelier, and large windows for ample natural light. The central island topped with a wooden table serves as the focal point, providing both functional space for dining and a cozy spot for conversation."
"farmhouse_796.jpg","Modern","beige, white, gray","wood, brick, leather","Soft natural light from multiple windows and recessed lighting.","Warm and inviting with a touch of rustic charm","sectional sofa, coffee table, area rug, floor lamp, large painting","Open concept living space with kitchen in background, fireplace to one side.","This modern family room features a neutral color palette and natural materials like wood and brick, creating an inviting and comfortable atmosphere. Large windows fill the space with soft, natural light. The furniture arrangement includes a sectional sofa for conversation and relaxation, while the fireplace adds warmth and coziness."
"farmhouse_797.jpg","Modern Minimalist","white, beige, dark wood","wood panels, brass, silver","natural soft light from large windows","calm and airy","kitchen island, dining table, countertop stools, vase with flowers","open space with central seating area","A modern, minimalist kitchen with a color palette of white, beige, and dark wood. Materials include wood panels, brass, and silver. Lighting is soft and natural from large windows. The mood is calm and airy. Objects include a kitchen island, dining table, countertop stools, and a vase with flowers. The layout includes an open space with a central seating area."
"farmhouse_798.jpg","Modern Minimalist","beige, brown, white","wood, stainless steel, brass","Recessed lighting with overhead track lights and under-cabinet lighting","Bright and airy","oven, dishwasher, sink, refrigerator, kitchen island","Open kitchen concept with central workspace at island","This modern kitchen combines clean lines, minimalist design elements, and a neutral color palette to create a bright and airy space. The stainless steel appliances contrast beautifully with the warm wood tones, while overhead track lights provide even illumination. A central island serves as both a workspace and extra storage, maximizing efficiency in this open concept kitchen."
"farmhouse_799.jpg","Scandinavian","black, white, gray","wood","natural light","calm and cozy","couch, end table, plant, lamp","open space with central seating area","This image showcases a Scandinavian-style interior design, featuring black walls, white trim, gray accents, wood floors and furniture, natural lighting, a calm and cozy atmosphere, furnished with a couch, end table, plant, and lamp."
"farmhouse_8.jpg","Country","white, light wood","wood paneling, linen drapes, stonework","natural light from large windows, complemented by interior lanterns","warm and welcoming","white couch on porch, rustic wooden coffee table, potted plants around entrance","two-story structure with wrap-around porch, central staircase leading to upper level","This two-story house has a warm and inviting feel, featuring wood paneling, linen drapes, stonework, and abundant natural light. The interior combines the charm of country design elements with comfortable furnishings that create an open and welcoming space."
"farmhouse_800.jpg","Modern Minimalist","white, black, brass","glass, tiles, steel","natural soft light from large windows","calm and airy","towel rack, shower curtain, faucet, shampoo bottle","spacious with separate shower and bath areas","The modern minimalist bathroom design features a combination of glass, steel, and black and white color scheme. The space is bathed in soft natural light, creating a serene and calming atmosphere."
"farmhouse_801.jpg","Modern Minimalist","white, gray, light wood","oak wood, linen, glass","natural soft light from large windows","calm and airy","kitchen island, bar stools, recessed lighting, backsplash","open space with central kitchen island","This modern minimalist kitchen features a clean, uncluttered design with natural materials and soft lighting. The open layout centers around the large kitchen island, which serves as both additional countertop space and a casual seating area for dining or socializing."
"farmhouse_802.jpg","Scandinavian","white, beige, light wood","wood, stone, linen","natural light from large windows","calm and airy","sink, mirror, flowers, soap dish","long bathroom with sink under a mirror on the wall","This is an image of a Scandinavian-style bathroom. The color palette consists of white, beige, and light wood tones. The materials used include wood for the cabinet, stone for the backsplash, and linen for towels. Natural light floods in through large windows, creating a calm and airy mood. The space features a long sink under a mirror on the wall, accompanied by a soap dish holding flowers, adding a touch of nature to the room."
"farmhouse_803.jpg","Modern Minimalist","white, black","wood, metal","natural soft light from large windows and a skylight","clean and spacious","large window, skylight, wooden frame, metal bars","rectangular space with open front and solid back wall","A modern minimalist bird house with a white exterior, black roof, wood frame, metal bars, large windows, and a skylight."
"farmhouse_804.jpg","Scandinavian","white, wood, green","wood, cushions, metal","Warm ambient lighting from ceiling lamps","Peaceful and inviting","chairs, table, potted plants","Circular arrangement of seating areas","An outdoor patio with a modern Scandinavian design featuring natural wood elements, soft lighting and comfortable seating. The space promotes relaxation and connection to nature."
"farmhouse_805.jpg","Scandinavian","white, beige, wood accents","oak wood, stainless steel appliances, marble countertops, leather handles","natural soft light from large windows and ceiling recessed lights","calm and airy","white cabinets, wooden bar stools, kitchen island with marble top, black pendant lights","open space kitchen with central seating area","This is an image of a modern Scandinavian-style kitchen. The color palette includes white, beige, and wood accents. Materials used are oak wood for the cabinets, stainless steel appliances, marble countertops, and leather handles on the drawers. The lighting is soft, natural, and comes from large windows and recessed ceiling lights. The mood of the kitchen is calm and airy, with a focus on open space and clean lines. Objects in the kitchen include white cabinets, wooden bar stools, an island with marble top, and black pendant lights that provide additional lighting and decoration."
"farmhouse_806.jpg","Scandinavian","white, beige, light wood","wood, linen, glass","Natural soft light from large windows","Bright and energetic","sofa, coffee table, floor lamp, plant, vase","Open space with central seating area","A bright and open Scandinavian living room with natural light streaming in, featuring a neutral color palette, wooden elements, and modern furnishings."
"farmhouse_809.jpg","Modern Industrial","gray, black, white","metal, concrete, wood","natural and ambient lighting","clean and modern","white chair, dining table, vase, bookshelf","open concept with kitchen and dining area flowing into living space","This is a well-lit, spacious open concept home with a modern industrial design featuring gray, black, and white color tones, metal, concrete, and wood materials. The room has a clean, minimalist feel with a mix of contemporary and vintage touches."
"farmhouse_81.jpg","Scandinavian","white, gray, wood","oak wood, linen, brass","natural soft light from large windows","warm and cozy","sofa, coffee table, plant, floor lamp, fireplace","open space with central seating area","This is a cozy and modern living room that combines natural materials like wood and linen with brass accents, creating a warm and inviting atmosphere."
"farmhouse_811.jpg","Modern Minimalist","white, light wood, copper","oak wood, brass, leather, marble","recessed lighting with soft glow from overhead fixtures and natural light filtering in through windows","clean, sleek, and contemporary","modern barstools, island with built-in seating, brass pendant lights, sleek metallic oven","open kitchen with island as centerpiece, leading to dining area in the background","An elegant, modern open concept kitchen and living space that combines functionality with a refined aesthetic."
"farmhouse_812.jpg","Scandinavian","white, beige, light wood","oak wood, linen, concrete","natural soft light from large windows and recessed lighting in ceiling","calm and airy","sofa, coffee table, plant, floor lamp","open space with central seating area, flanked by bookshelves and cabinets on either side","This Scandinavian-style kitchen and dining room is characterized by a minimalist design with light wood accents, concrete countertops, and natural light streaming in from large windows. The space features an open floor plan, with a central seating area flanked by bookshelves and cabinets on either side."
"farmhouse_814.jpg","Scandinavian","white, beige, light wood","wood, fabric, glass","soft, natural light from large windows","airy and open","sofa, coffee table, shoe rack, bed, plant","open space with central seating area and adjacent bedroom","This living room has a clean, Scandinavian design style with wood floors and white walls. The color palette is light and neutral, creating a calm and airy atmosphere. Natural light from large windows fills the room, making it feel spacious and open. There are several wooden furniture pieces that add warmth to the space. A bed is tucked away in one corner of the room, suggesting a multi-functional living area. Overall, the room feels bright and welcoming."
"farmhouse_815.jpg","Modern Minimalist","black, white, gray","concrete, wood, metal","natural soft light from large windows and ceiling fans","calm and airy","sofa, coffee table, plant, floor lamp, couch, bookshelf","open space with central seating area and fireplace","This living room is designed in a modern minimalist style, featuring concrete walls and floors, wood accents, and a neutral color palette. The room is bathed in soft natural light from large windows and ceiling fans. The layout includes a central seating area with a sofa and coffee table, flanked by a floor lamp and bookshelf, and a cozy fireplace nearby. The room has an overall calm and airy atmosphere."
"farmhouse_817.jpg","Mid-Century Modern","white, beige, light wood, dark green","glass shelving units, wooden spice rack, metal canisters, wicker baskets","natural soft light from large windows","cozy and inviting","spice rack, basket of fruit, wooden rolling pin, glass jars","open space with central spice shelf surrounded by glass shelving units","This kitchen offers a warm and welcoming atmosphere with its mid-century modern style, featuring natural materials like wood and metal. The open layout allows for easy access to all the spices and ingredients in the large collection, and the soft lighting adds a cozy ambiance."
"farmhouse_818.jpg","Industrial Loft","gray, white, wood","brick, metal, wood","natural soft light from large windows","industrial yet warm and welcoming","kitchen island, bar stools, hanging pendant lights, large open shelving","open space with central kitchen island and bar stools for seating","This industrial-style kitchen is characterized by a warm color palette and the use of materials such as brick, metal, and wood. The space is well lit from large windows, creating an inviting atmosphere. Featuring an open layout with central island seating and hanging pendant lights for ambient lighting."
"farmhouse_819.jpg","Scandinavian","light gray, natural wood, blue accent","concrete, wood planks, cobblestone","natural soft light from the large skylight above","calm and inviting","large wooden table, metal chairs, stone bench, hanging plants","wide open space with a central seating area under a covered pavilion-like structure","This interior design combines a Scandinavian style with natural materials, creating a calm and inviting atmosphere. The large skylight above provides soft, natural lighting to the space below."
"farmhouse_82.jpg","Norwegian","white, light blue, dark brown","wood paneling, cushioned bench seating, metal handrails","natural light from large windows and skylights","serene and inviting","floor model sailing ship, nautical themed wall hangings, wooden table with leather chairs","open plan hallway leading to multiple rooms","The interior design of this space is reminiscent of traditional Norwegian architecture, characterized by its use of natural materials and a serene color palette. The hallway features wood paneling on the walls, cushioned bench seating for relaxation or waiting, and metal handrails as safety bars. The large windows and skylights allow for ample natural light to fill the space, creating an airy and welcoming atmosphere. Decorative elements such as nautical-themed wall hangings and a wooden table with leather chairs add a touch of sophistication and comfort."
"farmhouse_820.jpg","Scandinavian","dark blue, light wood, silver","wood, metal, glass","natural light from large windows","clean and airy","cabinet with glassware, bar cart with drinks, plants, knife block","open space with central island","This Scandinavian-inspired kitchen features dark blue cabinetry, light wood accents and silver hardware. The open layout showcases a bar cart filled with glassware and a collection of drinks, set against the backdrop of large windows allowing natural light to flood the space."
"farmhouse_821.jpg","Modern Minimalist","golden yellow, light grey, dark brown","wood, marble, brass","natural soft light from large windows","calm and airy","wood vanity, round mirror, vase with flowers, small framed artwork","narrow space with compact arrangement","This image shows a modern bathroom with a minimalist style, featuring a color palette that includes golden yellow walls, light grey elements, and dark brown cabinets. The marble countertop adds a touch of luxury to the room. Natural soft light enters through windows, creating a calm and airy mood. Objects in the space include a wood vanity with a round mirror, a vase with flowers for decoration, and small framed artwork adding a personal touch."
"farmhouse_822.jpg","Modern Minimalist","black, white, wood","wood, marble, metal","overhead light with a large window letting in natural light, creating a bright and airy space.","calm and serene","black marble sink, large mirror, wooden cabinet, white towels, plant","small bathroom with a sink in the corner next to a large window, providing natural light.","This is a modern and minimalist style bathroom featuring wood elements and white accents that create a bright and serene atmosphere."
"farmhouse_823.jpg","Modern Minimalist","white, light gray, textured gray","oak wood, linen, wood-framed glass, stainless steel","Natural soft light from large windows, enhanced by recessed ceiling lights","Calm and airy with a touch of luxury","sofa, coffee table, plant, floor lamp, flat screen television","Open space with central seating area, surrounded by windows","Modern minimalist living room featuring an open layout with a neutral color palette and natural lighting that creates a calm and inviting atmosphere."
"farmhouse_825.jpg","Scandinavian","white, black, gray","wood, glass, steel","bright and natural from large windows and skylights","calm and airy","sofa, coffee table, plant, floor lamp, chairs","open space with central seating area and open kitchen","A Scandinavian style house with a bright and spacious interior, featuring a mix of wood, glass, and steel materials. The mood is calm and airy due to the natural light from windows and skylights."
"farmhouse_826.jpg","Industrial Loft","black, white, brass","metal, wood, glass","Recessed lighting and metal pendant lights","Modern and edgy","barstools, countertop, wine rack, sconces","Open space with an L-shaped bar design and seating area","A modern industrial style kitchen with a focus on metallic accents, wood, and black furniture."
"farmhouse_827.jpg","Modern Rustic","light gray, dark wood, white","wood, steel, natural stone","well-lit with a mix of ambient and task lighting","inviting, comfortable, and cozy","kitchen island, dining table, hanging light fixtures, bar stools, wooden cabinets","open concept with the kitchen connected to the dining area and the living room","This modern rustic interior design features a harmonious blend of natural materials, warm color palette, and well-lit space for a cozy and inviting atmosphere."
"farmhouse_828.jpg","Minimalist","white, beige, light brown","brick tile, glass door, marble","natural soft light from large windows","calm and airy","bathtub, shower curtain, white soap dispenser","compact bathroom with all fixtures centered around tub area","A minimalist bathroom with a monochromatic color scheme and natural light."
"farmhouse_829.jpg","Scandinavian","white, gray, wood tones","oak wood, stainless steel, marble","natural light from skylights and windows","clean, bright, and airy","open kitchen shelving, large island for preparation, stainless steel appliances, marble countertops, hanging pendant lights","long and narrow galley kitchen with open concept dining","This is a modern Scandinavian-style kitchen featuring an open layout with plenty of natural light. The color palette consists of light wood tones, white cabinetry, and gray accents. The kitchen features stainless steel appliances and marble countertops, along with large island for food preparation. The space is clean and bright, with pendant lights hanging from the ceiling to provide additional illumination."
"farmhouse_830.jpg","Modern Minimalist","white, black, wood accents","stainless steel appliances, marble countertops, wood cabinets, high gloss backsplash","overhead pendant lights with recessed lighting in the ceiling","bright and airy","modern island with integrated cooktop, under-mount kitchen sink, wooden dining table with dark metal legs, large potted plant, black leather chairs","open concept design featuring a central island with seating and an adjoining dining area","This modern kitchen combines functionality with sleek design, featuring stainless steel appliances and ample countertop space. The open concept layout enhances the sense of spaciousness, while overhead pendant lights provide a bright atmosphere."
"farmhouse_831.jpg","Modern Minimalist","light grey, beige, dark wood","oak wood, linen, concrete","natural soft light from large windows","calm and airy","sofa, coffee table, plant, floor lamp","open space with central seating area","This is a modern, minimalist living room that features light wood tones and a Scandinavian-style layout. The room has large windows that let in natural light, creating a calm and airy atmosphere."
"farmhouse_832.jpg","Industrial Loft","white, navy blue, grey","metal, concrete, wood","natural soft light from large windows","industrial chic with a touch of coziness","large bed in the center, leather bench at end of room, modern chandelier hanging over bed, floor lamp in corner","open space layout with large bed as focal point, flanked by furniture on either side","This is a loft-style bedroom with an industrial feel, featuring metal and concrete materials for a modern look. The room has large windows that let in natural light, creating a cozy atmosphere. The color palette is neutral with pops of navy blue and grey to add depth."
"farmhouse_833.jpg","Cottage Garden","lavender, green, cream","stone, wood, metal","Natural light from windows","Calming and peaceful","Pathway made of stone, Plants on both sides of the path, Front door with window above it, Outdoor furniture for relaxation","Garden walkway leading to front door","A tranquil garden path invites visitors into a charming home."
"farmhouse_834.jpg","Modern","white, black, gray","marble, stainless steel, wood","well-lit with natural light from the windows","modern and sleek","kitchen island, hanging pots, open shelves, sleek faucet","efficient workspace centered around an island","The kitchen combines modern design elements with a neutral color palette, providing a clean and organized space for cooking and socializing."
"farmhouse_835.jpg","Modern","black, blue, grey","wood, fabric, metal","ambient lighting with warm tones from lamps and ceiling fixture","modern, stylish, luxurious","bed, nightstands, couches, dining table, lamps","open floor plan with bedroom space flowing into living and dining areas","This is a modern bedroom with sleek design elements, monochromatic color scheme, and high-quality materials. The room is well-lit, creating a stylish and luxurious atmosphere."
"farmhouse_836.jpg","Modern Minimalist","white, light gray","wood, glass, metal","bright and natural light from large windows","calm and spacious","sofa, coffee table, floor lamp, plant, books","open space with fireplace acting as focal point","A modern, minimalist living room featuring white walls, light wood furniture, and a large window allowing for plenty of natural light. The fireplace creates a cozy atmosphere in the open space."
"farmhouse_837.jpg","Scandinavian","white, beige, light wood","wood, linen, metal","natural soft light from large windows and a skylight.","calm and airy.","coffee table, sofa, floor lamp, plant, wooden bench","A spacious open concept living area with a central seating area.","This image shows an interior space that is designed in a Scandinavian style, characterized by its use of natural light and neutral color palette. The room has white walls and floors, along with wooden furniture and linen elements, creating a calm and airy atmosphere."
"farmhouse_838.jpg","Modern Minimalist","white, gray, wood","stainless steel, natural wood, concrete","natural soft light from large windows","calm and airy","kitchen island, stove top oven, sink, potted herbs","U-shaped layout with an open feel to the kitchen","This modern kitchen features a clean, minimalist design with a mix of materials including stainless steel, wood, and concrete. The soft lighting enhances the calm atmosphere while the white color scheme adds brightness to space. A central island provides additional countertop and storage space, complemented by essential appliances such as a stove top oven and sink. The presence of potted herbs contributes to a fresh and inviting feel."
"farmhouse_839.jpg","Industrial","white, wood, rust, green","wood, steel, glass, fabric","natural sunlight from large windows","casual and inviting","barn door style table, vintage chairs, hanging lights, potted plants","open kitchen concept with bar stools lining one side of island","This is an image of a bright and welcoming Industrial-style kitchen featuring a large center island, vintage chairs, and plenty of natural light."
"farmhouse_84.jpg","Modern","gray, white, wood","hardwood flooring, stainless steel appliances, wood cabinetry","Recessed lighting and pendant lights provide ample illumination","Bright, inviting and clean","center island with sink, bar stools, large picture window, metal pendant lamps","Open-concept layout with a spacious kitchen that flows into dining area","This modern kitchen is sleek and stylish, with an emphasis on clean lines and natural materials."
"farmhouse_841.jpg","Scandinavian","grayscale, green accents","wood, metal, textiles","ambient lighting from recessed LED lights, with warm overhead track lighting.","calm and functional","built-in desk with storage, gray upholstered armchair, metal side table","open plan layout with a centralized workspace area.","This modern, monochromatic office space features built-in furniture, ample storage, and minimal decor to create an efficient work environment."
"farmhouse_843.jpg","Modern Rustic","natural wood, light beige, deep blue","stone, wood, concrete","bright and welcoming with a focus on natural light from large windows","relaxed and inviting","outdoor sofa, wooden coffee table, large patio umbrella, dining table, pool, fire pit","open space with outdoor kitchen, pool, and fire pit surrounded by a variety of seating areas for dining, relaxing, and lounging","A modern rustic backyard with a warm, inviting atmosphere, featuring a mix of natural materials and furniture designed for comfort and style."
"farmhouse_844.jpg","Rustic Cabin","red, brown, white","cedar siding, stone accents, wooden beams","Natural daylight with large windows and a vaulted ceiling","Warm and welcoming with a touch of wilderness","porch swing, log fireplace, antler mounts, rustic chairs","Simple, spacious layout with an open floor plan","This cozy cabin features rustic charm with its red siding and stone accents. The large windows let in ample natural light that illuminates the space, while the porch swing and log fireplace add to the warm ambiance."
"farmhouse_846.jpg","Modern Minimalist","white, gray, wood","oak wood, linen, metal","natural soft light from large windows","calm and airy","chandelier, bookshelf, side table, stair railing, dining table","open space with central seating area","This modern minimalist interior features a neutral color palette, emphasizing natural materials and soft lighting. The open layout creates an airy feel."
"farmhouse_847.jpg","Modern","white, gray","wood, stone","Well-lit with natural light and soft ambient lighting","Clean, spacious, and inviting","front door, stairs, patio furniture, landscaping","Open concept living space with a clear separation between the kitchen and living room areas.","This modern two-story home features a clean, uncluttered interior design. The color palette is neutral with white walls complementing gray accents. Natural materials like wood and stone add warmth to the space. The layout encourages openness and flow between the kitchen and living room areas."
"farmhouse_848.jpg","Scandinavian","white, beige, navy blue","wood, leather, linen","bright with natural light from large windows and overhead lights","warm, cozy, and inviting","sofa bed, wooden bench, small woven basket, framed artwork","open-concept space with central seating area","A Scandinavian inspired interior design with a warm and cozy atmosphere, featuring wooden and linen elements, bright lighting, and thoughtfully placed objects for comfort."
"farmhouse_85.jpg","Modern","dark blue, gray, light wood","wood, metal, marble","recessed lighting and pendant lights above island","modern, sleek, and minimalist","kitchen island with built-in seating, dark wood cabinetry, brushed nickel fixtures, stainless steel appliances","L-shaped countertop with bar stools at island","This modern kitchen features dark wood cabinets, a marble backsplash, and sleek metal fixtures. The design is characterized by clean lines and neutral colors, creating an elegant and inviting space."
"farmhouse_850.jpg","Modern Minimalist","white, black, wood tones","oak wood, linen, steel","natural soft light from large windows","calm and airy","wood frame bed with wooden platform, wooden nightstands, wooden bench at foot of bed, black lamps, white wall sconces","open space with central seating area under the beams","This modern minimalist bedroom features a white color palette with black accents, oak wood construction, and natural lighting to create a calm and airy atmosphere."
"farmhouse_851.jpg","Modern","white, gray, black","wood, leather, glass","natural light through large windows and ceiling fan lights","airy and bright","sofa, coffee table, plant, vase, pendant lights, rugs","open concept with kitchen seamlessly integrated into living room space","This modern-style home features a clean, airy design with neutral colors and natural lighting. The open layout creates a welcoming atmosphere for entertaining or relaxation."
"farmhouse_852.jpg","Scandinavian","white, beige, wood, black","wood, fabric, metal, concrete","natural light from large windows and hanging lights","calm and airy","desk, chair, computer monitor, plants, couch","open space with central work area and surrounding seating","This is a Scandinavian-style home office with white walls, wooden furniture, and a bright atmosphere."
"farmhouse_853.jpg","Modern Minimalist","white, gray, wood","wood, leather, fabric","natural soft light from large windows","calm and airy","sofa, coffee table, plant, floor lamp","open space with central seating area","This is a modern minimalist living room with a clean, open layout that invites relaxation and casual conversation."
"farmhouse_855.jpg","Modern Minimalist","white, gray, brass","glass shower enclosure, oak wood vanity, marble countertops, stainless steel fixtures","recessed lighting providing bright illumination","clean and serene","wall-mounted toilet paper holder, black framed mirror above vanity, red vase on countertop, floor-mounted toilet","small bathroom with efficient use of space","This modern bathroom features a minimalist design, using sleek materials and clean lines for an airy feel. The vanity is the focal point, complemented by marble countertops and stainless steel fixtures. Recessed lighting ensures bright illumination, while a red vase adds a pop of color to the space."
"farmhouse_856.jpg","Modern Minimalist","white, black, gray, wood","brick, stone, glass, metal","Natural light streaming in through the large windows and skylights, complemented by recessed lighting.","Warm and inviting with a touch of sophistication.","modern sofa, wooden coffee table, large area rug, floor-to-ceiling bookshelf","Open concept with kitchen, living room, and dining area all flowing seamlessly together.","This modern minimalist home features a monochromatic color scheme with natural materials like brick, stone, and wood. The open layout brings in plenty of natural light while the recessed lighting adds to the sleek and contemporary feel."
"farmhouse_858.jpg","Scandinavian","white, light gray, beige","wood, metal, fabric","bright and natural, with ample light from the large windows","calm and serene","modern sectional sofa, large wood coffee table, rectangular mirror, minimalist floor lamp, contemporary pendant lighting","open concept with the living area flowing into the kitchen","This modern Scandinavian-style home features a clean, minimalistic design with a color palette that is soft and calming. The open layout allows for easy interaction between the living room and the kitchen, creating an airy and welcoming atmosphere."
"farmhouse_859.jpg","Industrial Loft","white, beige, dark wood, brown","wood, glass, concrete, brass","ambient and accent lighting with exposed brick walls providing natural light","modern, warm and cozy","vintage-style mirror above sink, industrial-style cabinetry, baskets for toiletries","small, efficient space with separate areas for bathroom and dressing area","This is a small, modern industrial loft bathroom that balances functionality with style, featuring exposed brick walls and wooden elements that give it a warm and cozy atmosphere."
"farmhouse_860.jpg","Modern Minimalist","white, black, gray","stainless steel appliances, white countertops, wooden cabinets, glass backsplash","recessed lighting with warm white bulbs and a large overhead light","bright and airy","black stools under island, coffee maker on counter, white range hood above stove","U-shaped layout with center island, open shelving between cabinets for display","Modern kitchen with a minimalist design featuring stainless steel appliances, wood cabinetry, and a black and white color scheme."
"farmhouse_861.jpg","Scandinavian","white, beige, wood accents","oak wood, stainless steel, linen","bright and natural light from large windows, enhanced by under-cabinet lights.","calm and modern","kitchen island, black stools, stainless steel appliances, wooden shelves","open kitchen layout with central island for dining or food preparation.","This is a Scandinavian-style kitchen with a minimalist design featuring oak wood cabinets and stainless steel appliances. The space is brightly lit from large windows and has an island countertop with black stools tucked underneath, providing additional seating."
"farmhouse_862.jpg","Modern Minimalist","white, navy blue, wood tones","oak wood, stainless steel, glass","bright and well-lit space with natural light streaming in from the windows","clean, organized, and bright","refrigerator-freezer combo, sink, cabinets, wine rack","efficient galley kitchen with ample storage","This is a modern galley kitchen designed for functionality and style, featuring navy blue cabinets and stainless steel appliances that complement the natural light from the windows."
"farmhouse_863.jpg","Modern Minimalist","white, beige, light wood","oak wood, linen, concrete","natural soft light from large windows and hanging lights","clean, bright, and spacious","stainless steel appliances, white cabinets, hanging pendant lights, wooden kitchen island","linear layout with open shelves on both sides of the space","This modern kitchen features a clean, minimalist design with an emphasis on natural light and white finishes."
"farmhouse_864.jpg","Scandinavian","white, beige, light wood","wooden flooring, brick wall, metal railing","Natural soft light from large windows and chandelier","Bright and inviting","sofa, coffee table, area rug, floor lamp","Open space with central seating area, wooden staircase leading to second floor","The interior design of this space is Scandinavian, featuring a light and airy color palette with a focus on natural materials. The room is brightly lit by large windows that provide a view outside, as well as a chandelier. Furniture includes comfortable seating and a coffee table, creating a welcoming atmosphere for socializing or relaxation."
"farmhouse_865.jpg","Modern Minimalist","white, navy blue","oak wood, linen, metal","natural soft light from large windows","calm and airy","bed, basket weave bench, framed artwork on wall, wooden bedside table, small plant","open space with central seating area","This is a modern minimalist bedroom featuring a white and navy blue color scheme, natural wood materials, soft lighting from large windows, and a serene atmosphere."
"farmhouse_866.jpg","Scandinavian","white, dark blue, light wood","wood, tile, metal","natural soft light from large windows and overhead recessed lights","calm and airy","white farmhouse sink with chrome faucet, built-in dishwasher, stainless steel range hood, white tile backsplash, blue towel on a wooden bar rack","open space with central island sink and overhead cabinets","This is a Scandinavian-style kitchen with a calm, airy atmosphere. The color palette consists of light wood, white, and dark blue, creating a harmonious look. Materials used include wood for the cabinetry, tile on the backsplash, and stainless steel appliances. Lighting comes from large windows as well as recessed overhead lights, providing soft illumination that enhances the natural light. The layout features an open space design with a central island sink and overhead cabinets."
"farmhouse_868.jpg","Modern","white, gray","porcelain, glass, brass","overhead track lighting with recessed wall sconces","clean and contemporary","framed artwork on the wall, marble-topped bathroom sink, bamboo toothbrush holder","small bathroom with a narrow vanity area","This modern, clean bathroom features a minimalist design with a monochromatic color scheme, bamboo accents and glass elements. Track lighting illuminates the space above a narrow vanity area while wall sconces add soft lighting for relaxation."
"farmhouse_869.jpg","Modern Minimalist","white, beige, light wood","wood, cabinets, plants","natural soft light from large windows","calm and airy","sofa, coffee table, floor lamp, plant, vase","open space with central seating area and fireplace","A modern minimalist living room featuring a white, beige, and light wood color palette, with materials including wood paneling, white cabinets, and plants. The room is illuminated by natural soft light from large windows. The mood is calm and airy, with objects such as a sofa, coffee table, floor lamp, plant, and vase adding to the inviting space."
"farmhouse_87.jpg","Scandinavian","white, gray, wood","wooden siding, brick wall, glass panels","Natural light and recessed LED lights","Bright, airy, and modern","sofa, armchair, coffee table, cabinet","Open floor plan with kitchen, dining, living room, and pool area","A modern Scandinavian house with a bright and airy feel, featuring wooden siding, large glass windows, recessed LED lighting, and a combination of natural wood and sleek stainless steel."
"farmhouse_870.jpg","Modern","dark gray, light gray, white","black stainless steel appliances, stained wooden cabinets, white subway tile backsplash","Under-cabinet lighting with pendant lights over the island","Bright and spacious","center island with a built-in cooktop, stainless steel range hood, stainless steel refrigerator","Open layout with an L-shaped counter, barstools under the window","This kitchen has an elegant and modern design featuring dark gray cabinetry, a stained wood backsplash, and stainless steel appliances. The space is well-lit and inviting, with an open layout that includes a center island for additional counter space."
"farmhouse_871.jpg","Modern Kitchen","white, gray, wood","stainless steel, glass, brass","sunlit with skylights and hanging lights","airy, bright and welcoming","kitchen island, stools, plants, sink","open concept with a central cooking area, adjacent to dining and living spaces","This kitchen features a modern design with an open concept layout that seamlessly integrates the space into the rest of the home. The color palette consists of white, gray, and wood tones, creating a bright and welcoming atmosphere. Materials include stainless steel appliances, glass countertops, and brass accents that add an elegant touch. The layout includes a central cooking area with an island and stools for dining and entertainment. Adjacent to the kitchen is the dining area, which is part of an open concept living space."
"farmhouse_872.jpg","Modern","white, navy blue, gray","tiles, stainless steel","bright and natural light from the large window above the sink and shower","modern, clean, and bright","bathtub with blue tiles, white bathroom sink, vase of flowers on top of countertop","a compact space with a central focus on the bathtub and a secondary area for the sink and mirror.","This is a modern, compact bathroom with a clean design featuring navy blue tiles and gray accents. The room is brightly lit by natural light entering through the large window above the sink and shower."
"farmhouse_873.jpg","Modern Minimalist","white, beige, light wood","oak wood, linen, metal","natural soft light from large windows","calm and airy","kitchen island with stools, wooden cabinetry and drawers, glass front upper cabinets, metal handles on doors and drawers, large mirror over the sink","open space layout with a kitchen island as focal point","This is a modern minimalist kitchen that features an all-white color scheme, wood finishes, glass cabinet fronts, and a mix of metals. The design includes a large kitchen island with stools for seating and dining. Natural light from the windows creates a calm and airy atmosphere."
"farmhouse_874.jpg","Rustic Cabin","wood brown, white, green, red","stone, wood, linen, metal","Natural light from windows and candlelight","Warm, cozy and inviting","bed, sofa, coffee table, fireplace, mirror","Open floor plan with wood ceiling beams","A rustic cabin-themed bedroom with a fireplace, wooden accents and natural lighting."
"farmhouse_875.jpg","Modern Minimalist","white, beige, light wood","oak wood, linen, concrete","natural soft light from large windows","calm and airy","sofa, coffee table, plant, floor lamp","open space with central seating area","This is a modern minimalist living room featuring a white color palette, oak wood elements, and large windows that allow natural light to fill the space. The room has a calming atmosphere, decorated simply yet elegantly with a sofa, coffee table, floor lamp, and plant."
"farmhouse_876.jpg","Modern Minimalist","white, gray, brass","stainless steel appliances, quartz countertops, engineered wood","recessed ceiling lights and under-cabinet lighting","calm and spacious","high-rise kitchen faucet with pull-down spray, freestanding range hood, large wall art","spacious galley layout with central island","An open concept kitchen with a modern minimalist design featuring stainless steel appliances, quartz countertops, and engineered wood elements. Lighting is provided by recessed ceiling lights and under-cabinet lighting, creating a calm and spacious atmosphere."
"farmhouse_878.jpg","Modern","white, gray, wood","oak wood, metal, glass","well-lit with natural light from large windows and under-cabinet lighting","clean, bright, and inviting","range hood over oven, kitchen island with seating, pots and pans on display, open shelves for decorative items","spacious layout with large windows and open shelving","This kitchen combines modern aesthetics with functional design elements to create a bright, welcoming space."
"farmhouse_88.jpg","Modern","beige, gray, metallic","wood, glass, stainless steel","natural light coming through windows and overhead lights","clean and sleek","oven, kitchen island with sink, knife set, wall-mounted cookware","open concept layout with kitchen bar stools by the island","This modern kitchen combines clean lines, neutral colors, and a mix of materials to create a sleek and functional space."
"farmhouse_880.jpg","Scandinavian","white, grey, light wood","oak wood, glass, concrete","bright and even with recessed lighting and natural window light","clean, modern, serene","washer and dryer, sink, wood cabinetry, glass shelving, metal pull handles","efficient, utilitarian with a central work triangle","A bright, modern laundry room with minimalist cabinetry, a clean color palette and practical layout."
"farmhouse_881.jpg","Modern","white, gray, wood","brass, concrete, fabric","soft and ambient lighting, with large windows allowing natural light to flood the space","calm and inviting","center island, modern pendant lights, wooden stools, hanging plant","kitchen island in center with seating on all sides, providing a casual dining area adjacent to the open concept living space.","This modern kitchen and dining room combines clean lines and minimalistic design elements with warm wood tones to create a contemporary yet inviting atmosphere. The spacious layout encourages connection between spaces and the natural light enhances the sense of space."
"farmhouse_882.jpg","Modern Minimalist","white, light wood","steel, glass, concrete","natural soft light from large windows and pendant lights","calm and airy","kitchen island, bar stools, dining table, pendant lights, backsplash","open space with kitchen island as focal point and dining area in view","Modern minimalist kitchen with an open layout, featuring a central kitchen island, pendant lighting, steel accents, and natural materials."
"farmhouse_883.jpg","Scandinavian","white, wood, gray","oak wood, marble, steel","natural light from large windows","clean and serene","round mirror, soap dispenser, plant, wooden sink","linear space with centered sink area","This is a modern bathroom featuring wooden cabinets, marble countertops, a large round mirror, and natural lighting that creates a bright and airy atmosphere."
"farmhouse_884.jpg","Scandinavian","white, beige, light wood","oak wood, linen, concrete, steel","natural soft light from large windows","calm and airy","bathtub, shower, sink, bathroom vanity, couch, chair","open space with central seating area","A modern bathroom with a calming Scandinavian design style, featuring natural light and materials like oak wood, linen, and steel. The room is designed to be both functional and inviting."
"farmhouse_885.jpg","Modern Minimalist","white, light wood, black","steel, wood, glass","bright and airy natural light from large windows","calm and serene","bar stools, island, potted plant, vase","open space with central kitchen island","Modern minimalist design that utilizes steel, wood, and glass to create a bright and airy atmosphere in the kitchen."
"farmhouse_886.jpg","Modern Minimalist","white, light wood","wood, tile, glass","natural light from large windows","calm and airy","mirror, sink, shower, toilet, bathtub","linear layout with vanity, shower, toilet, and bathtub in a straight line","This is a modern minimalist bathroom design with clean lines and an emphasis on natural light. The color palette includes white and light wood tones, complemented by materials like wood, tile, and glass. The large mirror above the vanity reflects the natural light coming in through the windows, creating an airy atmosphere. The straight line layout of the shower, toilet, and bathtub ensures easy movement and a sense of openness."
"farmhouse_887.jpg","Scandinavian","white, wood tones, green accents","natural wood, linen, marble","bright, natural light from large windows","calm and airy","large window, wood countertops, kitchen island, hanging light fixture, stainless steel sink","open-concept kitchen and dining area with plenty of counter space","A bright, airy Scandinavian-style kitchen with natural wood finishes and a large window providing ample light."
"farmhouse_888.jpg","Modern Minimalist","white, black, wood accent","stainless steel, solid wood, leather","recessed lighting with pendant lights over island for focal points","modern and sleek, with a touch of rustic warmth from wood accents","black metal kitchen hoods, stainless steel appliances, wooden kitchen island with seating","open concept design with kitchen flowing into dining area and living space","This modern, minimalist kitchen is designed for functionality and style. Stainless steel appliances, a wooden kitchen island with seating, and pendant lights provide a sleek look that's enhanced by the warm touch of wood accents."
"farmhouse_889.jpg","Modern Minimalist","white, gray, wood","brick wall tiles, glass shower doors, stainless steel fixtures","natural soft light from large windows","calm and airy","sink with double vanity, toilet, shower, large mirror over sink","open space with central bathroom area","This is a modern minimalist bathroom design, featuring a white color palette with gray accents and wood materials. The space has large windows that let in soft natural light and a brick wall tile backsplash. The layout centers around the double vanity sink, with the toilet and shower on either side. A large mirror is placed over the sink, enhancing the brightness of the room."
"farmhouse_89.jpg","Scandinavian","white, beige, light wood","wood, fabric, glass","natural soft light from large windows","calm and airy","sofa, coffee table, plant, floor lamp, bench","open space with central seating area","This interior design image features a Scandinavian style, characterized by a light and airy atmosphere. The color palette includes white, beige, and light wood tones. Materials used include wood for the stair railing and flooring, fabric for upholstery and curtains, and glass for panels on windows. Lighting is natural and soft, provided by large windows. Furniture includes a sofa, coffee table, plant, floor lamp, and a black bench at the foot of the stairs. The layout is open, with a central seating area."
"farmhouse_890.jpg","Modern Minimalist","white, wood accents","concrete, wood, metal","natural light from large windows","clean and uncluttered","shelves, plants, countertop items","small kitchen with efficient use of space","This modern minimalist kitchen features a clean white color palette with wood accents, concrete countertops and shelves made of wood. The space is well-lit by natural light and has an efficient layout with essential countertop items."
"farmhouse_891.jpg","Modern Minimalist","navy blue, white, brass","wood, marble, metal","natural soft light from large windows","warm and inviting","stainless steel mixer, pink cake decoration, wooden spoons, white countertops","open kitchen design with island and shelving for storage","The kitchen features a modern minimalist design with navy blue cabinets, wood and marble materials, stainless steel appliances including a mixer on the island, and wooden accents. The layout is open, allowing for ample countertop space and shelving for storage. The warm atmosphere is enhanced by natural light coming in through large windows."
"farmhouse_892.jpg","Rustic","earthy tones, neutral grays","natural stone, wood, metal","recessed lighting with warm tones, and a large window for natural light","inviting, cozy and warm","freestanding tub, double sinks, large mirror, wood-burning stove","a small corner bathroom with efficient use of space","This bathroom is designed to feel like a cozy getaway, featuring natural materials that add to the rustic charm."
"farmhouse_895.jpg","Country","beige, wooden brown, light blue","wood, stone, metal","natural sunlight during daytime","warm and inviting","porch swing, rocking chair, outdoor table","central porch area with seating facing yard","A country-style porch featuring wooden furniture, a stone floor, and rocking chairs for relaxation."
"farmhouse_896.jpg","Modern Minimalist","light brown, white, dark wood","wood, plastic, metal","well-lit with natural light from the window above the chicken coop","clean and organized","chicken coop, feeding troughs, nesting boxes","long and narrow space with wood paneling on walls and ceiling","This is a small modern chicken coop with a minimalist design, featuring light brown wooden walls and roof, white feeding troughs, dark wood nesting boxes, and metal latches for the doors. The space has natural light from the window above the coop, creating a clean and organized atmosphere."
"farmhouse_897.jpg","Scandinavian","white, black and white, wood, green","wood, linen, metal","natural soft light from large windows","calm and airy","sofa, coffee table, plant, floor lamp","open space with central seating area","A Scandinavian-style living room featuring a white and black sofa, a wooden coffee table, a plant on the floor, a modern floor lamp, and large windows that allow for plenty of natural light."
"farmhouse_90.jpg","Scandinavian","light grey, natural wood, white","cedar shake siding, stone veneer accents, black metal roofing","Natural light from large windows and skylights, supplemented by strategically placed spotlights.","Warm and inviting with a touch of rustic charm.","wooden front door, large stone fireplace, solid wood dining table, vintage-style kitchen cabinets","Open concept design with main living area flowing into the kitchen, creating an open and airy feel.","This Scandinavian-style home is characterized by its light color palette, natural materials, and emphasis on functionality and simplicity."
"farmhouse_900.jpg","Modern Minimalist","white, beige, light wood, navy accent","oak wood, cushioned fabric, natural stone, metal","Natural soft light from large windows and pendant lights above island","Calm and airy","sofa, coffee table, plant, floor lamp, sleek modern kitchen appliances","Open space with central seating area and kitchen bar extending from island for casual dining.","This spacious open-concept home boasts a minimalist design with neutral tones that create a serene atmosphere, featuring oak wood accents for warmth. The kitchen is equipped with modern appliances, and the room is well-lit by natural light from the large windows and pendant lights above the island."
"farmhouse_901.jpg","Modern Minimalist","light olive green, dark wood, white","wood, stainless steel, marble","ambient and task lighting provided by overhead track lights and under-cabinet LED strips","modern, stylish, and uncluttered","kitchen island, stainless steel range hood, wooden cabinets, black stove","efficient galley layout with ample counter space","This modern kitchen combines minimalist design elements with a rustic touch through the use of wood and green accents. The galley layout is both practical and stylish, offering plenty of countertop space for food preparation."
"farmhouse_902.jpg","Scandinavian","white, light blue, wood, green","oak wood, glass, stainless steel","natural light from large windows and under-cabinet lights","bright and cheerful","table, fridge, kitchen island, potted plant, bowls","open space with kitchen and dining areas flowing seamlessly into each other","This kitchen has a bright, airy feel with its light blue cabinetry, white countertops, and oak wood flooring. The natural light streaming in through the large windows creates a welcoming atmosphere. There's plenty of storage space provided by the wooden cabinets and under-cabinet lights for convenience. The table and chairs are set up for casual dining or working at the island with the sink installed. A potted plant adds some greenery to the space, contributing to a fresh and lively environment."
"farmhouse_903.jpg","Modern Minimalist","white, gold","oak wood, marble","ambient lighting with accent on the large mirror","clean, spacious and luxurious","wooden sink vanity, round gold mirror, plant, candle holder","space layout with a floating vanity in the middle of the room","This bathroom has a modern minimalist design featuring a wood sink vanity, a round gold mirror as the focal point, and ambient lighting. The space is clean, spacious, and luxurious with accent pieces like a plant and a candle holder."
"farmhouse_905.jpg","Scandinavian","light wood, white, black","oak wood, glass, steel","natural soft light from large windows","warm and cozy","island, bar stools, plants, ovens","open space with central seating area","This is a modern, open kitchen featuring a Scandinavian design with clean lines, natural wood, and a focus on light and functionality. The center island serves as a casual dining spot, surrounded by bar stools and plants that add warmth and life to the space."
"farmhouse_906.jpg","Modern Rustic","white, wood, green","wood planks on walls, leather upholstery, brass accents","natural light with layered indoor lighting","warm and inviting","sofa, coffee table, floor lamp, plants, mirror","open floor plan with staircase leading to upper level","This space showcases a modern rustic design with white walls, wood accents, and leather upholstery. Natural light pours in through large windows, creating a warm and inviting atmosphere."
"farmhouse_908.jpg","Modern Minimalist","white, light wood","steel, wood, marble","natural soft light from large windows","bright and energetic","sofa, coffee table, plant, floor lamp","open space with central seating area","This modern kitchen features a minimalist design with an emphasis on natural light and a neutral color palette. The steel appliances blend seamlessly into the wood cabinetry, while the marble countertops provide a touch of luxury. A large window lets in soft sunlight that illuminates the space, creating a bright and energetic atmosphere."
"farmhouse_909.jpg","Industrial Loft","brown wood, black metal, white cement","wood planking, metal beams, concrete flooring","industrial style lighting fixtures","modern and rustic","basketball hoop, walls of wood slats, wooden floor benches","open space with metal beam trusses holding up high ceiling","This is an interior design image that features an industrial style loft with rustic elements, a modern and open layout, and large windows providing natural light."
"farmhouse_91.jpg","Modern","white, wood, black","wood, metal, linen","recessed and pendant lights provide ample illumination over the center island","modern and minimalistic with a warm touch due to wood tones","kitchen island, sleek black countertops, wooden shelves, metal range hood","an L-shaped kitchen design with the sink on one side and the stove and refrigerator on the other side, creating a functional cooking space","This modern kitchen features clean lines, wood accents, and black countertops to create a stylish and efficient workspace."
"farmhouse_910.jpg","Modern Minimalist","beige, gray, silver","metal, wood, marble","ambient and task lighting from overhead recessed lights","clean, bright, and contemporary","stainless steel appliances, wooden cabinets, countertops, bar stools","open kitchen with island","This kitchen combines modern design elements with a minimalist approach to create an open and contemporary space."
"farmhouse_911.jpg","Modern Minimalist","gray, black, white","stone, metal, wood","Natural light from large windows","Cool and serene","grill, island, sink, chairs","Straight lines, clean surfaces","Modern kitchen with stone island featuring stainless steel grill and sink, black cabinetry."
"farmhouse_912.jpg","Modern Minimalist","white, gray, wood","oak wood, fabric, stone","soft natural lighting from large windows and pendant lights","calm and elegant","sofa, coffee table, armchair, floor lamp, area rug, plant","open concept layout with a central seating area between two windows","This spacious modern living room combines minimalist design elements with warm wood tones and ample natural lighting, creating a serene and elegant atmosphere."
"farmhouse_913.jpg","Modern","white, wood, black","wood, glass, metal","natural light from windows with warm LED accent lighting","clean, organized and welcoming","modern open shelving unit, contemporary white vases, wooden bowl, set of modern dishes","open kitchen area leading to dining space with seating arrangement at the end","This image showcases a modern interior design style in a home setting, featuring natural wood elements and neutral colors for a warm and welcoming atmosphere. The layout is designed for ease of movement and functionality, with open shelving providing both storage and display space."
"farmhouse_914.jpg","Modern Minimalist","white, gray, blue","wood, linen, metal","natural soft light from large windows and overhead recessed lights","warm and cozy","sofa, coffee table, flat screen TV, floor lamp, throw blanket","open space with central seating area in front of a fireplace","This is an image of a modern, minimalist living room that exudes warmth and comfort. The space features natural wood accents, a cozy gray sofa, and a large flat screen TV for entertainment. A coffee table sits at the center of the seating arrangement, perfect for casual gatherings or movie nights. Large windows let in soft, natural light that illuminates the room during the day and creates a welcoming ambiance in the evening."
"farmhouse_916.jpg","Modern Minimalist","white, beige, natural wood","oak wood, concrete, steel","sunlit space with natural light from the windows and skylights","calm and airy","center island with stools, kitchen table with chairs, large potted plant, hanging pendant lights","open kitchen and living space connected by a central island","A modern minimalist design with an emphasis on natural wood materials, sunlight, and open spaces."
"farmhouse_917.jpg","Modern","gray, white, wood","oak, marble, steel","recessed ceiling lights and under-cabinet LEDs","warm, inviting, and elegant","island with stools, range hood over stove, potted plants on countertops","open concept with central island as focal point","This modern kitchen features a warm palette of gray, white, and wood tones, with oak cabinetry and marble countertops. The space is well-lit by recessed ceiling lights and under-cabinet LEDs. A central island serves as both additional seating and extra counter space. Potted plants on the counters add a touch of greenery to the sleek design."
"farmhouse_918.jpg","Scandinavian","white, light wood, gray","wood, linen, wicker, leather","soft natural light from large windows","calm and bright","bunk beds, nightstand, shelf, stuffed animal","open space with shared central area","A cozy Scandinavian-style room with wood accents, a large window allowing for natural light, and comfortable bunk beds."
"farmhouse_919.jpg","Modern","white, neutral tones","cabinet wood, stainless steel appliances","bright and well-lit with recessed lighting","modern and sleek","kitchen island in center of room, white countertops, built-in ovens and stoves","open plan kitchen and dining area leading to den","This is a modern, spacious kitchen with a neutral color palette that includes white cabinets and appliances. The recessed lighting brightens the space, giving it an airy feel. Key features of this kitchen include a center island for additional counter space, built-in ovens and stoves, and stainless steel appliances."
"farmhouse_921.jpg","Modern Minimalist","white, gray, wood accents","oak wood, stainless steel, glass","soft, diffused light from recessed ceiling lights and natural light from large windows","calm and inviting with a touch of rustic charm","modern stove-top oven, wooden center island, blackboard wall for meal planning","open kitchen concept with an L-shaped counter that extends into dining area","A modern, minimalist kitchen with a touch of rustic charm. It features an open concept layout and incorporates oak wood, stainless steel, and glass materials for a cohesive design."
"farmhouse_922.jpg","Modern Minimalist","white, light gray, dark wood","wood, linen, metal","recessed lighting and pendant lights","bright and airy","kitchen island, stainless steel appliances, black countertops","open concept with kitchen and laundry room connected","A modern, minimalist space designed for functionality and openness."
"farmhouse_923.jpg","Modern Minimalist","white, light wood, blue","stainless steel, wood, glass","natural soft light from large windows and recessed lights","calm and airy","wooden island with built-in sink, modern open shelving, stainless steel appliances, blue pendant lights","open kitchen space connected to living area","This modern minimalist kitchen features a clean and sleek design, utilizing natural materials like wood and stone. The color palette is neutral with accents of blue, creating a serene and spacious atmosphere. The layout is open concept, connecting the kitchen directly to the living area, promoting easy flow for entertaining or family time."
"farmhouse_924.jpg","Modern Minimalist","white, light wood, gray","oak wood, metal, marble","natural soft light from large windows and hanging lights","calm and sophisticated","sofa, coffee table, floor lamp, large bowl centerpiece, framed art","open space with central seating area, island in center of room","A sleek and modern kitchen featuring a monochromatic color scheme with oak wood accents."
"farmhouse_925.jpg","Modern Minimalist","white, black","wood, tile","overhead fixture and natural light from windows","clean, bright, and spacious","pedestal sink, cabinets, mirror, faucet","long bathroom with white tiled floor, white cabinets, and pedestal sink","This modern minimalist bathroom features a clean, bright design with white and black color accents. The overhead fixture provides ample light, while the large windows allow for natural light to stream in, enhancing the spacious feel of the room."
"farmhouse_926.jpg","Industrial Loft","rustic brown, cool grey, natural green","wood, steel, brass","modern, with industrial-style fixtures and ample natural light from windows","industrial chic with a warm touch","large rustic wooden kitchen island, vintage style open kitchen cabinets, reclaimed wood bench seating, brass pendant lights, floor-to-ceiling window","open plan with kitchen, dining and living spaces all in one area","This loft-style interior combines rustic wood elements with sleek metals to create a warm yet modern atmosphere."
"farmhouse_927.jpg","Modern Minimalist","black, white, natural wood","leather upholstery, wood flooring, brick wall","well-lit with a mix of natural light and recessed lighting","modern and sophisticated","sofa, coffee table, armchair, area rug, floor lamp","open concept living space with a central entertainment area","The room is styled in a modern minimalist manner, featuring black and white color tones, leather upholstery on the furniture, wood flooring, and a brick wall. The space is well-lit with natural light streaming through large windows complemented by recessed lighting. There are comfortable seating options, including a sofa and armchair in front of a coffee table, creating a cozy atmosphere. An area rug adds warmth to the room, while a floor lamp provides additional lighting for late-night reading or conversation. The overall mood is modern and sophisticated, and the layout creates an open concept living space with a central entertainment area."
"farmhouse_928.jpg","Modern Minimalist","white, gray, brass","wood veneer, metal, glass","natural light from window with white blinds","clean and serene","ladder on shelves, white labeled jars, copper canisters, wooden baskets","corner of room with open shelf storage","Open kitchen area with minimalist design and wood materials for a modern feel."
"farmhouse_929.jpg","Modern Minimalist","white, beige, light wood","wood, glass, concrete","natural soft light from large windows","calm and airy","sofa, coffee table, plant, floor lamp","open space with central seating area","This house features a modern minimalist design with clean lines and light wood accents. The interior has a calm and airy atmosphere, with a focus on natural light. Key furniture includes a sofa for lounging and relaxation, a coffee table for casual dining or display, a plant to add greenery and life, and a floor lamp to provide additional illumination."
"farmhouse_930.jpg","Scandinavian","white, light wood, copper","wood, stainless steel, glass","natural light coming from a large window","bright and airy","shelves, cutting boards, copper cookware, wooden utensils, clear glass jar","open kitchen with ample counter space","This kitchen combines a Scandinavian style with warm wood and copper accents, creating a bright and airy atmosphere."
"farmhouse_931.jpg","Rustic Charm","earthy tones, nature greens, wooden browns","rustic wood, sturdy stone, brickwork","warm and inviting ambiance with dimmable string lights","cozy and welcoming","large comfortable sofa, inviting armchairs, rustic wooden coffee table, vintage rug","open floor plan leading to outdoor pool area","This rustic-style home invites relaxation with its cozy living room, warm lighting, and outdoor access to a tranquil pool."
"farmhouse_932.jpg","Modern Minimalist","white, light wood","oak wood","natural soft light from large windows and recessed lighting","calm and airy","kitchen island, wooden bar stools, small green plant, brass kitchen faucet","open space with central kitchen island and wooden floor continuing into adjacent room","This modern kitchen combines a minimalist design with natural materials, creating an airy and inviting atmosphere."
"farmhouse_933.jpg","Modern Minimalist","light wood, white, blue","wood, concrete, steel","natural soft light from large windows and a wall-mounted spotlight","calm and serene","planter box, planter box, potted plant, wooden bench","narrow space with a curved pathway and seating areas on either side","This image depicts an outdoor space designed in a modern minimalist style, featuring natural wood elements, concrete planters, steel fixtures, and plants. The color palette is light with blue accents, giving the space a calm and serene atmosphere. Large windows allow for ample natural light, while a wall-mounted spotlight provides additional illumination. The narrow space is divided by a curved pathway leading to seating areas on either side."
"farmhouse_934.jpg","Modern Minimalist","white, gray, blue","oak wood, leather, metal, fabric","soft and warm, with natural light filtering through windows","calm and sophisticated","sofa, coffee table, floor lamp, framed artwork, potted plant","open floor plan with a central seating area","A modern living room features gray sofas, oak wood accents, and soft lighting that creates a calm and sophisticated atmosphere."
"farmhouse_935.jpg","Modern","white, gray, brick red","wood, stone, glass","ambient lighting with recessed ceiling lights and floor lamps","modern, spacious, and serene","sofa, coffee table, plant, floor lamp, wicker chair","open concept with an L-shaped layout of the living room and dining area","This modern house features a clean, white interior with natural wood accents. Large windows allow for ample light to fill the space, creating a bright and serene atmosphere."
"farmhouse_936.jpg","Modern Minimalist","gray, white, wood","wood, fabric, metal","natural light from large windows and blackout curtains for privacy or adjustable sunlight","calm and serene","gray sofa with cushions, wood coffee table, large plant in corner, black and white checkered rug, modern floor lamp","open space with central seating area, flanked by windows on two sides for ample natural light","This modern minimalist living room features a gray sofa and coffee table in the center, surrounded by blackout curtains for privacy. The color palette is warm with wood accents. The floor lamp adds to the cozy ambiance."
"farmhouse_937.jpg","Modern Minimalist","white, light wood, gray","brick exterior, white oak flooring, metal roofing","a combination of natural and artificial light sources, with soft and warm hues","clean, bright, and inviting","built-in fireplace, modern kitchen appliances, landscape lighting, contemporary wall art","a split-level design with an open floor plan on the lower level and a more enclosed upper level","This modern two-story home features a minimalist design, with clean lines, neutral colors, and high ceilings that contribute to its bright and airy atmosphere."
"farmhouse_938.jpg","Modern Minimalist","light blue, white, wood accents","white cabinets, stainless steel appliances, blue and white checkered rug","well-lit with natural light from windows and recessed ceiling lights","bright, clean, and functional","white and wood cabinets, black stove top oven, blue and white checkered rug, white countertops","kitchen area with central island","This kitchen is a modern, minimalist space with light blue cabinets and white accents. It features stainless steel appliances, a black stove top oven, and a checkered rug in shades of blue and white for added color. The layout is designed around a central island that serves as both a workspace and additional countertop area."
"farmhouse_939.jpg","Industrial Loft","white, rustic brick, copper accent","wood, metal, brick","reclaimed wood beam with exposed light bulbs","bold and modern","raw edge countertop, vintage-style sink, overhead pot rack, whitewashed brick wall","U-shaped layout centered around a central island with a sink","This kitchen combines the gritty charm of industrial design with the warmth and texture of loft spaces."
"farmhouse_94.jpg","Modern Minimalist","white, light grey, brown","wood, metal, fabric","well-lit with recessed ceiling lights and natural light from large windows","calm and inviting","bench, shelves, wall hanging, decorative cabinet handle","open concept space with kitchen area adjacent to dining/living area","A modern, minimalist interior that combines functionality and style, featuring a wood bench, shelving units, and a comfortable color scheme."
"farmhouse_940.jpg","Scandinavian","white, beige, gray","marble, oak wood, linen","natural soft light from large windows and a skylight","calm and spacious","tiled walls, shelving unit with decorative items, cabinet for toiletries","modern, clean lines with minimal clutter","A sleek, modern bathroom designed in the Scandinavian style, featuring marble and oak wood elements on a white tile wall, with minimal decorative items for a calm and spacious atmosphere."
"farmhouse_941.jpg","Modern Minimalist","white, light blue, silver","white-washed wood, white porcelain, brushed nickel","natural soft light from large windows","calm and serene","freestanding bathtub, large mirror above the sink, white towel rack on the wall, blue cabinet doors, white marble countertop","small bathroom with a central sink and vanity area","This is a modern, minimalist bathroom with clean lines and calming colors. The large mirror and blue cabinet doors add a touch of color to the space."
"farmhouse_942.jpg","California Craftsman","greenery, wood tones, blues","wood, brick, stone","Natural light from large windows and outdoor sunroom","Calm and relaxed","pool, outdoor table and chairs, potted plants","Outdoor living space with seating around a rectangular pool, connected to an indoor living room by sliding glass doors.","This backyard design features a California Craftsman style with a warm, inviting ambiance. The color palette consists of wood tones and greens, complemented by blues in the stonework and pool. Materials include brick, wood, and stone, while natural lighting illuminates the space through large windows and an outdoor sunroom."
"farmhouse_943.jpg","Modern","white, black, grey","stainless steel, wood, stone","Recessed lighting with ambient lighting provided by overhead pendant lights.","Elegant and contemporary.","kitchen island, bar stools, metal countertops, modern cabinetry","Open concept with central kitchen island, adjacent seating area, and a view into another room.","This kitchen features a modern design with a clean and sleek color palette. The use of stainless steel appliances, wood accents, and natural stone countertops create an elegant yet functional space."
"farmhouse_944.jpg","Scandinavian","white, beige, light wood","wood, fabric, glass","natural soft light from large windows","calm and airy","table, bench, plant, floor lamp","open space with central seating area","A bright and inviting outdoor sitting area under a Scandinavian-style roof, featuring simple furniture in a light color palette."
"farmhouse_945.jpg","Modern Minimalist","white, gray, green","marble, brass, wood","natural soft light from large windows","calm and serene","modern sink faucet, square marble tiles on walls, vase with orchid, wooden bench, modern wall-mounted vanity mirror","small and clean bathroom layout with corner shower","A modern, minimalist design featuring marble walls and wood accents in a small bathroom."
"farmhouse_946.jpg","Modern Minimalist","white, beige, wood","wood, linen, glass","natural soft light from large windows","warm and cozy","cabinet, countertop, bananas, map, chair, lamp","open space with central seating area, connected to kitchen","Modern interior design featuring a minimalist style with an emphasis on natural wood and neutral colors. The room is well-lit by sunlight streaming in from large windows, creating a warm and inviting atmosphere."
"farmhouse_947.jpg","Scandinavian","white, light wood, gray","wood, metal, marble","natural light from multiple windows and ceiling fixtures","warm and inviting","island with bar stools, large open cabinets, dining table and chairs, potted plant, floor lamps","open concept kitchen connected to dining area","This modern Scandinavian-style kitchen features a warm color palette with light wood accents, natural materials such as marble, and a welcoming atmosphere enhanced by the soft glow of ceiling fixtures and ample natural light."
"farmhouse_949.jpg","Scandinavian","black and white, natural wood, green accent","white ceramic tiles on walls and floor, brass fixtures, oak cabinets","natural soft light from large windows","calm and airy","sink with silver faucet, candle in holder on counter, round mirror over sink","small compact space with efficient use of vertical wall space","This is a modern Scandinavian-style bathroom. The black and white color scheme is accented by natural wood elements, creating an airy, minimalist atmosphere."
"farmhouse_950.jpg","Scandinavian","neutral tones, green accents, wood textures","stone walls and floor, natural wood furniture, modern fabrics","natural soft light from large windows","calm and airy","sofa with blue pillows, round coffee table with plants, floor lamp, wooden side table","open space with central seating area","This is a modern Scandinavian-style living room featuring neutral tones and green accents. Natural stone walls, floor, and wooden furniture create a warm atmosphere while the large windows allow for plenty of natural light. The layout includes a comfortable sofa and side table with a coffee table in the center, perfect for socializing or relaxing."
"farmhouse_953.jpg","Modern Minimalist","beige, light wood, white","oak wood, marble, steel","natural soft light from large windows and under-cabinet lighting","calm and airy","kitchen island with stools, modern range hood, large potted plant","open space layout with central kitchen island for seating, cooking, and dining","This modern kitchen combines minimalist design elements with a light color palette to create a bright and inviting atmosphere."
"farmhouse_954.jpg","Modern Minimalist","beige, white, wood","oak wood, linen, steel","natural soft light from large windows","calm and airy","bed, nightstand, lamp, armchair","two beds with nightstands in between, sitting area with armchair and table","This modern bedroom design features minimalist furnishings and a calming color palette of beige and white, providing a tranquil retreat."
"farmhouse_955.jpg","Scandinavian","white, light gray, natural wood","wood, fabric, glass","Natural soft light from large windows and ambient LED lights","Calm and airy","beds, shelves, stairs, cabinets","Open space with central seating area","A cozy, minimalist loft-style apartment with beds built into the walls, natural lighting, and simple wooden furnishings."
"farmhouse_956.jpg","Scandinavian","white, beige, light wood","oak wood, linen, steel","natural soft light from large windows","calm and airy","sofa, coffee table, plant, floor lamp","open space with central seating area","This is a Scandinavian-style living room, featuring a light wood palette and oak wood furniture. The large windows let in soft natural light, creating a calm and airy atmosphere. The layout includes a central seating area surrounded by white sofas and tables, with additional accents from the plant and floor lamp."
"farmhouse_957.jpg","Modern Minimalist","white, beige, light wood","fabric upholstery, wood flooring, tile backsplash","natural soft light from large windows","bright and energetic","sofa, coffee table, area rug, floor lamp, framed artwork","open space with central seating area around fireplace","This modern living room features a minimalist design with light wood tones, bright white walls, and large windows allowing for abundant natural light. The open layout creates a sense of spaciousness and the central focus is on the comfortable sofa and coffee table set against the backdrop of a fireplace."
"farmhouse_959.jpg","Industrial","natural wood, rusty metal, black, white","metal, wood, brick","industrial track lighting with a mix of ambient and spot lights","bold and rugged","antique barn door, exposed brick wall, black metal frame, large open space","open floor plan with exposed beams and duct work","This interior design showcases an industrial style with a mix of wood, metal, and rustic materials. The use of large barn doors creates a bold entrance while the brick wall adds texture to the space."
"farmhouse_96.jpg","Modern Minimalist","light beige, white, neutral tones","leather, brick, wood","warm and inviting with soft lighting from the overhead fixture","cozy and comfortable","sectional sofa, lift-top coffee table, vintage clock, leather armchair","open floor plan with a central seating area","This living room is designed in a modern minimalist style, featuring a mix of light beige and white colors. The leather upholstery and brick fireplace create a warm and inviting ambiance. The overhead fixture provides soft lighting that complements the overall cozy mood."
"farmhouse_960.jpg","Vintage","white, light blue, green","wood, brick, metal","Natural light from windows and doors, complemented by indoor lights","Warm and inviting","porch swing, wicker chairs, antique tables, framed artwork","Central hallway with open living and dining areas","This vintage-style home is bathed in natural light, creating a warm and inviting atmosphere. The porch swing suggests an outdoor seating area, while the framed artwork adds personal touches to the space."
"farmhouse_962.jpg","Modern Minimalist","beige, light wood, white","brick, oak wood, glass","Natural soft light from large windows","Calm and airy","pool, patio table with chairs, large outdoor rug, outdoor couches","Open space with central seating area around pool","This is a modern minimalist backyard design featuring warm beige and light wood tones. The space is filled with natural sunlight, creating a calm and airy atmosphere. The materials used include brick walls for a rustic touch, oak wood flooring for a rich texture, and glass windows and doors to frame the surrounding trees and sky."
"farmhouse_963.jpg","Modern","white, gray, brass","wood, metal, glass","Recessed lighting throughout and natural sunlight from windows.","Bright, clean, and inviting.","kitchen island, range hood, potted plant, modern cabinetry","An L-shaped kitchen with a central island. Open concept design that flows into living room area.","This modern kitchen features a clean and sleek design with neutral color tones, wood accents, stainless steel appliances, and recessed lighting that enhances the natural sunlight from the windows."
"farmhouse_964.jpg","Scandinavian","light gray, white, black","wood paneling, metal railings, tiles","Natural sunlight and ambient lighting","Clean and modern with a touch of coziness","sofa, coffee table, flat screen TV, floor lamp, plant","Open concept with living room, kitchen, and dining area flowing together","This modern Scandinavian house features a clean design with light gray and white color scheme, wooden accents, and plenty of natural light from the large windows."
"farmhouse_965.jpg","Modern","white, gray, black","stainless steel, brass, marble","recessed lighting and under-cabinet LED lights with ambient soft glow","clean, sleek, and professional","white island in center of room, stainless steel refrigerator, black oven and range","open kitchen design leading to living spaces","This modern kitchen features a clean, minimalist design with stainless steel appliances, gray countertops, and white cabinets."
"farmhouse_966.jpg","Rustic","red, brown, white","wood, metal, concrete","Natural light from windows and open walls","Warm and welcoming","Large red barrel-like structure, Large wooden door, Small white windows, Stone steps","Open space with central feature of the red building","The interior design is rustic in style, featuring natural materials such as wood and concrete. The color palette consists mainly of red, brown, and white, creating a warm atmosphere. The layout is open, with a central focus on the large red barrel structure, which also serves as an entrance to the building."
"farmhouse_967.jpg","Modern Minimalist","white, beige, light wood","oak wood, linen, steel","natural soft light from large windows and recessed ceiling lights","calm and airy","kitchen island, modern range hood, stainless steel appliances, bar stools","open space with central kitchen island and additional countertops for food preparation and seating at the bar","This is a modern, minimalist kitchen that emphasizes clean lines, functionality, and a warm color palette. The natural light from windows and recessed ceiling lights creates a bright and inviting atmosphere."
"farmhouse_968.jpg","Modern Minimalist","beige, light wood, gray","wood, metal, fabric","Natural lighting from a window, complemented by recessed ceiling lights.","Calm and airy","wooden dining table with bench seating, modern desk and chair, potted plant","An open concept space that combines kitchen, dining, and living areas.","This interior design features a clean and modern style with natural materials such as wood and metal. The color palette is neutral but warm, creating an inviting atmosphere. The space has plenty of natural light from the window, which enhances the airy feel. A minimalistic layout allows for easy movement through the combined areas."
"farmhouse_969.jpg","Scandinavian","white, light blue, green","wooden cabinetry, wood floor, wicker basket","natural soft light from large windows","calm and airy","bench, jackets hanging on wall hooks, basket with gloves, boot rack with boots on it","small, organized space with wooden cabinetry, seating area, and boot storage","The interior of a well-organized, Scandinavian-style entryway with a light and airy feel, featuring wooden materials, natural lighting, and functional design elements."
"farmhouse_970.jpg","Modern","navy blue, gray, white","wood, brick, leather","recessed ceiling lights and a fireplace","warm and inviting","sofa, coffee table, flat screen TV, rug, floor lamp","open concept with kitchen in the background and a fireplace","Modern living room featuring navy blue furniture, wood accents, and a brick wall. Recessed ceiling lights provide warm illumination."
"farmhouse_971.jpg","Modern","white, gray, blue","wood, fabric, glass","Natural light from large windows","Clean and sophisticated","sofa, coffee table, plant, floor lamp","Open space with central seating area and additional seating in corners of room","This is a modern living room with a clean and sophisticated design. The color palette includes white, gray, and blue hues. Materials used include wood, fabric, and glass. Natural light floods the space through large windows, creating a bright and inviting atmosphere. The furniture arrangement features a central seating area with additional seating in corners of the room for a cozy feel."
"farmhouse_972.jpg","Scandinavian","white, beige, light wood","wood, linen, metal","natural soft light from large windows and recessed lighting","calm and airy","sofa, coffee table, area rug, floor lamp, artwork","open space with central seating area and defined entryway","This interior design creates a serene and inviting atmosphere, featuring a Scandinavian style with natural materials and soft colors, complemented by ample lighting from windows and recessed lights."
"farmhouse_973.jpg","Scandinavian","white, beige, light wood","wood, concrete, steel","natural soft light from large windows","warm and cozy","sofa, coffee table, plant, floor lamp","open space with central seating area","This image showcases a two-story house in a Scandinavian design style, featuring warm and cozy lighting from the large windows. The color palette consists of white, beige, and light wood tones, creating a calm atmosphere. The materials used include wooden floors and walls, concrete accents, and steel fixtures. The interior is furnished with a sofa, coffee table, plant, and floor lamp, arranged in an open layout centered around the central seating area."
"farmhouse_975.jpg","Industrial Loft","dark gray, white, light brown","wood, metal","industrial style with high ceilings and exposed beams","daring yet inviting","large metal door, blackened windows, wooden bench","high-ceilinged space with central focus on doors, open layout around them","A striking industrial loft design featuring a large wooden door and an inviting yet bold atmosphere."
"farmhouse_976.jpg","Rustic Cabin","dark brown, light brown, red","wood, stone, metal","Natural light from large windows and ceiling lights.","Warm, cozy and inviting.","chair, table, potted plant, candle","Open space with a central seating area.","This cabin-style home features a warm and welcoming atmosphere with rustic materials, natural lighting and cozy furniture."
"farmhouse_978.jpg","Scandinavian","white, natural wood, light gray","wood paneling, glass panels, metal railings","Natural light from large windows and skylights","Open, airy, and bright","large white sofa, white coffee table, minimalist pendant light, floor-length window treatments","Open floor plan with central seating area","This interior design features a Scandinavian style, emphasizing natural materials and a bright atmosphere. The space is filled with large windows that allow for ample sunlight to fill the room."
"farmhouse_979.jpg","Modern Minimalist","white, brown, navy","tile, wood, brass","well-lit with natural light from a window and under-cabinet lights","clean, serene, and inviting","toilet, sink, vanity mirror, wooden bowl sink","small space organized with essential fixtures close together","This bathroom is designed in a modern minimalist style, featuring clean lines and a limited color palette. The tile walls and wood vanity contribute to the warm and earthy feel of the space, while under-cabinet lights provide a soft glow that complements the natural light coming through the window."
"farmhouse_98.jpg","Modern","light gray, dark gray, blue","marble, glass block, brass","natural light","calm and serene","shower fixtures, tiled wall, clear shower door","small bathroom with glass block walls","This is a modern-style bathroom that features a marble tiled bathtub, brass fixtures and a glass block shower. The color palette is neutral with shades of gray and blue, and the materials include marble on the wall and floor."
"farmhouse_981.jpg","Modern Minimalist","white, light gray, natural wood","wood, glass, stainless steel","ambient light from ceiling fixtures and natural light from windows","bright and airy","kitchen island, white cabinets, black countertops, glass sink","U-shaped kitchen with center island, providing ample workspace.","A modern minimalist kitchen design featuring a light and airy color scheme, predominantly white elements contrasting with black countertops. The space is well-lit and organized, with a U-shaped layout for efficient movement."
"farmhouse_982.jpg","Modern","white, light gray","wood, stone, glass","Natural light flooding the space through large windows and sliding glass doors, supplemented by recessed ceiling lights.","Calm and spacious.","modern sectional sofa, minimalist coffee table, high-definition wall-mounted TV, contemporary area rug","Open living space, with a central seating area, flanked by the kitchen and dining room on one side.","This modern home features an open floor plan, with neutral color tones that create a serene atmosphere. The large windows allow natural light to flood in, highlighting the wood ceiling and stone fireplace as focal points."
"farmhouse_983.jpg","Modern Minimalist","white, light grey","metal, wood, glass","Natural light from a large window","Calm and serene","stair railing, stairs, floor lamp","Stairwell with a balcony overlooking a room below","A modern minimalist staircase in a home interior, featuring metal railings and wooden steps against a backdrop of natural light from the large window above."
"farmhouse_984.jpg","Modern Minimalist","black, gray, white","oak wood, steel, glass","modern under-cabinet lighting with soft, ambient light from recessed ceiling lights","clean and sophisticated","stainless steel appliances, gray countertops, black cabinetry","kitchen with a central island for food preparation, featuring built-in wine storage","This modern kitchen design combines sleek black and gray cabinetry with stainless steel appliances, creating a clean and sophisticated space that is both functional and stylish."
"farmhouse_985.jpg","Modern Minimalist","white, gray, natural wood","concrete, oak wood, steel, glass","recessed ceiling lights with dimmer switches for soft ambient lighting","calm and airy","sectional sofa, floor lamp, large area rug, abstract artwork, modern armchair","open space concept with no walls dividing the areas, creating a seamless flow.","This modern living room and kitchen combination is designed for simplicity and openness, with clean lines and minimalistic decor."
"farmhouse_986.jpg","Modern Minimalist","white, beige, light wood","wood, brick, stainless steel","natural soft light from large windows","calm and airy","sofa, coffee table, plant, floor lamp","open space with central seating area","This is a modern minimalist living room with a cozy feel. The room features light wood accents, white walls, and brick fireplace, creating a bright and inviting atmosphere."
"farmhouse_987.jpg","Modern","green, white, wood","stainless steel, brass, wood","Under-cabinet lighting and pendant lights above the island provide bright, even illumination.","Clean, bright, and inviting with a touch of sophistication.","kitchen island, wooden kitchen cabinets, stainless steel appliances","The layout features an L-shaped counter that wraps around the room, providing ample workspace and storage.","This modern kitchen is designed for functionality and style, with a focus on clean lines and natural materials."
"farmhouse_988.jpg","Modern Minimalist","white, black, gray","marble, wood, metal","natural soft light from large windows","calm and airy","shower, bathtub, sink, towel rack, bench","small, efficient space with a central bathroom fixture","This is an elegant modern bathroom designed for efficiency and style, featuring marble walls and flooring with black accents, a large window that allows natural light in, and a minimalist design that maximizes the use of space."
"farmhouse_99.jpg","Scandinavian","white, beige, light wood","wood siding, glass windows and doors, metal roofing","natural soft light from large windows and a vaulted ceiling that allows for ample natural light","warm and inviting with a touch of rustic charm","large open kitchen, dining table surrounded by chairs, wooden bench at the front entrance","open space with central seating area, bedrooms flanking the living room on either side for privacy and symmetry","This modern home combines wood siding and a metal roof for a warm and rustic feel. The open kitchen and living spaces are perfect for entertaining, while the large windows offer plenty of natural light to fill the spacious interior."
"farmhouse_990.jpg","Modern Minimalist","dark blue, light gray, white","wood, glass, metal","natural light from windows","cozy and organized","cabinet with dog beds, potted plant, framed photo, vase of flowers","open space with kitchen counter, cabinets below","A modern minimalist design that combines functionality with aesthetic appeal. The dark blue cabinet stands out against the light gray walls and white backsplash. A potted plant adds a touch of greenery, while framed photos and vases of flowers add personal touches. Underneath the counter, dog beds are tucked away in cabinets for a neat and organized look."
"farmhouse_991.jpg","Modern Minimalist","white, gray, wood accents","glass window panels, black metal hardware, light wood flooring","Natural soft light from large windows","Calm and airy","large sectional sofa, coffee table, floor lamp, potted plant","Open space with central seating area under long window panes","This modern living room features a minimalist design with gray cushions on a large sectional sofa, white walls and ceiling, light wood flooring, and black metal hardware. The layout is open with a coffee table and floor lamp in the center of the space under a long window that allows for natural soft light to fill the room."
"farmhouse_992.jpg","Modern Minimalist","white, light wood","oak wood, stainless steel","bright and even lighting with recessed fixtures","modern and clean","refrigerator-style cabinet, kitchen island, backsplash","open kitchen concept with central island","This modern kitchen features a minimalist design with oak wood cabinets, stainless steel appliances and fixtures, and recessed lighting. The open layout includes a central island for additional workspace."
"farmhouse_993.jpg","Modern Minimalist","gray, white, natural wood","oak cabinets, brass hardware, subway tile backsplash","natural soft light from large windows","calm and airy","large island with built-in seating, hanging pendant lights, fruit bowl","open space with central island and surrounding counters","Modern kitchen with minimalist design, featuring light wood and gray tones, a subway tile backsplash, brass hardware, and large windows allowing natural light."
