filename,style,color_palette,materials,lighting,mood,objects,layout,summary,style_group,mood_group,lighting_group,room_type,is_bedroom
asian_1.jpg,Eastern Asian,"dark red, gold, black","silk, wood, marble","dim and ambient, with recessed lighting accentuating architectural details",opulent and luxurious,"large bed, high back sofa, low table, ornate chandelier","oriental design with multiple seating areas, including a large round bed in the center surrounded by high-backed sofas","This luxurious bedroom features an oriental design theme, with rich and vibrant colors complementing opulent materials such as silk and marble. The room is dimly lit to create a serene atmosphere that emphasizes its architectural elements. High back sofas and ornate chandeliers contribute to the space's grandeur and sophistication.",Asian/Zen,Luxurious/Elegant,Recessed,Bedroom,TRUE
asian_101.jpg,Contemporary,"white, beige, dark brown","wood, fabric, glass",soft ambient lighting with accent from overhead track lighting.,comfortable and inviting,"king-size bed, sofa, armchair, coffee table, side tables, potted plants",open floor plan with living area adjacent to sleeping quarters.,This modern interior design features a cozy and stylish retreat with a focus on comfort and relaxation.,Contemporary,Warm/Cozy,Ambient/Soft,Living Room,TRUE
asian_110.jpg,Modern Minimalist,"white, beige, light wood","velvet upholstery, linen bedding, silk drapery",dimmable recessed lighting and ambient floor lamps,luxurious and serene,"king-size bed with patterned bedspread, two wooden nightstands with lamps, chaise lounge",open concept space with seating area separated by a coffee table,"Elegantly designed hotel suite featuring modern, minimalist decor and an emphasis on luxurious fabrics and soft lighting.",Minimalist,Calm/Serene,Recessed,Bedroom,TRUE
asian_115.jpg,Scandinavian,"white, navy blue, orange","wood, felt, metal",natural soft light from large windows and ceiling lamp,calm and airy,"queen-sized bed, coffee table with decorative box, modern floor lamp, colorful area rug, hanging abstract art","open space with central seating area around bed, flanked by nightstands and windows on either side","This modern Scandinavian-style room features a queen-sized bed with a cozy felt blanket, an orange accent wall, and natural light streaming in from large windows. The space is filled with comfortable furniture like a coffee table and floor lamp, contributing to a serene and inviting atmosphere.",Scandinavian,Calm/Serene,Natural (Window),Bedroom,TRUE
asian_154.jpg,Modern Minimalist,"light gray, dark gray, natural wood","granite stone pavers, wood-frame glass doors, black slate roofing","soft, natural light from full-height windows",calm and serene,"sofa with dark cushions, cubed stepping stones in gravel, large rectangular planter with bamboo",linear walkway leading to central seating area under pergola,"Modern minimalist design creates a tranquil patio space using gray stone, natural wood accents, and soft lighting.",Minimalist,Calm/Serene,Natural (Window),Bedroom,TRUE
asian_157.jpg,Modern Minimalist,"teal, white, gray","wood, metal, fabric",bright and airy with natural light,modern yet warm and inviting,"couch, bed, floor lamp, artwork, plant",open plan with separate bedroom area,"A modern minimalist living space featuring a teal wall, wood accents, natural lighting, and comfortable seating.",Minimalist,Warm/Cozy,Natural,Bedroom,TRUE
asian_185.jpg,Scandinavian,"blue, brown, white","wood, fabric, glass",natural light from window and warm ambient light from lamp,calm and cozy,"bed, dresser, lamp, framed artwork","small bedroom with a central bed, flanked by dresser on left and lamp on right","This Scandinavian-style room is decorated in soothing blue tones, featuring wooden furniture and framed artwork, creating a warm and cozy atmosphere.",Scandinavian,Calm/Serene,Natural (Window),Bedroom,TRUE
asian_197.jpg,Modern Minimalist,"light blue, white, dark wood","wood, fabric, marble, metal",bright and even light from recessed ceiling lights,calm and inviting,"king-size bed, bedside table, plant, modern artwork",open space with central seating area around large windows,"A stylish modern bedroom featuring a minimalist design with light blue walls, a king-size bed, and contemporary furnishings.",Minimalist,Calm/Serene,Recessed,Bedroom,TRUE
asian_199.jpg,Modern,"white, gray, black","fabric, wood, metal",bright with natural light from large window,calm and elegant,"bed, nightstands, lamp, curtains",spacious bedroom with clean lines and symmetry,This modern bedroom combines a minimalist design with bold black accents for a sophisticated look.,Modern,Calm/Serene,Natural (Window),Bedroom,TRUE
asian_209.jpg,Modern Minimalist,"white, beige, light wood","oak wood, linen, steel",natural soft light from large windows,calm and airy,"bed, nightstands, lamp, curtains","a bedroom with a central bed positioned between two nightstands, with curtains on either side for window coverings.",A neatly arranged modern minimalist bedroom with a serene mood created by the use of light wood and white color tones.,Minimalist,Calm/Serene,Natural (Window),Bedroom,TRUE
asian_210.jpg,Modern Minimalist,"white, beige, light wood","oak wood, linen, steel",natural soft light from large windows,calm and airy,"tub, vanity with mirror, shelving, chandelier","space is curved, creating a seamless transition between bathroom and bedroom",The modern minimalist design of this bathroom creates a clean and serene atmosphere while maintaining the functionality of a luxurious spa-like experience.,Minimalist,Calm/Serene,Natural (Window),Bedroom,TRUE
asian_231.jpg,Modern Minimalist,"red, white, dark wood","wood, linen, glass",natural soft light from large windows and recessed ceiling lights,warm and cozy,"king size bed, sofa with red throw pillows, black dresser with mirror on top, white chair","open space with central seating area, flanked by two beds.","This modern hotel room features a minimalist design with warm, inviting colors. The bed is the centerpiece, with multiple beds and seating areas arranged around it.",Minimalist,Warm/Cozy,Natural (Window),Bedroom,TRUE
asian_232.jpg,Modern Minimalist,"navy blue, white, gold accent","leather upholstery, wooden bed frame, velvet throw pillows","dimmable ceiling lights, floor lamps",luxurious and elegant,"king size leather headboard, navy blue throw blanket, floor lamp with a navy shade","modern bedroom layout with king size bed in center, sitting area to one side",This is a modern and minimalist bedroom design featuring dark blue leather accents against a white background for a luxurious and elegant feel.,Minimalist,Luxurious/Elegant,Ambient/Soft,Bedroom,TRUE
asian_238.jpg,Traditional Cottage,"green, beige, yellow","wood, stone, plants",Natural sunlight filtering through the trees and bushes,"Calming, cozy, and peaceful","circular stone fountain, small flower bed with yellow flowers, wooden bench","Circular garden area with central stone fountain, bordered by flowering plants and bushes","This serene outdoor space is an inviting place to sit, relax, and enjoy the soothing sounds of a small stone fountain amidst the surrounding natural beauty.",Traditional/Vintage,Calm/Serene,Natural,Bedroom,TRUE
asian_240.jpg,Scandinavian,"blue, red, white","wood, linen, silk",natural light from a large window above the bed,calm and serene,"bed, rugg, nightstand, pillows",a cozy loft space with a large bed as the focal point,"This bedroom features a Scandinavian style with bold colors and simple lines, making it feel airy and inviting. The wooden bed frame adds a touch of rustic charm, while the linen upholstered headboard gives a soft contrast to the red accent pillows.",Scandinavian,Calm/Serene,Natural (Window),Bedroom,TRUE
asian_248.jpg,Modern Minimalist,"neutral tones, minimal color accents","wood paneling, fabric textiles, metal fixtures",natural soft light from large windows,calm and airy,"bed with linens, low-profile bedside tables, artwork on wall, floor lamp","space is well-organized, with a distinct separation between sleeping area and sitting area","The room's design is minimalist in nature, focusing on clean lines and a neutral color palette. The furniture arrangement is carefully considered to maximize space efficiency while maintaining a sense of comfort and elegance.",Minimalist,Calm/Serene,Natural (Window),Bedroom,TRUE
asian_279.jpg,Scandinavian,"blue, white, brown","wood, linen, glass",warm ambient light from ceiling fan and natural sunlight streaming in through windows,calm and cozy,"bed, nightstand, window, ceiling fan","spacious, open layout with bed at the center of the room","A serene Scandinavian-style bedroom with a blue color palette and warm lighting. The room features wooden furniture, linen textiles, and a large window for natural light.",Scandinavian,Calm/Serene,Natural (Window),Bedroom,TRUE
asian_280.jpg,Scandinavian,"green, beige, wood","wood, linen, metal",natural soft light from large windows,calm and airy,"bed, nightstand, side table, plant, lamp",open space with central seating area,"This is a modern, Scandinavian-style bedroom featuring neutral colors, natural wood tones, and soft lighting that creates a calm and airy atmosphere.",Scandinavian,Calm/Serene,Natural (Window),Bedroom,TRUE
asian_288.jpg,Modern Minimalist,"blue-green wall paint, gray upholstery on sofa and chair, black and white photography","white painted wood trim, black metal fireplace screen",Natural light from large window set over a white mantel with white candles.,Calm and airy,"gray sofa with pillows, zebra print chair, white painted wooden fireplace mantel, black metal fireplace screen",Open space with a central seating area underneath large window.,"This modern, minimalist interior features a bold blue-green wall paint accented with black and white photography. A white-painted wooden mantel houses candles for warmth and ambiance. The open layout encourages natural light to fill the room, creating a calm and airy atmosphere.",Minimalist,Calm/Serene,Natural (Window),Bedroom,TRUE
asian_291.jpg,Japanese Zen Garden,"green, grey, brown","wood, stone, moss",Natural light from the sky,Peaceful and contemplative,"rock garden, pathway stones, grass beds",Stones arranged in a symmetrical pattern with pathway leading to a central point,"This is an example of Japanese Zen Garden design, featuring natural materials like wood and stone, with moss and greenery for color. The layout is symmetrical with stones forming the main feature.",Asian/Zen,Calm/Serene,Natural,Garden/Outdoor,TRUE
asian_327.jpg,Modern Minimalist,"gray, white, natural wood","wood, linen, leather","moderate ambient lighting, with accent lighting highlighting specific features of the room",calm and sophisticated,"queen-size bed, large built-in wardrobe or armoire, wooden dresser, floor lamp with adjustable arm for reading, small piece of wall art","a clean and streamlined layout, with the bed as a focal point, flanked by functional furniture items","This modern minimalist bedroom features a monochromatic color palette and clean lines, creating a calm and sophisticated atmosphere.",Minimalist,Calm/Serene,Ambient/Soft,Bedroom,TRUE
asian_334.jpg,Modern Minimalist,"white, beige, light wood","oak wood, linen, concrete, steel",natural soft light from large windows,calm and airy,"sofa, coffee table, plant, floor lamp, bed, dresser, end tables, artwork","open space with central seating area, bed adjacent to windows, dresser near wall",A modern hotel suite that emphasizes clean lines and minimalist design elements.,Minimalist,Calm/Serene,Natural (Window),Bedroom,TRUE
asian_345.jpg,Modern Minimalist,"dark brown, light gray, white","wood, linen, metal",soft and warm natural light from large windows,calm and serene,"large bed, dark wood headboard, accent pillows, wood nightstands, white table lamp",spacious room with a central focus on the large bed flanked by nightstands and a table lamp,"This modern minimalist bedroom features a large dark wood headboard, white linens, and wood accents throughout the space. Natural light floods in through the windows, creating a warm and serene atmosphere.",Minimalist,Calm/Serene,Natural (Window),Bedroom,TRUE
asian_348.jpg,Modern,"green, brown","wood, metal, fabric",natural light from windows,bright and airy,"bed, desk, shelves, chair",open floor plan with bed as central focus,"The room combines a modern style with warm earth tones, featuring wooden furniture against a green wall. The layout is designed for an open and inviting atmosphere, with ample natural light illuminating the space.",Modern,Bright/Airy,Natural (Window),Bedroom,TRUE
asian_357.jpg,Modern,"dark brown, light beige, navy blue","wood, linen, leather",well-lit with recessed lighting and floor lamps,elegant and serene,"king size bed, two nightstands, desk and chair, floor lamp",balanced design with symmetrical furniture placement,"This hotel suite is a modern space featuring a dark brown color palette, elegant materials like wood and leather, and well-lit by recessed lighting and floor lamps. The layout is balanced and symmetrical with a king size bed in the center.",Modern,Calm/Serene,Recessed,Bedroom,TRUE
asian_36.jpg,Modern Minimalist,"dark brown, white, natural wood","wood paneling, marble flooring, black metal railings",recessed LED lighting with dimmable options and warm ambient lighting from candles,luxurious and relaxing,"freestanding soaker tub, steam shower, large floor pillows, high-backed leather chair","surrounded by dark walls with large glass windows, creating a secluded retreat","This spa bathroom combines the best of modern design with minimalist aesthetics for a space that feels both luxurious and relaxing. The use of natural materials like wood paneling and marble flooring creates an elegant backdrop, while LED lighting and warm candlelight provide a soothing ambiance. The spacious tub, steam shower, and large floor pillows invite relaxation, making this bathroom the perfect retreat.",Minimalist,Luxurious/Elegant,Recessed,Bedroom,TRUE
asian_375.jpg,Modern Zen,"rustic brown, soothing green, rich red","wood, bamboo, canvas","subtle ambient lighting, with warm tones from wooden beams and natural window light",relaxed and tranquil,"large Buddha statue on pedestal, low slatted table, colorful throw pillows","open space with low-profile furniture, promoting a sense of openness and simplicity","This modern zen living room features a large Buddha statue at its center, surrounded by natural materials and soft lighting. The color palette is warm with pops of red, complemented by wood and bamboo furniture. The space feels relaxed and peaceful, inviting contemplation or quiet conversation.",Asian/Zen,Calm/Serene,Natural (Window),Bedroom,TRUE
asian_401.jpg,Scandinavian,"light wood, beige, gray","oak wood, linen, cork, steel",bright natural light from large windows and pendant lights,calm and serene,"bed with white bedding, wood bench, floor lamp, plant, oak wall panel","open space with a central wooden bench by the large window, leading to a spacious bedroom area","This is a serene and inviting Scandinavian style bedroom with a warm palette of light wood, beige, and gray. Natural light floods the room through large windows, while pendant lights provide additional illumination. The bedding is simple and clean, contributing to a calm atmosphere. A wooden bench serves as a central seating area, leading to the sleeping area. The room features oak wood accents and linen textiles, with a steel pendant light adding a touch of modernity.",Scandinavian,Calm/Serene,Natural (Window),Bedroom,TRUE
asian_405.jpg,Modern Minimalist,"grey, white, natural wood","glass and steel, wood panels, plush fabrics","a mix of natural light from large windows, complemented by recessed LED lighting",calm and elegant with a touch of rustic charm,"large sectional sofa, statement floor lamp, decorative coffee table, modern artwork on the wall, textured throw pillows",an open concept living area that flows seamlessly into the dining room and kitchen,"This modern minimalist living space boasts a clean, sophisticated design with warm textures and natural elements. Large windows fill the room with light, creating a serene atmosphere for relaxation.",Minimalist,Calm/Serene,Natural (Window),Bedroom,TRUE
asian_411.jpg,Hawaiian Tiki,"natural wood, light green, white","bamboo, wicker, straw",ambient lighting with natural window light,tropical and relaxing,"beach themed artwork, coffee table with a pineapple on it, fake palm tree, wicker bed frame",a small room with a raised sleeping area,A cozy tiki-themed bedroom with an elevated bed and beach decor.,Garden/Tropical,Relaxing/Restful,Natural (Window),Bedroom,TRUE
asian_422.jpg,Modern Minimalist,"white, black, red","wood, fabric, metal",bright and airy with natural light from large windows,modern and sleek with a touch of coziness,"bed, nightstand, dresser, seating area",large open space with a central seating area,"This modern bedroom features a clean and minimalist design with a bold color palette, predominantly white, black, and red. The room's hardwood floors provide a warm and natural backdrop for the furnishings, which include wooden beds and nightstands, a dresser made of metal, and a seating area that includes chairs and an ottoman. Large windows allow plenty of natural light into the space, enhancing its modern feel while also creating a cozy atmosphere.",Minimalist,Modern/Sophisticated,Natural (Window),Bedroom,TRUE
asian_440.jpg,Scandinavian,"white, beige, light wood","oak wood, linen, concrete",natural soft light from large windows,calm and airy,"sofa, coffee table, plant, floor lamp",open space with central seating area,"This is a bright, airy Scandinavian-style bedroom. The room features a large window that allows for natural light to fill the space, and a neutral color palette with white, beige, and light wood tones. Oak wood flooring provides a warm base for the furniture arrangement. A sofa serves as the central piece in this open layout, with a coffee table nearby for easy access to drinks or small items. A plant adds a touch of nature, while floor lamps provide ambient lighting when needed.",Scandinavian,Calm/Serene,Natural (Window),Bedroom,TRUE
asian_451.jpg,Modern Minimalist,"white, black, grey","wood, fabric, metal",natural soft light from large windows and ceiling light fixture,calm and airy,"king size bed, bedside table, sofa, area rug, potted plant",open space with central seating area,"This is a modern minimalist hotel room with a king size bed, side tables, sofa, and large windows that allow for natural light. The color palette consists of white, black, and grey tones, complemented by wood, fabric, and metal materials.",Minimalist,Calm/Serene,Natural (Window),Bedroom,TRUE
asian_475.jpg,Modern,"gray, white, brown","wood, leather, metal",Ambient with task lighting on nightstands,Neutral and contemporary,"bed, nightstands, framed artwork, round mirror, floor lamp","Clean and open space, bed centered between two nightstands.",Modern bedroom with minimalist design elements. Furniture crafted from natural materials in a neutral color palette.,Modern,Other,Ambient/Soft,Bedroom,TRUE
asian_480.jpg,Garden,"green, white, red","concrete, wood, plants",natural light from sun,calm and serene,"pathway, hedges, bed of plants",narrow path leading to a focal point,"A narrow stone walkway flanked by hedges and beds of flowers leads up to a statue at the end, creating a peaceful garden setting.",Garden/Tropical,Calm/Serene,Natural,Bedroom,TRUE
asian_488.jpg,Modern Minimalist,"white, black, wooden tones","steel, glass, natural wood",bright and airy from multiple ceiling fans,elegant and contemporary,"king-size bed with black frame and wooden slats, black leather armchair, large mirrored vanity table",open floor plan with separate sleeping area,"This is a modern, minimalist interior design of a bedroom. The color palette is neutral with white walls and black frame furniture. The materials used include steel for the bed frame, glass for the vanity mirror, and wooden tones throughout. Lighting is bright from ceiling fans, creating an airy atmosphere. Objects in the room include a large king-size bed, a leather armchair, and a vanity with a mirrored cabinet.",Minimalist,Luxurious/Elegant,Bright,Bedroom,TRUE
asian_492.jpg,Modern Minimalist,"beige, light wood, white","wood, linen, metal",natural soft light from large windows and pendant lights,calm and airy,"sofa, coffee table, area rug, pendant lights, throw pillows",open space with central seating area,"This is a modern, minimalist interior design featuring a neutral color palette and materials that give it a natural and warm feel. The layout consists of an open floor plan centered around a comfortable sofa and coffee table, with pendant lights providing ambient lighting.",Minimalist,Calm/Serene,Natural (Window),Bedroom,TRUE
asian_498.jpg,Scandinavian,"white, beige, light wood","oak wood, linen, concrete",natural soft light from large windows,calm and airy,"bed, nightstand, bookshelf, pillows",open space with a central bed,"This is a Scandinavian-style room with a minimalist design, featuring oak wood furniture and linen upholstery. The natural light from the large windows creates a calm and airy atmosphere. The main objects in the room include a bed, nightstand, bookshelf, and several pillows. The layout is open and inviting with a central focus on the bed.",Scandinavian,Calm/Serene,Natural (Window),Bedroom,TRUE
asian_515.jpg,Modern Minimalist,"white, beige, light wood","wood paneling, linen, concrete",natural soft light from large windows,calm and airy,"modern bed with linens, minimalist side tables, sculpture on floor, large floor window",open space with central seating area,"This modern minimalist bedroom features a clean and bright design, with natural light streaming in through the large windows. The wood paneling adds warmth to the room, while the linen bed and side tables contribute to a calming atmosphere.",Minimalist,Calm/Serene,Natural (Window),Bedroom,TRUE
asian_518.jpg,Traditional,"white, beige, green accent","wooden headboard, floral wallpaper, linen drapes, velvet upholstery","subtle, soft natural light from a large window",warm and inviting,"bed with floral headboard, wooden bedside table, lamp with white lampshade, blue throw blanket, upholstered armchair","classic, symmetrical space design","This bedroom features a harmonious blend of traditional elements and botanical patterns, offering a serene and welcoming environment.",Traditional/Vintage,Warm/Cozy,Natural (Window),Bedroom,TRUE
asian_519.jpg,Modern Minimalist,"white, gray, light wood","steel, glass, fabric",natural soft light from large windows and floor lamps,calm and airy,"bed, nightstand, storage bench, wall art, potted plant","open space with central seating area, flanked by bed and storage bench.","This modern minimalist bedroom features a clean, uncluttered design with a monochromatic color palette. Steel and glass accents add texture and depth to the space while natural light from windows creates a serene atmosphere.",Minimalist,Calm/Serene,Natural (Window),Bedroom,TRUE
asian_520.jpg,Modern Minimalist,"purple, white, green","linen, wood, bamboo",natural soft light from large windows,calm and peaceful,"massage table, pillows, scented candle, tray of tea",open space with massage table in center,"A serene and cozy space designed for relaxation, featuring a massage table surrounded by calming elements such as purple blankets, green plants, and scented candles.",Minimalist,Calm/Serene,Natural (Window),Bedroom,TRUE
asian_544.jpg,Japanese Zen,"beige, wood brown, blue","wood, bamboo, linen",natural light from large windows and bamboo ceiling openings,peaceful and serene,"bed, sofa, coffee table, floor lamp, plant",open space with central sleeping area leading to sitting area,"Zen-inspired interior design featuring natural materials, minimal furniture, and a connection to nature.",Asian/Zen,Calm/Serene,Natural (Window),Living Room,TRUE
asian_548.jpg,Contemporary,"white, brown, black","wood, fabric, stone",Warm lighting with natural light from large windows and lamps,Luxurious and comfortable,"bed, sofa, table, lamps, decorative pillows",Open space with central bed and seating area,"This is a luxurious, open-concept bedroom featuring warm lighting, high quality materials, a large bed as the focal point, comfortable seating with plush cushions, and decorative accents that provide visual interest and add to the overall feeling of elegance.",Contemporary,Warm/Cozy,Natural (Window),Bedroom,TRUE
asian_573.jpg,Modern Minimalist,"white, light wood, dark blue","leather upholstery, wooden floors and furniture, textured throw pillows",bright with natural light from large windows,calm and airy,"modern sofa with pillow-covered cushions, mid-century modern side tables, textured area rug, floor lamp with white shade",open space layout with central seating arrangement,"This is a well-lit, modern minimalist living room with a calm and airy vibe. The color palette consists of neutral tones with pops of dark blue, and the materials are primarily wood and leather. The furniture includes a comfortable sofa, side tables, and a textured area rug that complements the space.",Minimalist,Calm/Serene,Natural (Window),Bedroom,TRUE
asian_576.jpg,Modern Minimalist,"dark brown, beige, red accent","wood veneer, cotton linen, glass",dimmable ceiling lights and floor lamps,modern and serene,"platform bed with dark wood headboard, low sitting area with sofa and two armchairs, flat-screen television on wall","open space with bed placed in front of windowed wall, seating area along side wall","This modern hotel room features a minimalist design with neutral tones, dark wood accents, and dimmable lighting. The open layout provides a serene atmosphere while the platform bed with headboard offers luxury and comfort.",Minimalist,Calm/Serene,Ambient/Soft,Bedroom,TRUE
asian_625.jpg,Scandinavian,"white, light wood, blue accent","bamboo, wood, natural stone","soft, warm light from ceiling lamps and natural light",calm and serene,"sofa, coffee table, plant, floor lamp, bookshelf, throw pillows",open space with a central seating area in front of the waterfall,"This Scandinavian-style living room features light wooden elements, a bamboo ceiling, and natural stone to create a serene atmosphere. The open layout allows for easy access to the outdoor patio with its soothing water feature.",Scandinavian,Calm/Serene,Natural,Bedroom,TRUE
asian_639.jpg,Scandinavian,"blue, beige, wood accents","fabric upholstery, leather, bamboo, acrylic side table","bright and natural, with soft ambient lighting from lamps","cozy and welcoming, with a touch of elegance","sofa, coffee table, floor lamp, throw pillows, vase","sitting area centered around sofa and coffee table, separated by rug","This is a Scandinavian-style living room with a cozy yet elegant atmosphere, featuring blue couches, beige walls, wooden accents, and natural light.",Scandinavian,Warm/Cozy,Natural,Bedroom,TRUE
asian_65.jpg,Scandinavian,"white, cream, orange","wooden headboard, wool rug, linen bedding",soft and ambient lighting from wall sconces,cozy and inviting,"wooden headboard, two matching nightstands, area rug, wall art","bedroom with bed in center, flanked by two nightstands on either side",A cozy and inviting bedroom featuring a Scandinavian design style with soft lighting and warm colors.,Scandinavian,Warm/Cozy,Ambient/Soft,Bedroom,TRUE
asian_663.jpg,Zen Garden,"green, brown, red","wood, stone, grass","natural, soft light",peaceful and serene,"large rock, small tree, flowerbed",open space with central stone walkway leading to bamboo entrance,"This Zen Garden is designed to evoke a sense of tranquility through the use of natural materials and soft lighting. The large rock serves as the focal point, surrounded by greenery and flowers.",Asian/Zen,Calm/Serene,Natural,Bedroom,TRUE
asian_664.jpg,Modern,"white, black, wood","wood, concrete, fabric",natural light from large windows and overhead track lighting,clean and contemporary,"sectional sofa, cubed coffee table, statement wall art, floor lamp with multiple shades, sleek glass cabinet","open floor plan with no walls between spaces, featuring a sitting area adjacent to the kitchen and dining room","This modern living space is designed for openness, with clean lines and an emphasis on natural materials like wood and concrete. The color palette features neutral tones with pops of black and green accents in the artwork and decorative pieces.",Modern,Modern/Sophisticated,Natural (Window),Bedroom,TRUE
asian_692.jpg,Modern Minimalist,"natural wood, white, light gray","wood, fabric, metal",natural light from surrounding trees and a ceiling light,calm and serene,"outdoor bed swing, grill, potted plants",semi-circle arrangement with hanging bed at center,"This modern minimalist outdoor space features a natural wood gazebo with a hanging bed for relaxation, surrounded by greenery and trees. The furnishings include a grill for cooking, potted plants to add a touch of nature, and the arrangement creates a serene ambiance.",Minimalist,Calm/Serene,Natural,Bedroom,TRUE
asian_696.jpg,Modern Minimalist,"gold, dark wood, white","wood, silk, cotton",natural soft light from large windows,calm and serene,"sofa, coffee table, lamps, throw pillows","open space with central seating area, flanked by nightstands on both sides of the bed","A modern minimalist hotel room featuring a large king-size bed with a gold throw blanket, two white nightstands with lamps on each side, a sofa facing the window for natural light and views of the ocean outside. The color palette is warm, consisting of dark wood tones, white cotton accents, and silky textures that are both luxurious and comfortable.",Minimalist,Calm/Serene,Natural (Window),Bedroom,TRUE
asian_704.jpg,Industrial Loft,"brown wood, red accent, brass","wood, leather, metal",natural soft light from large windows,warm and cozy,"sofa, coffee table, plant, floor lamp, pillows",open space with central seating area,"This is an interior design image showcasing a modern, industrial loft style. The color palette features rich brown wood tones accented by reds and brass metallic elements. The materials used include wood, leather, and metal, contributing to the warm and cozy atmosphere. Large windows allow natural soft light to enter, enhancing the inviting feel of the space. Central seating is arranged around a coffee table, with additional seating provided by cushioned benches. The furniture includes a comfortable sofa, various pillows, a floor lamp, and a plant, which adds a touch of greenery.",Industrial,Warm/Cozy,Natural (Window),Bedroom,TRUE
asian_735.jpg,Modern Minimalist,"white, dark wood, red accent","oak wood, linen, stainless steel",natural soft light from large windows and ceiling fan with lights,calm and airy,"king-size bed, bedroom settee, wooden dresser, area rug",open space with central seating area around fireplace,"This modern minimalist bedroom features a king-size bed with red accent pillows, oak wood flooring and furniture, and linen bedding. The room is well-lit with natural light from large windows and an overhead ceiling fan. A seating area around the fireplace serves as a focal point for the space, creating a calm and airy atmosphere.",Minimalist,Calm/Serene,Natural (Window),Bedroom,TRUE
asian_745.jpg,Industrial Minimalist,"dark green, black, grey","wood, concrete, metal",moody overhead light,modern and industrial chic,"bed, sofa, plant, lamp",loft style with open ceiling,"A modern minimalist loft bedroom with black wood, concrete walls, overhead lighting, and a sofa under an industrial chic vibe.",Minimalist,Modern/Sophisticated,Mixed/Other,Bedroom,TRUE
asian_77.jpg,Minimalist Modern,"natural wood, light grey, white","oak wood, linen, metal","soft, recessed lighting with a warm glow and natural light from windows",calm and inviting,"bed, nightstand, floor lamp, picture frame, plant","simple, clean lines, with the bed as the centerpiece of the space","This minimalist modern bedroom features a large bed in a cozy wooden structure set against a softly lit backdrop, creating an inviting and tranquil atmosphere.",Minimalist,Calm/Serene,Natural (Window),Bedroom,TRUE
asian_788.jpg,Scandinavian,"white, gray, dark blue","wood, fabric, leather",natural soft light from large windows,calm and airy,"bed, bedside table, rug, pillow","clean, uncluttered space with central bed as focal point","This is a serene and minimalist bedroom design with an emphasis on natural light and simple, elegant furnishings.",Scandinavian,Calm/Serene,Natural (Window),Bedroom,TRUE
asian_794.jpg,Modern Minimalist,"dark gray, light gray, neutral","wood, linen, metal",soft natural light from floor lamp and wall sconces,calm and serene,"bed, nightstand, floor lamp, side table, rug","space is organized with the bed as the central focus, flanked by nightstands on either side. A floor lamp stands beside one of the nightstands.","The room features a minimalist design with a focus on clean lines and natural materials, creating a calm and serene atmosphere.",Minimalist,Calm/Serene,Natural,Bedroom,TRUE
asian_799.jpg,Minimalist,"white, grey, wood","wood, fabric, metal","ambient and task lighting, with no overhead fixtures.",calm and uncluttered,"bed, nightstand, couch, lamp",open space design with bed in the center of the room.,"This is a modern, minimalist interior design featuring wood paneling on the walls and ceiling, a white bedding ensemble with accent colors in grey and light brown. The room has a couch along one wall, a nightstand, a lamp, and uses natural wood flooring that complements the overall color scheme.",Minimalist,Calm/Serene,Ambient/Soft,Bedroom,TRUE
asian_823.jpg,Scandinavian,"beige, white, natural wood","natural wood, linen, brick",Natural soft light from large windows and ceiling fan,Warm and cozy,"bed, sofa, coffee table, plant, floor lamp","Open space with central seating area, separate bedroom space","The room is a blend of modern minimalist design elements, creating a warm and inviting atmosphere.",Scandinavian,Warm/Cozy,Natural (Window),Bedroom,TRUE
asian_830.jpg,Scandinavian,"white, orange, wooden tones","oak wood, leather, brass",natural soft light from large windows and skylights,calm and airy with a touch of warmth,"white sofa, coffee table, floor lamp, blue-and-white area rug, decorative pillows","open space with central seating area, flanked by storage spaces and display shelves","This modern Scandinavian living room combines natural materials, bright colors, and efficient use of space to create a warm, inviting atmosphere.",Scandinavian,Calm/Serene,Natural (Window),Bedroom,TRUE
asian_831.jpg,Modern Minimalist,"dark blue, light gray, white","gray plush velvet, wood, glass",well-lit room with a combination of ceiling lights and floor lamps.,cozy and inviting,"bed, nightstand, seating area, lamp, artwork","squarely arranged with a central bed positioned between two seating areas, one on each side of the room.","This is a modern and minimalist bedroom design that uses dark blue walls to create a cozy atmosphere, complemented by light gray accents and white accessories. The space features a plush velvet bed with gold-toned hardware, wooden nightstands, a glass seating area, a lamp for soft lighting at the end of one side, and artwork on the walls.",Minimalist,Warm/Cozy,Floor/Table Lamp,Bedroom,TRUE
asian_832.jpg,Modern Minimalist,"light beige, white, dark wood","wood paneling, faux fur, leather, glass",ambient lighting from recessed ceiling fixtures and floor lamps,calm and sophisticated,"platform bed with built-in storage, sofa with wooden frame and cushions, floor lamp with a cylindrical shade","open floor plan with bedroom, living room, and dining area flowing into one another",This modern hotel suite features a minimalist design with neutral tones and natural materials. The open layout allows for easy movement throughout the space.,Minimalist,Calm/Serene,Recessed,Bedroom,TRUE
asian_845.jpg,Minimalist,"black, white, gray","wood, metal, fabric",ambient light with recessed and floor lamps providing accent lighting.,"modern, clean, and sleek","bed, nightstand, lamp, window, wall art","room is designed around a central bed, flanked by nightstands with lamps and wall art.","The room features minimalist design elements with a black, white, and gray color scheme. The space has modern furniture including a bed, nightstands, lamp, window, and wall art. The lighting is both ambient and accent, providing warmth to the otherwise stark decor.",Minimalist,Modern/Sophisticated,Recessed,Bedroom,TRUE
asian_846.jpg,Modern Minimalist,"gray, white, blue","oak wood, linen, steel",natural soft light from large windows,calm and airy,"bed, sofa, coffee table, plant, floor lamp",open space with central seating area,"This is a well-lit, modern bedroom with minimal decor. It features a large bed in the center, flanked by two nightstands. There is a sofa for seating near the windows that allow natural light to pour into the room. The wood floor and oak headboard add warmth to the space.",Minimalist,Calm/Serene,Natural (Window),Bedroom,TRUE
asian_85.jpg,Modern,"beige, red, white","fabric, wood, metal",natural soft light from large windows,bright and energetic,"sofa, coffee table, lamp, plant, bed",open space with central seating area around a fireplace,"This is a spacious modern bedroom that features a bright red bed as the centerpiece. The room has natural light from large windows and is furnished with wood elements, white fabric accents, and red decorative touches.",Modern,Bright/Airy,Natural (Window),Bedroom,TRUE
asian_856.jpg,Indian Traditional,"orange, blue, yellow","wood, brass, clay",natural and warm light from the sun through the windows,rich and vibrant,"couch, pillows, table, plant, statue",open space with seating areas,"This traditional Indian room features a colorful couch adorned with pillows, a wooden table, and decorative elements like plants and statues. The orange and blue palette is complemented by the natural light that fills the space.",Asian/Zen,Energetic/Vibrant,Natural (Window),Bedroom,TRUE
asian_871.jpg,Modern Minimalist,"white, beige, light wood","wood, linen, leather",natural soft light from large windows,calm and serene,"bed, nightstand, lamp, painting",open space with central seating area around bed,"This image shows a modern minimalist bedroom featuring a large bed against a white wall. The color palette is soft and natural, with the room decorated primarily in white linen and light wood tones. A painting of pink flowers adds a pop of color to the space. The room benefits from ample natural light streaming through windows. The furniture includes a bed, nightstands with lamps on top, and a rug for warmth and texture.",Minimalist,Calm/Serene,Natural (Window),Bedroom,TRUE
asian_875.jpg,Modern Minimalist,"white, black, gold accents","wooden floor, linen upholstery, glass tabletops",dimmable recessed lighting with soft glow from wall sconces and bedside lamps,serene and luxurious,"king-size bed, black headboard, accent pillows, sleek black nightstands, floor lamp","bedroom with large window for natural light, en suite bathroom","A spacious and stylish modern bedroom suite featuring a king-size bed, en suite bathroom, and tasteful color scheme.",Minimalist,Calm/Serene,Recessed,Bedroom,TRUE
asian_884.jpg,Scandinavian,"white, gray, blue","wood, fabric, metal",bright and airy,calm and relaxing,"bed, chair, table, storage bench, rug",simple and clean with a focus on functionality,"This is a minimalist bedroom that features a large bed for comfort, a storage bench under the window for practicality, and a mix of wood and fabric textures to create a warm and inviting atmosphere.",Scandinavian,Calm/Serene,Bright,Bedroom,TRUE
asian_895.jpg,Modern Minimalist,"white, gray","wood, plastic",bright and natural light from large windows,modern and clean,"bed, shelf, nightstand, bookcase",open space with bed on left wall and shelving units along right wall,"This is a modern and minimalist designed room with white walls and gray accents, featuring natural light from large windows. The room contains a bed, nightstand, bookcase, and shelving unit.",Minimalist,Modern/Sophisticated,Natural (Window),Bedroom,TRUE
asian_922.jpg,Modern Minimalist,"white, gray, green","brick wall, wood flooring, metal frame",natural soft light from large windows,calm and airy,"couch with a green throw pillow, white lamp on a side table, framed artwork on the wall, vase with flowers, floor lamp",open space with central seating area,"This modern minimalist living room features a color palette of white, gray, and green, with materials including brick wall, wood flooring, and metal frame. The lighting is soft and natural from large windows, creating a calm and airy mood. The furniture includes a couch with a green throw pillow, a white lamp on a side table, framed artwork on the wall, a vase with flowers, and a floor lamp that contributes to the central seating area layout.",Minimalist,Calm/Serene,Natural (Window),Bedroom,TRUE
asian_934.jpg,Modern Minimalist,"beige, light wood, green accent","oak wood, linen, steel",natural soft light from large windows,calm and airy,"bed, nighstand, lamp, wooden headboard, plant",bed centered in the room with side tables on either side of it.,"A modern minimalist bedroom with a neutral color palette, wooden furnishings, and natural lighting that creates a serene atmosphere.",Minimalist,Calm/Serene,Natural (Window),Bedroom,TRUE
asian_939.jpg,Modern Minimalist,"white, beige, light wood","wood, linen, steel",natural soft light from large windows,calm and airy,"bed, desk, storage unit, bookshelf, chair",open space with central seating area,"This small bedroom is designed in a modern minimalist style, using white, beige, and light wood tones for a calming effect. The space features wood panels on the walls and ceiling that provide a warm contrast to the cooler colors of the room. A desk and storage unit are placed against one wall, with a simple chair providing seating. A bookshelf adds functionality while maintaining the room's minimalist aesthetic.",Minimalist,Calm/Serene,Natural (Window),Bedroom,TRUE
asian_949.jpg,Modern Minimalist,"white, beige, light wood, black","oak wood, linen, concrete, steel",natural soft light from large windows,calm and airy,"sofa, coffee table, plant, floor lamp, cushions, throw pillows, framed artwork",open space with central seating area,"This modern minimalist living room features a neutral color palette, natural lighting and clean lines. The wooden deck leads to the interior space where a cozy seating arrangement is set up on light-colored rugs. Minimal decor and furniture provide a sense of openness and tranquility.",Minimalist,Calm/Serene,Natural (Window),Bedroom,TRUE
asian_962.jpg,Mid-Century Modern,"golden beige, rich blue, vibrant green","wooden paneling, velvet upholstery, glass, brass",warm and ambient light from overhead track lighting,"retro yet cozy, evoking a sense of nostalgia","vintage wooden headboard, sleek glass pendant lights, plush velvet throw pillows, metallic brass frame","a classic double-size bed with two nightstands, one on each side",A vintage-inspired bedroom filled with plush textures and modern accents.,Modern,Warm/Cozy,Ambient/Soft,Bedroom,TRUE
asian_971.jpg,Japanese,"black, gray, green","rock, moss, wood",Natural light filtered through trees,Serene and tranquil,"rocks, grass, bamboo, trees",A natural flow of the stream bed,This is a Japanese-style rock garden with a flowing rock waterfall on a green mossy surface.,Asian/Zen,Calm/Serene,Natural,Bedroom,TRUE
asian_98.jpg,Modern Minimalist,"black, white, red","silk, brass, glass",chandelier and sconces on either side of mirrored doorway,luxurious and elegant,"sofa, coffee table, pillows, area rug, vase",open space with central seating area between two lamps,"The room features a luxurious minimalist design with black and white color scheme, using silk materials and glass accents. Chandelier lighting illuminates the space while sconces flank the doorway, enhancing its elegance.",Minimalist,Luxurious/Elegant,Pendant/Chandelier,Bedroom,TRUE
coastal_109.jpg,Modern Minimalist,"white, beige, navy blue","metal, wood, fabric",soft natural light from a large window,calm and serene,"black metal bed frame, red patterned blanket, blue pillow, white sham, worn leather armchair","an open space with minimal furniture, centered around a large window",This bedroom combines modern minimalist design with soft colors and natural lighting to create a serene and calm atmosphere.,Minimalist,Calm/Serene,Natural (Window),Bedroom,TRUE
coastal_116.jpg,Modern,"white, gray, light blue","wooden planks, linen, metal",natural and ambient lighting with additional track lighting,comfortable and inviting,"couch, coffee table, sectional sofa, floor lamp, throw pillows",open floor plan with a central focus on the entertainment area,"This modern living room features an open floor plan, white and gray color palette, wooden accents, and comfortable seating. Natural light streams in through the large windows, creating a bright and airy atmosphere.",Modern,Warm/Cozy,Natural,Bedroom,TRUE
coastal_135.jpg,Modern Minimalist,"white, blue, teal","wood, linen, brass",natural soft light from large windows,calm and airy,"sofa, coffee table, floor lamp, bed, curtains",open space with central seating area,"This is a modern minimalist bedroom design that focuses on natural light and soothing colors. The room features a neutral color palette of white, blue, and teal, complemented by wood and linen materials for a warm and cozy feel. Large windows let in soft natural light, creating a calm and airy mood. The layout includes an open space with a central seating area and a bedroom separated from the living area by curtains.",Minimalist,Calm/Serene,Natural (Window),Bedroom,TRUE
coastal_146.jpg,Modern Minimalist,"navy blue, white, gray","fabric upholstery, wood paneling, metal hardware",ambient and task lighting with soft white lamps and warm LED strip lighting on headboard,calm and serene,"king-size bed, sofa, coffee table, floor lamp, round woven rug","bedroom with a central layout focused on the bed, flanked by seating on either side.","This modern minimalist bedroom features a king-size bed with wooden paneling and fabric upholstery, set against white walls. The space is complemented by a sofa and a round woven rug under a large window for natural light.",Minimalist,Calm/Serene,Ambient/Soft,Bedroom,TRUE
coastal_156.jpg,Modern Minimalist,"light blue, white, gray","wood, cotton, linen",soft and warm ambient light with a hint of natural light coming in from the windows,"cozy, inviting, and serene","bed, nightstand, sofa, plants, rugs",sleek and streamlined with a focus on simplicity and functionality,"This bedroom features minimalist design elements such as a low-profile bed, clean lines in the furniture, and a color scheme that promotes relaxation and tranquility.",Minimalist,Calm/Serene,Natural (Window),Bedroom,TRUE
coastal_159.jpg,Modern Minimalist,"white, light wood, navy","wood, fabric, metal",natural soft light from large windows and recessed ceiling lights,calm and airy,"bed, nightstand, table lamp, window seat",open space with central seating area and natural light accentuating space and furniture,"This modern minimalist bedroom features a white-toned color scheme with wood and fabric materials, creating a calm and airy atmosphere. The large windows and recessed ceiling lights provide soft, natural light that fills the room.",Minimalist,Calm/Serene,Natural (Window),Bedroom,TRUE
coastal_170.jpg,Modern Minimalist,"white, gray","wood, fabric",natural soft light from large windows,calm and airy,"sofa, coffee table, lamp, bed, rug, table, chair",open space with central seating area,"A modern minimalist bedroom with a calming and airy atmosphere, featuring a neutral color palette of white and gray, natural lighting, wood accents, and minimalistic furnishings.",Minimalist,Calm/Serene,Natural (Window),Bedroom,TRUE
coastal_176.jpg,Modern,"gray, white, beige","wood, fabric, metal",natural and diffused light from windows,calm and serene,"bed, nightstand, lamp, rug, pillows","bedroom with bed at center of space, flanked by nightstands on either side","This is a modern bedroom featuring neutral colors and simple yet elegant furnishings, creating a calming atmosphere.",Modern,Calm/Serene,Natural (Window),Bedroom,TRUE
coastal_178.jpg,Modern Minimalist,"white, blue","linen, wood, concrete",natural soft light from large windows,calm and airy,"bed, wicker headboard, throw pillows, white bedding",space layout with bed as the focal point,"This image showcases a modern minimalist bedroom design, featuring a monochromatic color scheme and natural lighting. The room has a serene atmosphere with its linen materials and wooden accents, while the concrete elements give it an industrial touch.",Minimalist,Calm/Serene,Natural (Window),Bedroom,TRUE
coastal_18.jpg,Scandinavian,"white, red, blue","wood, fabric, metal",natural light from windows,clean and spacious,"bed, nightstand, storage bench, bookshelf, rope ladder, paddle",spiral staircase leading to bunk beds with steps on each side,"This room is designed in a Scandinavian style, with white and red colors creating a warm yet bright space. The spiral staircase leads to two sets of bunk beds, one with a ladder and the other with wooden steps, both providing access to additional storage benches at the top.",Scandinavian,Modern/Sophisticated,Natural (Window),Bedroom,TRUE
coastal_183.jpg,Modern Minimalist,"white, beige, light wood","oak wood, linen, steel",natural soft light from large windows and ceiling lamps,calm and airy,"king-size bed, nightstands with lamps, wood bench, large mirror",open space design with a defined sleeping area separate from seating or working space,"This image shows an interior design of a minimalist and modern style, featuring light-colored natural wood tones, linen textiles, and steel elements. The room is illuminated by natural light and ceiling lamps, creating a calm and airy atmosphere. The primary furniture includes a king-size bed with a wooden headboard, nightstands with lamps, and a bench for seating or storage.",Minimalist,Calm/Serene,Natural (Window),Bedroom,TRUE
coastal_187.jpg,Modern Minimalist,"blue, white, wood","fabric upholstery, natural wood finishes, metal frame construction","soft, natural light from large windows",modern and inviting,"dark blue sectional sofa with pillows, wood coffee table, area rug under seating, plant, floor lamp, abstract wall art",open floor plan with centralized seating area leading to sliding glass doors,"This living room features a modern minimalist style, with clean lines and neutral tones. The color palette is predominantly blue and white, creating a calm yet sophisticated atmosphere. Materials used include fabric upholstery for comfort, natural wood finishes for warmth, and metal frame construction for a contemporary touch. Lighting comes from the large windows, casting soft, natural light throughout the space. The room is furnished with a dark blue sectional sofa adorned with pillows, a wooden coffee table, an area rug to anchor the seating arrangement, a plant to bring in some greenery and freshness, a floor lamp for additional lighting, and abstract wall art for visual interest.",Minimalist,Warm/Cozy,Natural (Window),Bedroom,TRUE
coastal_189.jpg,Modern Minimalist,"white, grey, navy blue","wood paneling, linen, wool","Soft overhead lighting with warm, dimmable LED bulbs",Serene and inviting,"large bed, accent tables, blue throw blankets, white floor lamp",Open space layout with two large beds on either side of room,"This modern hotel room features a minimalist design with natural materials, soft lighting, and serene color palette to create an inviting atmosphere.",Minimalist,Calm/Serene,Ambient/Soft,Other,TRUE
coastal_204.jpg,Scandinavian,"white, light blue, beige, green","wood, linen, woven rattan, natural stone",Natural soft light from large windows,Calm and airy,"queen-size bed, nightstand with lamp, sofa, area rug, floor lamp",Open space with central seating area under large window,"Clean, minimalistic design in a coastal style featuring light wood tones and natural elements.",Scandinavian,Calm/Serene,Natural (Window),Bedroom,TRUE
coastal_208.jpg,Scandinavian,"white, blue, gray","wood, linen, glass",natural soft light from large windows,calm and airy,"bed, nightstand, pillow, blanket, window",open space with central seating area,"The room is designed in a Scandinavian style, featuring light wooden walls and floors. The color palette consists of white, blue, and gray tones. Natural sunlight streams through the large windows, creating a calm and airy atmosphere. The bed has a simple design with linen sheets and blankets for comfort. A nightstand with a lamp provides convenience. A window allows views of the outdoors while contributing to the room's brightness.",Scandinavian,Calm/Serene,Natural (Window),Bedroom,TRUE
coastal_211.jpg,Bunk Bed,"white, blue, red","wood, fabric",natural sunlight through window,functional and cozy,"bunk beds, stairs, pillows",vertical space utilization,This is a functional room with two bunk beds and stairs leading to the upper level.,Other,Warm/Cozy,Natural (Window),Bedroom,TRUE
coastal_217.jpg,Scandinavian,"white, beige, light wood","oak wood, linen, concrete",natural soft light from large windows,calm and airy,"bed, dresser, table lamp, chair",open space with central seating area,"A clean, minimalist bedroom with a focus on natural light and simplicity.",Scandinavian,Calm/Serene,Natural (Window),Bedroom,TRUE
coastal_219.jpg,Vintage,"blue, white, turquoise","linen, wood, silk",Natural light from large windows with sheer curtains,Cozy and inviting,"Queen-size bed with ornate headboard, Antique armoire, Vintage sofa, Coffee table with books",Bedroom layout featuring a large canopy bed as focal point,"The room has an old-world charm with vintage furniture and blue accents, creating a cozy atmosphere.",Traditional/Vintage,Warm/Cozy,Natural (Window),Bedroom,TRUE
coastal_230.jpg,Modern Minimalist,"black brick wall, gray couch, white walls","brick wall, wooden beams, metal fixtures",natural soft light from large windows,calm and airy,"sofa, coffee table, plant, floor lamp, vase, pillows",open space with central seating area,"This is a modern minimalist living room with a black brick wall, gray couch and white walls. The room features wooden beams on the ceiling and metal fixtures. A floor lamp provides soft lighting along with natural light coming in from large windows. The color palette includes black for the brick wall, gray for the couch, and white for the walls. The overall mood is calm and airy.",Minimalist,Calm/Serene,Natural (Window),Bedroom,TRUE
coastal_235.jpg,Modern Minimalist,"white, beige, light wood, blue","wood, fabric, metal",natural soft light from large windows,calm and airy,"bed, bookshelf, swing, chair, basket",open space with central seating area and surrounding furniture,"A modern, minimalist bedroom featuring a white crib, swing, bookshelf, and wicker basket. The room is illuminated by soft natural light.",Minimalist,Calm/Serene,Natural (Window),Bedroom,TRUE
coastal_241.jpg,Modern Minimalist,"light gray, white, natural wood","natural wood, linen, glass",ambient light with accent from floor lamp and wall sconces,calm and serene,"queen-size bed with linens in a neutral color, white armchair, wooden coffee table, woven basket weave headboard, wall art or wallpaper with subtle design, floor lamp for ambient lighting, plant for a touch of greenery","bedroom layout that is spacious and open, with the bed as the focal point.","This modern minimalist bedroom features a calming color palette, natural materials, and a serene atmosphere.",Minimalist,Calm/Serene,Ambient/Soft,Bedroom,TRUE
coastal_249.jpg,Industrial Loft,"black, white, wood","metal, fabric, leather",Natural soft light from large windows and floor lamps.,Industrial chic with a touch of bohemian flair.,"black metal bed frame, white fur throw blanket, plant on top of the headboard, floor lamp, wooden bench",Open space layout with central seating area and plants on either side of the room. The bed is placed in a corner for an efficient use of space.,"This modern loft-style bedroom features metal furniture, natural lighting, and bohemian decor.",Industrial,Other,Natural (Window),Bedroom,TRUE
coastal_25.jpg,Modern Minimalist,"white, grey, wood accents","oak wood flooring, linen upholstery, leather, glass",ambient and task lighting with a mix of natural and artificial sources,calm and serene,"king size bed, sectional sofa, mid-century modern armchair, modern floor lamp, abstract artwork",open plan with separate sleeping and living areas,"This modern minimalist bedroom and living room blend seamlessly, creating a harmonious open layout. The neutral color palette and simple furnishings contribute to the serene atmosphere.",Minimalist,Calm/Serene,Natural,Bedroom,TRUE
coastal_250.jpg,Modern Minimalist,"light gray, white, natural wood","wood, linen, brass","Natural soft light from large windows, with additional floor lamps for ambient light",Calm and serene,"sofa, coffee table, floor lamp, large mirror, plant","Open space with central seating area in front of large windows, flanked by two beds on either side against the walls.","The room is a modern, minimalist design with natural tones and materials. The open layout features a comfortable central seating area in front of large windows, flanked by two beds on either side for a sense of symmetry and balance.",Minimalist,Calm/Serene,Natural (Window),Living Room,TRUE
coastal_256.jpg,Modern,"white, gray, blue","wood, fabric, metal",Natural light from large windows.,Calm and airy.,"bed, couch, chair, coffee table, plant",Open space with central seating area.,"This modern bedroom features a king-sized bed, a comfortable couch and chair for seating, a coffee table as a central gathering place, and a plant that adds a touch of nature to the room.",Modern,Calm/Serene,Natural (Window),Bedroom,TRUE
coastal_26.jpg,Modern Minimalist,"white, gray, blue","linen, velvet, cashmere",natural soft light from large windows and chandelier,calm and airy,"king-size bed, tufted ottoman, chandelier, large window",open space with central seating area,"This is a modern minimalist room with white, gray, and blue color tones. The materials include linen, velvet, and cashmere, which give the space a luxurious feel. Natural light from large windows floods into the room, creating a calm atmosphere. Key pieces in the space are a king-size bed with a tufted ottoman at its foot, a statement chandelier, and a large window for views of the outdoors.",Minimalist,Calm/Serene,Natural (Window),Bedroom,TRUE
coastal_263.jpg,Scandinavian,"light blue, white, gold","silk, wool, wood","soft, natural light from windows",calm and serene,"couch, coffee table, plant, floor lamp, pillows",modern open floor plan with central seating area,"Scandinavian-style living room featuring soft lighting, warm gold accents, and a calming atmosphere.",Scandinavian,Calm/Serene,Natural (Window),Bedroom,TRUE
coastal_265.jpg,Scandinavian,"white, light grey, wood","wood, linen, glass, silk","The room has a soft, natural light from the large window.",calm and serene,"bed, bedside table with lamp, wooden bench at foot of bed, woven basket on wooden bench, framed art above the bed","The room has a simple and clean layout, with a central bed as the focal point.",This Scandinavian-style bedroom features minimalistic design elements and a serene atmosphere through its use of natural materials and light colors.,Scandinavian,Calm/Serene,Natural (Window),Bedroom,TRUE
coastal_267.jpg,Modern Minimalist,"white, light wood","oak wood, carrara marble",soft natural light with a large window and recessed lighting,calm and luxurious,"freestanding bathtub, white vanity, blue accent pillow, sconces",a long hallway leading to a bathroom with his-and-her sinks and a large tub,"This modern bathroom features minimalist design, warm wood tones, and soft lighting for a serene and luxurious feel.",Minimalist,Calm/Serene,Natural (Window),Bedroom,TRUE
coastal_274.jpg,Modern Minimalist,"gray, white, beige","fabric upholstery, wooden slats for the ceiling","recessed lighting with a warm, soft glow",calm and cozy,"gray sofa, white throw pillows, beige blanket draped over the armrests, white shag area rug, wooden coffee table",open space with a central seating arrangement under the wooden slat ceiling,"This living room is a modern, minimalist space that combines neutral colors with natural materials to create a calm and cozy atmosphere.",Minimalist,Calm/Serene,Recessed,Bedroom,TRUE
coastal_290.jpg,Minimalist,"gray, white, orange","wood, fabric",moderate natural light from windows and ceiling fan,calm and serene,"bed, bookshelves, pillows, side table, lamp",split-level design with upper level dedicated to sleeping area and lower level dedicated to reading and relaxation,"This is a serene bedroom featuring minimalist design, wood materials, white accents, and orange details. The room is illuminated by natural light filtering through windows and the ceiling fan. The space has been designed for comfort and functionality with a split-level layout that separates sleeping from relaxation areas.",Minimalist,Calm/Serene,Natural (Window),Bedroom,TRUE
coastal_299.jpg,Modern,"red, yellow, blue","wood, clay, metal",bright and natural,vibrant and cheerful,"flower vase, painting, plant, decorative pillow","simple, minimalist arrangement with focus on vivid colors","This interior design exudes a modern, color-filled space that is both visually striking and inviting.",Modern,Energetic/Vibrant,Natural,Bedroom,TRUE
coastal_300.jpg,Modern,"gray, white, blue","wood, linen, glass",modern chandelier and ambient lighting,sophisticated and relaxing,"bed, sofa, coffee table, wall art",open layout with bed as centerpiece,"This is a modern, open-concept bedroom with a gray palette featuring wood, linen, and glass materials. The room is illuminated by a chandelier providing ambient lighting that complements the sophisticated atmosphere.",Modern,Modern/Sophisticated,Pendant/Chandelier,Bedroom,TRUE
coastal_314.jpg,Scandinavian,"white, wood, green","wood, linen, metal",natural soft light from large windows,calm and airy,"sofa, storage bench, wicker basket, bed, wooden dresser",open space with central seating area,"This is a clean, simple bedroom design that feels open and inviting. The room features a storage bench at the foot of the bed, providing functionality without cluttering the space. The large window allows for plenty of natural light to fill the room, while the neutral color palette creates a calm atmosphere.",Scandinavian,Calm/Serene,Natural (Window),Bedroom,TRUE
coastal_315.jpg,Modern Minimalist,"white, beige, blue","wood, linen, glass",bright and natural light from large windows,calm and serene,"king-size bed, bed bench, coffee table, floor lamp, area rug","open space with central seating area, featuring a king-size bed flanked by nightstands","This minimalist modern bedroom design creates a calm and serene atmosphere using natural light from large windows, a neutral color palette of white, beige, and blue, and sleek wood and glass materials.",Minimalist,Calm/Serene,Natural (Window),Bedroom,TRUE
coastal_317.jpg,Modern Minimalist,"white, gray, blue","wood, metal, fabric","bright and natural, from large windows overlooking water",airy and calm,"couch, coffee table, nightstand, artwork, plants",open floor plan with central seating area near a large window with view of water,"This modern bedroom features a minimalist design, with gray and blue tones complementing the wood and metal materials. The layout is open, focusing on natural light from large windows that overlook water, creating a calm and airy mood.",Minimalist,Calm/Serene,Natural (Window),Bedroom,TRUE
coastal_318.jpg,Modern Minimalist,"white, blue, red, gray","wood, linen, metal, leather",natural light filtering through large windows and a soft glow from lamps,bright and energetic,"two beds, nightstands, lamps, poster","two beds placed side by side against the wall, nightstands on either side with a single lamp on each",A well-lit and spacious bedroom featuring two beds in a modern minimalist style.,Minimalist,Bright/Airy,Natural (Window),Bedroom,TRUE
coastal_34.jpg,Scandinavian,"white, grey, natural wood","wood planks on ceiling and walls, metal piping, glass tiles","soft, natural light from large windows",bright and airy,"sofa with white throw pillows, wood coffee table, floor lamp, plants",open space with central seating area and kitchen bar,"This modern Scandinavian living room combines a neutral color palette with natural wood accents to create a bright, airy space with an open layout. The furniture arrangement centers around the sofa for conversation, while the wood coffee table and floor lamp provide functional elements that add warmth. Large windows allow for abundant natural light, enhancing the room's spacious feel.",Scandinavian,Bright/Airy,Natural (Window),Bedroom,TRUE
coastal_347.jpg,Scandinavian,"white, beige, light wood","wood, fabric",bright and natural light from skylights,"clean, modern, and bright","bench, pillow, hat, purse, boots",narrow hallway with a bench and mirror at the end,"A simple and minimalist Scandinavian-style entryway featuring a wooden bench, woven purse and hat hanging on hooks, bright lighting from skylights, and a mirror at the end of the hall.",Scandinavian,Modern/Sophisticated,Natural,Bedroom,TRUE
coastal_357.jpg,Modern Minimalist,"navy blue, cream, wood tones","dark wood, white linen, silk-like textiles",warm glow from hanging lanterns and recessed lighting,chic and inviting,"wood dining table with candles, large area rug, lounge chair, decorative pillows",open space with a central lounge seating area near floor-to-ceiling windows overlooking ocean view,"This modern minimalist oceanfront living room combines a chic and inviting atmosphere with warm lighting from hanging lanterns and recessed lights, while the navy blue walls and wood tones add elegance to the space. The open layout with large windows brings in natural light during daytime hours, while the central lounge seating area near the rug offers a cozy spot for relaxation at night.",Minimalist,Warm/Cozy,Recessed,Bedroom,TRUE
coastal_359.jpg,Modern Minimalist,"white, beige, light wood, green accent","oak wood, linen, concrete, steel",natural soft light from large windows,calm and airy,"bed, sofa, coffee table, plant, floor lamp",open space with central seating area,"This room features a modern minimalist design with an emphasis on natural light, neutral colors, and simple furnishings. The bed is the focal point, centered in the open space and surrounded by linen upholstered walls and oak wood flooring. A sofa is positioned opposite the bed for conversation or relaxation, while a coffee table provides a surface for a plant, books, or drinks. A floor lamp adds warmth and ambiance to the room.",Minimalist,Calm/Serene,Natural (Window),Bedroom,TRUE
coastal_373.jpg,Modern Minimalist,"white, navy blue, silver","linen, wood, glass","soft, warm glow from recessed lighting and bedside lamps","elegant, luxurious, serene","king size bed with tufted headboard, matching side tables, framed artwork, floor length curtains",centered arrangement featuring a king-size bed and two side tables flanking the bed,"This modern, minimalist bedroom is centered around a luxurious king-size bed with tufted headboard. The color palette includes white, navy blue, and silver, complemented by linen, wood, and glass materials. Recessed lighting provides a soft, warm glow, while bedside lamps add ambient light. Framed artwork adds personality to the space, and floor length curtains offer privacy. The layout is centered around the bed with two side tables flanking it.",Minimalist,Calm/Serene,Recessed,Bedroom,TRUE
coastal_377.jpg,Modern Minimalist,"white, beige, light wood","wood, linen, leather","soft, warm, and diffused natural light from large windows",calm and peaceful,"bed, nightstand, end table, chair, coffee table, bookshelf",open-concept with a central seating area around the bed,"A modern, minimalist bedroom featuring a monochromatic color scheme with natural light from large windows.",Minimalist,Calm/Serene,Natural (Window),Bedroom,TRUE
coastal_379.jpg,Scandinavian,"white, light gray, beige","linen, wool, wood",natural soft light from large windows,warm and cozy,"bed, nightstand, sofa, lamp, plant",open space with central seating area,"A spacious bedroom with a Scandinavian design style featuring light gray and white linens, wooden furnishings, and natural light from large windows that create a warm and cozy atmosphere.",Scandinavian,Warm/Cozy,Natural (Window),Bedroom,TRUE
coastal_380.jpg,Modern Minimalist,"white, blue, orange","wood, linen, steel",natural soft light from large windows and floor lamps,calm and airy,"bed with pillows, dresser with mirror, plant on a table, framed picture on the wall",a bedroom layout with a central sleeping area flanked by storage and decorative items,"This modern minimalist bedroom features a clean, simple design with natural lighting that creates a calm and airy atmosphere.",Minimalist,Calm/Serene,Natural (Window),Bedroom,TRUE
coastal_385.jpg,Modern Minimalist,"white, light gray, navy","wool carpeting, linen drapes, wood paneling",well-lit space with natural light from large windows and ceiling lights,calm and airy,"bed, two nightstands, floor lamp, sofa, coffee table",open space with central seating area,"This modern bedroom features a minimalist design with monochromatic color palette, creating an airy and serene atmosphere. The room is well-lit, with natural light coming through the large windows and supplementary ceiling lights. A comfortable bed serves as the focal point of the space, which is furnished with two nightstands and a cozy sofa for relaxation. The wood paneling adds warmth to the otherwise cool color scheme, while the wool carpeting provides softness underfoot.",Minimalist,Calm/Serene,Natural (Window),Bedroom,TRUE
coastal_397.jpg,Modern Minimalist,"white, gray, beige","wool, linen, cork",bright and natural light from windows,calm and serene,"two beds, nightstand with lamp, wicker basket",two beds placed side by side with a nightstand between them,"This is a modern, minimalist bedroom with two beds that share a serene and calm atmosphere.",Minimalist,Calm/Serene,Natural (Window),Bedroom,TRUE
coastal_405.jpg,Modern Minimalist,"white, beige, light wood","wood, fabric, leather",natural soft light from large windows,calm and airy,"bed, sofa, coffee table, plant, floor lamp",open space with central seating area,"This is a modern bedroom with a minimalist design, featuring a neutral color palette and natural lighting. The room includes a comfortable bed, a cozy sofa, a stylish coffee table, and decorative elements like a plant and floor lamp.",Minimalist,Calm/Serene,Natural (Window),Bedroom,TRUE
coastal_407.jpg,Modern Minimalist,"white, gray, blue","linen, wood, leather",bright and airy,calm and peaceful,"bed, nightstands, lamps, artwork",open space with white walls and minimal decorations,"This is a modern bedroom that utilizes a neutral color palette to create a serene atmosphere. The room features a large bed with gray pillows, flanked by two nightstands holding lamps. White walls accentuate the simplicity of the space, while minimal decorations like artwork add character without overwhelming the room.",Minimalist,Calm/Serene,Bright,Bedroom,TRUE
coastal_409.jpg,Scandinavian,"white, light blue, natural wood","linen, wood, wicker","soft, natural light from a large window",calm and airy,"white twin beds, light-colored dresser, green potted plant, small stool with white cushion, white lamp on a black pole","two separate beds facing each other, flanking a central area with a stool and table.","This bedroom has a clean, bright Scandinavian style. The color palette is light and airy, with natural materials such as wood and linen. The room features two white twin beds that are neatly made up. Between the beds sits a light-colored dresser with drawers for storage. On one side of the room there's a small stool with a cushion and a white lamp on a black pole, providing soft lighting in the evenings. A green potted plant adds a touch of nature to the space.",Scandinavian,Calm/Serene,Natural (Window),Bedroom,TRUE
coastal_41.jpg,Scandinavian,"light gray, white, gray","wood, linen, glass",natural soft light from large windows,calm and serene,"bed, dresser, window seat, side table",open space with central seating area,"This room is designed in a Scandinavian style, featuring a neutral color palette of white and light gray walls, wood floors, and linen drapes. The bed is the focal point, positioned near large windows that let in soft natural light. A side table holds lamps for additional lighting at night. The layout centers around the seating area in front of the window seat, creating a cozy and inviting atmosphere.",Scandinavian,Calm/Serene,Natural (Window),Bedroom,TRUE
coastal_419.jpg,Modern Minimalist,"white, gray, navy blue","velvet upholstery, linen draperies, wood paneling",subdued overhead light with additional table lamps,sophisticated and quiet,"king-size bed, two couches, coffee table, floor lamp",L-shaped seating arrangement around central fireplace,"This bedroom combines modern design elements with a minimalist approach, featuring soft velvet upholstery in neutral tones of white and gray. Wood paneling adds warmth to the space, while linen draperies contribute texture and depth. The room is well-lit by subdued overhead lighting, complemented by additional table lamps. A king-size bed sits at one end of an L-shaped arrangement of furniture around a central fireplace, creating a cozy and intimate atmosphere.",Minimalist,Modern/Sophisticated,Floor/Table Lamp,Bedroom,TRUE
coastal_420.jpg,Scandinavian,"white, grey, natural tones","linen, wood, wool",bright and airy from large windows,calm and serene,"bed, sofa, armchair, plant, area rug",open space with a bedroom area near windows,"A neat, airy bedroom in a Scandinavian style featuring neutral tones and natural materials.",Scandinavian,Calm/Serene,Bright,Bedroom,TRUE
coastal_427.jpg,Modern Minimalist,"white, gray, wood","oak wood, linen, steel",natural soft light from large windows,calm and airy,"king size bed, sofa, coffee table, floor lamp, plant","open space with central seating area, featuring a king size bed with wooden headboard flanked by two nightstands.",Unknown,Minimalist,Calm/Serene,Natural (Window),Bedroom,TRUE
coastal_44.jpg,Scandinavian,"white, light blue, navy","wood paneling on walls and ceiling, linen bedding and throw pillows",natural soft light from large windows,calm and airy,"beds, nightstands with lamps, chairs, large framed artwork on wall",open space with central seating area near bed,"A serene Scandinavian-inspired bedroom, featuring a large bed with linen and throw pillows, flanked by nightstands with lamps. The room is well lit with natural light coming from the windows, creating a calm and airy atmosphere.",Scandinavian,Calm/Serene,Natural (Window),Bedroom,TRUE
coastal_444.jpg,Modern Minimalist,"white, beige, gray","wood, linen, glass",natural soft light from large windows,calm and airy,"sofa, coffee table, plant, floor lamp, bed, chairs",open space with central seating area,"This modern minimalist bedroom combines neutral colors, natural materials, and soft lighting to create a calm and airy atmosphere. The large windows allow for ample natural light, enhancing the spacious feel of the room. The layout centers around the sofa, which is positioned in front of the windows, providing an excellent vantage point for enjoying the view outside. A coffee table sits nearby, and a plant adds a touch of greenery to the space. The bed and chairs are arranged in a way that invites conversation and relaxation.",Minimalist,Calm/Serene,Natural (Window),Bedroom,TRUE
coastal_477.jpg,Modern,"white, beige, light wood","oak wood, linen, concrete",natural soft light from large windows and chandelier above table,cozy and inviting,"white sofa with decorative pillows, large area rug under table, framed art on walls, crystal chandelier hanging over table","open concept with large dining table in center of room, flanked by two white chairs, leading into adjacent living and sitting areas","This modern dining space features a soft color palette, hardwood flooring, and a cozy atmosphere.",Modern,Warm/Cozy,Natural (Window),Bedroom,TRUE
coastal_478.jpg,Modern Minimalist,"white, black, grey","metal, fabric, wood",bright and even overhead lights,calm and orderly,"beds, shelves, lockers, trash cans",linear rows of beds with shared lockers,"Modern minimalist design in a dormitory style layout. The use of white and black for the color palette, metal for the materials, and overhead lights for the lighting creates a clean and orderly environment.",Minimalist,Calm/Serene,Bright,Other,TRUE
coastal_483.jpg,Scandinavian,"gray, white, black","wood, linen, leather",The room is lit by natural light coming through a large round window that offers a view of the ocean.,calm and serene,"two beds, a sofa with two chairs, a wooden side table, a floor lamp, a small rug, indoor plants","The room features a large round window at one end, framing a panoramic view of the ocean. A curved bench is positioned under the window, and beyond it, there's a seating area with two chairs and a sofa facing out to the water.","This Scandinavian-style bedroom offers a calm and serene atmosphere with its gray color palette, natural lighting, and views of the ocean. The room is furnished with two beds, a curved bench under a large round window, a sofa with two chairs, a side table, a floor lamp, and indoor plants.",Scandinavian,Calm/Serene,Natural (Window),Bedroom,TRUE
coastal_485.jpg,Maritime,"blue, white, wood","metal, fabric, glass","bright and airy, natural light from many windows",nautical and playful,"boat bed frame, wooden ladder, marine-themed bedding, ship model",cozy and personalized room layout,"This maritime-themed room is designed with a nautical boat bed as the centerpiece, complemented by wooden ladder and marine decor. The color palette includes blue, white, and wood tones, creating a seaside atmosphere.",Other,Other,Natural (Window),Bedroom,TRUE
coastal_486.jpg,Modern Minimalist,"white, navy blue, soft pink","wood, fabric, metal",natural soft light from large windows and ceiling lights,calm and airy,"large dining table, mid-century modern chairs, blue sofa with patterned throw pillows, vintage floor lamp, framed artwork on walls",open space design with central seating area and ample natural light,"This modern minimalist living room features a mix of contemporary furniture, soft pastel colors, and natural lighting to create a calm and airy atmosphere.",Minimalist,Calm/Serene,Natural (Window),Bedroom,TRUE
coastal_487.jpg,Modern Minimalist,"white, beige, light wood","cotton, linen, glass",natural soft light from large windows,calm and airy,"sofa, coffee table, plant, floor lamp, rugs",open space with central seating area,"This is a well-lit, modern bedroom with a simple color palette and minimalist design. The room features a large window allowing natural light to fill the space, creating an airy atmosphere. There are several decorative elements such as plants, rugs, and lamps that add warmth without cluttering the space.",Minimalist,Calm/Serene,Natural (Window),Bedroom,TRUE
coastal_488.jpg,Scandinavian,"white, beige, light wood","oak wood, linen, wicker",natural soft light from large windows,calm and airy,"bed, sofa, coffee table, plant, rugs",open space with central seating area,"This is a Scandinavian-style bedroom featuring white walls, beige and light wood tones, oak wood floors, linen textiles, wicker headboard, natural lighting, and a calm atmosphere.",Scandinavian,Calm/Serene,Natural (Window),Bedroom,TRUE
coastal_49.jpg,Scandinavian,"white, blue, gray","wood, linen, metal",bright and airy with natural light,calm and serene,"beds, bookshelves, pillows, books, plant",spacious room with two beds separated by bookshelves,"A tranquil bedroom with a Scandinavian design theme, featuring white walls, blue accents, wooden furniture, and ample natural light.",Scandinavian,Calm/Serene,Natural,Bedroom,TRUE
coastal_493.jpg,Modern Minimalist,"grey, white, tan","linen, wood, glass",soft and warm from recessed lighting and floor lamp,calm and soothing,"king-size bed with white linens, white chaise lounge, black and white print wall art, beige throw blanket on couch",traditional master bedroom layout with separate seating area,"The interior design of this space is a modern minimalist take on a classic master bedroom, featuring neutral colors, luxurious linens and a comfortable seating area for relaxation.",Minimalist,Calm/Serene,Recessed,Bedroom,TRUE
coastal_504.jpg,Modern Minimalist,"white, beige, light wood","oak wood, linen, concrete",natural soft light from large windows,calm and airy,"bed, nightstand, seating area with rugs, lamp, bookshelf",spacious open living area,"This minimalist bedroom features a white oak wood headboard, beige linens, and light wood furniture. The natural light from large windows creates a calming atmosphere. A seating area with rugs adds a cozy touch to the space.",Minimalist,Calm/Serene,Natural (Window),Bedroom,TRUE
coastal_508.jpg,Scandinavian,"white, blue, beige","wooden floor, linen upholstery, wood paneling on wall",bright and natural light from large windows overlooking water,calm and serene,"white sofa with pillows, large wooden coffee table, blue vase on table, plant in corner, abstract art",open space layout with central seating area near water view,"This living room is styled in a Scandinavian manner, featuring a bright and airy atmosphere with natural light from large windows. Materials include wooden elements and linen upholstery, creating a cozy yet contemporary feel. The color palette consists of white, blue, and beige tones to maintain the room's calm and serene mood. Furniture includes a comfortable white sofa with cushions, a coffee table for functional use, decorative elements like art and a plant, which adds life to space. Overall, the living room is designed for relaxation and enjoying the water view.",Scandinavian,Calm/Serene,Natural (Window),Bedroom,TRUE
coastal_515.jpg,Modern,"navy blue, white, copper","wood, linen, leather, metal","soft and natural light, accentuated by strategic window placement",calm and sophisticated,"bed with wooden headboard, two-tone wool blanket, coffee table, floor lamp, woven throw rug","organized and symmetrical, with a bed at the center flanked by side tables","This modern bedroom features a dark color palette and natural materials, creating a serene and stylish retreat.",Modern,Calm/Serene,Natural (Window),Bedroom,TRUE
coastal_517.jpg,Scandinavian,"white, blue, wood","wood, linen, wicker",natural soft light from large windows,calm and airy,"bed, nightstand, side table, framed artwork, rug",open space with central seating area underneath a green wall,"A Scandinavian-style bedroom with a large bed placed in the center of an open space, flanked by wooden nightstands and framed artwork on the walls. The room features white linens, blue accents, a wicker side table, and rugs that add warmth to the bright and airy atmosphere.",Scandinavian,Calm/Serene,Natural (Window),Bedroom,TRUE
coastal_518.jpg,Modern,"white, gray, black","fabric upholstery, wood paneling, metal frame","large windows allowing natural light, with supplemental overhead and table lamps",clean and serene,"king size bed, bedside tables, framed artwork, area rug",open floor plan with separate seating area and sleeping quarters,"This is a modern hotel room featuring a king-size bed, large windows for natural light, and a clean, serene atmosphere.",Modern,Calm/Serene,Natural (Window),Bedroom,TRUE
coastal_530.jpg,Modern Minimalist,"white, gray, black","wood, fabric, metal",natural light from windows and ceiling lights,calm and serene,"bed, nightstand, lamp, headboard",two beds next to each other with nightstands in between,"The room has a modern minimalist design, featuring two gray upholstered beds against a white wall. The color palette is neutral, consisting of white, gray and black tones. Materials used include wood for the bed frames and headboards, fabric for the bedding and curtains, and metal for lamp bases. Lighting in the room comes from ceiling lights and natural light entering through windows. A calm and serene mood is achieved through the use of soft colors and minimal decor.",Minimalist,Calm/Serene,Natural (Window),Bedroom,TRUE
coastal_539.jpg,Scandinavian,"white, gray, green","wood, wicker, linen",natural soft light from large windows and ceiling fan lights,calm and serene,"queen size bed with white comforter, wooden nightstands, wooden chair and ottoman, potted plant on table, white area rug",open space with central seating area under large windows,"This is a cozy, modern-style living room featuring a bedroom suite at one end, comfortable seating around the fireplace, and plenty of natural light.",Scandinavian,Calm/Serene,Natural (Window),Bedroom,TRUE
coastal_554.jpg,Modern Minimalist,"white, beige, light wood","oak wood, linen, steel",natural soft light from large windows,calm and airy,"bed, nightstand, drawer unit, chair",open space with central seating area,"The bedroom features a minimalist design with a light color palette, oak wood accents, and steel frame headboard. Large windows allow for natural light to flood the room, creating an airy atmosphere. The nightstands are made of light wood, complementing the oak wood in the drawer unit. The bed is surrounded by ample seating area with a chair nearby.",Minimalist,Calm/Serene,Natural (Window),Bedroom,TRUE
coastal_566.jpg,Modern Minimalist,"white, beige, light wood","linen, wood, metal",natural soft light from large windows and ceiling light,calm and airy,"king-size bed, potted plant, large round mirror, floor lamp, black armchair",open space with central seating area,"This is a modern minimalist bedroom. The color palette consists of whites, beiges, and light wood tones. Materials used in the space are linen for the beds, wood for the walls, and metal for the ceiling fixture. The room has large windows that let in soft natural light and black armchair near the center creating a cozy seating area. A potted plant adds life to the space while the floor lamp provides additional lighting.",Minimalist,Calm/Serene,Natural (Window),Bedroom,TRUE
coastal_573.jpg,Modern,"white, wood tones, navy","wool rugs, leather upholstery, wood paneling",natural light from large windows and overhead lighting,warm and inviting,"sofa, coffee table, fireside chair, area rug, decorative pillows",open concept with fireplace as central focal point,"This modern living space features a cozy atmosphere with warm wood tones, plush seating options and natural light that enhances the inviting ambiance.",Modern,Warm/Cozy,Natural (Window),Bedroom,TRUE
coastal_579.jpg,Modern Minimalist,"blue, white, wood","wood, linen, stainless steel",bright and airy with natural soft light from large windows,calm and serene,"bed, nightstand, floor lamp, ruffled bedspread, blue pillows",open space design with centered bed for emphasis,"A modern minimalist bedroom with a calm and serene atmosphere, featuring a blue color palette, natural lighting, wood accents, linen materials, and a simple layout focusing on the central bed.",Minimalist,Calm/Serene,Natural (Window),Bedroom,TRUE
coastal_583.jpg,Scandinavian,"white, light wood, blue accent","wood panels, linen, glass",natural light from large windows with white blinds,calm and spacious,"bed, nightstands, floor lamp, pink armchair",open floor plan with bedroom in back corner of house,"This is a bedroom with Scandinavian design featuring white linens, light wood accents and large windows for natural light.",Scandinavian,Calm/Serene,Natural (Window),Bedroom,TRUE
coastal_599.jpg,Modern Minimalist,"white, light gray, navy blue","wood, leather, silk",natural soft light from large windows,calm and airy,"sofa, coffee table, floor lamp, large area rug, decorative pillows","open space with central seating area, fireplace acting as a divider between spaces","This modern living room features neutral colors and minimalist design elements, creating an airy and calming atmosphere.",Minimalist,Calm/Serene,Natural (Window),Bedroom,TRUE
coastal_60.jpg,Scandinavian,"white, beige, light wood","wood, linen, brass",soft natural light from large windows and recessed ceiling lights,calm and bright,"bench seat with throw pillows, bookshelves, dining table, floor lamp, area rug","spacious, open floor plan with seating area near windows",A Scandinavian-style room with a bright and airy feel featuring natural lighting and simple furniture arrangements.,Scandinavian,Calm/Serene,Natural (Window),Bedroom,TRUE
coastal_605.jpg,Scandinavian,"white, beige, light wood","wood, linen, metal",natural soft light from large windows and a skylight,calm and airy,"white armchair, wicker basket, large potted plant, black metal railings, colorful throw pillows",open space with central seating area,"A cozy Scandinavian living room featuring a white armchair, wicker basket, and large potted plant. Black metal railings add contrast to the otherwise light-toned interior.",Scandinavian,Calm/Serene,Natural (Window),Bedroom,TRUE
coastal_608.jpg,Modern Minimalist,"white, gray, wood","wood paneling, leather, linen",natural soft light from large windows,calm and airy,"sofa, armchair, coffee table, floor lamp",open space with central seating area,"This is a modern minimalist bunk room interior. The color palette consists of white, gray, and wood. The main materials used are wood paneling for the walls, leather for the chairs, and linen for the bedding. There are large windows allowing natural light to flood in, creating a calm and airy atmosphere. The furniture includes a sofa, armchair, coffee table, and floor lamp.",Minimalist,Calm/Serene,Natural (Window),Living Room,TRUE
coastal_610.jpg,Modern Minimalist,"navy blue, white, teal","wood paneling on walls and ceiling, white bunk bed frame, blue accent pillows",well-lit space with natural light from windows,calm and clean,"bunk beds, white lampshade on lamp, small clock on wall, teal throw blanket","narrow room with white frame bunk beds along one wall, window above bed for natural light","This is a modern minimalist design with a blue color scheme. The space utilizes wood paneling for a warm touch on the walls and ceiling, while the white bunk bed frame keeps the room clean and bright.",Minimalist,Calm/Serene,Natural (Window),Bedroom,TRUE
coastal_612.jpg,Modern Minimalist,"white, gray, wood","bamboo, linen, wood",natural soft light from large windows,calm and airy,"queen-sized bed, side tables, floor lamp, throw blanket, bedding",four poster bed in corner of room with sitting area nearby,"This bedroom features a modern, minimalist design with a color palette of white and wood tones. The room is adorned with bamboo accents, linen sheets, and large windows that provide soft, natural light. The four poster bed is the focal point of the space, while side tables hold essential items. A floor lamp offers additional illumination, and a throw blanket adds warmth. The sitting area nearby invites relaxation.",Minimalist,Calm/Serene,Natural (Window),Bedroom,TRUE
coastal_613.jpg,Modern Minimalist,"white, red, green","cloth, wood, concrete",bright and airy with a pop of color from decorative lights,spacious and relaxed,"sofa, coffee table, chair, woven rug, wall art",open floor plan,"This modern, minimalist room features a spacious open floor plan with a colorful rug and woven coffee table. The red accents on the pillows add a pop of color to the otherwise neutral palette.",Minimalist,Bright/Airy,Bright,Bedroom,TRUE
coastal_618.jpg,Modern Minimalist,"white, gray, navy","wood, metal, fabric","bright and airy, with natural light from windows","clean, crisp, and serene","beds, dressers, lamps, chairs","two beds side by side, with desk area between them","This is a modern and minimalist bedroom design that features white and gray color tones with navy accents. The room includes two beds, a dresser, lamps, chairs, and a desk area for workspace.",Minimalist,Calm/Serene,Natural (Window),Bedroom,TRUE
coastal_631.jpg,Modern,"white, beige, brown","leather, wood, silk",recessed ceiling lights and floor lamps,calm and sophisticated,"king-size bed, armchair, side tables with lamps, large window treatments","spacious layout with a central focus on the bed, flanked by armchairs and side tables",A serene modern bedroom suite featuring high-quality materials and furnishings that create an inviting and tranquil atmosphere.,Modern,Calm/Serene,Recessed,Bedroom,TRUE
coastal_644.jpg,Scandinavian,"white, navy blue, light wood","marble, brass, leather",bright and evenly distributed,elegant and serene,"clawfoot bathtub, freestanding vanity, white candles, modern wall art",split layout with separate areas for bathroom and bedroom,"Modern Scandinavian-style bathroom featuring elegant fixtures, a marble backsplash, and a calm color palette that is both visually appealing and relaxing.",Scandinavian,Calm/Serene,Bright,Bedroom,TRUE
coastal_654.jpg,Modern Minimalist,"white, beige, wood","oak wood, linen, concrete",ambient lighting from overhead fixture and wall sconces,calm and airy,"bed, sofa, wooden coffee table, potted plant, floor lamp",modestly sized room with central seating area and bed alcove,"This modern minimalist interior features a calming palette of white, beige, and wood tones, with oak wood, linen, and concrete materials. The room has ample natural light from the large window and overhead fixture, creating an inviting and airy atmosphere.",Minimalist,Calm/Serene,Ambient/Soft,Bedroom,TRUE
coastal_656.jpg,Modern Minimalist,"white, grey, blue","wood, leather, linen",natural soft light from large windows and a modern chandelier,calm and serene,"bed, nightstand, sofa, lamp",open space with central seating area and bed for resting,A modern minimalist bedroom that balances clean lines and natural light with inviting comfort.,Minimalist,Calm/Serene,Natural (Window),Bedroom,TRUE
coastal_661.jpg,Modern Minimalist,"navy blue, light gray, brass","wood veneer on walls and furniture, marble on floors and surfaces, textured woven fabrics",natural light from floor-to-ceiling windows and additional recessed lighting,"clean, elegant, serene","white sofa with decorative pillows, black wooden coffee table, brass side tables, modern abstract art",open floor plan with clean lines and minimal furniture placement,"This modern living room showcases a simple, elegant design with a color palette of navy blue, light gray, and brass. The space is illuminated by natural light from large windows and additional recessed lighting. The layout is uncluttered, featuring a white sofa adorned with decorative pillows, a black wooden coffee table, sleek side tables, and minimalistic furniture pieces.",Minimalist,Calm/Serene,Natural (Window),Bedroom,TRUE
coastal_667.jpg,Scandinavian,"white, light blue, wood, silver","wood, linen, cotton, leather",soft and natural light from large windows,calm and serene,"four-poster bed, sofa, coffee table, lounge chair, floor lamp, woven area rug","open space with central seating area, featuring a large four-poster bed surrounded by furniture","This is a modern and inviting bedroom with a Scandinavian design, featuring natural materials such as wood and linen, soft lighting from windows, and comfortable seating options.",Scandinavian,Calm/Serene,Natural (Window),Bedroom,TRUE
coastal_669.jpg,Scandinavian,"blue, white, beige","oak wood, linen, acrylic",natural light from a large window,calm and airy,"bed, nightstand, lamps, artwork","space with bed as centerpiece, flanked by nightstands and lamps","A Scandinavian-style bedroom with a calm atmosphere, featuring natural lighting and minimalist design elements.",Scandinavian,Calm/Serene,Natural (Window),Bedroom,TRUE
coastal_670.jpg,Modern Minimalist,"blue-gray, white, light wood","leather upholstery, wood flooring, white walls",soft natural light from large windows and recessed lighting in ceiling,calm and serene,"gray sofa, blue and white patterned throw pillows, large flat-screen TV, wooden coffee table",open space with central seating area surrounding fireplace,"This modern living room features a minimalist design, characterized by blue-gray upholstery and white accents, which contribute to the serene atmosphere. The open layout and centerpiece fireplace create a warm and inviting space.",Minimalist,Calm/Serene,Natural (Window),Bedroom,TRUE
coastal_673.jpg,Modern,"white, blue","wood, fabric",bright and natural,spacious and clean,"bed, nightstand, desk, chair",small room with bunk beds,"This modern bedroom features a minimalist design with white walls, blue accents, and wood and fabric materials. The space is illuminated by bright natural light from multiple windows, creating an open and airy atmosphere. Key objects include a bed, nightstand, desk, and chair.",Modern,Modern/Sophisticated,Natural,Bedroom,TRUE
coastal_679.jpg,Modern Minimalist,"white, beige, light wood","wood, linen, wicker",natural soft light from large windows,calm and airy,"bed, coffee table, plant, floor lamp, pillows",open space with central seating area,"This is a modern, minimalist bedroom design. The color palette is neutral and soft with white, beige, and light wood tones, complemented by natural materials such as wood and linen. Large windows allow for ample natural light to fill the space, creating a calm and airy atmosphere. Key elements in this room include a comfortable bed, a stylish coffee table, a lush plant, and a floor lamp with a natural wicker design that adds warmth and texture to the space.",Minimalist,Calm/Serene,Natural (Window),Bedroom,TRUE
coastal_696.jpg,Modern Minimalist,"white, gray, navy","wood, fabric, leather",natural soft light from large windows,calm and airy,"bed, nightstands, area rug, pillows",open space with central seating area around bed,"This is a modern minimalist bedroom design with neutral colors, natural materials, and a calm atmosphere. The room features a large bed as the centerpiece, surrounded by wooden furniture and accented with gray and navy textiles.",Minimalist,Calm/Serene,Natural (Window),Bedroom,TRUE
coastal_697.jpg,Scandinavian,"white, gray, light blue","wood, linen, silk",natural soft light from large windows,calm and airy,"king-size bed, wicker chair, floor lamp, throw blanket","open space with central seating area, enclosed by the four-poster bed","This modern Scandinavian bedroom features a calming color palette of white and gray, accented with light blue textiles. The room is filled with natural materials like wood and linen, and the lighting is soft and airy due to the large windows. The layout includes a central seating area enclosed by the four-poster bed, which creates an open feeling in the space.",Scandinavian,Calm/Serene,Natural (Window),Bedroom,TRUE
coastal_703.jpg,Scandinavian,"white, gray, navy","wood, linen, brass",natural soft light from large windows,calm and airy,"king-size bed, wooden bench, pillows with throw blanket, woven basket on floor, vase with flowers",spacious open area with central seating arrangement,"A serene and elegant bedroom design, featuring a king-size bed dressed in neutral tones, wooden accents, and soft lighting that creates a calm atmosphere.",Scandinavian,Calm/Serene,Natural (Window),Bedroom,TRUE
coastal_706.jpg,Scandinavian,"light gray, white, blue","wood, linen, glass",natural soft light from large windows and ceiling lights,calm and airy,"bed, sofa, coffee table, area rug, floor lamp","open space with central seating area, bed to one side of room, and large windows providing views.","This is a modern Scandinavian-style interior featuring light gray tones, white accents, wooden floors and furniture, linen textiles, and natural window lighting that creates a calm and airy atmosphere.",Scandinavian,Calm/Serene,Natural (Window),Bedroom,TRUE
coastal_713.jpg,Modern Minimalist,"white, gray, blue","wood, metal, fabric",natural soft light from large windows,calm and airy,"bed, nightstand, chair, shelving unit",open space with central seating area,"This bedroom features a modern minimalist design with a light color palette, including white walls and gray carpets. The room is furnished with wooden beds and nightstands and metal chairs, with fabric accents adding warmth to the space.",Minimalist,Calm/Serene,Natural (Window),Bedroom,TRUE
coastal_719.jpg,Scandinavian,"teal blue, off-white, cream","wood plank ceiling, beige and white striped wallpaper, rustic wooden beams",natural soft light from large windows,calm and airy,"king size bed, nightstands, lamp, floor rug","space is organized with the king-size bed as a focal point, flanked by nightstands on either side",The room has a cozy yet minimalist Scandinavian design featuring a teal blue color palette and a large window that brings in natural light.,Scandinavian,Calm/Serene,Natural (Window),Bedroom,TRUE
coastal_724.jpg,Modern Minimalist,"white, gray, blue","wood, fabric, leather",natural light from large window and black ceiling fan,"clean, bright, and contemporary","bed, nightstand, lamp, couch, artwork",open space with bed as central focus,"This is a modern bedroom with a minimalist design, featuring a clean color palette of white, gray, and blue. The room has wooden flooring, leather headboard, and black ceiling fan that provide natural light during the day.",Minimalist,Modern/Sophisticated,Natural (Window),Bedroom,TRUE
coastal_725.jpg,Modern Minimalist,"white, beige, light wood","oak wood, linen, steel",natural soft light from large windows,calm and airy,"sofa, coffee table, floor lamp",open space with central seating area,"This is a serene modern bedroom featuring a minimalistic design, light wooden accents, and natural light streaming in through large windows that overlook the ocean.",Minimalist,Calm/Serene,Natural (Window),Bedroom,TRUE
coastal_748.jpg,Modern Minimalist,"white, beige, light wood","oak wood, linen, concrete",bright with natural soft light from large windows,calm and airy,"sofa, coffee table, plant, floor lamp",open space with central seating area,"The room is a modern minimalist space, featuring natural tones of white, beige and light wood. The oak wood headboard adds warmth to the otherwise stark room, while the large windows allow for bright, soft lighting. A sofa serves as a central seating area within the open space, with a coffee table nearby offering functionality. The simplicity of the design is accentuated by a few carefully chosen decorative items including a plant and floor lamp.",Minimalist,Calm/Serene,Natural (Window),Bedroom,TRUE
coastal_751.jpg,Modern Minimalist,"white, beige, light wood","leather, wood, fabric",natural soft light from large windows,calm and airy,"bed, chair, coffee table, side tables, rug",open space with central seating area,"This modern minimalist bedroom features a clean, uncluttered design with neutral colors and natural light. The room includes a comfortable bed for sleeping, cozy chairs for lounging, and functional side tables to hold personal items. A coffee table sits in the center of the space, providing a surface for drinks or other small objects. A rug adds warmth and texture to the floor. Overall, the room has a serene and relaxing atmosphere.",Minimalist,Calm/Serene,Natural (Window),Bedroom,TRUE
coastal_754.jpg,Scandinavian,"white, gray, light blue","wood, linen, wool",natural soft light from large windows,calm and airy,"bed, nightstand, seating area, shelving, storage unit",open space with central seating area and two beds surrounding it on either side,"Scandinavian-style loft bedroom with natural light, wood and linen textures, and a cozy atmosphere.",Scandinavian,Calm/Serene,Natural (Window),Bedroom,TRUE
coastal_768.jpg,Modern,"white, gray, pink","wood, fabric, metal",soft and warm,calm and relaxed,"bed, couches, rugs, chandelier",open concept with bedroom as focal point,"This modern bedroom features a pink and white color scheme, soft lighting, comfortable seating areas, and a warm and inviting atmosphere.",Modern,Calm/Serene,Ambient/Soft,Bedroom,TRUE
coastal_772.jpg,Modern Minimalist,"white, beige, light wood","wood, linen, metal",natural soft light from large windows,calm and airy,"bed, nightstands, lamp, artwork",open space with central seating area,"This is a serene and modern bedroom featuring a minimalist design, natural lighting, wooden accents, and clean lines. The room's color palette consists of white, beige, and wood tones that create a calm and airy atmosphere. The nightstands are made from wood, providing a natural element to the space. The bed is the central focus of the room, with linen sheets in neutral colors that match the overall color scheme. Artwork hangs above the bed, adding a personal touch to the design. Overall, this space feels inviting and tranquil.",Minimalist,Calm/Serene,Natural (Window),Bedroom,TRUE
coastal_774.jpg,Modern Minimalist,"white, gray","wood, fabric, metal",natural soft light from large windows,calm and airy,"bed, sofa, coffee table, floor lamp, plant",open space with central seating area,"This is a modern minimalist bedroom with a clean and streamlined design. The room features light wood walls, gray upholstery on the bed, and simple fabrics throughout. Large windows allow for natural light to fill the space, creating a calm and airy atmosphere.",Minimalist,Calm/Serene,Natural (Window),Bedroom,TRUE
coastal_775.jpg,Modern,"white, navy blue, beige","fabric, wood, metal","Bright and natural, from large windows.",Clean and minimalistic.,"bed, two nightstands, artwork, chair",Open space with a central seating area.,"Modern room with a simple design featuring a large bed, two nightstands and an artwork piece on the wall.",Modern,Modern/Sophisticated,Natural (Window),Bedroom,TRUE
coastal_788.jpg,Scandinavian,"blue and white, light wood, navy","linen, oak wood, silk",natural soft light from large windows,calm and airy,"king-size bed, two-tiered nightstands, large abstract painting, floor lamp",open space with central seating area,"This is a bright and inviting bedroom with a Scandinavian design, featuring a blue and white striped bedspread and linens set against a light wood floor. Large windows allow natural sunlight to fill the room, contributing to the serene atmosphere. The space is furnished with two-tiered nightstands, a large abstract painting as the centerpiece on the wall, and a modern floor lamp for ambient lighting.",Scandinavian,Calm/Serene,Natural (Window),Bedroom,TRUE
coastal_801.jpg,Modern Minimalist,"white, light wood","oak wood, linen",natural soft light from large windows,calm and airy,"bench, coat rack, plant, pillow",corridor with bench on side,"The space has a minimalist design with clean lines and natural light, creating a calm and serene atmosphere.",Minimalist,Calm/Serene,Natural (Window),Bedroom,TRUE
coastal_804.jpg,Modern Minimalist,"white, blue, wood","oak wood, linen, metal",natural soft light from large windows and ceiling chandelier,calm and airy,"sofa, coffee table, plant, chandelier, rug, bed",open space with central seating area,"This modern minimalist bedroom features a clean and bright color palette with white walls, blue accents, and wood elements. The room is well-lit by natural sunlight and a chandelier hanging from the ceiling. The layout is open concept, focusing on a central seating area with a sofa and coffee table. The decor includes a plant for a touch of greenery, a rug for warmth underfoot, and a bed that matches the room's color scheme.",Minimalist,Calm/Serene,Natural (Window),Bedroom,TRUE
coastal_810.jpg,Scandinavian,"white, gray, wood","wood, fabric, glass",natural light from multiple windows and ceiling fan with lights,calm and serene,"two beds, sofa, chair, nightstands, dresser",bedroom with separate sitting area,"This is a large bedroom with two twin-size beds, a sofa and chair, nightstands, and a dresser. The color palette consists of white, gray, and wood. There are multiple windows for natural light, which contributes to the calm and serene atmosphere.",Scandinavian,Calm/Serene,Natural (Window),Bedroom,TRUE
coastal_829.jpg,Modern Minimalist,"white, navy blue, red accent","linen, wood, glass","natural soft light from large windows, complemented by LED under-cabinet lighting",calm and airy,"full-size bunk beds, single trundle bed, floor lamp, bedding with geometric patterns","three single bunk beds arranged in a U shape, allowing for interaction between all occupants.","This room features a modern minimalist design, highlighted by the use of white and navy blue linens and accented by red cushions. The space is filled with natural light from large windows on three sides, creating an airy atmosphere. A series of trundle beds allows for additional sleeping capacity without sacrificing open space.",Minimalist,Calm/Serene,Natural (Window),Other,TRUE
coastal_838.jpg,Modern Minimalist,"light gray, dark blue, white","wood, fabric, metal",Natural light from large windows and ceiling fan lighting,"Cool and crisp, with a touch of warmth from the throw pillows and blanket","sectional sofa, coffee table, plant in corner, floor lamp, throw pillows",Open space leading to outdoor view,"A modern living room with a minimalist design, featuring light gray upholstery and dark blue accents. Natural light from the large windows creates a cool and airy atmosphere, while throw pillows add warmth and texture. The coffee table sits in front of the couch, serving as a functional piece of furniture that also contributes to the room's style. A floor lamp is used for additional lighting when needed. A plant adds life to the space, and a corner sectional sofa offers ample seating and conversation area.",Minimalist,Warm/Cozy,Natural (Window),Bedroom,TRUE
coastal_848.jpg,Modern Minimalist,"white, navy blue, orange accent","oak wood, linen, glass",natural soft light from large windows,calm and airy,"sofa, coffee table, plant, floor lamp, bookshelf","open space with central seating area, flanked by beds","A modern minimalist style loft bedroom featuring a white color palette with navy blue and orange accents. The room has oak wood paneling and linen upholstery, complemented by glass elements. Natural soft light from large windows creates a calm and airy mood. Key objects include a sofa, coffee table, plant, floor lamp, and bookshelf.",Minimalist,Calm/Serene,Natural (Window),Bedroom,TRUE
coastal_850.jpg,Modern,"yellow, orange, blue","wood, fabric, glass",bright and welcoming with natural light from large window,"inviting, lively and cheerful","large wooden headboard, colorful bedding, brass table lamp",bedroom layout with central focus on bed for relaxation,"A modern bedroom with bright colors, natural lighting and comfortable furnishings.",Modern,Warm/Cozy,Natural (Window),Bedroom,TRUE
coastal_852.jpg,Modern Minimalist,"turquoise blue, white, gray","wood panelling, plastic louvres, brick wall",natural light from large windows,airy and serene,"window seat with pillows, large framed artwork, blue vase with flowers, round coffee table",open space with central seating area,"This modern living room is characterized by a minimalist design with a color palette that includes turquoise blue, white, and gray. The wood panelling adds warmth to the space, while the plastic louvres provide privacy and light control. A brick wall serves as an accent piece, and large framed artwork is hung above a window seat with pillows for seating. Blue decorative pieces, such as a vase with flowers on the coffee table, add color to the room. The open floor plan encourages interaction in this serene living space.",Minimalist,Calm/Serene,Natural (Window),Bedroom,TRUE
coastal_853.jpg,Modern Minimalist,"white, beige, light wood","oak wood, linen, concrete",natural soft light from large windows,calm and airy,"sofa, coffee table, plant, floor lamp, mirror",open space with central seating area and bed against wall,"A modern minimalist interior design featuring a monochrome color scheme, natural light from windows, oak wood furniture and concrete accents. A calming atmosphere with a central seating area in front of a large window.",Minimalist,Calm/Serene,Natural (Window),Bedroom,TRUE
coastal_859.jpg,Modern Minimalist,"beige, light wood, gray","wood, linen, leather",Natural soft light from large windows and recessed ceiling lights.,"Calm and airy, with a touch of sophistication.","king-sized bed with gray headboard, wooden nightstands, large framed mirror, chandelier","Modern and elegant room design with a central focus on the large bed, surrounded by a variety of textured surfaces.","This luxurious master bedroom features clean lines, neutral tones, and natural light to create a serene and inviting space.",Minimalist,Calm/Serene,Natural (Window),Bedroom,TRUE
coastal_865.jpg,Modern Minimalist,"light blue, white, gray","wool, linen, leather",natural soft light from large windows,calm and airy,"bed, sofa, coffee table, lamp, plant",open space with central seating area,"This is a modern bedroom designed with a minimalist approach, featuring light blue walls and white linens on the bed. The room has a cozy feel with a plush sofa and a coffee table for relaxation. Large windows allow natural light to fill the space, creating a calm and airy atmosphere.",Minimalist,Calm/Serene,Natural (Window),Bedroom,TRUE
coastal_87.jpg,Modern Minimalist,"white, beige, gray","oak wood, linen, brass",natural soft light from large windows,calm and airy,"bed, nightstand, lamp, sofa, coffee table, plant, framed artwork",open space with central seating area surrounding the bed,"A modern minimalist bedroom design with an all-white color scheme, oak wood and linen materials, natural lighting, a calm and airy mood, featuring a large bed at the center surrounded by nightstands, lamps, sofa, coffee table, plant and framed artwork on the walls.",Minimalist,Calm/Serene,Natural (Window),Bedroom,TRUE
coastal_870.jpg,Modern,"blue, white, black","wood, fabric, metal",natural light from large window,cozy and inviting,"bookshelf, bed, pillows, blanket, rug","small room with built-in bed, shelves for books, and a rug on the floor","This modern room features a comfortable bed tucked under an eave, accompanied by a bookshelf filled with various items. The color palette is simple yet sophisticated, combining blue and white accented with black for a neat and tidy appearance.",Modern,Warm/Cozy,Natural (Window),Bedroom,TRUE
coastal_884.jpg,Modern Minimalist,"white, light wood, gray, navy","oak wood, leather, linen, steel",natural soft light from large windows and under-bed lights,calm and airy,"loft bed with ladder, wooden bookshelf, floor lamp, blue and white striped rug, white chair",open space with central seating area under loft bed,"This modern minimalist room features a loft bed with built-in storage, a large window for natural light, and a calming color palette of white, light wood, gray, and navy.",Minimalist,Calm/Serene,Natural (Window),Bedroom,TRUE
coastal_900.jpg,Scandinavian,"white, gray, blue","wood, linen, cotton",soft natural light from windows,cozy and inviting,"bed, nightstands, sofa, area rug",open concept with central bed placement,"This room features a Scandinavian style design with a cozy, inviting atmosphere. The color palette is neutral, with white and gray tones complemented by blue accents. Materials include wood, linen, and cotton for a soft, comfortable feel. Soft natural light illuminates the space from multiple windows. Objects in the room consist of a bed, nightstands, a sofa, and an area rug to create a warm and functional living area.",Scandinavian,Warm/Cozy,Natural (Window),Bedroom,TRUE
coastal_909.jpg,Modern Minimalist,"white, blue, tan","wood, fabric, metal",natural soft light from large windows and ceiling windows,calm and airy,"king-size bed, bed frame with storage drawers, nightstands, area rug, wall art","open space with central seating area on a carpeted floor, featuring built-in shelving units","This modern bedroom showcases a minimalist design with neutral colors and natural lighting. The room is furnished with high-quality materials including a wooden headboard and a fabric-upholstered bench at the foot of the bed. Storage features are integrated, such as built-in shelving units underneath the bed. Lighting comes primarily from large windows and ceiling windows, creating a bright and airy atmosphere.",Minimalist,Calm/Serene,Natural (Window),Bedroom,TRUE
coastal_914.jpg,Modern Minimalist,"white, light blue, green accent","wood veneer, linen, metal",natural soft light from large windows,warm and cozy,"sectional sofa, cable-knit throw blanket, decorative pillows, coffee table with a bowl of fruit, floor lamp",open space with central seating area around fireplace,"This living room features a modern, minimalist design with a focus on natural materials and soft lighting. The color palette is warm with white walls that make the room feel airy and spacious. A large fireplace serves as the centerpiece of the space, creating a cozy atmosphere. Furniture includes a comfortable sectional sofa, and various decorative elements such as throw pillows and a coffee table with a bowl of fruit add touches of color and personality to the room.",Minimalist,Warm/Cozy,Natural (Window),Bedroom,TRUE
coastal_935.jpg,Scandinavian,"white, beige, light wood","oak wood, linen, natural fibers","soft, warm light from natural and artificial sources",calm and tranquil,"bed, blanket, pillows, sofa",open plan with bed as focal point,"This is a Scandinavian-style bedroom that combines minimalist design elements, soft materials like linen and natural fibers, and a calming color palette of white, beige, and light wood. The room features an open layout with the bed as its focal point, complemented by a cozy sofa for relaxation.",Scandinavian,Calm/Serene,Natural,Bedroom,TRUE
coastal_936.jpg,Modern Minimalist,"white, beige, light wood","oak wood, linen, steel",natural soft light from large windows,calm and airy,"bed, wooden nightstand, potted plant, area rug",open space with central seating area,"This is a well-lit, modern bedroom with minimalist decor that creates a calm and airy atmosphere.",Minimalist,Calm/Serene,Natural (Window),Bedroom,TRUE
coastal_942.jpg,Scandinavian,"white, beige, light wood","oak wood, linen, concrete",natural soft light from large windows and recessed lights in the ceiling,calm and airy,"staircase with built-in storage nook, modern furniture with neutral tones, textured throw pillows",open space with central staircase leading to an open upper level,"This Scandinavian style interior features a modern minimalist design, utilizing oak wood and concrete for warmth and texture. The space is filled with natural light from large windows and recessed lights in the ceiling.",Scandinavian,Calm/Serene,Natural (Window),Bedroom,TRUE
coastal_947.jpg,Modern,"blue, white, green","wood, linen, acrylic",bright and natural sunlight from the windows,calm and organized,"bed, nightstand, bookcase, chair","open space with a central bed between two nightstands, bookcase along one wall","A modern room featuring light wood tones and blue accents, brightly lit by natural sunlight through large windows.",Modern,Calm/Serene,Natural (Window),Bedroom,TRUE
coastal_963.jpg,Modern Minimalist,"white, light blue","wood, fabric",natural soft light from large windows,calm and airy,"bed, table with books, lamp, vase",open space with central seating area,"This bedroom is designed in a minimalist style, featuring white walls and light blue accents. The centerpiece of the room is the large bed placed against one wall, flanked by two nightstands holding reading materials and lamps for ambiance. A window allows natural light to fill the space, enhancing the airy feel.",Minimalist,Calm/Serene,Natural (Window),Bedroom,TRUE
coastal_966.jpg,Modern Minimalist,"white, beige, light wood","wood, fabric, glass",natural soft light from large windows,calm and airy,"bed, vanity mirror, chair, nightstand, console table",open space with central seating area around bed,"A serene and minimalist master bedroom design featuring a large window, natural wood tones, white linens, and carefully chosen furniture.",Minimalist,Calm/Serene,Natural (Window),Bedroom,TRUE
coastal_971.jpg,Scandinavian,"white, blue, wood","linen, wood, glass","bright and soft, with natural light streaming in from large windows.",calm and inviting.,"bed, sofa, table, bookshelf, plant","an open space layout with a central seating area between the two beds, creating a feeling of togetherness.","This bedroom is designed in a Scandinavian style, featuring a calming color palette of white and blue, with wood accents. The room has a bright and inviting atmosphere due to its natural lighting and open layout, with furniture including beds, sofas, tables, bookshelves, and plants that add life.",Scandinavian,Calm/Serene,Natural (Window),Bedroom,TRUE
coastal_977.jpg,Southern Coastal,"white, light gray, navy blue","cedar shingles, distressed white paint, metal railings","Natural light from windows and doors, with supplementary outdoor lighting for nighttime use.",Welcoming and casual,"large front door, multiple outdoor seating areas, distinctive roofline with peaked shingles","Front porch leads to a central entryway, flanked by bedrooms. Open floor plan allows for easy movement and flow.",A two-story coastal home with a welcoming front porch and open interior spaces that prioritize comfort and seamless transition from the exterior environment.,Other,Other,Natural (Window),Bedroom,TRUE
coastal_979.jpg,Modern Minimalist,"blue, white, beige","fabric, wood, metal",soft ambient light from wall sconces and floor lamps,calm and inviting,"bed, nightstands, lamp, pillows","comfortable bedroom with king-size bed in center, nightstands on either side, and floor lamps providing ambient lighting","The room is a modern minimalist space with blue accents, featuring a comfortable king-size bed as the focal point. The color palette is simple, with beige tones for a warm and inviting feel. A mix of fabric, wood, and metal materials gives it a contemporary look while wall sconces and floor lamps provide soft lighting that sets a calm and cozy mood.",Minimalist,Calm/Serene,Ambient/Soft,Bedroom,TRUE
contemporary_106.jpg,Modern Minimalist,"white, light wood","wood, linen",natural soft light from large windows,calm and airy,"bed, nightstand, lamp, pillows, ruffled bedspread, framed art","cozy corner with a bed at the end of a wall, nightstand by the bed, lamp on the nightstand, framed art above the bed.","This is a modern minimalist bedroom. The color palette consists of white and light wood tones, creating a clean and serene environment. The bed features a ruffled bedspread that adds texture to the room. A wooden headboard behind the bed contributes to the warmth of the space. There's a lamp on the nightstand for cozy nighttime reading. Overall, this is a calm and airy bedroom that focuses on simplicity and natural light.",Minimalist,Calm/Serene,Natural (Window),Bedroom,TRUE
contemporary_116.jpg,Modern Minimalist,"white, light wood, gray","oak wood, linen, concrete",natural soft light from large windows and accentuated with pendant lights,calm and airy,"bed, bench, coffee table, floor lamp, plant","open space layout with bed at center and bench along one wall, creating a cozy sitting area",This room features a minimalist design with a focus on natural materials and soft lighting to create a serene and inviting atmosphere.,Minimalist,Calm/Serene,Natural (Window),Bedroom,TRUE
contemporary_134.jpg,Modern,"navy blue, light gray, white","velvet, linen, wood","The room is well lit with soft ambient lighting, accentuated by the chandelier above the bed.",The mood of this room is luxurious and cozy.,"king size bed, accent pillows, area rug, wall sconces","This room features a spacious layout with the bed as the focal point, surrounded by windows that let in natural light. A chandelier hangs above the bed to provide additional illumination.","The image shows a modern and luxurious bedroom with a navy blue color scheme, wooden accents, and soft lighting.",Modern,Warm/Cozy,Pendant/Chandelier,Bedroom,TRUE
contemporary_137.jpg,Modern Minimalist,"white, light wood, grey","wood, linen, glass",natural soft light from large windows and ceiling lights,bright and energetic,"bed, dresser, coffee table, chairs, mirror",spacious open floor plan with a central seating area and bedrooms on either side,"A modern minimalist design that feels bright and energetic. The room features wood floors, linen accents, and natural light from large windows and ceiling lights.",Minimalist,Bright/Airy,Natural (Window),Bedroom,TRUE
contemporary_14.jpg,Modern Minimalist,"white, black, gray","oak wood, fabric upholstery, metal frame on bed",soft natural light from large windows,calm and airy,"queen-size bed, desk with chair, floor lamp, framed print on wall, mirror","small room with central furniture arrangement, creating a sense of openness","This is a modern and minimalist bedroom space, featuring a neutral color palette with oak wood accents. The room has a large window allowing for soft natural light, and the layout centers on the queen-size bed to create an airy feeling.",Minimalist,Calm/Serene,Natural (Window),Bedroom,TRUE
contemporary_159.jpg,Modern Minimalist,"white, beige, light wood","fabric, wood, metal",Natural soft light from large windows,Calm and airy,"bed, nightstand, lamp, artwork, blanket","Bedroom with bed as focal point, flanked by nightstands on either side.","Modern minimalist bedroom design featuring clean lines and neutral tones. The space is bright and airy, with large windows allowing natural light to fill the room.",Minimalist,Calm/Serene,Natural (Window),Bedroom,TRUE
contemporary_175.jpg,Minimalist,"white, black, gray","wood, leather, metal",natural light from large windows and a skylight,modern and serene,"bed, nightstand, chair, lamp, bookshelf, pillows",spacious with ample walking area,"This minimalist bedroom features a clean design with a white bed, black and gray color palette, wood paneling on the wall, leather headboard, metal accents, large windows for natural light, and a skylight. The room feels modern and serene.",Minimalist,Calm/Serene,Natural (Window),Bedroom,TRUE
contemporary_191.jpg,Modern,"white, black, gray","concrete, steel, wood",natural soft light from large windows,calm and minimalist,"bed, nightstands, lamp, sofa",open space with central seating area around a window wall,"This is a modern bedroom with a minimalist design featuring a simple color palette, concrete and steel materials, soft lighting from large windows, and a calming atmosphere. The room has a bed, nightstands, lamp, and sofa for seating.",Modern,Calm/Serene,Natural (Window),Bedroom,TRUE
contemporary_248.jpg,Industrial Loft,"white, wood, black","metal, concrete, leather",natural soft light from large windows and overhead track lighting,modern and cozy,"bed, large window, ceiling fan, speakers, storage bench","open space with central bed as focal point, flanked by large windows and overhead track lighting.",Unknown,Industrial,Warm/Cozy,Natural (Window),Bedroom,TRUE
contemporary_250.jpg,Modern,"white, beige, wood","wood, linen, brass",soft overhead lighting with additional natural light from windows,calm and neutral,"baby crib, dresser, shelves, lamp",small room with simple layout centered around baby area,"This nursery is designed in a modern style, utilizing light wood tones for a calm and neutral mood. The furniture is arranged to maximize space efficiently while still creating a comfortable environment for the child.",Modern,Calm/Serene,Natural (Window),Bedroom,TRUE
contemporary_252.jpg,Modern Minimalist,"white, black, blue","wood, fabric, metal",bright and airy with natural light from the large window,calm and serene,"bed, nightstands, plant, painting",open space with bed as focal point and nightstands flanking on either side,"This modern minimalist bedroom features a clean, monochromatic color scheme with white walls and blue accents. The large window allows for natural light to brighten the room, creating an airy atmosphere. A wooden bed is placed in the center of the room, flanked by two nightstands on either side. A green plant adds a touch of nature, and a painting above the bed serves as a focal point. The overall mood is calm and serene.",Minimalist,Calm/Serene,Natural (Window),Bedroom,TRUE
contemporary_253.jpg,Modern Minimalist,"white, gray, black","wood, fabric, leather",soft warm light from ceiling and floor lamps,calm and sophisticated,"sofa, coffee table, bookcase, floor lamp, throw pillows",open space with central seating area and wooden floors,"This modern minimalist living room features a monochromatic color scheme, with white walls and gray and black accents. The room is furnished with a sofa and coffee table in the center, flanked by a bookcase on one side and a floor lamp on the other. A wooden fireplace anchors the space, providing a warm and cozy ambiance.",Minimalist,Calm/Serene,Ambient/Soft,Bedroom,TRUE
contemporary_261.jpg,Modern Minimalist,"white, gray, natural wood","oak wood, linen, concrete",soft and warm glow from wall sconces,calm and serene,"dresser, changing table, giraffe toy, stuffed animal",functional yet simple with a clear division of space,This modern nursery features a minimalist design with a warm and inviting atmosphere.,Minimalist,Calm/Serene,Ambient/Soft,Bedroom,TRUE
contemporary_268.jpg,Scandinavian,"white, light grey, beige","wood, linen, metal","soft, natural light from large windows and recessed ceiling lights",calm and serene,"bed, nightstand, side table, lamp, artwork",open space with central focus on bed under arched window,"The room is designed in a minimalist Scandinavian style, featuring natural materials and light colors to create a calm and serene atmosphere.",Scandinavian,Calm/Serene,Natural (Window),Bedroom,TRUE
contemporary_271.jpg,Modern Minimalist,"white, gray, beige","wood, fabric, glass",natural light from large windows and recessed lighting in the ceiling,calm and airy,"sofa bed, coffee table with trays for beverages, large indoor plant, floor lamp",open space with central seating area and a large window overlooking nature,"This modern minimalist hotel room features a comfortable king-size sofa bed, a large flat screen TV, a coffee table with trays for beverages, and a floor lamp that enhances the natural light streaming in from the large windows. The spacious layout includes a seating area in the center of the space, providing ample room to relax or entertain guests.",Minimalist,Calm/Serene,Natural (Window),Living Room,TRUE
contemporary_286.jpg,Scandinavian,"white, black, beige","wood, fabric, metal",bright and natural sunlight,calm and relaxed,"bed, nightstands, lamp, plant",open space with a central bed area,"This is a modern Scandinavian bedroom with a bright, open layout that uses neutral colors and natural materials.",Scandinavian,Calm/Serene,Natural,Bedroom,TRUE
contemporary_29.jpg,Modern Minimalist,"black, white, grey","leather, wood, metal",bright and well lit space with recessed lighting,sophisticated and elegant atmosphere,"black leather sofa, black leather armchair, crystal chandelier, black velvet throw pillows",theatre style seating arrangement with black leather furniture in a dark room,"A modern minimalist home theatre featuring black leather furniture and accents, set against a backdrop of recessed lighting that highlights the sophisticated atmosphere.",Minimalist,Modern/Sophisticated,Recessed,Bedroom,TRUE
contemporary_319.jpg,Scandinavian,"white, beige, light wood","wood, fabric, glass",natural soft light from large windows and ceiling lights,calm and airy,"sofa, coffee table, plant, floor lamp, books, pillows, vase","open space with central seating area, flanked by windows on either side","This living room is designed in a Scandinavian style with a calming color palette of white, beige and light wood. The space features wooden floors, fabric upholstery, and glass elements for a natural and minimalistic look. Large windows allow for ample natural light, enhancing the airy feel of the room. The layout is open and inviting, with a central seating area flanked by windows on either side.",Scandinavian,Calm/Serene,Natural (Window),Bedroom,TRUE
contemporary_324.jpg,Modern Minimalist,"white, beige, light wood","leather, glass, natural stone","soft, recessed lighting with accents of warm tone track lighting",modern and inviting,"large sectional sofa, tufted armchairs, accent pillows, plant",open plan with a centralized area for conversation or entertainment,"The living room design is modern minimalist, featuring neutral tones and natural materials, with a focus on comfort and style.",Minimalist,Warm/Cozy,Recessed,Bedroom,TRUE
contemporary_341.jpg,Modern Minimalist,"white, gray, wood accents","oak wood, linen, concrete, steel","natural soft light from large windows, ambient lights",calm and airy,"sofa, coffee table, plant, floor lamp, bed, chair, couch, table","open space with central seating area, bed in corner","Modern minimalist design with white and gray color scheme, natural wood accents, ambient lighting, and an open layout for a calm, airy feel.",Minimalist,Calm/Serene,Natural (Window),Bedroom,TRUE
contemporary_395.jpg,Modern Minimalist,"white, light wood, grey","oak wood, linen, steel",soft and natural light from windows and chandelier,calm and sophisticated,"sofa, coffee table, floor lamp, potted plant, area rug","open space with central seating area, flanked by bed and chairs on either side","This modern minimalist hotel suite offers a calm and sophisticated atmosphere with soft lighting that enhances the natural wood elements and linen textures. The open layout creates a spacious feel while maintaining intimate spaces for sleeping, relaxing, and dining.",Minimalist,Calm/Serene,Natural (Window),Bedroom,TRUE
contemporary_408.jpg,Modern Minimalist,"white, beige, light wood","linen, concrete, steel",natural soft light from large windows and recessed ceiling lights,calm and airy,"bed, bedside table, lamp, vase with flowers, window treatment",open space with central seating area around bed and flanking nightstands,"The room is a modern, minimalist interior design. It features a neutral color palette with soft linen fabrics on the bedding and furniture, complemented by concrete walls. A steel beam adds an industrial touch to the space while natural light streams in from floor-to-ceiling windows, creating a serene atmosphere.",Minimalist,Calm/Serene,Natural (Window),Bedroom,TRUE
contemporary_433.jpg,Modern Minimalist,"white, gray, beige, black","wood, fabric, metal, leather",soft and diffused natural light from large windows,calm and serene,"bed, sofa, coffee table, side tables, floor lamp","open space with a central seating area, anchored by the bed","A modern minimalist bedroom design with white and gray color tones, featuring wooden flooring, fabric upholstery, and natural light streaming in from large windows.",Minimalist,Calm/Serene,Natural (Window),Bedroom,TRUE
contemporary_439.jpg,Modern,"white, gray, beige","leather, wood, metal",Natural and artificial light with warm glow.,Elegant and sophisticated,"sofa, coffee table, plant, floor lamp, couches, pillows",Open-concept living room with seating area near windows.,"This elegant modern living room features neutral colors, a variety of textures, and natural light. The space is open and inviting, perfect for relaxation or entertaining guests.",Modern,Modern/Sophisticated,Natural,Bedroom,TRUE
contemporary_443.jpg,Modern Minimalist,"white, beige, light wood","oak wood, linen, concrete, steel",natural soft light from large windows,calm and airy,"sofa, coffee table, plant, floor lamp",open space with central seating area,"This modern minimalist bedroom features a clean and uncluttered design, utilizing light wood accents to complement the white walls and linen furnishings. Natural soft light from large windows illuminates the space, creating a calm and airy atmosphere.",Minimalist,Calm/Serene,Natural (Window),Bedroom,TRUE
contemporary_453.jpg,Modern Minimalist,"beige, cream, brown","steel, oak wood, glass",modern LED track lighting with spotlight feature,calm and clean,"king size bed, wooden dresser, floor lamp, modern side table, large wall mirror",open space design with floating platform bed,"A modern, minimalist hotel room with a calming and clean atmosphere featuring beige tones, oak wood accents, steel surfaces, glass elements, LED lighting, and floating platform bed.",Minimalist,Calm/Serene,Mixed/Other,Bedroom,TRUE
contemporary_456.jpg,Scandinavian,"white, beige, light wood","wood, linen, stone",natural soft light from large windows and warm glow from fireplace,calm and airy,"sofa, coffee table, plant, floor lamp, pillows","open space with central seating area, natural lighting, and a cozy fireplace","This Scandinavian-style living room features a warm beige color palette with wood accents. Natural light fills the space through large windows, and a fireplace adds warmth to the cozy atmosphere.",Scandinavian,Calm/Serene,Natural (Window),Bedroom,TRUE
contemporary_479.jpg,Scandinavian,"white, gray, black","wool, metal, wood",ambient light with warm glow from fireplace and floor lamps,calm and cozy,"sofa, coffee table, area rug, floor lamp, throw pillows",modern and clean with central sofa facing fireplace,"The interior design of this living space combines a minimalist Scandinavian style with warm accents provided by the fireplace and a palette that is predominantly gray, white, and black. The furniture and decor are made from natural materials like wool and wood, creating an inviting and serene environment.",Scandinavian,Calm/Serene,Ambient/Soft,Bedroom,TRUE
contemporary_488.jpg,Modern Minimalist,"white, black, gray","leather, wood, metal",soft and indirect lighting from recessed lights in the ceiling and floor lamps,calm and serene,"bed, sofa, coffee table, nightstands, floor lamp","open space with a bedroom area, a seating area in the living room, and a dining/working area","A modern minimalist bedroom with a neutral color palette, featuring leather upholstery, wood elements, and a serene atmosphere.",Minimalist,Calm/Serene,Recessed,Bedroom,TRUE
contemporary_501.jpg,Modern Minimalist,"white, beige, light wood","oak wood, linen, concrete, steel",natural soft light from large windows,calm and airy,"sofa, coffee table, plant, floor lamp, rug, cushions, decorative pillows",open space with central seating area surrounding large windows,"This is a modern, minimalist living room with a calming atmosphere that features oak wood, linen, and concrete materials. The lighting is soft and natural due to the large windows, creating an airy ambiance. There's a comfortable sofa and coffee table for relaxation, complemented by decorative items such as a rug, cushions, and pillows. The layout is open with a central seating area that surrounds the windows.",Minimalist,Calm/Serene,Natural (Window),Bedroom,TRUE
contemporary_517.jpg,Modern Minimalist,"white, light gray, dark gray","wood, fabric, glass","soft, warm lighting with a mix of natural and artificial sources",calm and sophisticated,"large bed, two-tiered dresser, wall art, floor lamp","bedroom with central king size bed flanked by nightstands on each side, with a two-tiered dresser against the wall.","A modern minimalist bedroom featuring a calming color palette of white and gray tones, high quality materials like wood and fabric, and a sophisticated mood.",Minimalist,Calm/Serene,Natural,Bedroom,TRUE
contemporary_54.jpg,Modern,"white, gray, orange, red","fabric, wood, metal",natural light from large windows,bright and energetic,"bed, couch, chair, bookcase",open space with central seating area,"This is a modern bedroom with an open floor plan, featuring a colorful bedspread, bright lighting, and large windows that let in natural light.",Modern,Bright/Airy,Natural (Window),Bedroom,TRUE
contemporary_549.jpg,Modern Minimalist,"white, beige, light wood","oak wood, linen, concrete",natural soft light from large windows,calm and airy,"bed, nightstand, lamp, plant","simple, linear layout with beds parallel to each other","This room features a modern minimalist design with light wood accents, oak wood walls and ceilings, and natural lighting from two large windows. The simple, linear layout includes two parallel beds separated by a nightstand with a lamp on it.",Minimalist,Calm/Serene,Natural (Window),Bedroom,TRUE
contemporary_552.jpg,Minimalist,"white, gray, black","concrete, steel, leather",Natural soft light from large windows,Modern and sleek,"bed, nightstands, lamp, framed artwork",Open space with central seating area in front of bed,"This minimalist hotel room features a modern and sleek design with a monochromatic color palette. Concrete and steel materials add to the contemporary feel, while large windows allow natural soft light to fill the space. The room is furnished with essential pieces such as a bed, nightstands, lamp, and framed artwork, creating an open layout that focuses on the central seating area.",Minimalist,Modern/Sophisticated,Natural (Window),Bedroom,TRUE
contemporary_572.jpg,Scandinavian,"grayscale, rustic wood tones","wood, fabric, brick wall","natural and ambient lighting, with additional reading lamps",calm and inviting,"bed, nightstand, framed artwork, floor lamp",small-space layout with a focus on functionality,"A cozy, Scandinavian-style bedroom with a rustic touch and natural lighting.",Scandinavian,Calm/Serene,Natural,Bedroom,TRUE
contemporary_599.jpg,Modern Minimalist,"black, white, wood tones","oak wood, linen, metal frame",natural light from large windows,calm and cozy,"bed, side table, plant, artwork","functional, with minimal clutter","A modern bedroom with a simple color palette, featuring a large wooden bed frame, artwork on the wall, and minimal decorations.",Minimalist,Calm/Serene,Natural (Window),Bedroom,TRUE
contemporary_602.jpg,Modern Minimalist,"black, white, gray","wood, fabric, metal",well-lit with natural light from large windows and a skylight,calm and luxurious,"sofa, coffee table, floor lamp, rug, wall art",open space with central seating area and bedroom to the side,"This modern living room features a clean, minimalist design with black and white color accents on sleek furniture. The large windows fill the space with natural light, contributing to its serene and luxurious atmosphere.",Minimalist,Calm/Serene,Natural (Window),Bedroom,TRUE
contemporary_613.jpg,Modern Minimalist,"white, light wood, navy","oak wood, leather, metal, fabric","soft, even lighting from ceiling lights","clean, contemporary, and cozy","bed, bookshelf, chair, desk, television",organized space with work/lounge areas separated by built-in cabinetry,"A modern bedroom features a minimalist design with built-in storage, creating a clean and organized environment. The color palette is kept light to maintain a sense of spaciousness.",Minimalist,Warm/Cozy,Ambient/Soft,Bedroom,TRUE
contemporary_615.jpg,Modern Minimalist,"white, natural wood, green accents","concrete floors and walls, wooden beams and support columns, steel frame on roof","Natural soft light from large windows, supplemented by recessed lighting in the ceiling.",Calm and airy with a touch of rustic charm.,"Sofa, Oval Ottoman, Large Indoor Plant, Hanging Basket Planter, Bookshelf","Open space with central seating area, surrounded by raised planters containing gardening projects.","This indoor garden room features a modern minimalist design with clean lines and natural materials. The layout is open and inviting, with a central seating area surrounded by raised garden beds filled with plants and flowers.",Minimalist,Calm/Serene,Natural (Window),Living Room,TRUE
contemporary_62.jpg,Modern Minimalist,"black, white, gray","leather, metal, wood",ambient and accent lighting,modern yet warm and inviting,"bed, nightstand, chair, table",spacious bedroom with bed as central feature,"This is a modern bedroom that combines black, white, and gray tones to create a sleek and minimalist design. The room features a leather bed, metal nightstands, and wood accents for warmth. Ambient lighting provides a soft glow, while accent lighting adds depth and highlights the modern decor.",Minimalist,Warm/Cozy,Ambient/Soft,Bedroom,TRUE
contemporary_630.jpg,Modern Minimalist,"white, gray, blue","wood paneling, fabric upholstery, concrete shelving","soft and adjustable ambient lighting, with recessed lighting in the ceiling",calm and sophisticated,"bed, nightstands, lounge chair, plants","open floor plan with a central bedroom area, flanked by a lounge on one side and storage on the other","This bedroom is designed in a modern minimalist style, featuring a monochromatic color palette of white, gray, and blue. The room includes wood paneling as a prominent material choice, with fabric upholstery adding texture and warmth. Recessed lighting provides adjustable ambient lighting, creating a calm and sophisticated atmosphere. Furniture pieces include a bed, nightstands for personal items, a lounge chair for relaxation, and plants to add life and color to the space.",Minimalist,Calm/Serene,Recessed,Bedroom,TRUE
contemporary_631.jpg,Modern Minimalist,"white, beige, dark wood","wood paneling, linen, leather","warm and cozy with soft, ambient light from recessed lights and a fireplace",calm and serene,"sofa, coffee table, floor lamp, large potted plant, wooden headboard","open space with central seating area around the fireplace, flanked by bed on left and reading nook on right","This modern minimalist room features a warm wood-paneled wall, leather accents, and soft lighting. A cozy fireplace serves as the focal point of the space, with a large potted plant adding a touch of greenery. The open layout allows for easy movement and creates an inviting atmosphere.",Minimalist,Calm/Serene,Recessed,Bedroom,TRUE
contemporary_65.jpg,Modern Minimalist,"white, beige, light wood","oak wood, linen, concrete, steel",bright and airy with natural light from large windows,calm and clean,"freestanding tub, walk-in shower, double vanity, floor lamp, white potted plant",open space with clear separation between sleeping area and bathroom,This modern bathroom combines a minimalist design with high-quality materials and natural light to create a serene and stylish space.,Minimalist,Calm/Serene,Natural (Window),Bathroom,TRUE
contemporary_657.jpg,Scandinavian,"white, light wood, dark grey","wood paneling, leather, brass",Warm and inviting with a mix of natural light and under-cabinet LED lights.,"Relaxed and cozy, combining modern minimalist design with comfortable textures and colors.","minimalist sofa, wooden coffee table, floor lamp, plush area rug","Open concept layout with a central seating area, flanked by bedrooms on both sides.",This modern two-story home features a Scandinavian design that is warm and inviting. The minimalist interior combines natural light and under-cabinet LED lights to create an open concept living space with ample seating options.,Scandinavian,Warm/Cozy,Natural,Bedroom,TRUE
contemporary_661.jpg,Modern Industrial,"grey, green, yellow","concrete, metal, wood",dimmable overhead lights and wall sconces,modern yet inviting,"sofa with throw pillows, large woven rug, hanging plants, wine rack","open floor plan with central seating area, surrounded by greenery","This modern industrial living room features a mix of concrete and wood elements, providing a warm yet contemporary space that is accentuated by the use of plants and a vibrant color palette.",Modern,Warm/Cozy,Ambient/Soft,Bedroom,TRUE
contemporary_671.jpg,Modern Minimalist,"gray, white, green accent","oak wood, linen, concrete, steel",natural soft light from large windows,calm and airy,"bed, chair, sofa, coffee table, plant",spacious bedroom with a central sitting area,"This modern minimalist bedroom has a calming and airy atmosphere, featuring light gray walls, oak wood flooring, linen accents, a large window for natural light, and furniture in neutral tones. A central sofa creates a comfortable sitting area, with a bed placed next to it.",Minimalist,Calm/Serene,Natural (Window),Bedroom,TRUE
contemporary_687.jpg,Modern Minimalist,"white, gray, black","wood, metal, fabric",natural light from windows and pendant lights,"modern, clean, serene","bed, nightstand, storage bench, floor lamp, bookshelf",simple yet elegant bedroom layout with a central focus on the bed,"This is a beautifully designed modern minimalist bedroom that combines functionality with style. The use of natural materials and a simple color palette creates a serene and clean atmosphere. The bed is the centerpiece, with surrounding furniture that provides both storage and seating options.",Minimalist,Calm/Serene,Natural (Window),Bedroom,TRUE
contemporary_688.jpg,Modern Minimalist,"white, light wood, navy blue","wood, fabric, metal",natural soft light from large windows,calm and airy,"queen size bed, sofa, coffee table, floor lamp, plant",open space with central seating area,"This is a luxurious hotel room with a modern minimalist design. The color palette consists of white, light wood, and navy blue, giving it an elegant yet cozy feel. Materials such as wood, fabric, and metal are used throughout the space, adding warmth and texture to the room. Natural soft light from large windows illuminates the room, creating a calm and airy mood. The room features a queen size bed positioned in front of a window overlooking the city skyline. A comfortable sofa is situated next to a coffee table, and there's a floor lamp for additional lighting when needed. The floor has been kept bare, which adds to the minimalist design approach. Overall, this room exudes comfort and tranquility, making it perfect for relaxation and rejuvenation.",Minimalist,Calm/Serene,Natural (Window),Bedroom,TRUE
contemporary_706.jpg,Modern Minimalist,"gray, white, wood","wood, leather, linen",ambient and task lighting,calm and sophisticated,"sofa, coffee table, bed, chairs",open space with central seating area around fireplace,"The room features a modern minimalist design, with gray walls, white bedding, and wood accents. The layout includes an open space with a central sitting area around a fireplace. Natural lighting is used in combination with ambient and task lighting to create a calm and sophisticated atmosphere.",Minimalist,Calm/Serene,Ambient/Soft,Living Room,TRUE
contemporary_717.jpg,Modern Minimalist,"white, gray, wood","oak wood, fabric, steel, glass",soft natural light from large windows with blackout curtains,calm and sophisticated,"king size bed, sofa, coffee table, floor lamp, plants",open space with central seating area around a fireplace,"A modern minimalist bedroom design featuring a king size bed, sofa, coffee table, floor lamp, and plants. Natural soft light fills the room through large windows.",Minimalist,Calm/Serene,Natural (Window),Bedroom,TRUE
contemporary_726.jpg,Modern Minimalist,"white, wood tones, navy blue","white painted wood, natural linen, brushed metal",recessed lighting and natural sunlight,"modern, clean, and bright","wood bunk bed, storage bench, ladder on shelving unit, large window, white nightstands",small but efficient space with multifunctional furniture for storage and sleeping,"This modern, minimalist room combines functionality with a bright and airy atmosphere through the use of white, wood tones, and navy blue. A bunk bed provides sleeping space, while shelving units and a storage bench keep the room organized.",Minimalist,Modern/Sophisticated,Natural,Bedroom,TRUE
contemporary_728.jpg,Modern Minimalist,"white, gray, wood","oak wood, linen, steel","soft, ambient lighting from recessed lights and floor lamp",calm and serene,"bed, end table, nightstand, painting",clean lines and open space with bed as focal point,"A neat, modern hotel room with a minimalist design, featuring a neutral color palette and sleek furnishings.",Minimalist,Calm/Serene,Recessed,Bedroom,TRUE
contemporary_736.jpg,Modern Minimalist,"beige, dark gray","wood, fabric",natural soft light from large windows,calm and airy,"king-size bed, leather armchair, floor lamp, abstract art, wooden side table",open space with central seating area,"This modern, minimalist hotel room features a king-size bed, leather armchair, and abstract art. The open space design allows for a calming atmosphere with natural soft light from the large windows.",Minimalist,Calm/Serene,Natural (Window),Living Room,TRUE
contemporary_756.jpg,Modern Minimalist,"light beige, white, blue","steel, glass, natural wood",natural soft light from large windows,calm and airy,"bed, nightstand, clothing rack, shoe rack",space divided into sleeping area and storage/closet area,"Modern minimalist bedroom with a calming color scheme, natural light, and organized furniture arrangement.",Minimalist,Calm/Serene,Natural (Window),Bedroom,TRUE
contemporary_772.jpg,Scandinavian,"white, gray, light wood","wood, fabric, glass",warm soft light from floor lamps and wall sconces,calm and serene,"bed, nightstands, lamp, chandelier",modern minimalist design with clean lines and spacious layout,"A cozy, minimalist bedroom with a large bed, modern furnishings, and soft lighting.",Scandinavian,Calm/Serene,Ambient/Soft,Bedroom,TRUE
contemporary_775.jpg,Scandinavian,"teal blue, white, light wood","oak wood, linen, steel",natural soft light from large windows,calm and airy,"sofa, coffee table, plant, floor lamp, green chairs, dog bed, shelving unit",open space with central seating area,"The room features a bright teal blue color palette, with oak wood accents and a steel tabletop. The natural light pours in through the windows and illuminates the space. There's a green-toned sofa facing a coffee table, on top of which sits a plant. A floor lamp is positioned to provide additional lighting in the evening. Green chairs are tucked under a shelving unit against one wall. A dog bed is placed near the back wall and includes a soft cushion for the canine occupant. The overall mood of the room is calm and airy.",Scandinavian,Calm/Serene,Natural (Window),Bedroom,TRUE
contemporary_778.jpg,Modern Minimalist,"white, grey, blue","wood, linen, brass",soft overhead lights and ambient floor lamps,calm and airy,"bed, coffee table, nightstand, plant, floor lamp",two beds with ladder in a bedroom,"This interior design showcases a modern minimalist style with a palette of white, grey and blue. The room is furnished with two twin beds with green accents, wooden headboards and ladders, and a coffee table at the center. Natural light from large windows creates a calm and airy atmosphere.",Minimalist,Calm/Serene,Ambient/Soft,Bedroom,TRUE
contemporary_783.jpg,Modern Minimalist,"white, gray, burnt orange","linen, wool, wood, glass",Soft light from built-in sconces,Calm and airy,"bed, side table with shelves, woven rug, hanging plant",Open space centered around bed area,"This modern, minimalist bedroom features a white linen headboard, burnt orange accents, and natural light from a large window.",Minimalist,Calm/Serene,Ambient/Soft,Bedroom,TRUE
contemporary_784.jpg,Modern,"gray, white, blue","wood, silk, metal",natural light from windows and overhead fixture,calm and minimalistic,"bed, nightstand, side table, lamp, throw pillows","simple bedroom design with a bed against the wall, nightstand next to it, and side table and lamp near the foot of the bed.",A modern bedroom with a simple color palette and minimalistic design elements.,Modern,Calm/Serene,Natural (Window),Bedroom,TRUE
contemporary_785.jpg,Modern Minimalist,"white, beige, light wood","wood, fabric, metal",natural soft light from large windows,calm and airy,"bed, nightstand, draperies, plant","modern bedroom with clean lines, central nightstand, and open space","This is a modern minimalist bedroom that focuses on clean lines and simplicity. The room has a large bed made of wood and fabric materials, complemented by beige linens and a light wood color palette. A wooden nightstand with a plant on top adds a touch of greenery to the space, while large windows let in natural soft light. The overall mood is calm and airy, which aligns with the minimalist design style.",Minimalist,Calm/Serene,Natural (Window),Bedroom,TRUE
contemporary_789.jpg,Modern Minimalist,"black, white, beige","wood, fabric, metal","Soft, warm light from a floor lamp and bedside lights.",Calm and elegant,"bed, end table, lamp, pillow",A spacious bedroom with a large bed placed centrally.,"This modern minimalist room features a clean, elegant design with a monochromatic color scheme and natural materials. The soft lighting creates a warm and inviting atmosphere.",Minimalist,Calm/Serene,Ambient/Soft,Bedroom,TRUE
contemporary_797.jpg,Modern,"gray, white, orange","wood, fabric, brick",natural light from floor-to-ceiling windows,airy and spacious,"sectional sofa, coffee table, floor lamp, throw pillows",open concept with a large seating area in front of the windows,"This modern living room features a gray sectional sofa, an orange throw pillow, white walls and ceiling, hardwood floors, and large floor-to-ceiling windows that let in natural light, creating an airy and spacious atmosphere.",Modern,Bright/Airy,Natural (Window),Bedroom,TRUE
contemporary_825.jpg,Modern,"white, gray, blue","wood, fabric, glass",warm ambient lighting with recessed lights and floor lamp,comfortable and inviting,"sofa, coffee table, area rug, floor lamp, couch, pillows, artwork",open concept with a separate living room area adjacent to the kitchen,"This modern living room is designed with comfort and functionality in mind, featuring natural materials and contemporary furnishings that create a welcoming and stylish space.",Modern,Warm/Cozy,Recessed,Bedroom,TRUE
contemporary_826.jpg,Scandinavian,"white, blue, teal","wood, leather, linen",warm and inviting with natural light coming through the windows,calm and relaxed,"king size bed, two-tone upholstered armchair, accent pillows, white sheer curtains, woven area rug, plant in a corner",spacious with an open floor plan,"This is a modern hotel room featuring Scandinavian design principles, focusing on simplicity and natural materials. The color palette includes light wood tones, white, and teal accents. The room is well-lit by natural light and has a warm atmosphere with inviting textures.",Scandinavian,Calm/Serene,Natural (Window),Bedroom,TRUE
contemporary_837.jpg,Modern Minimalist,"black, white, gray","leather, wood, fabric","soft and indirect lighting, with accent lighting on artwork",modern and serene,"bed, armchair, coffee table, large framed artwork, floor lamp",spacious bedroom with dark color scheme and clean lines,"This is a modern bedroom with a minimalist design, featuring black and white tones, leather upholstery, and soft lighting. The room includes a large bed, an armchair for seating, a coffee table, and a piece of art on the wall, illuminated by a floor lamp. The space is well-lit with indirect lighting that highlights the darker elements in the room.",Minimalist,Calm/Serene,Ambient/Soft,Bedroom,TRUE
contemporary_841.jpg,Modern Minimalist,"gray, blue, silver","leather, wood, marble",soft ambient lighting with floor lamps and wall sconces,sophisticated and luxurious,"king size bed, tufted leather headboard, accent ottoman, statement artwork",linear space with a central focus on the bed,"This modern minimalist bedroom design features a luxurious king size bed at its heart, surrounded by tufted leather and marble surfaces for a sophisticated and stylish feel.",Minimalist,Modern/Sophisticated,Ambient/Soft,Bedroom,TRUE
contemporary_854.jpg,Modern Minimalist,"black, gray, white","leather, wood, metal",ambient and task lighting with accent lights in the fireplace,"modern, luxurious, and relaxing","king-size bed, sofa with chaise lounge, flat screen TV, coffee table, floor lamp",open concept layout with a central seating area,"This is a modern and luxurious bedroom featuring minimalist design elements, high-quality materials, and a warm atmosphere created by the fireplace lighting.",Minimalist,Modern/Sophisticated,Ambient/Soft,Bedroom,TRUE
contemporary_868.jpg,Modern Minimalist,"gray, white, wood","canvas, metal, fabric",modern style floor lamp,cozy and comfortable,"baby chair, stuffed animal, chair with pillow",space is arranged around baby area with central seating,"The room has a modern minimalist design with a gray palette, featuring a floor lamp and materials like canvas, metal, and fabric. The space is cozy and comfortable, arranged around the baby area with a chair and stuffed animal.",Minimalist,Warm/Cozy,Floor/Table Lamp,Bedroom,TRUE
contemporary_871.jpg,Modern Minimalist,"light gray, beige, dark wood","glass, natural wood, leather, metal",bright and airy with recessed lighting,modern and inviting,"oval coffee table, sectional sofa, contemporary chandelier, large floor mirror",open space layout with central seating area,"This modern bedroom features a minimalist design with clean lines and neutral colors. The room is adorned with natural wood accents, leather furniture, glass walls, and a contemporary chandelier that provides bright and airy lighting.",Minimalist,Warm/Cozy,Recessed,Bedroom,TRUE
contemporary_885.jpg,Scandinavian,"beige, white, light brown","wood, linen",natural soft light from large windows,calm and airy,"bed, nightstand, lamp, bookshelf, plant",open space with central seating area,"This is a bright, open room designed in a Scandinavian style, using light and neutral colors to create a calm and airy atmosphere.",Scandinavian,Calm/Serene,Natural (Window),Bedroom,TRUE
contemporary_898.jpg,Modern Minimalist,"white, blue, gray","leather, wood, glass",natural soft light from large windows,calm and airy,"bed, nightstand, chair, vase",open space with central bedroom area,"This is a modern minimalist bedroom with clean lines, neutral colors, and simple furniture. The room features a large bed in the center of the space, flanked by two nightstands with lamps on each side. A black leather chair sits at one end of the room. There's a floor lamp near one end of the bed, providing soft lighting that matches the natural light from outside. The overall mood is calm and airy, suitable for relaxation and restful sleep.",Minimalist,Calm/Serene,Natural (Window),Bedroom,TRUE
contemporary_899.jpg,Industrial Loft,"white, black, gray","wood paneling, concrete flooring, metal siding","natural light from large windows and skylights, complemented by industrial-style pendant lights",modern and raw with a touch of rustic charm,"loft bed with metal frame, wooden bench, vintage industrial shelving unit, large concrete planter","open floor plan with exposed structural elements, including high ceilings and large windows that invite the outside in.","This loft-style interior design features a monochromatic color scheme with natural materials like wood and concrete. The use of metal siding adds an industrial touch, while the large windows bring in ample light. The layout is open and airy, showcasing the high ceilings and structural elements that are hallmarks of the loft style.",Industrial,Modern/Sophisticated,Natural (Window),Bedroom,TRUE
contemporary_900.jpg,Modern Minimalist,"white, light wood, gray, green accent","stone, wood, glass, metal",warm and inviting with soft overhead lighting,calm and sophisticated,"large sectional sofa, modern coffee table, decorative throw pillows, potted plants, floor lamp",open space with central gathering area and defined dining space,"This house's interior design features a modern minimalist style, characterized by clean lines and an open floor plan. The color palette is soft and neutral, with white being the dominant tone, complemented by light wood accents and green accent pieces. Materials used include stone for the exterior walls and floors, wood for furniture, glass for the windows and doors, and metal for hardware. Overhead lighting provides a warm glow, contributing to an inviting atmosphere. The layout is open with a central gathering area surrounded by a dining space.",Minimalist,Calm/Serene,Ambient/Soft,Bedroom,TRUE
contemporary_912.jpg,Modern,"blue, gray, red","wood, fabric, glass",natural light from large windows and ambient lighting from the ceiling fixture,calm and inviting,"king-size bed, sofa, coffee table with books, floor lamp, large abstract painting, framed picture above the bed, potted plant on the window sill",open layout with a clear sight line from the entry to the large windows in the back wall,"This modern bedroom features a calming color palette of blue, gray, and red accents. The space is filled with natural light from the large windows and ambient lighting. The room includes a king-size bed, sofa, coffee table with books, floor lamp, framed picture above the bed, large abstract painting, and a potted plant on the window sill.",Modern,Calm/Serene,Natural (Window),Bedroom,TRUE
contemporary_917.jpg,Scandinavian,"blue, white, grey","wood, fabric, metal",Natural soft light from large windows,Calm and airy,"bed, nightstand, bookshelf, chair",Open space with central seating area,"A serene bedroom with a minimalist design, featuring a large window for natural light, white walls, and blue accents on the bed.",Scandinavian,Calm/Serene,Natural (Window),Bedroom,TRUE
contemporary_924.jpg,Modern Minimalist,"white, beige, light wood","oak wood, linen, concrete",natural soft light from large windows and recessed lights,calm and airy,"kitchen island with built-in seating, stainless steel appliances, dining table for six, floor-to-ceiling windows, modern pendant light","open space plan with central kitchen and dining area, flanked by living room on one side and bedrooms on the other",Modern minimalist design with an emphasis on natural light and streamlined surfaces and furniture.,Minimalist,Calm/Serene,Natural (Window),Bedroom,TRUE
contemporary_954.jpg,Scandinavian,"purple, grey, white","wood, cotton, linen",bright sunlight from large windows,warm and cozy,"bed, nightstand, blanket, pillow",single bed in open space with minimal decor,"A simple, uncluttered Scandinavian-style room featuring a purple and grey comforter on a large bed, nightstand for personal items, and blanket for warmth.",Scandinavian,Warm/Cozy,Natural,Bedroom,TRUE
craftsman_107.jpg,Scandinavian,"white, light wood, gray","wood, cotton",natural soft light from large windows,calm and airy,"sofa, coffee table, floor lamp, framed artwork, throw pillows",open space with central seating area,"This living room has a Scandinavian design style, featuring a light color palette and natural materials. The room is bright and airy, with a comfortable couch set in the center, flanked by a floor lamp and a framed artwork on the wall. Large windows allow for ample natural light to fill the space.",Scandinavian,Calm/Serene,Natural (Window),Bedroom,TRUE
craftsman_130.jpg,Modern,"gray, beige, wood","brick, glass, stone",natural and ambient light from windows,inviting and welcoming,"large sectional sofa, modern coffee table, framed artwork, floor lamp, potted plant",open concept with a central living area flanked by bedrooms on both sides,"This modern two-story house features an inviting front porch, large windows allowing for natural light, and a spacious open floor plan that connects the kitchen to the living room. The color palette is neutral with gray exterior siding, beige walls inside, and wood accents throughout. The materials used include brick on the lower level, glass for the front door, and stone-like siding around the porch area.",Modern,Warm/Cozy,Natural (Window),Bedroom,TRUE
craftsman_169.jpg,Modern Craftsman,"beige, light gray, green, blue","wood, stone, metal, linen",Natural light with supplementary recessed and floor lamps.,"Warm and inviting, with a touch of rustic charm.","wood-burning fireplace, large windows for natural light, built-in seating, decorative potted plants","A traditional floor plan with main living spaces adjacent to each other, and bedrooms above.",Unknown,Modern,Warm/Cozy,Natural,Bedroom,TRUE
craftsman_183.jpg,Scandinavian,"white, beige, light wood","wood paneling on walls and ceiling, cotton for bedding and curtains, brass fixtures",natural soft light from large windows,calm and airy,"queen size bed with white headboard, white armoire with brass handles, white desk with chair, blue rug on wooden floor",open space with central seating area,"A serene, modern bedroom with a natural color palette and minimalist design featuring light wood elements.",Scandinavian,Calm/Serene,Natural (Window),Bedroom,TRUE
craftsman_219.jpg,Modern Minimalist,"white, beige, light wood","oak wood, linen, concrete",natural soft light from large windows,calm and airy,"dresser, nightstand",a spacious bedroom with a central dresser and nightstand flanking it.,"The room features minimalistic design elements, a clean color palette, and functional furniture placement to create a serene atmosphere.",Minimalist,Calm/Serene,Natural (Window),Bedroom,TRUE
craftsman_23.jpg,Modern Minimalist,"white, gray, blue","wood, fabric, metal",soft natural light from large windows,airy and spacious,"sofa, coffee table, plant, side table, floor lamp, throw pillows",open space with central seating area,"This is a modern minimalist living room with neutral tones, wood accents and soft lighting creating an airy and spacious feel.",Minimalist,Bright/Airy,Natural (Window),Bedroom,TRUE
craftsman_230.jpg,Modern Minimalist,"white, oak wood, silver","stainless steel appliances, marble countertops, wood cabinets",natural soft light from large windows and recessed LED lights,bright and energetic,"modern pendant lights, silver metallic faucet, geometric throw pillows, large modern rug","open space with central island seating area, surrounding by wood cabinets on three sides","This modern kitchen combines minimalist design elements with warm materials to create a bright and inviting space. Stainless steel appliances complement the oak wood cabinets, while marble countertops add luxury. Natural light floods in through large windows, enhancing the cheerful atmosphere.",Minimalist,Bright/Airy,Natural (Window),Bedroom,TRUE
craftsman_241.jpg,Scandinavian,"white, gray, beige, natural wood","cork flooring, marble countertops, white walls, brass hardware",bright and natural from ample windows and skylights,calm and serene,"modern sectional sofa, large rectangular coffee table, statement floor lamp, textured area rug, decorative pillows",open concept with kitchenette nook and fireplace as focal points,"This open-concept living room features a modern Scandinavian design, with neutral tones and natural materials creating a serene atmosphere. A statement floor lamp adds warmth to the space. The fireplace serves as a cozy gathering spot, while the cork flooring brings a touch of rustic charm. Large windows allow for ample natural light, contributing to the room's bright and airy feel.",Scandinavian,Calm/Serene,Natural (Window),Bedroom,TRUE
craftsman_242.jpg,Modern Minimalist,"white, beige, gray","wool, cotton, linen, wood",natural light from large windows and artificial light,calm and serene,"couch, coffee table, area rug, sofa armchair","open space with central seating area and a bedroom area that leads to another room, possibly a balcony or patio","This is an elegantly designed living space featuring a modern minimalist style with neutral colors. The lighting is a combination of natural sunlight streaming in through the windows and artificial light sources. There is a cozy atmosphere created by the soft materials and furnishings, along with the use of wool for warmth.",Minimalist,Calm/Serene,Natural (Window),Bedroom,TRUE
craftsman_250.jpg,Modern Minimalist,"black, white, gray","wood, leather, glass",natural light from skylights,clean and organized,"dresser, chest of drawers, hanging rack, white stool",long rectangular room with central walkway,A modern minimalist wardrobe space featuring a monochromatic color palette and materials that complement the sleek design.,Minimalist,Modern/Sophisticated,Natural,Bedroom,TRUE
craftsman_267.jpg,Modern Minimalist,"green, grey, white","concrete pavers, wooden decking, metal rails",Natural soft light from large windows and outdoor lanterns,Calm and airy,"Sculptural metal planter, Large rectangular planter, Brown leather cushioned chairs, Contemporary outdoor seating, Indoor rug",Modern garden space with central walkway and landscaped areas,"This image displays a modern minimalist garden design that includes a variety of textures and materials, creating a calming and airy atmosphere. The use of concrete pavers for the ground and wooden decking on the raised beds adds to the contemporary feel. Large windows provide natural light to the space, while outdoor lanterns add warmth in the evenings. The green color palette is complemented by grey accents, creating a harmonious look with indoor furniture. Overall, this garden has an inviting and stylish aesthetic.",Minimalist,Calm/Serene,Natural (Window),Garden/Outdoor,TRUE
craftsman_308.jpg,Scandinavian,"beige, green, white","wool, silk, leather",soft and warm with recessed lighting and a ceiling lamp,cozy and inviting,"sofa, couch, throw pillows, floor lamp, coffee table, plant",open space with a central seating area and accent lighting on the walls,"This living room showcases a Scandinavian design with a beige palette, wool textiles, and soft lighting to create a cozy and inviting atmosphere.",Scandinavian,Warm/Cozy,Recessed,Bedroom,TRUE
craftsman_334.jpg,Modern,"gray, beige, black","oak, stainless steel",recessed lighting and overhead fixtures providing even illumination.,cozy and inviting with a touch of elegance.,"wooden staircase, modern sectional sofa, contemporary coffee table, decorative throw pillows, framed art","open floor plan with kitchen, living room, and dining area flowing together without barriers.","This modern living space combines a cozy atmosphere with stylish design elements, featuring an open layout that encourages social interaction.",Modern,Warm/Cozy,Recessed,Bedroom,TRUE
craftsman_364.jpg,Scandinavian,"beige, white, light wood","oak wood, linen, silk",natural soft light from large windows,calm and airy,"sofa, coffee table, plant, floor lamp",open space with central seating area,"This is a cozy Scandinavian-style bedroom with a neutral color palette, wooden furniture, and natural light streaming in from large windows. The room features a comfortable sofa for lounging and a well-lit environment that adds to the airy atmosphere.",Scandinavian,Calm/Serene,Natural (Window),Bedroom,TRUE
craftsman_370.jpg,Modern Minimalist,"white, black, gray","wood paneling, fabric upholstery, glass",soft warm light from a ceiling fan and wall sconces,calm and serene,"king-size bed with tufted headboard, dresser with mirror above it, nightstands on both sides of bed","large room with center focal point around the bed, flanked by symmetrical furniture placement","This is a modern minimalist hotel bedroom that exudes a calm and serene atmosphere through its neutral color palette and soft lighting. The design features wood paneling, fabric upholstery, and glass elements, creating a warm and inviting space with a focus on clean lines and simplicity.",Minimalist,Calm/Serene,Ambient/Soft,Bedroom,TRUE
craftsman_38.jpg,Modern Minimalist,"white, gray, wood","oak wood, stainless steel, concrete",soft and warm light from recessed lights,calm and serene,"white freestanding tub, double vanity with large mirror, shelved storage unit, wooden bench","long, narrow space with separate areas for bathroom and bedroom","This modern bathroom design features a minimalist style with white cabinetry, gray accents, and oak wood. The space is well-lit with recessed lights and offers both practical storage and relaxing amenities.",Minimalist,Calm/Serene,Recessed,Bedroom,TRUE
craftsman_385.jpg,Modern,"white, gray, blue","wood, fabric, glass",The room is well lit with natural light coming from the window and additional illumination from the ceiling lights.,"The room feels spacious and modern, with clean lines and a neutral color palette creating a calming atmosphere.","bed, dresser, side table, lamp","The bed is positioned against the wall between two windows, providing privacy while still allowing for natural light. There is ample space around the bed for movement and comfort. A dresser with drawers and a side table with a lamp provide additional storage and functionality.","This modern-style bedroom features a well-lit space with neutral colors creating a calm atmosphere, accented by wooden furniture and natural light from two windows.",Modern,Calm/Serene,Natural (Window),Bedroom,TRUE
craftsman_403.jpg,Scandinavian,"white, light gray, blue, natural wood","wood, fabric, metal",Natural light from large windows and white walls reflecting sunlight,Calm and airy,"sofa, coffee table, plant, floor lamp, throw pillows",Open space with a central seating area surrounding a fireplace.,"The living room of this Scandinavian-style house features natural wood and white materials, creating an airy and bright atmosphere. A fireplace serves as the focal point in the center of the open floor plan.",Scandinavian,Calm/Serene,Natural (Window),Bedroom,TRUE
craftsman_409.jpg,Modern Minimalist,"white, gray, light wood","oak wood, leather, steel, linen",Natural soft light from large windows and ceiling fixtures.,Calm and airy with a touch of warmth.,"large L-shaped sectional sofa, wood coffee table, floor lamp, throw pillows, area rug",Open space design with central seating area.,"This living room features a modern minimalist style, characterized by a neutral color palette, warm materials such as oak wood and leather, and natural lighting.",Minimalist,Calm/Serene,Natural (Window),Bedroom,TRUE
craftsman_41.jpg,Modern Minimalist,"blue, white, wood","wood, linen, leather",natural soft light from large windows,calm and airy,"bed, bookshelf, chair, floor lamp, pillows",open space with central seating area leading to bedroom,"This minimalist bedroom features light wood furniture, a mix of white and blue tones, and ample natural light. The space is both functional and calming, creating an airy atmosphere that is perfect for relaxation.",Minimalist,Calm/Serene,Natural (Window),Bedroom,TRUE
craftsman_417.jpg,Craftsman,"white, gray, blue","wood siding, brick accents, metal railings",Natural light from the large front window and a wall-mounted light fixture,"Warm, welcoming, and inviting","vintage wooden door with stained glass panel, large front porch with railing, wooden rocking chair on the front porch","A U-shaped floor plan centered around a central living room area, flanked by bedrooms and baths.","This two-story Craftsman house features a combination of wood siding with brick accents, natural light from the large front window, and a warm, welcoming interior design that showcases vintage charm.",Other,Warm/Cozy,Natural (Window),Bedroom,TRUE
craftsman_418.jpg,Modern Rustic,"natural stone, wood, brick","wood, stone, metal",Natural light from large windows,Cozy and inviting,"large stone fireplace, reclaimed wood coffee table, wicker sofa with throw pillows, potted plant, brick wall decor",Open floor plan with central seating area under covered patio,"A rustic modern house featuring natural materials, open layout, and warm lighting. The covered porch offers a cozy spot for relaxation.",Modern,Warm/Cozy,Natural (Window),Bedroom,TRUE
craftsman_436.jpg,Modern Minimalist,"white, light gray, dark gray","wood, fabric, metal",natural light from a large window and ceiling fan lighting,calm and serene,"bed, dresser, lamp, blanket",open space with central bedroom area and bed against the wall,"A modern minimalist bedroom with a calming color palette, featuring a large window for natural light, a ceiling fan providing additional lighting, and a simple but comfortable furnishings arrangement.",Minimalist,Calm/Serene,Natural (Window),Bedroom,TRUE
craftsman_469.jpg,Modern Minimalist,"white, beige, light wood","oak wood, linen, steel",natural soft light from large windows,calm and airy,"sofa, coffee table, plant, floor lamp, vase, pillows, area rug",open space with central seating area,"This living room features a modern minimalist design, using natural materials and soft lighting to create a calm and airy atmosphere. The color palette is neutral, with a focus on white, beige, and light wood tones. Furnishings include a comfortable sofa, functional coffee table, and a plant for a touch of greenery. The layout is open, with the central seating area as the focal point, and accents like a floor lamp, vase, and decorative pillows on the sofa add visual interest.",Minimalist,Calm/Serene,Natural (Window),Bedroom,TRUE
craftsman_500.jpg,Modern,"black, white, natural wood","cedar shake siding, vinyl windows, brick chimney",overhead recessed lighting and ambient from skylights,warm and inviting,"wooden bench on porch, black metal mailbox, outdoor planter with flowers, stone walkway to front door",single-story house with central entry and living room flanked by bedrooms,"A single-story modern house with a dark color palette, featuring natural wood accents, overhead lighting, and a welcoming atmosphere.",Modern,Warm/Cozy,Recessed,Bedroom,TRUE
craftsman_509.jpg,Mountain Lodge,"earth tones, woodsy greens, cozy oranges","stone, wood, fur, leather","warm, natural light from large windows and fireplace",inviting and warm with a touch of rustic charm,"large stone fireplace, cushioned couches, wooden coffee table, ruffled throw pillows",open plan living space with central seating area,"The interior design of this room evokes a cozy mountain lodge, featuring warm earth tones and materials like stone and wood. Natural light from large windows and a fireplace creates an inviting atmosphere.",Other,Warm/Cozy,Natural (Window),Bedroom,TRUE
craftsman_511.jpg,Scandinavian,"white, beige, light wood","stone fireplace mantel, wooden beams and shelves, natural linoleum flooring",a blend of natural light from windows and ceiling lights,warm and cozy,"sofa with throw pillows, coffee table in front of fireplace, plant on sideboard, floor lamp",spacious and open living room with seating arranged around central fireplace,"This modern Scandinavian-style living room features a light color palette, natural materials, and plenty of storage and seating options for comfort.",Scandinavian,Warm/Cozy,Natural (Window),Bedroom,TRUE
craftsman_523.jpg,Modern Minimalist,"white, beige, light wood","wood paneling, insulated walls, concrete floor",natural soft light from large windowed gable ceiling,calm and serene,"modern bed frame, minimalist nightstand, small woven rug, simple wall art",open space with central seating area,"This modern minimalist interior design features a calm, serene atmosphere with wood paneling and an insulated ceiling allowing for natural light. The space is open with a central seating area.",Minimalist,Calm/Serene,Natural (Window),Bedroom,TRUE
craftsman_536.jpg,Modern Minimalist,"white, beige, light wood","oak wood, linen, concrete",natural soft light from large windows and a chandelier,calm and airy,"bathtub, vanity mirror, sink, chair, dining table, lamp",open space with central bathroom and vanity area surrounded by bedrooms and hallway,"This modern minimalist home features a calming palette of white, beige, and light wood, highlighted by oak wood accents. The layout is open and airy, creating a sense of spaciousness and tranquility.",Minimalist,Calm/Serene,Natural (Window),Bedroom,TRUE
craftsman_545.jpg,Modern,"gray, blue, white","wood, fabric, metal",Recessed lighting with dimmable options,Calm and modern,"bed, nightstand, dresser, mirror, area rug","Modern bedroom with central bed, flanked by two nightstands and a dresser","This modern bedroom combines a serene gray color palette with sleek wood finishes, creating a calm and stylish retreat.",Modern,Calm/Serene,Recessed,Bedroom,TRUE
craftsman_572.jpg,Modern Minimalist,"white, light wood, gray","oak wood, cloth, steel",natural soft light from large windows,calm and airy,"storage unit, bed, chest of drawers, walls, floor","open space with central seating area, storage unit to the left, bed and chest of drawers on the right",This is a modern minimalist room featuring white walls and light wood accents. The room has an oak wooden storage unit that provides ample closet space and organization.,Minimalist,Calm/Serene,Natural (Window),Bedroom,TRUE
craftsman_573.jpg,Scandinavian,"blue, white, wood","cedar shake siding, cedar trim, natural stone, steel doors and windows",warm natural light from large windows and recessed lighting throughout the space,calm and inviting,"wooden dining table, white armchair with throw pillows, floor lamp with a beige shade, blue-gray area rug on hardwood floors, potted plant","open floor plan with great room that combines living and dining spaces into one flowing area, leading to a kitchen in the background.","This Scandinavian-style home features a mix of blue tones, natural wood accents, and steel details. The space is characterized by warm lighting from large windows and recessed ceiling lights.",Scandinavian,Calm/Serene,Natural (Window),Bedroom,TRUE
craftsman_587.jpg,Scandinavian,"white, blue, wood accent","cedar siding, slate roof, brick chimney",Natural light from large windows and a skylight.,Calm and inviting,"wooden bench on porch, blue armchair in front room, white side table in bedroom, potted plant on front porch","Open concept with kitchen, dining, living area flowing together.","This Scandinavian style house features a bright and airy atmosphere, with natural wood accents complemented by a blue color scheme.",Scandinavian,Calm/Serene,Natural (Window),Bedroom,TRUE
craftsman_636.jpg,Modern,"white, gray, black","wood, metal, glass",bright with recessed lighting,open and airy,"sofa, coffee table, flat-screen TV, floor lamp, dining table","open floor plan with separate areas for living, dining, and bedroom",Modern two-story home featuring a neutral color palette with open spaces that blend seamlessly into each other.,Modern,Bright/Airy,Recessed,Bedroom,TRUE
craftsman_664.jpg,Modern Minimalist,"white, navy blue, wood accents","wood, fabric upholstery, leather",bright and airy with natural light from large windows,calm and serene,"bench seating with a pillow, wood cabinetry, framed artwork, plants",open concept design featuring a central bench between two cabinets,"This interior design is a modern minimalist space that uses wood accents to create a warm and calming atmosphere. The open layout allows for natural light to stream in, enhancing the bright and airy feeling of the room.",Minimalist,Calm/Serene,Natural (Window),Bedroom,TRUE
craftsman_680.jpg,Scandinavian,"white, gray, beige","wood, linen, silk",natural soft light from large windows and table lamp,calm and inviting,"queen size bed, bedside table, rug, artwork",clean and simple layout with centered bed as focal point,"This Scandinavian-style bedroom features a monochromatic color palette, natural materials, and soft lighting to create a calm and inviting atmosphere.",Scandinavian,Calm/Serene,Natural (Window),Bedroom,TRUE
craftsman_695.jpg,Modern,"gray, white, wood","stucco siding, glass, metal roofing",well-lit with natural light from multiple windows,warm and welcoming,"modern sofa, coffee table, contemporary artwork, potted plant","open concept with a central living area, flanked by two bedrooms on either side","This modern home features a mix of stucco siding and wood elements in the design. A metal roof adds to the contemporary feel. The interior is painted in a soothing palette of gray, white, and wood tones. Multiple windows bring in plenty of natural light, creating a well-lit space that feels warm and inviting.",Modern,Warm/Cozy,Natural (Window),Bedroom,TRUE
craftsman_732.jpg,Modern Minimalist,"white, gray, navy","wood, metal, glass","bright and inviting, with large windows allowing natural light to flood the space",contemporary and sophisticated,"large sectional sofa, minimalist coffee table, modern floor lamp, decorative throw pillows, abstract wall art",open concept with a spacious living area that flows seamlessly into the dining and kitchen spaces,"This modern home is designed with clean lines, a monochromatic color scheme, and minimalist decor to create a stylish and sophisticated atmosphere.",Minimalist,Modern/Sophisticated,Natural (Window),Bedroom,TRUE
craftsman_742.jpg,Modern Minimalist,"white, beige, light wood","oak wood, linen, concrete",natural soft light from large windows,calm and airy,"bed, chair, nightstand, lamp, area rug",open space with central seating area,"This bedroom features a minimalist design with natural light from large windows. The color palette is neutral, with oak wood floors and linen upholstery. The room has a calm and airy atmosphere.",Minimalist,Calm/Serene,Natural (Window),Bedroom,TRUE
craftsman_759.jpg,Contemporary,"gray, white, wood","wood, brick, metal","Natural light from the windows and skylights, supplemented by overhead lights.",Warm and inviting with a touch of rustic charm.,"wooden front door, stone wall feature, white porch swing","A combination of open space for the living area, a more enclosed kitchen, and separate spaces for bedrooms.","This two-story home features a blend of traditional and modern design elements, with a warm color palette that invites relaxation and comfort. The stone wall and wood accents add rustic charm, while the skylights allow for ample natural light to brighten the space.",Contemporary,Warm/Cozy,Natural (Window),Bedroom,TRUE
craftsman_767.jpg,Scandinavian,"white, beige, gray","wood, fabric, glass",Natural light from large windows,Calm and airy,"Bed, Side Table, Chair, Rug, Pillow",Open space with central seating area,"The interior design of this bedroom exudes a Scandinavian influence, featuring light wood flooring and beige fabric accents. The room is lit by natural sunlight streaming through large windows, creating a calm and airy atmosphere.",Scandinavian,Calm/Serene,Natural (Window),Bedroom,TRUE
craftsman_782.jpg,Scandinavian,"white, blue, black","wood, linen, tile",soft and diffused natural light,calm and serene,"bed, side table, vanity mirror, wall decoration, rug","simple, uncluttered design focused on clean lines and minimal distractions",This bedroom features a modern Scandinavian style with a calming color palette and clean materials. The room is organized for comfort and simplicity.,Scandinavian,Calm/Serene,Natural,Bedroom,TRUE
craftsman_818.jpg,Modern Minimalist,"gray, white, black","wood, stone, brick",Natural soft light from large windows and a skylight.,"Bright and airy, with a modern flair.","sofa, coffee table, floor lamp, plant, bookshelf","Open space with central seating area, flanked by two wings for bedrooms.",Unknown,Minimalist,Modern/Sophisticated,Natural (Window),Bedroom,TRUE
craftsman_822.jpg,Scandinavian,"white, gray, black","wood, leather, metal",natural soft light from large windows and a central skylight.,calm and inviting,"sofa, coffee table, floor lamp, plant, artwork","open space with central seating area, flanked by two wings for bedrooms or offices.","This Scandinavian-style home features a minimalist color palette of white, gray, and black. Materials used include wood, leather, and metal, creating a warm yet modern look. Natural light floods the space through large windows and a skylight, contributing to a calm and inviting atmosphere.",Scandinavian,Calm/Serene,Natural (Window),Bedroom,TRUE
craftsman_83.jpg,Scandinavian,"gray, white, beige","wood planks, glass, stainless steel","natural soft light from large windows, complemented by under-cabinet lights",calm and airy,"sofa, coffee table, dining table, plant, floor lamp","open space with central seating area, enclosed kitchen and bedrooms","This Scandinavian-style home features clean lines, a neutral color palette, and natural materials to create a serene atmosphere.",Scandinavian,Calm/Serene,Natural (Window),Bedroom,TRUE
craftsman_842.jpg,Modern Minimalist,"gray, white, beige","wood, fabric, metal",soft natural light from large windows,calm and inviting,"bed, nightstand, seating area, books",open space with central seating area,"This is a modern bedroom with a minimalist design, featuring gray tones and natural materials. The room has a large window that lets in soft light, creating a calm and inviting atmosphere. The furniture includes a comfortable bed, nightstands for convenience, and a seating area perfect for relaxation. Books are also present, indicating the occupant's appreciation for literature.",Minimalist,Calm/Serene,Natural (Window),Bedroom,TRUE
craftsman_862.jpg,Modern,"beige, light wood, dark brown","wood, glass, fabric","soft, natural light from large windows and floor lamp",warm and inviting,"sofa, coffee table, floor lamp, throw pillows, framed art",open plan with central seating area around fireplace,"This modern living room combines natural materials like wood and glass with warm tones, creating a comfortable and inviting space. The layout includes an open floor plan with a central seating area around the fireplace.",Modern,Warm/Cozy,Natural (Window),Bedroom,TRUE
craftsman_865.jpg,Modern,"gray, white, natural wood","stucco, brick veneer, wood trim",Natural light from windows and exterior light fixtures,Elegant and welcoming,"front door with sidelight, wreath on top, garage doors, outdoor planter with tree","Two-story house with front porch, entry foyer, living room, kitchen, dining room, secondary bedrooms upstairs","This two-story home boasts a modern style with gray and white exterior colors and natural wood accents. The stucco and brick veneer siding gives it an elegant look, while the wooden trim adds warmth to the design. The front porch is inviting, leading to a foyer which opens into a spacious living room, kitchen, and dining room area. Upstairs are secondary bedrooms offering ample space for a growing family.",Modern,Luxurious/Elegant,Natural (Window),Bedroom,TRUE
craftsman_882.jpg,Modern,"gray, white, green","wood, stone, metal",natural light and recessed ceiling lights,clean and contemporary,"built-in entertainment center, modern chandelier, large area rug, wall art, decorative pillows","spacious open plan with kitchen, dining room, and living room flowing seamlessly into each other","This modern two-story home features a clean and contemporary design with an open layout that combines the kitchen, dining, and living areas. The color palette is neutral, using grays, whites, and greens to create a serene atmosphere. Natural light from large windows complements recessed ceiling lights for efficient illumination. Materials include wood floors, stone walls, and metallic accents, contributing to the contemporary feel.",Modern,Modern/Sophisticated,Natural,Bedroom,TRUE
craftsman_890.jpg,Scandinavian,"beige, brown, red accent","cedar siding, marble flooring, stainless steel",soft natural lighting with subtle recessed lights,warm and inviting,"large sectional sofa, center island table, floor-to-ceiling windows, modern fireplace",open floor plan with central living area flanked by bedrooms on either side,"A spacious two-story house in a residential neighborhood, featuring a Scandinavian design style with warm wood tones, high ceilings, and large windows that let in soft natural light.",Scandinavian,Warm/Cozy,Natural,Bedroom,TRUE
eclectic_0.jpg,Modern Minimalist,"white, blue, orange","wood, fabric, metal",natural soft light from large windows,bright and energetic,"sofa, coffee table, plant, floor lamp, framed artwork",open space with central seating area,"This modern minimalist bedroom features a neutral color palette, natural lighting from large windows, and a mix of textures in wood, fabric, and metal. The room is well-organized with a cozy seating area centered around the sofa.",Minimalist,Bright/Airy,Natural (Window),Bedroom,TRUE
eclectic_1004.jpg,Industrial Loft,"white, beige, black","brick, wood, metal",natural and industrial style lighting from exposed beams and skylights,modern and rugged,"industrial-style bedframe, brick wall, metal fan, black framed window","open loft with high ceiling, centered around a large bed in the middle of the room","A modern industrial-inspired space featuring brick walls and high ceilings, designed for comfort and style.",Industrial,Modern/Sophisticated,Natural,Bedroom,TRUE
eclectic_1010.jpg,Modern Minimalist,"white, blue, orange","wood, fabric, metal",natural soft light from large windows and ceiling lights,bright and energetic,"loft bed, chairs around table, bookshelf, stuffed animal, plant","open space with central seating area, loft bed above dining table",Unknown,Minimalist,Bright/Airy,Natural (Window),Bedroom,TRUE
eclectic_107.jpg,Modern Minimalist,"white, gray, blue","wood, fabric, metal",natural soft light from large windows,calm and airy,"sofa, coffee table, area rug, plant, floor lamp",open space with central seating area,"This living room has a modern minimalist design, featuring light wood flooring, gray upholstery on the furniture, and white walls. The color palette is soft and neutral, creating a calm atmosphere. Natural light fills the room through large windows, enhancing the airy feel. A mix of textures adds depth to the space, such as wool rugs on the wood floor and a blue throw blanket on the sofa. The layout includes a central seating area with a couch, coffee table, and an area rug for comfort underfoot. Other details add personality, like decorative pillows on the couch and artwork adorning the walls.",Minimalist,Calm/Serene,Natural (Window),Bedroom,TRUE
eclectic_118.jpg,Modern Minimalist,"black, white, red","wood, fabric, metal",natural soft light from large windows,calm and airy,"bed, nightstands, rugs, lamps",open space with central bed area,"This room features a modern minimalist design, predominantly in shades of black, white, and red. The room is well-lit by natural sunlight coming from the windows, creating a calm and airy atmosphere.",Minimalist,Calm/Serene,Natural (Window),Bedroom,TRUE
eclectic_131.jpg,Scandinavian,"navy blue, light grey, burnt orange","wooden paneling, brass accents, velvet textures",natural light from large windows and recessed LED lights,calm and cozy with a touch of modern elegance,"mid-century modern sofa, coffee table, floor lamp, burnt orange accent pillow",open space with central seating area flanked by side tables,"Scandinavian-style interior with a warm color palette, natural lighting, and mid-century modern furniture pieces.",Scandinavian,Calm/Serene,Natural (Window),Bedroom,TRUE
eclectic_159.jpg,Scandinavian,"white, light blue, coral","wood, linen, glass",natural soft light from large windows,calm and airy,"bed, side table, pillows, rugs, vases",open space with central seating area,"The bedroom design is a Scandinavian style, featuring white walls and a light blue color scheme. The room includes wood accents, linen fabrics, and glass elements that contribute to the overall calm and airy atmosphere.",Scandinavian,Calm/Serene,Natural (Window),Bedroom,TRUE
eclectic_160.jpg,Modern Minimalist,"gray, white, navy","linen, velvet, brass",ambient lighting from recessed ceiling lights,calm and serene,"bed, nightstand, lamp, mirror","spacious room with a large bed positioned between two nightstands, flanked by decorative elements","This modern minimalist bedroom features gray and white tones, brass accents, and a clean, uncluttered design that creates a calm and serene atmosphere.",Minimalist,Calm/Serene,Recessed,Bedroom,TRUE
eclectic_173.jpg,Scandinavian,"blue, white, wood","wood, cotton, plastic",natural soft light from large windows,calm and airy,"dresser, baskets, stuffed animal, heart, picture frames",open space with central seating area,"A cozy and inviting nursery room featuring a Scandinavian style, with a mix of natural materials and soft colors, creating a peaceful environment.",Scandinavian,Calm/Serene,Natural (Window),Bedroom,TRUE
eclectic_176.jpg,Modern Minimalist,"light grey, white, brass","wood, fabric, metal",natural light through large windows,calm and elegant,"couch with pillows, mirror over couch, framed artwork on wall, floor lamp, plant in corner",open floor plan with central seating area,"This modern living room combines minimalist design elements and neutral colors to create a serene and elegant atmosphere. Natural light from large windows brings warmth to the space, while framed artwork on the wall adds visual interest. The couch, adorned with pillows and a throw blanket, provides a cozy seating area in front of a mirror above it. A floor lamp offers additional illumination for evening relaxation.",Minimalist,Calm/Serene,Natural (Window),Bedroom,TRUE
eclectic_185.jpg,Modern Minimalist,"white, gray","metal, fabric, wood",bright and well-lit with ceiling light fixtures,calm and peaceful,"king size bed, nightstand, sofa, lamp, framed art","an open concept space with a large window, creating an airy feel","A serene and modern bedroom design, featuring a neutral color palette and minimalist furnishings.",Minimalist,Calm/Serene,Bright,Bedroom,TRUE
eclectic_186.jpg,Modern Minimalist,"white, green, navy blue","wood, glass, fabric","soft, natural light from large windows",calm and inviting,"bookshelf, bedside table, bean bag chair, floor lamp",open space with central bed area,"This room features a simple, modern design with minimal furnishings. The main color palette is white, green, and navy blue, which is complemented by wood, glass, and fabric materials. The space is illuminated by soft, natural light that comes through the large windows, creating a calm and inviting atmosphere.",Minimalist,Calm/Serene,Natural (Window),Bedroom,TRUE
eclectic_194.jpg,Scandinavian,"blue, gray, beige","wood, fur, linen",bright and natural from multiple windows,calm and cozy,"bed, side table, lamp, throw blanket",spacious with centered bed,"The room has a Scandinavian-style design, characterized by a simple color palette, natural materials and lighting, creating a cozy and inviting atmosphere.",Scandinavian,Calm/Serene,Natural (Window),Bedroom,TRUE
eclectic_20.jpg,Modern Minimalist,"white, beige, light wood","oak wood, linen, steel",natural soft light from large windows,calm and airy,"sofa, coffee table, floor lamp, potted plant, dog bed",open space with central seating area,"This living room exhibits a minimalist design style, featuring light wood and oak furnishings. The natural light coming in through large windows gives the space a calm and airy feeling.",Minimalist,Calm/Serene,Natural (Window),Bedroom,TRUE
eclectic_202.jpg,Modern Minimalist,"purple, red, beige","faux fur, velvet, wood",natural soft light from large windows,calm and airy,"sofa, coffee table, pillows, floor lamp, rug",open space with central seating area,"This interior design features a modern minimalist style, with a color palette that includes purple, red, and beige. The furniture is made of faux fur, velvet, and wood, creating a cozy atmosphere. The large windows let in natural soft light that adds to the calm and airy mood of the space.",Minimalist,Calm/Serene,Natural (Window),Bedroom,TRUE
eclectic_209.jpg,Scandinavian,"white, black, blue","wood, fabric, glass",natural soft light from large windows,calm and airy,"bed, nightstand, table lamp, bench","space with bed at center, flanked by nightstands on either side","This is a modern Scandinavian-style bedroom featuring a white and black patterned bedspread, a wooden headboard, fabric-covered walls with a floral print, and natural lighting that gives the room a calm and serene atmosphere.",Scandinavian,Calm/Serene,Natural (Window),Bedroom,TRUE
eclectic_214.jpg,Modern Minimalist,"gray, white, wood","dark wood siding, glass windows and doors, metal roofing","Natural soft light from large windows, supplemented by recessed ceiling lights.","Clean and serene, with a warm and inviting atmosphere.","contemporary sectional sofa, clean-lined coffee table, modern floor lamp, large indoor plant","Open space layout centered around central seating area, flanked by living room and bedroom spaces.","A modern home with minimalistic design elements, featuring a clean and sleek look, natural lighting, and warm interior accents.",Minimalist,Calm/Serene,Natural (Window),Bedroom,TRUE
eclectic_216.jpg,Scandinavian,"blue, white, green","leather, wood, linen",bright and natural with large windows,calm and inviting,"couch, chairs, coffee table, lamps, pillows",open floor plan with a central seating area,"The living room features Scandinavian style decor with blue couches and white accents. Wood floors, leather furniture, and linen upholstery create a warm atmosphere.",Scandinavian,Calm/Serene,Natural (Window),Bedroom,TRUE
eclectic_225.jpg,Contemporary Two-Story Home,"stone grey, white, light wood","brick veneer, vinyl siding, hardwood flooring","Warm and inviting with a mix of natural light from windows and soft, ambient light from recessed ceiling lights.","Cozy and welcoming, with a focus on comfort and functionality.","large front door, stone-faced fireplace, wooden dining table","Two-story design with the living room and kitchen on the first floor, and the master bedroom and additional bedrooms on the second floor.","This two-story house features a stone veneer exterior and brick chimney. The contemporary design includes hardwood flooring, vinyl siding, and natural wood accents. The home is well-lit with a combination of recessed ceiling lights and natural light streaming through the windows.",Contemporary,Warm/Cozy,Natural (Window),Bedroom,TRUE
eclectic_229.jpg,Vintage Victorian,"gold, maroon, cream","silk, velvet, wood",ambient from chandelier and floor lamp,opulent and luxurious,"ornate headboard, antique bed frame, tapestry wall hanging, carved wooden dresser",centered focal point with symmetrical side furniture,"The room features a vintage Victorian style with gold and maroon accents on the white walls. The bed, headboard, and other furniture are made of antique materials, creating an opulent atmosphere.",Traditional/Vintage,Luxurious/Elegant,Pendant/Chandelier,Bedroom,TRUE
eclectic_23.jpg,Scandinavian,"navy blue, white, wood accents","oak wood, linen, velvet","soft, ambient lighting from recessed ceiling lights and wall sconces.",calm and airy,"queen-size bed, two nightstands with lamps, large bookshelf filled with books",functional design with a focus on comfort and storage space.,"A cozy Scandinavian-style bedroom featuring wooden furnishings, a large bookshelf, and ambient lighting.",Scandinavian,Calm/Serene,Recessed,Bedroom,TRUE
eclectic_237.jpg,Contemporary,"dark green, black, white","wood siding, metal roofing, stained glass windows","Indoor lighting features a mix of natural and artificial light. Large windows allow for ample sunlight during the day, while recessed lights provide warm illumination in the evenings.",Modern and cozy,"wooden staircase, metal railings, stained glass window, modern outdoor furniture","The home features an open floor plan with a central living area, flanked by the kitchen on one side and bedrooms on the other. A wooden staircase leads to additional space above.","This two-story modern home showcases a contemporary design with dark green siding, black accents, and white windows. The interior is cozy with an open floor plan, featuring natural light from large windows.",Contemporary,Warm/Cozy,Natural (Window),Bedroom,TRUE
eclectic_240.jpg,Modern,"orange, gray, yellow","wood, fabric, metal",Recessed lighting with ambient light from ceiling fixture,"Modern and sleek, yet cozy and inviting","two-seater sofa, coffee table, floral throw pillows, decorative sculptures on shelves","Living room with an L-shaped seating arrangement, bookshelves lining the walls","Modern living space featuring vibrant orange and yellow tones, wood accents, and a comfortable seating area.",Modern,Warm/Cozy,Recessed,Bedroom,TRUE
eclectic_246.jpg,Modern,"white, black, blue","wood, metal, glass",bright and natural with large windows,airy and open,"couch, bookshelf, coffee table, floor lamp, dog bed",open kitchen and living area connected by an island,"This is a modern kitchen with a colorful wallpaper design, featuring bold stripes in various colors. The space has a bright and airy feel, thanks to the large windows that let in plenty of natural light. The kitchen counter and cabinets are made of wood, giving the space a warm touch. A metal floor lamp provides additional lighting, while the coffee table holds items such as books and magazines for leisurely reading. There is also a comfortable couch for relaxation and a dog bed nearby for pet-friendly living.",Modern,Bright/Airy,Natural (Window),Bedroom,TRUE
eclectic_248.jpg,Modern Minimalist,"white, beige, light wood","wood, fabric, metal","well-lit, with natural light from windows and a central chandelier",calm and inviting,"sofa, coffee table, chairs, pillows, area rug",living area centered around a seating arrangement with a fireplace,"This living room has a modern and minimalist design, featuring light wood tones and neutral beige accents. The space is well-lit, with ample natural sunlight coming in through windows and enhanced by a chandelier. A central seating area with a sofa, coffee table, and chairs invites relaxation and conversation. An area rug adds warmth to the room, while decorative elements like pillows and a plant add personal touches.",Minimalist,Calm/Serene,Natural (Window),Bedroom,TRUE
eclectic_259.jpg,Scandinavian,"blue, white, green","wood, leather, fabric",warm and cozy with natural soft light from large windows,calm and airy,"sofa, coffee table, dog bed, floor lamp",open space with central seating area and flanking couches,"The interior design of this living room is a blend of Scandinavian style, characterized by its simplicity and functionality. The space features wooden floors, leather furniture, and a large sofa in the center, complemented by two smaller couches flanking it. The walls are adorned with blue curtains, and there's a cozy dog bed for the family pet. Natural light pours through large windows, creating a warm and inviting atmosphere. Overall, this living room exudes a sense of comfort and tranquility.",Scandinavian,Calm/Serene,Natural (Window),Bedroom,TRUE
eclectic_278.jpg,Modern Minimalist,"white, grey, red","wood, fabric, metal",natural soft light from a window,warm and cozy,"two cribs, stripe curtains, small wooden chair, potted plant","small room with two beds against the wall, facing each other.","This is a minimalist nursery decorated in a modern style. The color palette consists of white, grey and red. The space is illuminated by natural light from a window. There are two cribs, one on each side of the room, facing each other. A small wooden chair sits between them. Stripe curtains add pattern to the room, while a potted plant adds life.",Minimalist,Warm/Cozy,Natural (Window),Other,TRUE
eclectic_285.jpg,Modern Minimalist,"white, beige, dark wood","wood, leather, fabric",soft ambient light from recessed lighting in the ceiling,calm and serene,"bed, dresser, chair, sofa, framed artwork","spacious bedroom with large bed as focal point, flanked by dresser and chair on either side","This is a modern minimalist bedroom that features a white color scheme with dark wood accents. The room has a soft ambiance provided by recessed lighting. A large bed serves as the centerpiece of the room, flanked by functional furniture pieces on either side.",Minimalist,Calm/Serene,Recessed,Bedroom,TRUE
eclectic_292.jpg,Modern Minimalist,"navy blue, white, red","wood, fabric, metal",natural soft light from large windows and blackout shades for nighttime privacy,calm and airy,"bed, two side tables with lamps and decorative objects, area rug, large framed artwork","spacious bedroom with centered bed and flanking furniture on each side, creating a symmetrical balance","This modern minimalist-inspired bedroom features a navy blue color scheme with white accents, wood paneling on the walls, and soft lighting from large windows.",Minimalist,Calm/Serene,Natural (Window),Bedroom,TRUE
eclectic_331.jpg,Modern Minimalist,"maroon, beige, light wood","velvet, wool, wood",natural soft light from large windows,calm and airy,"curtain, cushion, decorative ball, rope",space with a central curtain area surrounded by pillows and cushions,"This is an image of a modern, minimalist interior design featuring a maroon velvet curtain, light wood accents, soft wool textures, and decorative balls suspended from a rope. The mood is calm and airy with natural soft lighting coming in through large windows.",Minimalist,Calm/Serene,Natural (Window),Bedroom,TRUE
eclectic_35.jpg,Modern Minimalist,"blue, white, wood","wood, linen, metal",soft natural light from large windows,calm and airy,"bed, nightstand, lamp, bookshelf, vase",open space with central bed area,"This room is a modern minimalist design, featuring a blue wall pattern, white sheets and pillows on the bed, a wooden nightstand, a metal lamp, a linen bookshelf, and a large window allowing for soft natural light. The overall mood of the space is calm and airy.",Minimalist,Calm/Serene,Natural (Window),Bedroom,TRUE
eclectic_369.jpg,Modern Minimalist,"black, gray, orange","leather, wood, brass",dimmable recessed lighting accented by standing floor lamps,intimate and sophisticated,"sectional sofa, coffee table, floor lamp, decorative pillows, abstract art",modern L-shaped couch with coffee table at center and floor lamp on right side for reading light,This modern living room combines minimalist design principles with a warm color palette to create an intimate and sophisticated atmosphere.,Minimalist,Modern/Sophisticated,Recessed,Bedroom,TRUE
eclectic_372.jpg,Modern Minimalist,"white, gray, green","wood, linen, glass",Natural soft light from large windows.,Calm and airy,"bed, nightstands, floor lamp, throw pillows",Open space with central seating area.,"The bedroom features a modern minimalist design with clean lines, natural materials, and soft colors. Large windows allow for ample natural light to fill the room, creating a calm and airy atmosphere.",Minimalist,Calm/Serene,Natural (Window),Bedroom,TRUE
eclectic_379.jpg,Modern Minimalist,"white, beige, light wood","wood, fabric, metal",natural soft light from large windows,calm and airy,"sofa, coffee table, plant, floor lamp",open space with central seating area,"A well-lit, modern minimalist bedroom with a light wood color palette, featuring a large window for natural light and an open floor plan that creates a serene atmosphere.",Minimalist,Calm/Serene,Natural (Window),Bedroom,TRUE
eclectic_407.jpg,Industrial Loft,"dark green, brass, rusty orange","metal frame furniture, concrete flooring, exposed brick wall",overhead industrial light fixtures with warm glow,modern and rustic,"sofa set with throw pillows, coffee table with plants, industrial floor lamp, vintage rug",open space layout with a central seating area,"This living room has an industrial loft style, featuring dark green walls and a rusty orange accent color. The room is filled with metal frame furniture against a concrete floor and exposed brick wall. Overhead industrial lighting fixtures provide warm glow, creating a modern and rustic mood. There's a sofa set surrounded by throw pillows, a coffee table with plants on it, an industrial floor lamp, and a vintage rug adding to the space.",Industrial,Modern/Sophisticated,Mixed/Other,Bedroom,TRUE
eclectic_41.jpg,Modern Minimalist,"black, white, gold","wood, fabric, metal",natural soft light from large windows,calm and airy,"bed, sofa, coffee table, floor lamp, plant",open space with central seating area,"This is a modern minimalist bedroom with a black and white color palette, featuring wood, fabric, and metal materials. The room has large windows that let in soft natural light, creating a calm and airy atmosphere. Key furniture pieces include a bed, sofa, coffee table, floor lamp, and plant.",Minimalist,Calm/Serene,Natural (Window),Bedroom,TRUE
eclectic_410.jpg,Scandinavian,"green, white, natural wood","wood siding, steel roofing, oak flooring","bright and natural, with lots of windows for sunlight","calm and airy, like a mountain retreat","large sofa, wooden coffee table, floor lamp, potted plant",split level with an open living space on top level and separate bedroom spaces below,"This is a two-level house with a contemporary Scandinavian design, featuring natural materials and a bright, airy atmosphere.",Scandinavian,Calm/Serene,Natural (Window),Bedroom,TRUE
eclectic_416.jpg,Modern,"dark blue, light blue, white","fabric, wood, acrylic","soft, warm light from ambient and floor lamps",modern and comfortable,"sofa, armchair, coffee table, stool, floor lamp, throw pillow",an open-plan living room with a central seating area next to a bedroom doorway,"A modern living room with a colorful floral wallpaper, featuring wooden furniture and soft lighting.",Modern,Warm/Cozy,Ambient/Soft,Bedroom,TRUE
eclectic_425.jpg,Modern Minimalist,"white, gray, red accent","oak wood, fabric, metal, marble",natural soft light from large windows,calm and airy,"large bed, wooden nightstands, area rug, armchair, floor lamp",open space with central seating area around the bed,"This room is a modern minimalist-inspired bedroom with white walls, gray and red accents. The materials include oak wood, fabric, metal, and marble. The natural light from large windows creates a calm and airy atmosphere. The furniture includes a large bed in the center, wooden nightstands on either side, an area rug underneath, and a leather armchair with a floor lamp providing soft lighting.",Minimalist,Calm/Serene,Natural (Window),Bedroom,TRUE
eclectic_429.jpg,Scandinavian,"yellow, gray, white","linen, wood, metal",Natural light from windows and lamps,Calm and serene,"bed, nightstand, pillows, lamps",Bed in corner with nightstands on either side,"Bedroom with a Scandinavian-style wall decor featuring birds and flowers, creating a serene atmosphere.",Scandinavian,Calm/Serene,Natural (Window),Bedroom,TRUE
eclectic_447.jpg,Modern,"navy blue, light gray, white","wood, leather, metal, fabric",Natural light from windows and recessed ceiling lights.,Elegant and inviting.,"Leather sofa, Wooden coffee table, Plants in pots, Fur throw pillows on the sofa, Accent pieces on the wall",Open concept with a central living area.,"This is a spacious modern living room, elegantly furnished with leather and wooden accents, natural lighting, and comfortable seating areas.",Modern,Warm/Cozy,Natural (Window),Bedroom,TRUE
eclectic_448.jpg,Scandinavian,"pink, gold, blue","wood, fabric, glass",sunlit space from large windows,light and cheerful,"couch, coffee table, potted plant, artwork, framed pictures, throw pillows",open space with central seating area,"Colorful Scandinavian-style living room with vintage and contemporary elements, featuring a pink couch set against a sunlit backdrop of large windows.",Scandinavian,Bright/Airy,Mixed/Other,Bedroom,TRUE
eclectic_455.jpg,Modern Minimalist,"light pink, white, gold","faux leather, velvet, wood",natural soft light from large windows,calm and airy,"bed, nightstand, lamp, desk, chair",compact yet functional space with separate sleeping area and workspace,"The bedroom features a modern, minimalist design with a calming color palette of light pink and white. The room is well-lit by natural soft light from large windows that create an airy atmosphere. A variety of materials are used in the space, including faux leather for added texture and velvet for a touch of luxury. There's a bed with a gold headboard, a desk area for work or study, and a cozy chair for relaxation. The overall mood is calm and airy, providing a serene environment for rest and rejuvenation.",Minimalist,Calm/Serene,Natural (Window),Bedroom,TRUE
eclectic_456.jpg,Scandinavian,"dark gray, light gray, white","cedar siding, glass, steel",Natural light from large windows and skylights,Warm and inviting,"modern sofa, minimalist coffee table, crystal chandelier, wood burning fireplace",Open concept living area with separate bedrooms and baths,"Elegant Scandinavian style house with a warm atmosphere, featuring glass windows for natural light, dark gray walls and furniture for contrast, and stainless steel accents.",Scandinavian,Warm/Cozy,Natural (Window),Bedroom,TRUE
eclectic_482.jpg,Ranch Style,"beige, brown, wood","stone, brick, cedar",Natural Light from Large Windows and a Vaulted Ceiling,Warm and Cozy,"Large Stone Fireplace, Recessed Lighting, Pool Table in the Rec Room, Potted Plants Outside Door, Modern Dining Room Set","Open-Concept Floor Plan with a Central Living Area and Separate Rooms for Bedrooms, Bathrooms, and Kitchen","This home combines the timeless appeal of Ranch Style architecture with modern amenities to create a warm, inviting space that feels like a vacation resort.",Other,Warm/Cozy,Natural (Window),Bedroom,TRUE
eclectic_483.jpg,Modern,"pink, white, black","fabric upholstery, wood frame, leather cushions",natural light from large windows and lamps,cozy and inviting,"couch, chairs, table, throw pillows, lamp",L-shaped with seating area at end of room,"A modern living room with a pink wall, comfortable seating, and natural lighting.",Modern,Warm/Cozy,Natural (Window),Bedroom,TRUE
eclectic_484.jpg,Modern Minimalist,"white, light blue, dark gray","wood, fabric, metal",natural soft light from large windows,calm and airy,"bed, bookshelf, pillows, lamp",open space with central seating area,"This modern minimalist bedroom features a white wooden bookshelf, dark gray fabric on the bedding and pillows, and a simple lighting scheme that lets in natural soft light from large windows.",Minimalist,Calm/Serene,Natural (Window),Bedroom,TRUE
eclectic_488.jpg,Modern Minimalist,"white, beige, black, gold accent","oak wood, linen, leather, steel",natural soft light from large windows,calm and airy,"bed, dresser, side table, mirror, vase with flowers",open space with central seating area and bedroom nook,"The bedroom features a modern minimalist design, utilizing a monochromatic color palette with black accents. The room is well-lit by natural sunlight streaming in through windows on one side of the room, creating a calm and airy atmosphere. Key furnishings include a large bed positioned under two sconces, a dresser for storage, a leather headboard, a side table for reading lamps or decorative items, a mirror above the dresser, and a vase with flowers on the side table.",Minimalist,Calm/Serene,Natural (Window),Bedroom,TRUE
eclectic_5.jpg,Modern Minimalist,"black, white, brass","wood, linen, leather","natural soft light from large windows, supplemented by floor lamps",calm and airy,"bed, nightstands, floor lamp, plant",open space with central seating area,"This is a modern, minimalist bedroom with a black accent wall featuring an abstract pattern. The room has wooden bed frames and nightstands, linen-covered headboards, leather pillows on the bed, brass hardware, and large windows for natural light. There are floor lamps for evening ambiance.",Minimalist,Calm/Serene,Natural (Window),Bedroom,TRUE
eclectic_50.jpg,Modern Minimalist,"white, light wood","steel, glass",natural soft light from large windows,calm and airy,"bed, bedding, nightstand, mirror",open space with central sleeping area,"This modern minimalist bedroom features a white color palette, steel accents, large windows that let in natural light, and a calming mood. It is designed for efficiency and simplicity, with a bed as the centerpiece.",Minimalist,Calm/Serene,Natural (Window),Bedroom,TRUE
eclectic_503.jpg,Modern,"gray, white, silver","wood, leather, marble","recessed lighting with soft, warm glow",modern and luxurious,"bar stools, sectional sofa, coffee table, decorative pillows, contemporary artwork",open concept with separate seating area and bar,"This modern living room features a neutral color palette, luxurious materials, and contemporary design elements.",Modern,Modern/Sophisticated,Recessed,Bedroom,TRUE
eclectic_506.jpg,Scandinavian,"white, blue, gray","linen, wood, brass",natural soft light from large windows,calm and serene,"bed, side table, lamp, framed artwork, ruffled bedding",open space with central seating area on a platformed base,"The room features a Scandinavian design, characterized by soft colors, natural materials, and clean lines. The lighting is warm and inviting, enhanced by the large windows that allow in plenty of daylight. A bed with ruffled bedding adds texture to the space, which is otherwise simple and uncluttered.",Scandinavian,Calm/Serene,Natural (Window),Bedroom,TRUE
eclectic_510.jpg,Modern Minimalist,"dark blue, light gray, white","wood, linen, brass","natural soft light from large windows, complemented by modern floor lamps",calm and serene,"king-size bed with tufted headboard and throw blankets, mid-century modern-style side table, classic design armchair, large abstract painting on wall, ornate metal chandelier",spacious bedroom with separate seating area and dressing room,"The modern minimalist interior design features a dark blue palette, a king-size bed as the focal point, and classic design elements that add warmth to the space.",Minimalist,Calm/Serene,Natural (Window),Bedroom,TRUE
eclectic_514.jpg,Modern,"white, gray, orange","wood, leather, silk","soft and warm, with recessed lighting and floor lamps providing ambient light",elegant and inviting,"bed, side table with books, sofa, lamp, decorative pillows","centered around bed, with seating area adjacent to bed","Modern hotel suite featuring a white-headboard king size bed with matching side tables, flanked by a sofa and lamp on either side. Books are neatly stacked on a side table, adding an element of sophistication. The room is well lit with soft lighting that creates a warm and welcoming atmosphere.",Modern,Warm/Cozy,Recessed,Bedroom,TRUE
eclectic_521.jpg,Minimalist,"white, gray, beige","wood, fabric, metal",natural light from large windows and a single floor lamp,calm and airy,"sofa, coffee table, plant, floor lamp, pillows",open space with central seating area,"This living room has a minimalist design, featuring light colors and simple furnishings. Natural light from large windows creates a calm atmosphere. The layout is open and inviting, with the sofa and coffee table as the focal point.",Minimalist,Calm/Serene,Natural (Window),Bedroom,TRUE
eclectic_538.jpg,Garden Style,"green, yellow, white","wood, concrete, glass",natural sunlight with supplemental outdoor lighting,calming and inviting,"vegetable planter, patio table and chairs, outdoor couch, water feature, flowering plants","circular patio with central seating area, surrounded by raised vegetable beds","A serene outdoor garden space featuring a variety of plants and vegetables in raised planters, creating an inviting atmosphere for relaxation and connection with nature.",Garden/Tropical,Calm/Serene,Natural,Living Room,TRUE
eclectic_561.jpg,Scandinavian,"white, beige, light wood","linen, wood, leather","soft, natural light from two windows",warm and cozy,"bed, nightstand, framed prints, area rug",spacious room with a large bed as the focal point,"This is a beautifully decorated bedroom in a Scandinavian style. The space features light wood elements, linen fabrics, and soft lighting to create a warm and inviting atmosphere.",Scandinavian,Warm/Cozy,Natural (Window),Bedroom,TRUE
eclectic_564.jpg,Modern Minimalist,"white, gray, blue","wood, leather, metal",natural light from large windows and ambient ceiling light,calm and organized,"couch, coffee table, sofa, pillows, shelves, painting",open space with central seating area,"A modern, minimalist living room designed to feel calm and organized with a focus on natural light and simple materials.",Minimalist,Calm/Serene,Natural (Window),Bedroom,TRUE
eclectic_570.jpg,Modern Minimalist,"dark brown, white, red","wood, fabric, metal",ambient light from wall sconces and natural light from window,calm and serene,"bed, nightstand, lamp, framed picture",small bedroom with central bed between two nightstands,"This modern minimalist bedroom features a dark wooden headboard, white linens, and a red accent piece for a calming atmosphere.",Minimalist,Calm/Serene,Natural (Window),Bedroom,TRUE
eclectic_578.jpg,Scandinavian,"white, blue, gray","wood, linen, metal",natural soft light from large windows,calm and airy,"sofa, coffee table, pillows, rugs, vase",open space with central seating area,"This is a Scandinavian-style living room with a focus on light colors and natural materials. The room has large windows that let in soft, bright light. The color palette is dominated by shades of white, blue, and gray. There are two chairs with blue cushions facing each other around a coffee table. A vase sits atop the coffee table, which also holds a blanket draped over it. The room has a cozy feel with linen textiles and wooden flooring.",Scandinavian,Calm/Serene,Natural (Window),Bedroom,TRUE
eclectic_584.jpg,Scandinavian,"white, beige, light wood","oak wood, linen, concrete",natural soft light from large windows,calm and airy,"dresser with mirror on top, white cushioned bench, white lamp shade, vases, jewelry box",open space with central seating area under large window,"This image displays a Scandinavian style interior design with natural lighting and minimalistic decor. The color palette is soft with beige, white, and light wood accents. The materials are simple yet elegant, featuring oak wood furniture, linen textiles, and concrete walls.",Scandinavian,Calm/Serene,Natural (Window),Bedroom,TRUE
eclectic_585.jpg,Modern Minimalist,"light wood, white, blue","wood, fabric, metal",natural soft light from large windows,calm and airy,"bed, pillows, blanket, planter",open space with central seating area,"This interior design showcases a modern minimalist style with a light wood color palette, featuring a comfortable bed in a cozy nook surrounded by plants.",Minimalist,Calm/Serene,Natural (Window),Bedroom,TRUE
eclectic_593.jpg,Modern Minimalist,"black, gold, white","wood, silk, velvet, marble","soft, warm light with a mix of natural and ambient sources",elegant and luxurious,"bed, nightstands, chandelier, ruffled throw blanket, lamp","traditional hotel-like layout with central bed, flanking nightstands, and decorative items on both sides",This is a modern and luxurious room design featuring a gold and black color scheme with elegant materials and soft lighting to create a sophisticated atmosphere.,Minimalist,Luxurious/Elegant,Natural,Bedroom,TRUE
eclectic_607.jpg,Modern Minimalist,"gray, white, green","leather, wood, metal",well-lit by natural soft light from large windows,calm and airy,"sofa, coffee table, floor lamp, artwork, plant",open space with central seating area,"The room features a modern minimalist design with a neutral color palette. The gray sofa is accented with white and green pillows, complementing the leather materials of the furniture. The space is well-lit by natural light filtering through large windows.",Minimalist,Calm/Serene,Natural (Window),Bedroom,TRUE
eclectic_619.jpg,Modern Minimalist,"light brown, beige, brown","wood, fabric, brass",natural soft light from large windows,calm and serene,"bed, bookshelves, pillows, vase, clock",open space with central focus on bed between bookshelves,"This room has a minimalist design featuring wooden furniture and neutral tones, creating a serene and calming atmosphere.",Minimalist,Calm/Serene,Natural (Window),Bedroom,TRUE
eclectic_622.jpg,Modern Minimalist,"white, beige, black","wool blanket, linen, wood",natural soft light from large windows,calm and airy,"bed, pillows, floor lamp, bookshelf, plant","spacious room with bed central to space, flanked by window and bookshelf","A modern minimalist bedroom featuring a large bed centrally positioned, flanked by natural light from two windows. The design uses a neutral color palette, with accents of black for added visual interest.",Minimalist,Calm/Serene,Natural (Window),Bedroom,TRUE
eclectic_631.jpg,Modern Minimalist,"dark gray, light wood, white","wood, fabric, metal",ambient lighting with warm tones from floor lamps and table lamps,"modern, cozy, inviting","sofa with decorative pillows, coffee table with books, floor lamp with wooden base, plant in corner, framed art on wall",open space with modern furniture and neutral color palette,"This living room is designed in a Modern Minimalist style, featuring a dark gray color scheme, wood accents, and warm lighting. The layout is open and inviting, with modern furniture that contributes to the overall cozy atmosphere.",Minimalist,Warm/Cozy,Ambient/Soft,Bedroom,TRUE
eclectic_634.jpg,Modern Minimalist,"navy blue, light gray, white","velvet upholstery fabric, wooden coffee table, brass table lamps","natural soft light from large windows, accentuated by brass table lamps",calm and airy with a touch of elegance,"blue velvet sofa, black wood coffee table, floor lamp, white throw pillows",open space with central seating area around coffee table,"A modern, minimalist living room with blue velvet upholstery and a touch of elegance through the brass accents.",Minimalist,Calm/Serene,Natural (Window),Bedroom,TRUE
eclectic_638.jpg,Modern Minimalist,"blue, white, wood","oak wood, leather, linen",soft warm light from wall sconces and bedside lamps,calm and serene,"bed, bookshelves, chair, potted plant",narrow room with bookshelves on either side of bed,"This modern minimalist-style bedroom features blue walls, a wooden headboard, and white linens. The space is anchored by large bookshelves filled with books and decorative items, creating a cozy and serene atmosphere.",Minimalist,Calm/Serene,Ambient/Soft,Bedroom,TRUE
eclectic_651.jpg,Nordic Noir,"dark green, black, wood tones","cedar siding, black metal accents, stone chimney",sunlit interior with large windows and skylights,dramatic and moody,"modern wood furniture, metal railings, contemporary artwork","two-story house with open plan ground floor, bedrooms upstairs","A two-story Nordic Noir home with a dramatic and moody atmosphere featuring dark green walls and black metal accents. The interior is sunlit and has an open plan on the first floor with modern wood furniture, while the second story contains bedrooms.",Scandinavian,Other,Skylight,Bedroom,TRUE
eclectic_653.jpg,Scandinavian,"white, beige, wood tones","wood, fabric, metal",natural light from windows and ceiling lights,calm and serene,"bed, nightstands, dresser, lamp",narrow bedroom with space for a walkway between bed and furniture,"Bedroom with a neat, uncluttered appearance featuring light-colored linens and simple wood furniture.",Scandinavian,Calm/Serene,Natural (Window),Bedroom,TRUE
eclectic_656.jpg,Industrial Loft,"natural wood, black metal, white linen","wood, metal, linen",industrial-style lighting fixtures with exposed bulbs and shade materials,"modern, rustic, cozy","loft bed over desk, wooden shelving units for storage, plant on top of desk, black leather chair, framed artwork",open loft space with exposed wooden beam ceiling and a half wall creating separate areas for work and relaxation,"A cozy, industrial-style office/living area with natural wood elements, black metal accents, and white linen for a modern, rustic feel.",Industrial,Warm/Cozy,Mixed/Other,Bedroom,TRUE
eclectic_662.jpg,Modern,"white, beige, light wood","cane wicker, linen, wood",natural soft light from large windows and interior lamps,calm and airy,"sofa, coffee table, floor lamp, plant, woven baskets, pillows",open space with central seating area and large windows for natural light,"A modern living room decorated in neutral colors, featuring a cane wicker sofa, linen upholstery, wood accents, and natural lighting from large windows.",Modern,Calm/Serene,Natural (Window),Bedroom,TRUE
eclectic_664.jpg,Modern Minimalist,"white, light blue, gray","oak wood, linen, glass",well-lit with natural light from windows and recessed lighting,"airy, bright, and spacious","living room sofa, coffee table, floor lamp, large window, blue patterned pillows",open floor plan with kitchen and living area seamlessly connected,"This modern home features an open floor plan that combines a cozy living space with a functional kitchen. The design is minimalist, emphasizing clean lines and neutral colors, while the use of wood adds warmth and texture.",Minimalist,Bright/Airy,Natural (Window),Bedroom,TRUE
eclectic_688.jpg,Modern Minimalist,"dark blue, light grey, white","wood, linen, metal",modern chandelier with brass finish,calm and serene,"bed, nightstand, wall decorations, floor lamp",spacious bedroom with central seating area,"A modern minimalist bedroom featuring a dark blue wall, light grey linen accents, a metal chandelier, and wooden furnishings for a calm and serene atmosphere.",Minimalist,Calm/Serene,Pendant/Chandelier,Bedroom,TRUE
eclectic_689.jpg,Modern Minimalist,"white, beige, light wood","oak wood, linen, concrete",natural soft light from large windows,calm and airy,"clothes rack, dresser, shoe rack, coat hanging rod","long narrow space with open shelving units on both sides, providing ample room for clothing and accessories.","This modern minimalist wardrobe features a simple yet functional design, with clean lines, natural materials, and an airy mood that feels inviting and relaxing.",Minimalist,Calm/Serene,Natural (Window),Bedroom,TRUE
eclectic_740.jpg,Scandinavian,"white, gray, blue","wood, linen, glass",natural light from the windows and floor lamp,"airy, bright, and cozy","bed, chair, desk, plant, shelving","an open space with a bed near a window, a chair by the desk under the shelving","This Scandinavian-style room is designed to feel airy and spacious, with a focus on natural light and minimalist furnishings.",Scandinavian,Warm/Cozy,Natural (Window),Bedroom,TRUE
eclectic_749.jpg,Modern Minimalist,"white, black, orange","metal, fabric, wood","bright and airy, with natural light from windows",calm and serene,"beds, tables, chairs, plants","spacious and open, with a central seating area in the middle","This modern bedroom design combines minimalistic elements with a warm color palette to create a calm and serene atmosphere. The room features two beds, a coffee table, chairs, plants, and metal accents.",Minimalist,Calm/Serene,Natural (Window),Bedroom,TRUE
eclectic_762.jpg,Modern Minimalist,"white, beige, blue","wood, linen, concrete",natural soft light from large windows,calm and airy,"king size bed, two-tone headboard, nightstand with mirror, blue throw pillows, blue patterned accent blanket",open space with central seating area,"This is a modern minimalist room featuring a king size bed with two-tone headboard and blue throw pillows, giving the space a calming vibe. The color palette consists of white, beige, and accentuated with blue hues, which complements the materials used: wood for the furniture, linen for the bedding, and concrete on the floor. The room benefits from natural soft lighting that enters through large windows, creating an airy feeling. The layout is open, promoting a central seating area.",Minimalist,Calm/Serene,Natural (Window),Bedroom,TRUE
eclectic_763.jpg,Scandinavian,"pink, white, black","wood, fabric",natural light from the large windows,airy and bright,"couch, bookshelf, table lamp, throw pillows, framed artwork",open space with central seating area,"A Scandinavian style living room featuring pink and white color tones, natural light from windows, a cozy couch and bookshelf, and framed artwork on the wall.",Scandinavian,Bright/Airy,Natural (Window),Bedroom,TRUE
eclectic_768.jpg,Scandinavian,"pink, white, light blue","wood, fabric, plastic",natural soft light from large windows,calm and airy,"bed, nightstand, desk, chair","small bedroom with corner bed, desk in front of window","Bright, cozy, Scandinavian-style bedroom with pink and white accents.",Scandinavian,Calm/Serene,Natural (Window),Bedroom,TRUE
eclectic_783.jpg,Scandinavian,"white, beige, gray","wood, fabric, metal",bright and airy with a warm glow from the floor lamp and natural light from large windows,calm and inviting,"bed, nightstand, sofa, coffee table, floor lamp",open space with central seating area surrounded by white walls,"A cozy Scandinavian bedroom featuring a large bed, nightstand, sofa, coffee table and floor lamp, creating an inviting atmosphere through the use of bright lighting and neutral colors.",Scandinavian,Calm/Serene,Natural (Window),Bedroom,TRUE
eclectic_788.jpg,Modern,"gray, orange, blue","wood, velvet, metal",ambient and accent lighting with a chandelier as focal point,luxurious and sophisticated,"bed, dresser, table, floor lamp","centered around large bed, flanked by nightstands and dresser","This is a modern master bedroom with a luxurious feel, featuring a bed with blue accents, a wooden dresser, and a chandelier for ambient lighting.",Modern,Modern/Sophisticated,Pendant/Chandelier,Bedroom,TRUE
eclectic_790.jpg,Modern,"white, gray, red","wood paneling, brass, natural linen","recessed lighting with a warm tone, and a floor lamp providing ambient light",modern yet cozy,"bench, staircase bannister, pillows, floor lamp, side table",an open concept space with the stairs and bench as focal points,"The room is a modern, cozy space with a white color palette, featuring wooden paneling, brass accents, and comfortable seating options.",Modern,Warm/Cozy,Recessed,Bedroom,TRUE
eclectic_792.jpg,Modern Minimalist,"white, light blue, teal","wood, linen, cotton","bright and airy, with natural light coming in from the windows",calm and relaxed,"queen bed, nightstand, chair, end table, lamp","open space layout with a large bed at the center of the room, flanked by two chairs on either side.","This modern minimalist bedroom features a clean and bright design with a soothing color palette. Natural light floods in through the windows, creating an airy and calm atmosphere.",Minimalist,Calm/Serene,Natural (Window),Bedroom,TRUE
eclectic_799.jpg,Scandinavian,"pink, white, green","wood, brass, velvet",natural light flooding in through large windows and ceiling lights,"bright, clean, and inviting","long sectional sofa, cabinet with flat screen tv on top, potted plant, wooden dresser",open space with central seating area around a cabinet featuring a tv,"This living room is designed in the Scandinavian style, featuring pink accents that contrast with white and green. The materials used include wood for the furniture and brass for fixtures. The space is lit up by natural light streaming through large windows and ceiling lights, creating a bright and inviting atmosphere.",Scandinavian,Warm/Cozy,Natural (Window),Bedroom,TRUE
eclectic_809.jpg,Scandinavian,"white, pink, blue","wood, fabric, metal",natural soft light from large windows,calm and airy,"bed, bookshelf, chair, table, toys",open space with central seating area,"A clean, simple bedroom with a colorful bookcase, comfortable chair, cozy bed and toys scattered around.",Scandinavian,Calm/Serene,Natural (Window),Bedroom,TRUE
eclectic_813.jpg,Modern Minimalist,"white, gray, wood","oak wood, silk, glass","soft, ambient lighting",calm and serene,"chair, desk, lamp, vase with flowers, framed art",space designed for comfort and function,"A modern minimalist bedroom featuring a desk, chair, lamp and framed art in soft lighting.",Minimalist,Calm/Serene,Ambient/Soft,Bedroom,TRUE
eclectic_822.jpg,Modern Minimalist,"purple, beige, gray","wood, linen, metal",warm and ambient,calm and serene,"bed, nightstand, rug, painting",compact and efficient,"This minimalist bedroom features a modern design with a wooden platform bed, purple wall, and warm ambient lighting that creates a serene atmosphere.",Minimalist,Calm/Serene,Ambient/Soft,Bedroom,TRUE
eclectic_824.jpg,Nordic Craftsman,"dark green, light grey, natural wood","wood siding and trimming, wood ceiling slats, glass panels",mix of natural sunlight through large windows and recessed LED lights,"comfortable, inviting and relaxed","built-in bookshelves, wooden dining table with benches, floor lamp with a textured shade",open floor plan with separate living and sleeping areas,"A two story Nordic craftsman home with dark green siding, featuring a cozy living room, open kitchen, and upstairs bedroom.",Scandinavian,Warm/Cozy,Natural (Window),Bedroom,TRUE
eclectic_833.jpg,Modern Minimalist,"white, light wood","wood, cushions",natural soft light from large windows,warm and cozy,"sofa, coffee table, plant, floor lamp, pillows",open space with central seating area and flanking stairs on each side,"A modern minimalist living room with a warm, cozy atmosphere. The space features white walls, light wood accents, wooden furniture and cushions, creating a comfortable and inviting environment.",Minimalist,Warm/Cozy,Natural (Window),Bedroom,TRUE
eclectic_834.jpg,Modern Minimalist,"dark blue, grayscale, light wood","wood, fabric, metal",natural soft light from large windows,calm and airy,"bed, nightstands, chest of drawers, rug, lamps",open space with central seating area,"This bedroom is designed in a modern minimalist style, featuring dark blue walls and light wood accents. The room is furnished simply, with a large bed as the centerpiece. Two nightstands flank the bed on either side, and a rug adds warmth to the space. Lights from lamps provide soft illumination that complements the natural light streaming in through windows. The overall mood of the room is calm and airy.",Minimalist,Calm/Serene,Natural (Window),Bedroom,TRUE
eclectic_848.jpg,Scandinavian,"dark green, white, light wood","wood, fabric, metal",natural light from large windows with wooden frame,calm and cozy,"loft bed, wooden desk, wicker chair, floor lamp, area rug",open space layout with lofted bed above wooden desk area,"Scandinavian design with a focus on natural materials and light, creating a warm and inviting atmosphere.",Scandinavian,Calm/Serene,Natural (Window),Bedroom,TRUE
eclectic_854.jpg,Scandinavian,"white, blue, black","wood, fabric, glass",natural light from a large window,calm and serene,"bed, nightstands, mirror, rug","modern bedroom with a central bed, flanked by nightstands","This bedroom features a Scandinavian-style design, characterized by natural materials and minimal decor. The room is painted in white, complemented by blue accents and black pillows, giving it a bright and serene atmosphere.",Scandinavian,Calm/Serene,Natural (Window),Bedroom,TRUE
eclectic_860.jpg,Scandinavian,"blue, gray, cream","wood, linen, metal","soft, warm light from multiple sources and sheer curtains",cozy and inviting,"bed, sofa, armchair, side table, plant","space designed with functionality and aesthetics in mind, creating a comfortable living area","This bedroom is designed in the Scandinavian style, featuring a calming color palette of blue, gray, and cream. The room utilizes natural materials like wood and linen, complemented by metal accents for a modern touch. Multiple light sources contribute to soft, warm illumination, enhancing the cozy atmosphere. The furniture is arranged in a way that maximizes both comfort and aesthetic appeal.",Scandinavian,Warm/Cozy,Ambient/Soft,Bedroom,TRUE
eclectic_868.jpg,Industrial,"grey, brass, green","steel, wood, brick",ambient and task lighting with accent spotlights,modern and rustic,"bed, sofa, coffee table, floor lamp, plant",open-concept layout with living space adjacent to bedroom,"This is a modern, industrial interior design featuring steel accents, wood finishes, and greenery. The open concept layout allows for an integrated living and sleeping area.",Industrial,Modern/Sophisticated,Ambient/Soft,Bedroom,TRUE
eclectic_871.jpg,Modern Minimalist,"black, gray, white","dark wood, leather, fabric","dimmable track lighting, warm ambient light from floor lamps and sconces",intellectual and serene,"sofa with throw pillows, coffee table with books, floor lamp with white shade, vase of flowers, framed artwork","open space with central seating area, flanked by bookcases on both sides","Modern minimalist living room featuring a dark wood floor, leather upholstered furniture, and a large collection of books arranged along the walls.",Minimalist,Calm/Serene,Ambient/Soft,Bedroom,TRUE
eclectic_883.jpg,Modern Minimalist,"white, blue, orange","leather, wood, fabric",bright and natural light from large windows,calm and serene,"bed, nightstand, lamp, plant",modern loft with open space and centered bed,"This modern bedroom features a minimalist design with a white bed against a wall of geometric pattern. The color palette is simple, using blue, orange, and white for the linens and decor. The room has bright natural light from large windows, creating a calm and serene atmosphere.",Minimalist,Calm/Serene,Natural (Window),Bedroom,TRUE
eclectic_89.jpg,Scandinavian,"white, blue, gray","wood, fabric, metal",natural soft light from large windows and pendant lights,calm and airy,"sofa, coffee table, plant, floor lamp, abstract art, throw pillows",open space with central seating area in front of large windows,"The living room combines Scandinavian style elements with a neutral color palette, natural lighting and warm textiles to create a calm and inviting atmosphere.",Scandinavian,Calm/Serene,Natural (Window),Bedroom,TRUE
eclectic_892.jpg,Industrial Loft,"black, white, rust","brick wall, wood floor, steel frame",mixed lighting with natural light from windows and artificial lighting from overhead fixture,edgy and urban,"bed, workstation, graffiti mural on wall, skateboard",modern open floor plan with bedroom area connected to office space,"The room's design features an industrial loft style, with black and white as the primary color palette. The brick wall adds a rustic touch, while the steel frame contrasts with the wooden floor. A graffiti mural on the wall brings a contemporary edge to the space. A bed is positioned near a workstation, creating a functional open layout that integrates both relaxation and productivity.",Industrial,Other,Natural (Window),Bedroom,TRUE
eclectic_902.jpg,Minimalist Modern,"white, beige, grey","wood paneling, linen upholstery, brushed brass",Natural light from floor to ceiling windows and recessed lighting,Calm and serene with modern flair,"sofa, coffee table, plant, floor lamp, modern art","Open space with central seating area, featuring a desk and bed","Minimalist interior with clean lines and neutral tones, enhanced by natural lighting.",Minimalist,Calm/Serene,Natural (Window),Bedroom,TRUE
eclectic_904.jpg,Modern Minimalist,"dark green, light gray, white","wood paneling, glass windows and doors, black metal trim",well-lit by natural light from floor-to-ceiling windows,contemporary and serene,"large sectional sofa, minimalist coffee table, modern artwork, floor lamp","open living space with kitchen adjacent to living room, bedrooms above","This modern two-story house features a clean and contemporary design with a minimalistic color palette. The use of wood paneling and glass windows creates a spacious feel while the metal trim adds an industrial touch. The lighting is bright and inviting from multiple floor-to-ceiling windows, contributing to a serene and peaceful atmosphere.",Minimalist,Calm/Serene,Natural (Window),Bedroom,TRUE
eclectic_907.jpg,Scandinavian,"light pink, neutral tones, burnt orange","wood, cotton, velvet","natural light through the large window, with a touch of ambient light from wall sconces",calm and serene,"baby crib, chair, wooden side table, plush toys, books","a central sleeping area with a comfortable chair, flanked by storage on either side, and decorative elements","This cozy nursery has a light and airy Scandinavian design, featuring soft textures and natural wood tones. The large window floods the room with natural light, while the neutral color palette adds to its tranquil ambiance.",Scandinavian,Calm/Serene,Natural (Window),Other,TRUE
eclectic_909.jpg,Modern,"white, orange, gray","wood, metal, glass",bright and natural with large windows,"modern, minimalist, bright","bench, bookshelf, pillows, couch",curved bench in front of bookshelves with books and vases on shelves,"This is a modern, minimalist living room with bright colors and clean lines. The room features a curved bench in an orange color with white and gray accents. The bookshelves are filled with books and other decorative items, creating a warm and inviting atmosphere.",Modern,Modern/Sophisticated,Natural (Window),Bedroom,TRUE
eclectic_921.jpg,Scandinavian,"white, beige, grey","wood, linen, metal",natural soft light from large windows and floor lamps,calm and airy,"sofa, round bed, coffee table, floor lamp, dresser",open space with central seating area,"Scandinavian-style bedroom with a cozy and airy atmosphere, featuring natural lighting and minimalist furniture.",Scandinavian,Calm/Serene,Natural (Window),Bedroom,TRUE
eclectic_940.jpg,Modern Minimalist,"navy blue, light gray, beige","wood, linen, brass",natural soft light from large windows,calm and airy,"wooden dresser, plant in corner, framed artwork on wall, blue throw rug",open space with central seating area,"This interior design showcases a modern, minimalist style with a calming navy blue accent wall. The room features natural lighting from large windows and a clean, open layout that creates a serene atmosphere.",Minimalist,Calm/Serene,Natural (Window),Bedroom,TRUE
eclectic_941.jpg,Modern Minimalist,"black, white, orange","wood, fabric, metal",ambient and task lighting,cool and contemporary,"bed, nightstand, poster of player, basketball hoop",rectangular room with bed at center,A modern sports-themed bedroom that utilizes a minimalist design for an open and inviting feel.,Minimalist,Other,Ambient/Soft,Bedroom,TRUE
eclectic_950.jpg,Modern Minimalist,"black, white, natural wood","wood, glass, steel","bright and airy, with ample natural light from large windows",modern and serene,"sofa, coffee table, floor lamp, plant, abstract art",open layout with separate bedroom area,"The house features a modern, minimalist design with a monochromatic color scheme and ample natural light. The open floor plan includes a separate bedroom area, providing a serene and stylish living space.",Minimalist,Calm/Serene,Natural (Window),Bedroom,TRUE
eclectic_959.jpg,Modern Minimalist,"purple, orange, grey","leather, wood, fabric",recessed LED lighting providing soft illumination,modern and luxurious,"sofa, coffee table, chair, bookshelf, area rug",open space with central seating area and surround sound system,"This is a modern living room with minimalistic design, featuring purple couches against the back wall, orange accent pillows, a grey rug on the floor, and a wood coffee table in front of the sofa. Recessed LED lights provide soft illumination, and there's an area rug underneath the seating arrangement.",Minimalist,Modern/Sophisticated,Recessed,Bedroom,TRUE
eclectic_972.jpg,Modern Minimalist,"white, gray, red","wood, fabric, metal","bright and even, with natural light from windows",calm and elegant,"bed, sofa, side table, dresser, floor lamp",open floor plan with bedroom centrally placed within living area,"The interior is a modern minimalist design, featuring clean lines and a palette of white, gray, and red. The room is filled with natural light from large windows and has a calm and elegant mood.",Minimalist,Calm/Serene,Natural (Window),Bedroom,TRUE
eclectic_979.jpg,Scandinavian,"blue, white, wood","wood, fabric, metal",bright and natural with high ceiling lighting,calm and inviting,"blue sofa, built-in bookshelves, large windows, decorative pillows, plant on sill",cozy corner with window seat and bookshelves,"This room has a Scandinavian design with blue and white tones, wooden elements, and a warm lighting scheme. It features built-in bookshelves, a cozy blue sofa, large windows, decorative pillows, and a plant to create a calming atmosphere.",Scandinavian,Calm/Serene,Natural,Bedroom,TRUE
eclectic_98.jpg,Modern Minimalist,"white, gray, purple accent","wood paneling, linen, brass",natural soft light from large windows,calm and airy,"white sofa, round coffee table, purple accent pillow, floor lamp, framed artworks",open space with central seating area,"The interior design showcases a minimalist modern style, with a color palette that includes white, gray, and purple accents. The space is adorned with wood paneling, linen materials, and brass details. Natural light from large windows creates a calm and airy atmosphere. The room features a white sofa, round coffee table, framed artworks on the wall, and a floor lamp.",Minimalist,Calm/Serene,Natural (Window),Bedroom,TRUE
eclectic_996.jpg,Modern Minimalist,"dark gray, white, light wood","wood siding, steel decking, clear glass",natural soft light from large windows,calm and airy,"modern sofa, glass coffee table, wooden floor lamp, contemporary artwork","open space with central seating area, separate bedroom wing on right side of house","This modern two-story home features a simple yet elegant design with a dark gray exterior and light wood accents. Large windows allow ample natural light into the spacious interior. The minimalist style is complemented by clean lines, smooth surfaces, and a mix of contemporary furniture and art.",Minimalist,Calm/Serene,Natural (Window),Bedroom,TRUE
eclectic_997.jpg,Scandinavian,"white, light blue, gold accents","wooden floorboards, linen upholstery, brass and glass","soft, natural light from a large picture window and overhead lights",calm and inviting,"white sofa with floral pillows, teal armchair, blue coffee table with decorative tray, antique wooden side table, brass candlestick","open layout with seating area centered around fireplace, surrounded by windows and bookshelves","This living room combines a Scandinavian style with elements of modern comfort. The room is bright and airy with white walls and light wooden floors. The furniture includes a blue sofa with colorful pillows, a teal armchair, and a coffee table with decorative tray. A brass candlestick adds a touch of traditional charm to the space.",Scandinavian,Calm/Serene,Natural (Window),Bedroom,TRUE
farmhouse_108.jpg,Rustic,"gray, white, wood","brick, leather, canvas",Dim and warm ambient lighting with some natural sunlight,"Warm, cozy, inviting","king-size bed, wicker chairs, wooden desk, brick headboard, large mirror",Open and spacious with a central seating area around the television.,"This room features rustic elements such as the brick wall, wooden furniture, and wicker chairs, creating a cozy and inviting space.",Natural/Rustic,Warm/Cozy,Natural,Bedroom,TRUE
farmhouse_119.jpg,Scandinavian,"white, black, grey, natural wood","wooden beams and panels, stone facade, glass windows and doors, plaster walls","soft, warm, natural light from large glass windows",serene and cozy,"sofa, coffee table, rug, bookshelf, chairs",open floor plan with a central seating area and separate living room and bedroom spaces,"This modern Scandinavian-style house is characterized by its warm, natural materials, bright open windows, and comfortable, inviting furniture.",Scandinavian,Calm/Serene,Natural (Window),Bedroom,TRUE
farmhouse_171.jpg,Modern Minimalist,"white, beige, light wood","oak wood, linen, glass",natural soft light from large windows,calm and airy,"sofa, coffee table, plant, floor lamp, side table, vase",open space with central seating area,"This image depicts a modern minimalist bedroom that exudes a calm and airy atmosphere. The room is decorated in neutral colors of white, beige, and light wood, creating a serene and soothing environment. The furniture is made of oak wood, which adds warmth to the space, while linen and glass materials provide texture and contrast. Natural light floods in from large windows that offer an expansive view of the surrounding landscape.",Minimalist,Calm/Serene,Natural (Window),Bedroom,TRUE
farmhouse_174.jpg,Modern Minimalist,"white, beige, light wood","oak wood, linen, woven wicker",natural soft light from large windows,calm and airy,"king-size bed with tufted headboard, wooden nightstands with integrated lighting, floor-to-ceiling draperies, vintage pendant light fixtures, plush area rug in soft tones","open space with central seating area, featuring a large bed as focal point",This well-lit and spacious modern bedroom combines minimalism with elements of warmth and comfort.,Minimalist,Calm/Serene,Natural (Window),Bedroom,TRUE
farmhouse_182.jpg,Modern,"white, black, gray","wood, metal, fabric",soft overhead lighting and natural light from large windows,"modern, sleek, and contemporary","sofa with colorful throw pillows, large area rug, minimalist coffee table, wall-mounted flat screen TV, wooden stair railing",open floor plan with a clear view of the kitchen in the background,"This modern living room features a neutral color palette, wooden elements, and sleek design. The space is well-lit, creating an open feel that flows seamlessly into the adjacent kitchen.",Modern,Modern/Sophisticated,Natural (Window),Bedroom,TRUE
farmhouse_212.jpg,Modern,"white, gray, blue","glass, wood, metal",natural sunlight,contemporary and inviting,"washer and dryer, rugs on floor, shelves with towels",linear hallway leading to bedrooms and bathroom,"Modern laundry room with clean lines, natural lighting and open concept layout.",Modern,Warm/Cozy,Natural,Bedroom,TRUE
farmhouse_215.jpg,Modern,"white, gray, beige","leather, fabric, wood",natural soft light from large windows and floor lamps,calm and cozy,"king size bed with dark wooden headboard and linens, two nightstands with lamps, large windows for natural light, white patterned rug on wooden floor, dark wood coffee table","open space with central seating area featuring the bed, two chairs and a small sofa or love seat","This is a modern bedroom designed for comfort and relaxation. The room features a king size bed at the center, flanked by two nightstands with lamps and accented with a white patterned rug on the wooden floor.",Modern,Calm/Serene,Natural (Window),Bedroom,TRUE
farmhouse_229.jpg,Modern Minimalist,"light wood, gray, white","wood, linen, glass",natural soft light from large windows,calm and airy,"table, chairs, vase, pillows",open space with central seating area,"A modern dining room featuring a minimalist design, light wood tones, linen fabrics, and natural light that creates a calm and airy atmosphere.",Minimalist,Calm/Serene,Natural (Window),Bedroom,TRUE
farmhouse_236.jpg,Scandinavian,"white, blue, silver","linen, wool, wood",Soft natural light from two windows,Calm and relaxed,"bed, nightstand, lamp, couch, wall decor","Narrow bedroom with twin beds, nightstand between them","A cozy Scandinavian-style bedroom with light colors and simple, natural materials.",Scandinavian,Calm/Serene,Natural (Window),Bedroom,TRUE
farmhouse_248.jpg,Traditional,"light beige, white, dark brown","brick exterior siding, vinyl window frames, hardwood floors",Natural light from large windows and a front porch with ceiling fan and lights,Warm and inviting,"front door with chandelier above it, patio furniture set, large potted plants on the steps","Main floor has a formal living room, dining room, kitchen, and front porch; second floor has bedrooms and another bathroom",A traditional two-story house with a welcoming front porch that offers shade from an overhead fan and ceiling light.,Traditional/Vintage,Warm/Cozy,Natural (Window),Bedroom,TRUE
farmhouse_258.jpg,Modern,"neutral, blue, wood","metal, leather, natural wood","soft, natural light from large windows",comfortable and relaxed,"couch, bed, storage bench, side tables",open floor plan with central seating area,"This is a modern bedroom with a neutral color palette, metal frame beds, wooden accents and large windows that provide soft lighting. The room feels comfortable and relaxed with its inviting couch and storage bench.",Modern,Warm/Cozy,Natural (Window),Bedroom,TRUE
farmhouse_259.jpg,Modern Minimalist,"white, light wood, natural tones","concrete, wood, metal","moderate and natural light from large windows and sliding glass doors, with supplementary track lighting for even illumination",calm and serene,"sofa, coffee table, floor lamp, large area rug, artwork","open floor plan with a central living area flanked by two wings for additional spaces (bedrooms, bathroom)","This modern house features minimalist design elements such as clean lines and a neutral color palette. The space is filled with natural light from large windows and sliding glass doors, creating a calm and serene atmosphere.",Minimalist,Calm/Serene,Natural (Window),Bedroom,TRUE
farmhouse_310.jpg,Modern Minimalist,"gray, white, blue","wood, fabric, metal",natural soft light from large windows and ceiling fan,calm and airy,"bed, nightstand, chair, bookshelf, bear",open space with central seating area around bed,"This is a cozy, modern bedroom with minimalist design elements. The color palette consists of gray, white and blue tones, with wood as the primary material for furniture. Natural light streams in through large windows and is supplemented by soft overhead lighting. The room has a central seating area around the bed, providing ample space for relaxation and sleep.",Minimalist,Calm/Serene,Natural (Window),Bedroom,TRUE
farmhouse_32.jpg,Modern Minimalist,"gray, white, black","wood, linen, metal",natural soft light from large windows,calm and airy,"bed, nightstand, lamp, rug, artwork",clean lines with central bed placement,"This is a modern bedroom design with a neutral color palette, featuring wood accents and soft lighting. The room has a minimalist style with clean lines and a central bed placement for a calm and airy atmosphere.",Minimalist,Calm/Serene,Natural (Window),Bedroom,TRUE
farmhouse_33.jpg,Modern Minimalist,"white, beige, gray","wood, fabric, metal",natural soft light from large windows,calm and airy,"sofa, coffee table, plant, floor lamp, abstract artwork, modern mirror",open space with central seating area,"A contemporary bedroom with a neutral color palette, clean lines and natural lighting that creates a serene atmosphere.",Minimalist,Calm/Serene,Natural (Window),Bedroom,TRUE
farmhouse_330.jpg,Log Cabin,"wooden brown, white, red","wood, cotton, metal",sunlit space with warm wooden tones,rustic and cozy,"bunk beds, shelves, bedside tables, desk",simple open floor plan with central gathering area,"This is a log cabin style interior with warm wooden tones, featuring bunk beds and furnishings that evoke the feeling of a rustic retreat.",Other,Warm/Cozy,Mixed/Other,Bedroom,TRUE
farmhouse_353.jpg,Modern Minimalist,"gray, white, black","wood, linen, leather",natural soft light from large windows,calm and airy,"bed, nightstand, lamp, rugs, artwork","cozy bedroom with a neatly made bed, nightstand on one side, and lamp on the other side of the bed.","A clean, modern bedroom with neutral colors and minimalistic design.",Minimalist,Calm/Serene,Natural (Window),Bedroom,TRUE
farmhouse_375.jpg,Modern Minimalist,"white, beige, gray","wood paneling on walls and ceiling, metal beams across ceiling, woven basket weave accents","natural soft light from large windows, complemented by warm ambient lighting.",bright and airy,"large flat screen TV, white wicker sofa, wooden coffee table with blue and white throw pillows, woven basket weave side tables, plant on floor","open space with central seating area, featuring a couch facing the fireplace.",Unknown,Minimalist,Bright/Airy,Natural (Window),Bedroom,TRUE
farmhouse_376.jpg,Industrial Loft,"light blue, white, black","wood, linen, concrete, metal",Natural soft light from large windows and a skylight.,Bright and energetic.,"Queen size bed with black metal frame, Wooden nightstands on either side of the bed, Black metal floor lamp next to one of the nightstands, Two patterned throw pillows on the bed, A patterned rug underneath the bed",Open space with central seating area created by the bed. A small desk sits against the wall opposite the windows.,This is a modern industrial-style room featuring an open floor plan with a large king-sized bed as the centerpiece of the space.,Industrial,Bright/Airy,Natural (Window),Bedroom,TRUE
farmhouse_429.jpg,Scandinavian,"white, light wood","wood, metal, fabric",natural light from large windows,warm and cozy,"king bed, dresser, coffee table, floor lamp",open space with central seating area around fireplace,"This bedroom is designed in a Scandinavian style, characterized by clean lines and a neutral color palette. The space features natural materials like wood and metal, complemented by soft fabric accents. The room has large windows that allow ample natural light to fill the space, creating a warm and cozy atmosphere. The bed is centrally located in the room with a seating area around the fireplace. The dresser matches the bed, maintaining the Scandinavian design aesthetic.",Scandinavian,Warm/Cozy,Natural (Window),Bedroom,TRUE
farmhouse_432.jpg,Modern Minimalist,"white, beige, light wood","wood, linen, cotton",natural soft light from large windows,calm and airy,"king-size bed, dresser, side table, area rug, large painting",spacious bedroom with open design concept,"A serene and inviting modern bedroom featuring a king-size bed, minimalist furnishings, and soft natural lighting.",Minimalist,Calm/Serene,Natural (Window),Bedroom,TRUE
farmhouse_433.jpg,Modern Minimalist,"white, beige, gray","wood, linen, glass","bright and even, with natural light from windows",calm and serene,"large bed, nightstand, lamp, vase","spacious bedroom with a bed centered between two nightstands, a lamp on one side and a vase on the other","This bedroom features a minimalist design with a modern flair. A large bed is the centerpiece of the room, flanked by two nightstands holding lamps on either side, contributing to a serene ambiance that benefits from natural light flooding in.",Minimalist,Calm/Serene,Natural (Window),Bedroom,TRUE
farmhouse_442.jpg,Modern Minimalist,"white, light gray","wood paneling on ceiling and walls, cotton bedding, linoleum flooring","natural light from windows, ambient light from recessed lighting",clean and serene,"beds, nightstands with lamps, wooden chairs, floor rug",open living space with bedrooms to side,"This modern minimalist interior design features a clean color palette, wood paneling on ceiling and walls, linoleum flooring, cotton bedding, and ambient lighting that creates a serene and open atmosphere in the living area.",Minimalist,Calm/Serene,Natural (Window),Bedroom,TRUE
farmhouse_481.jpg,Modern Minimalist,"white, beige, light wood","fabric upholstery, wooden headboard and footboard, cushions, silk throw blanket","soft, natural light from multiple windows",calm and serene,"king-size bed with upholstered headboard and footboard, two floor lamps on either side of the bed, bedside table with a lamp and decorative objects, small chest of drawers at foot of bed, ruffled white throw blanket over the top of the comforter",open space with central seating area created by bed's arrangement,"This bedroom features a modern, minimalist design with a soothing color palette of whites and light woods. The room is well-lit with natural light from windows, creating a serene atmosphere.",Minimalist,Calm/Serene,Natural (Window),Bedroom,TRUE
farmhouse_488.jpg,Modern Minimalist,"white, gray, blue","wood, fabric, metal",natural soft light from large windows and chandelier in center of room,calm and airy,"sofa, coffee table, chandelier, plant, area rug",open space with central seating area and windows on three sides,"This modern bedroom has a minimalist design with clean lines, neutral tones, and natural materials. The large windows allow for plenty of light to fill the room, creating an airy atmosphere. A chandelier hangs from the center of the ceiling, adding an elegant touch. The space is furnished with a comfortable sofa and coffee table, providing ample seating in the central area. Additional decorative elements include a plant for a pop of greenery, an area rug to define the space, and tasteful artwork on the walls.",Minimalist,Calm/Serene,Natural (Window),Bedroom,TRUE
farmhouse_524.jpg,Scandinavian,"beige, white, light wood","wood, glass, fabric",natural soft light from large windows and floor lamps,cozy and warm,"sofa, coffee table, area rug, floor lamp, pillows",open space with central seating area surrounding a fireplace,"This is a large, open-concept living room in a Scandinavian style. The color palette includes beige, white, and light wood tones. Materials such as wood, glass, and fabric can be seen throughout the space. Natural soft light fills the room from the large windows and floor lamps. The mood of the room is cozy and warm, with a comfortable seating arrangement around a fireplace. Objects in the room include a sofa, coffee table, area rug, floor lamp, and numerous pillows.",Scandinavian,Warm/Cozy,Natural (Window),Bedroom,TRUE
farmhouse_548.jpg,Modern Minimalist,"white, beige, light wood","fabric, wood, metal",natural soft light from large windows,calm and airy,"bed, bedside table, lamp, floor lamp, pillows",open space with central bedroom area,"The room is a modern minimalist hotel suite, featuring a white color palette with beige and light wood accents. The design utilizes fabric, wood, and metal materials to create a calm and airy atmosphere.",Minimalist,Calm/Serene,Natural (Window),Bedroom,TRUE
farmhouse_555.jpg,Modern Minimalist,"white, gray, light wood","oak wood, linen, leather",soft overhead lighting and ambient soft light from the sides,calm and airy,"bed, nightstands, dresser, floor lamp",open space with centered bed flanked by nightstands and dresser on opposite wall,"This is a modern, minimalist bedroom featuring a serene palette of white, gray, and light wood. The room has soft overhead lighting and ambient soft light from the sides, creating a calm and airy atmosphere.",Minimalist,Calm/Serene,Ambient/Soft,Bedroom,TRUE
farmhouse_567.jpg,Modern Minimalist,"white, beige, light wood","wood, linen, fabric",bright and natural from large windows and overhead lighting,calm and serene,"bed, nightstand, desk, dresser, chair",spacious with open floor plan,"A modern minimalist bedroom design with neutral color palette, featuring a large bed, functional nightstand and dresser, desk for work or study, and a comfortable chair.",Minimalist,Calm/Serene,Natural (Window),Bedroom,TRUE
farmhouse_570.jpg,Contemporary,"white, gray, wood","brick, stone, wood",Natural light with a warm glow from the windows and doors.,Elegant and inviting.,"sofa, coffee table, floor lamp, area rug, potted plant",A spacious open floor plan with a central living area surrounded by bedrooms.,"This is an elegant and inviting contemporary home with a warm color palette of white, gray, and wood. The materials used include brick, stone, and wood, giving it a natural and textured look. Natural light streams through the large windows and doors, creating a warm glow that highlights the open floor plan and spacious living area.",Contemporary,Warm/Cozy,Natural (Window),Bedroom,TRUE
farmhouse_576.jpg,Scandinavian,"white, light wood, beige","linen, wood, metal",natural soft light from large windows,calm and airy,"bed, dresser, lamp, framed mirror, window treatments","small, neatly arranged bedroom with a focus on simplicity and functionality.","The room has a serene and minimalistic design, featuring linens in light colors, wooden furniture, and metal accents. The bed is made, giving the space a tidy and organized appearance.",Scandinavian,Calm/Serene,Natural (Window),Bedroom,TRUE
farmhouse_579.jpg,Modern,"white, grey, blue","wood, fabric, metal","Natural light through large windows, complemented by modern floor lamps.",Clean and serene with a touch of luxury.,"bed, nightstands, sofa, chair, rug","Bedroom with a view in the background, featuring a bed by large windows.",Unknown,Modern,Calm/Serene,Natural (Window),Bedroom,TRUE
farmhouse_592.jpg,Modern Minimalist,"grey, white, neutral","linen, wood, brass",soft and natural light from large windows,calm and spacious,"bed, nightstand, chair, side table, rug",open space with a central seating area created by the bed and two chairs,"This room is styled in a minimalist modern design, featuring a large bed at the center, flanked by two armchairs. The color palette is neutral with shades of grey and white, complemented by natural materials like linen, wood, and brass. Soft lighting creates a calm atmosphere.",Minimalist,Calm/Serene,Natural (Window),Bedroom,TRUE
farmhouse_632.jpg,Scandinavian,"white, gray, blue","wood, linen, leather",warm natural light from large windows,cozy and serene,"bed, nightstands, throw blanket, rug",open space with central bed area,"This bedroom combines a Scandinavian design style with natural wood elements, creating a cozy and serene atmosphere. The large windows allow for warm natural light to fill the room, while linen and leather materials contribute to a comfortable and inviting space.",Scandinavian,Calm/Serene,Natural (Window),Bedroom,TRUE
farmhouse_643.jpg,Modern Minimalist,"gray, beige, white","wood, linen, acrylic",soft overhead lighting with recessed fixtures and a floor lamp,calm and neutral,"low platform bed, wall-mounted shelving unit, abstract art piece, floor lamp, plant","open space layout with beds aligned against wall, stairs between levels, and overhead lighting centered over the room.",Unknown,Minimalist,Calm/Serene,Recessed,Other,TRUE
farmhouse_679.jpg,Modern,"white, light wood, navy blue","oak veneer paneling, cushioned outdoor furniture, glass railings","soft, natural light from the large windows",airy and inviting,"white sofa with orange throw pillows, outdoor fireplace table with built-in grill, large indoor plant, outdoor seating area","open space with central seating area, featuring raised deck with stairs leading up to it and a separate outdoor kitchen area","This modern outdoor living space is designed for comfort and relaxation, with a neutral color palette that complements the natural surroundings. The design features a mix of materials and textures, from sleek oak paneling to plush cushions and a cozy fireplace.",Modern,Warm/Cozy,Natural (Window),Bedroom,TRUE
farmhouse_724.jpg,Scandinavian,"white, blue","linen, wood, glass",natural soft light from large windows and chandelier,calm and airy,"beds, chair, curtains, table lamp, sofa, wall art","large open space with central seating area, two bedroom spaces separated by a divider","The room is designed in a Scandinavian style, featuring white and blue tones, linen and wood materials, soft natural lighting, and a calming atmosphere that highlights the peacefulness of the space.",Scandinavian,Calm/Serene,Natural (Window),Bedroom,TRUE
farmhouse_74.jpg,Modern Minimalist,"white, gray, wood accents","wood paneling on walls, concrete flooring, leather upholstery","natural soft light from large windows, complemented by modern chandelier and floor lamps",calm and serene,"white sofa with patterned throw pillows, black metal coffee table with round glass top, reclaimed wood bench in front of fireplace, modern floor lamp with brass base, green potted plant","open space with central seating area, fireplace as focal point","A modern and minimalist living room with a warm and inviting atmosphere, featuring natural light from windows, wood paneling on walls, leather upholstery, concrete flooring, and stylish furniture pieces.",Minimalist,Calm/Serene,Natural (Window),Bedroom,TRUE
farmhouse_747.jpg,Modern Minimalist,"white, light gray, dark wood","concrete, fabric upholstery, metal frame, acrylic window",recessed lighting with ambient string lights,cozy and warm,"sectional sofa, cubed ottoman, plant, floor lamp",open floor plan with living room and dining area combined,"This modern minimalist living space combines a variety of textures and finishes to create a comfortable and stylish environment, with recessed lighting that provides ample illumination and ambient string lights for added warmth.",Minimalist,Warm/Cozy,Recessed,Bedroom,TRUE
farmhouse_814.jpg,Scandinavian,"white, beige, light wood","wood, fabric, glass","soft, natural light from large windows",airy and open,"sofa, coffee table, shoe rack, bed, plant",open space with central seating area and adjacent bedroom,"This living room has a clean, Scandinavian design style with wood floors and white walls. The color palette is light and neutral, creating a calm and airy atmosphere. Natural light from large windows fills the room, making it feel spacious and open. There are several wooden furniture pieces that add warmth to the space. A bed is tucked away in one corner of the room, suggesting a multi-functional living area. Overall, the room feels bright and welcoming.",Scandinavian,Bright/Airy,Natural (Window),Bedroom,TRUE
farmhouse_832.jpg,Industrial Loft,"white, navy blue, grey","metal, concrete, wood",natural soft light from large windows,industrial chic with a touch of coziness,"large bed in the center, leather bench at end of room, modern chandelier hanging over bed, floor lamp in corner","open space layout with large bed as focal point, flanked by furniture on either side","This is a loft-style bedroom with an industrial feel, featuring metal and concrete materials for a modern look. The room has large windows that let in natural light, creating a cozy atmosphere. The color palette is neutral with pops of navy blue and grey to add depth.",Industrial,Other,Natural (Window),Bedroom,TRUE
farmhouse_835.jpg,Modern,"black, blue, grey","wood, fabric, metal",ambient lighting with warm tones from lamps and ceiling fixture,"modern, stylish, luxurious","bed, nightstands, couches, dining table, lamps",open floor plan with bedroom space flowing into living and dining areas,"This is a modern bedroom with sleek design elements, monochromatic color scheme, and high-quality materials. The room is well-lit, creating a stylish and luxurious atmosphere.",Modern,Modern/Sophisticated,Ambient/Soft,Bedroom,TRUE
farmhouse_850.jpg,Modern Minimalist,"white, black, wood tones","oak wood, linen, steel",natural soft light from large windows,calm and airy,"wood frame bed with wooden platform, wooden nightstands, wooden bench at foot of bed, black lamps, white wall sconces",open space with central seating area under the beams,"This modern minimalist bedroom features a white color palette with black accents, oak wood construction, and natural lighting to create a calm and airy atmosphere.",Minimalist,Calm/Serene,Natural (Window),Bedroom,TRUE
farmhouse_865.jpg,Modern Minimalist,"white, navy blue","oak wood, linen, metal",natural soft light from large windows,calm and airy,"bed, basket weave bench, framed artwork on wall, wooden bedside table, small plant",open space with central seating area,"This is a modern minimalist bedroom featuring a white and navy blue color scheme, natural wood materials, soft lighting from large windows, and a serene atmosphere.",Minimalist,Calm/Serene,Natural (Window),Bedroom,TRUE
farmhouse_874.jpg,Rustic Cabin,"wood brown, white, green, red","stone, wood, linen, metal",Natural light from windows and candlelight,"Warm, cozy and inviting","bed, sofa, coffee table, fireplace, mirror",Open floor plan with wood ceiling beams,"A rustic cabin-themed bedroom with a fireplace, wooden accents and natural lighting.",Natural/Rustic,Warm/Cozy,Natural (Window),Bedroom,TRUE
farmhouse_918.jpg,Scandinavian,"white, light wood, gray","wood, linen, wicker, leather",soft natural light from large windows,calm and bright,"bunk beds, nightstand, shelf, stuffed animal",open space with shared central area,"A cozy Scandinavian-style room with wood accents, a large window allowing for natural light, and comfortable bunk beds.",Scandinavian,Calm/Serene,Natural (Window),Bedroom,TRUE
farmhouse_950.jpg,Scandinavian,"neutral tones, green accents, wood textures","stone walls and floor, natural wood furniture, modern fabrics",natural soft light from large windows,calm and airy,"sofa with blue pillows, round coffee table with plants, floor lamp, wooden side table",open space with central seating area,"This is a modern Scandinavian-style living room featuring neutral tones and green accents. Natural stone walls, floor, and wooden furniture create a warm atmosphere while the large windows allow for plenty of natural light. The layout includes a comfortable sofa and side table with a coffee table in the center, perfect for socializing or relaxing.",Scandinavian,Calm/Serene,Natural (Window),Bedroom,TRUE
farmhouse_954.jpg,Modern Minimalist,"beige, white, wood","oak wood, linen, steel",natural soft light from large windows,calm and airy,"bed, nightstand, lamp, armchair","two beds with nightstands in between, sitting area with armchair and table","This modern bedroom design features minimalist furnishings and a calming color palette of beige and white, providing a tranquil retreat.",Minimalist,Calm/Serene,Natural (Window),Bedroom,TRUE
farmhouse_955.jpg,Scandinavian,"white, light gray, natural wood","wood, fabric, glass",Natural soft light from large windows and ambient LED lights,Calm and airy,"beds, shelves, stairs, cabinets",Open space with central seating area,"A cozy, minimalist loft-style apartment with beds built into the walls, natural lighting, and simple wooden furnishings.",Scandinavian,Calm/Serene,Natural (Window),Living Room,TRUE
farmhouse_99.jpg,Scandinavian,"white, beige, light wood","wood siding, glass windows and doors, metal roofing",natural soft light from large windows and a vaulted ceiling that allows for ample natural light,warm and inviting with a touch of rustic charm,"large open kitchen, dining table surrounded by chairs, wooden bench at the front entrance","open space with central seating area, bedrooms flanking the living room on either side for privacy and symmetry","This modern home combines wood siding and a metal roof for a warm and rustic feel. The open kitchen and living spaces are perfect for entertaining, while the large windows offer plenty of natural light to fill the spacious interior.",Scandinavian,Warm/Cozy,Natural (Window),Bedroom,TRUE
farmhouse_990.jpg,Modern Minimalist,"dark blue, light gray, white","wood, glass, metal",natural light from windows,cozy and organized,"cabinet with dog beds, potted plant, framed photo, vase of flowers","open space with kitchen counter, cabinets below","A modern minimalist design that combines functionality with aesthetic appeal. The dark blue cabinet stands out against the light gray walls and white backsplash. A potted plant adds a touch of greenery, while framed photos and vases of flowers add personal touches. Underneath the counter, dog beds are tucked away in cabinets for a neat and organized look.",Minimalist,Warm/Cozy,Natural (Window),Kitchen,TRUE
french-country_100.jpg,Eclectic,"beige, off-white, light wood","wood, velvet, silk, brass",mixed natural and ambient lighting with some accent lighting,"inviting, warm and cozy","tufted sofa, coffee table, floor lamp, vase of flowers, throw pillows",formal living space with symmetrical arrangement of furniture,"This living room exudes an inviting warmth with its eclectic style, featuring a mix of textures and materials. The off-white and light wood tones provide a neutral backdrop for the wooden beams on the ceiling and the tufted sofa, which serves as the focal point of the space. Accent pieces like brass fixtures add an elegant touch to the room.",Other,Warm/Cozy,Natural,Bedroom,TRUE
french-country_104.jpg,Modern Minimalist,"white, beige, navy blue","wood, fabric, metal",natural soft light from large windows,calm and airy,"king-size bed, sofa, armchair, coffee table, area rug",open space with central seating area around fireplace,"A modern minimalist bedroom featuring a king-size bed, sofa, and armchair arranged around a central fireplace for warmth and ambiance.",Minimalist,Calm/Serene,Natural (Window),Bedroom,TRUE
french-country_105.jpg,Modern Minimalist,"white, light gray, wood accents","steel frame, slate flooring, wood paneling",natural soft light from large windows and recessed ceiling lights,calm and airy,"large bed, low-profile seating area, floor lamp, coffee table with storage",open space layout with central seating area adjacent to windows for natural light,"This modern, minimalist bedroom features a clean and simple design with white accents. The space is bright and airy, thanks to large windows that let in ample natural light. A low-profile seating area provides cozy spot for relaxation, while a floor lamp adds warmth to the room.",Minimalist,Calm/Serene,Natural (Window),Bedroom,TRUE
french-country_111.jpg,Modern Minimalist,"beige, light wood, off white","oak wood, linen, concrete",soft and warm from lamps,calm and cozy,"king-size bed with neutral bedding, dark wooden dresser, lounge chair, small potted plant",traditional layout with a central focus on the bed,"A clean, modern bedroom that combines neutral colors and natural materials for a serene and inviting atmosphere.",Minimalist,Calm/Serene,Ambient/Soft,Bedroom,TRUE
french-country_113.jpg,Modern Minimalist,"white, beige, light wood","leather, silk, brass",natural soft light from large windows,calm and airy,"canopy bed, wooden nightstands, blue throw blanket, white table lamp",open space with central seating area,"This bedroom features a canopy bed as the focal point, surrounded by modern minimalist furniture and decor. The color palette consists of neutral tones such as white and beige, with light wood accents that add warmth to the space. Large windows allow for natural light to stream in, creating an airy and inviting atmosphere.",Minimalist,Calm/Serene,Natural (Window),Bedroom,TRUE
french-country_130.jpg,Modern Minimalist,"beige, white, light wood","wood, fabric, metal",Soft natural light from large windows,Calm and serene,"bed, nightstand, sofa, table lamp",Open space with a central seating area,"A modern bedroom with minimalist design, featuring neutral colors, wood accents, and soft lighting to create a calm atmosphere.",Minimalist,Calm/Serene,Natural (Window),Bedroom,TRUE
french-country_132.jpg,Modern Minimalist,"light gray, dark gray, white","wood, linen, metal","soft and warm, natural light from arched windows and a pendant light above the table",calm and airy,"lounge chair, coffee table, dog bed, floor lamp, decorative pillows",open space with a central seating area under an archway,"This modern minimalist living room features light gray and dark gray tones, wood accents, soft lighting, and a cozy atmosphere where a dog can relax on its bed.",Minimalist,Calm/Serene,Natural (Window),Bedroom,TRUE
french-country_149.jpg,Modern Minimalist,"white, beige, light wood","leather, wood, linen",recessed lighting with soft glow from ceiling fixtures,calm and luxurious,"large bed, bedside table, floor lamp, sofa, armchair",a symmetrical layout centered around a large bed with matching nightstands and lamps,"This bedroom is designed in a modern minimalist style, featuring soft neutral tones with a luxurious touch. The space is well-lit and organized, providing a sense of calm comfort.",Minimalist,Calm/Serene,Recessed,Bedroom,TRUE
french-country_151.jpg,Modern Minimalist,"white, light wood, navy blue","oak wood, linen, steel",bright and natural light from the overhead skylights,"clean, spacious, and functional","white dresser, overhead storage cabinet, navy blue carpeting, wall-mounted shoe rack",open space with a central walkway flanked by cabinets on either side,"This is an elegant and organized closet featuring a modern minimalist design, including white wood cabinetry, linen storage and light blue carpeting. The space has overhead skylights for natural light, and the navy accents provide a pop of color.",Minimalist,Modern/Sophisticated,Natural,Bedroom,TRUE
french-country_156.jpg,Scandinavian,"white, light grey, blue","wood, cotton, linen",Natural light from windows and ceiling track lights,Calm and serene,"sofa, chairs, coffee table, area rug, bed, bedside tables, curtains","Open concept with living room, dining area, and bedroom space","The design is simple, elegant, and functional, creating a warm and inviting atmosphere.",Scandinavian,Calm/Serene,Natural (Window),Bedroom,TRUE
french-country_199.jpg,Modern Minimalist,"gray, white, beige","fabric upholstery, silk linens, wood trim",natural soft light from large windows and recessed ceiling lights,calm and airy,"king-size bed, sofa, coffee table, area rug, floor lamp",open space with central seating area and large windows,"This hotel room is designed in a modern minimalist style, featuring neutral colors, luxurious fabrics, and natural lighting that create a serene atmosphere. The open layout encourages relaxation, while the stylish furniture adds elegance to the space.",Minimalist,Calm/Serene,Natural (Window),Living Room,TRUE
french-country_205.jpg,Modern Minimalist,"beige, white, light wood","oak wood, velvet, leather",natural soft light from large windows,calm and airy,"king-size bed, chandelier, ruffled throw pillows, wooden dresser, painting on wall",open space with central seating area,"The room has a minimalist design with a modern twist, featuring neutral colors and high-quality materials. The large bed is the focal point of the space, surrounded by chic furniture pieces. There's natural light streaming in from the windows, creating a calm and airy atmosphere.",Minimalist,Calm/Serene,Natural (Window),Bedroom,TRUE
french-country_206.jpg,Spanish Colonial,"light blue, cream, red","brick, stucco, wood, metal",natural sunlight streaming in through large windows,warm and inviting,"large outdoor dining table, white wicker chairs, blue sofa, turquoise accent chair, wooden bench",a central courtyard surrounded by buildings with a wrap-around walkway and flower beds,"A serene, residential setting featuring Spanish Colonial architecture with a mix of traditional materials, vibrant colors, and outdoor living spaces.",Other,Warm/Cozy,Natural (Window),Living Room,TRUE
french-country_214.jpg,Scandinavian,"white, beige, light wood","linen, oak wood, concrete",natural soft light from large windows,calm and airy,"sofa, coffee table, plant, floor lamp",open space with central seating area,"This is a bright and airy bedroom with a Scandinavian design style, featuring light wooden walls and a linen color palette. The room has a large window that lets in soft natural light. The layout is open with a central seating area comprising of a sofa and coffee table. There's also a plant adding a touch of greenery to the space.",Scandinavian,Calm/Serene,Natural (Window),Bedroom,TRUE
french-country_226.jpg,Modern Minimalist,"dark blue, light gray, rust","leather, wood, canvas, metal","subtle and ambient, highlighting leather textures","modern, sophisticated, and relaxed","leather sofa, guitar, bookshelf, decorative pillows",spacious with clean lines and an open feel,"A modern living space with a comfortable leather sofa, a guitar for entertainment, and decorative elements that blend style and relaxation.",Minimalist,Modern/Sophisticated,Ambient/Soft,Bedroom,TRUE
french-country_230.jpg,Modern Minimalist,"white, gray","wool carpet, wood frame bed, linen curtains",soft warm glow from overhead chandelier and surrounding lamps,calm and inviting,"bed, nightstand, armchair, area rug, floor lamp",cozy bedroom with a large window overlooking trees,"This is a modern minimalist bedroom that creates a calming and inviting atmosphere. The space features white walls and gray accents, wool carpeting underfoot, a wooden frame bed for rest, linen curtains allowing natural light in, and a cozy armchair with an area rug. A large window offers a view of the outdoors and ample natural light.",Minimalist,Calm/Serene,Pendant/Chandelier,Bedroom,TRUE
french-country_243.jpg,Modern Minimalist,"light gray, white, dark wood","oak wood, marble, stainless steel","natural light from large window, complemented by gold wall sconces",calm and serene,"freestanding sink with double vanity cabinets, square mirror over sink, blue patterned throw pillow on bench","clean lines and open space, centered around bathroom vanity area","Modern design featuring minimalist elements, with a color palette of light grays and dark wood, complemented by marble materials and gold accents. The bathroom is well-lit with natural light from the large window, creating a calm and serene atmosphere.",Minimalist,Calm/Serene,Natural (Window),Bedroom,TRUE
french-country_258.jpg,Modern Minimalist,"white, light wood","marble, glass, brass",recessed lighting with accents from wall sconces,clean and serene,"bed, nightstands, mirror, chandelier",open space with central focus on bed area,"This modern minimalist bathroom features a clean, sleek design with neutral colors, marble walls and floors, and recessed lighting. The space is open and centered around the large bed area.",Minimalist,Calm/Serene,Recessed,Bedroom,TRUE
french-country_262.jpg,Modern,"white, gray, natural wood","wood, fabric, glass",bright natural light and subtle ambient lighting,"calm, serene, and inviting","queen size bed, large flat screen television, floor lamp, bookshelf with books, sofa",open floor plan with bedroom area adjacent to living room area,"This is a modern, open concept space with a serene and inviting atmosphere. The color palette is neutral, featuring white walls and natural wood accents. The material choices include wood for flooring and furniture, fabric for upholstery, and glass for windows. Natural light fills the room, creating a bright and airy feel.",Modern,Calm/Serene,Natural,Bedroom,TRUE
french-country_267.jpg,Modern,"gray, white, gold","wooden headboard and frame, silk bedding set",well lit with natural light from window,luxurious and elegant,"bed, nightstands, window",centered around large bed,"This is a modern, luxurious bedroom design with a sophisticated color palette of gray, white, and gold. It features a wooden headboard and frame, silk bedding set, and natural light from the window to create a serene atmosphere.",Modern,Luxurious/Elegant,Natural (Window),Bedroom,TRUE
french-country_303.jpg,Modern Minimalist,"white, beige, light wood","oak wood, linen, brass",natural soft light from large windows,calm and airy,"sofa, coffee table, plant, floor lamp, mirror",open space with central seating area,"This is a modern minimalist living room. The color palette is soft and light, featuring neutral tones that create a calming atmosphere. Natural wood materials complement the oak flooring, and brass accents add warmth to the space. Large windows allow ample natural light to fill the room, enhancing the brightness of the open space. The central seating area features a comfortable sofa with throw pillows, a wooden coffee table for functional use, a plant for a touch of nature, and a floor lamp for adjustable ambient lighting. A decorative mirror above the sofa serves as both artwork and additional light source when needed.",Minimalist,Calm/Serene,Natural (Window),Bedroom,TRUE
french-country_305.jpg,Scandinavian,"white, light blue, wooden tones","wood, linen, wool","natural soft light from large windows, supplemented by wall sconce",calm and airy,"bed, bedside table with lamp, wood-framed window blinds, wall art",open space with central sleeping area,"A tranquil, Scandinavian-style bedroom features a king-size bed dressed in white and wooden tones with blue accents. Soft lighting creates a serene atmosphere.",Scandinavian,Calm/Serene,Natural (Window),Bedroom,TRUE
french-country_386.jpg,Modern Minimalist,"white, light gray, wood tones","oak wood, brass accents, glass",recessed lighting and a floor lamp for ambient light,calm and peaceful,"sofa, coffee table, bookshelf, wall art",an open-concept design with no walls dividing the space,"This is a modern, minimalist bedroom that utilizes an all-white color scheme and light wood tones. The room features oak wood cabinetry with brass accents, glass panels for the bookshelf, and recessed lighting that complements the floor lamp providing ambient lighting. The open layout and thoughtful placement of furniture contribute to a serene and peaceful atmosphere.",Minimalist,Calm/Serene,Recessed,Bedroom,TRUE
french-country_459.jpg,Scandinavian,"white, light blue, wood accents","white paint, wood paneling on walls and ceiling, linen upholstery","natural light from windows, complemented by wall sconces",calm and relaxed,"couch, potted plants, wood side table with shelves, floor lamp, throw pillows",open-concept living room with a central seating area,"This living room features a Scandinavian style, characterized by white walls and wood accents. Natural light fills the space through large windows, creating a calm and relaxed atmosphere.",Scandinavian,Calm/Serene,Natural (Window),Bedroom,TRUE
french-country_474.jpg,Modern,"beige, blue, white","leather, brick, wood",warm and natural light from a combination of large windows and overhead fixtures,comfortable and inviting,"large leather sectional sofa, rectangular wooden coffee table, contemporary floor lamp, plant in a woven basket, modern throw pillows",open plan with a central seating area and adjacent dining space,"This is a modern living room with a cozy atmosphere, featuring leather furniture and a warm color palette that includes beige and blue tones. The brick wall adds a touch of rustic charm, while the wooden floor complements the overall design. The open layout encourages interaction and creates a sense of space.",Modern,Warm/Cozy,Natural (Window),Bedroom,TRUE
french-country_48.jpg,Modern Minimalist,"beige, gray, white","leather, wood, metal",natural soft light from large windows,calm and airy,"king-size bed with metal headboard, sofa with patterned throw pillows, coffee table with decorative books, area rug with geometric pattern, floor lamp with a curved neck",open space with central seating area,"This is a stylish and well-organized bedroom that features modern minimalist design elements, a neutral color palette, and natural light from the large windows.",Minimalist,Calm/Serene,Natural (Window),Bedroom,TRUE
french-country_502.jpg,Modern,"white, gray, beige","wood, stone, fabric",natural light from large windows and chandelier,calm and inviting,"king-size bed, sofa, armchair, coffee table, floor lamp",open space with central seating area around fireplace,"A spacious modern bedroom featuring a stone wall and large windows, creating a warm and inviting atmosphere.",Modern,Calm/Serene,Natural (Window),Bedroom,TRUE
french-country_522.jpg,Modern Minimalist,"white, light beige, navy blue","wood, linen, silk, leather",Natural soft light from large windows with sheer curtains.,Calm and serene,"king-size bed, nightstands, chaise lounge, area rug, fireplace","Open space with central seating area, enclosed by a half wall.",A luxurious master bedroom with a contemporary design featuring neutral tones and minimal furnishings.,Minimalist,Calm/Serene,Natural (Window),Bedroom,TRUE
french-country_533.jpg,Scandinavian,"blue, white, wood","metal, wood, fabric","soft, natural light from large windows",calm and airy,"storage cabinet with shelves, pillow on cushion, hat hanging on hook, vases on top shelf",spacious and open living room with central seating area,"A cozy Scandinavian-style living room featuring a blue cabinet, natural light, a comfortable cushion seat, and stylish decorations.",Scandinavian,Calm/Serene,Natural (Window),Bedroom,TRUE
french-country_54.jpg,Modern Minimalist,"white, beige, gray","wood, linen, metal",natural soft light from large windows and chandelier,calm and luxurious,"bed, nightstands, chaise lounge, artwork","spacious bedroom with central bed, flanked by nightstands and chaise lounge","This is a modern minimalist bedroom with a luxurious feel. The room features a neutral color palette of white, beige, and gray, complemented by natural light from large windows and a chandelier overhead. Materials include wood for the bed frame and nightstands, linen for the bedding and curtains, and metal for the chandelier fixtures. The mood is calming and serene, ideal for relaxation. Key objects in the room include a large bed, nightstands, a chaise lounge for seating, and artwork on the walls.",Minimalist,Calm/Serene,Natural (Window),Bedroom,TRUE
french-country_544.jpg,Scandinavian,"green, light blue, white","wood, linen",natural soft light from large windows and ceiling lights,calm and cozy,"sofa with decorative pillows, storage bench, white basket on shelf",small nook with storage bench sitting under a window,"A cozy corner of a room that serves as a functional seating area and storage space, featuring a sofa, storage bench, and woven basket.",Scandinavian,Calm/Serene,Natural (Window),Bedroom,TRUE
french-country_557.jpg,Rustic Cottage,"white, red, wood","wood, fabric, metal",soft and warm natural light from windows,cozy and inviting,"king size bed, wooden dresser, wood framed mirror, large wooden chair",open space with central seating area,"This is a rustic cottage-style room with a warm and inviting atmosphere. The room features wooden furniture, a large bed as the focal point, and natural light from windows that create a cozy ambiance.",Natural/Rustic,Warm/Cozy,Natural (Window),Bedroom,TRUE
french-country_560.jpg,Scandinavian,"white, blue, beige","linen, wood, glass",natural soft light from large windows,calm and airy,"sofa, coffee table, plant, floor lamp",open space with central seating area,"This bedroom features a Scandinavian design style with a calming blue color palette, linen materials for the bedding, and natural light coming in from the large windows. The room has a cozy, inviting atmosphere with its plush beds and comfortable seating area.",Scandinavian,Calm/Serene,Natural (Window),Bedroom,TRUE
french-country_579.jpg,Scandinavian,"white, gray, wooden tones","wood, stone, glass","natural light from large windows with wooden frames, supplemented by recessed lighting and warm floor lamps.",warm and inviting,"wooden front door with circular window, stone chimney, wooden bench on the porch, staircase leading to the second floor",open space with a central stairwell flanked by sitting areas on both levels.,"This home features a Scandinavian design with a focus on natural materials, such as wood and stone, and a neutral color palette. The open floor plan encourages social interaction between the living room and dining area on the first level and between the living room and bedrooms on the second.",Scandinavian,Warm/Cozy,Natural (Window),Bedroom,TRUE
french-country_588.jpg,Modern Minimalist,"gray, white, blue","wood, fabric, glass","soft, natural light from large windows",calm and serene,"bed, nightstand, chair, mirror",spacious bedroom with separate sleeping area,"The interior design features a modern, minimalist style with a neutral color palette. The room is dominated by natural light and includes a large wooden armoire and a comfortable bed in the corner of the space.",Minimalist,Calm/Serene,Natural (Window),Bedroom,TRUE
french-country_617.jpg,Contemporary,"White, Gray, Red","Wood, Cotton, Silk",Natural light from windows and overhead lights providing ambient illumination.,"Calm, inviting, serene","Queen size bed with wooden headboard and fabric upholstered footboard, Dresser with drawers, Side table with reading lamp","Bedroom design with a bed as focal point, flanked by matching nightstands and dresser, all placed around central walkway leading to door.","The room has a clean and modern style, featuring neutral colors such as white and gray. The wooden elements add warmth, while the red accent pieces bring vibrancy. Natural light fills the space, creating a calm and inviting atmosphere.",Contemporary,Calm/Serene,Natural (Window),Bedroom,TRUE
french-country_620.jpg,Scandinavian,"white, beige, blue","wood, linen, metal",natural soft light from large windows and white lampshades,calm and airy,"bed with wooden headboard and metal frame, white nightstands with lamps on top, blue cushions and throw blankets","well-organized space with bed as central feature, flanked by nightstands with lamps","A tranquil Scandinavian-style bedroom featuring a white bed, blue accents, wooden headboard, and natural lighting.",Scandinavian,Calm/Serene,Natural (Window),Bedroom,TRUE
french-country_629.jpg,Scandinavian,"beige, blue, white, gold","linen, wood, silk, woven blanket","Soft, ambient lighting with warm glow from wall sconces and floor lamp.","Clean, airy, and relaxed.","king-size bed, nightstands on each side of the bed, wood framed mirror above the bed, wall art","Bed as central focal point with nightstands flanking it, and a long wall serving as an accent wall.","This is a well-designed Scandinavian-style bedroom that features a king-size bed with wooden headboard, complemented by beige linens and pillows. The color palette consists of beige, blue, white, and gold, creating a warm and inviting atmosphere. The materials used include linen sheets, wood frame, silk throw blankets, and woven blankets. The room has soft lighting with wall sconces providing ambient light, and floor lamps adding a warm glow. There's a mirror above the bed for convenience, and wall art on the long accent wall that draws the eye to it.",Scandinavian,Modern/Sophisticated,Ambient/Soft,Bedroom,TRUE
french-country_633.jpg,Elegant Coastal,"white, blue, beige","wood, linen, glass",Natural soft light with added accent lighting,Calm and serene,"king-size bed, wooden armoire, wicker chair, area rug, table lamps",Symmetrical layout with focal point in the center,"A beautifully designed bedroom that combines an elegant coastal aesthetic, with soft blue and white tones. The room is well lit by natural light streaming through large windows, complemented by accent lighting that casts a warm glow throughout the space.",Other,Calm/Serene,Natural,Bedroom,TRUE
french-country_64.jpg,Scandinavian,"beige, cream, white","wood, cotton, glass",Natural light from large windows,Calm and serene,"bed, armchair, coffee table, fireplace, rug",Open space with central seating area,"Scandinavian-style bedroom with beige palette, featuring large windows that let in natural light, creating a calm and serene atmosphere.",Scandinavian,Calm/Serene,Natural (Window),Bedroom,TRUE
french-country_664.jpg,Modern Minimalist,"white, blue, gray","wood, fabric, metal",Bright natural light from large windows,Clean and serene,"bed, nightstand, chair, dresser, floor lamp",Open space with central seating area,"The room has a minimalist design with modern touches. The large windows allow for abundant natural light, creating a bright and clean atmosphere.",Minimalist,Calm/Serene,Natural (Window),Bedroom,TRUE
french-country_671.jpg,Scandinavian,"white, beige, light wood","linen, wood, silk, crystal",natural soft light from large windows and floor lamps providing ambient glow,"calm and airy, with a touch of luxury","queen-size bed, dresser, lamp, framed artwork",the room features an L-shaped arrangement with the bed as the centerpiece flanked by two nightstands and a mirror above the dresser,"This Scandinavian-style master bedroom is tastefully decorated with neutral tones, luxurious textures, and carefully chosen furnishings.",Scandinavian,Calm/Serene,Natural (Window),Bedroom,TRUE
french-country_68.jpg,Scandinavian,"white, light blue, gray","linen, wool, wood",Natural light from the windows and ceiling lights,Calm and serene,"king size bed, two armchairs with throws, luxurious area rug, floor lamp, small upright piano",Bedroom layout with a central bed and two armchairs flanking the windows,"An elegant Scandinavian-style bedroom featuring a large king size bed, comfortable seating in the form of two armchairs, and natural light.",Scandinavian,Calm/Serene,Natural (Window),Bedroom,TRUE
french-country_692.jpg,Modern Minimalist,"white, beige, light wood, green accent","stone, oak wood, stainless steel, leather",Natural soft light from large windows,Calm and airy,"sofa, coffee table, plant, floor lamp, rug, throw pillows","Open space with central seating area, a formal dining room adjacent to the kitchen, a guest bedroom on the ground floor, and three more bedrooms on the second floor.","This modern minimalist house features clean lines, an open concept design for living spaces, and high-quality materials. Natural light accentuates its white and neutral color palette, contributing to a calm and airy atmosphere.",Minimalist,Calm/Serene,Natural (Window),Bedroom,TRUE
french-country_712.jpg,Modern Minimalist,"light gray, white, gold","wood, fabric, metal",well-lit with natural light from windows,serene and inviting,"sectional sofa, coffee table, floor lamp, throw pillows, books",open space with central seating area near window,"This living room features a modern minimalist design with a neutral color palette, highlighting textures and natural materials. The space is filled with plush furniture, including a sectional sofa for comfortable lounging. A coffee table provides functional surface space, while the floor lamp adds warm illumination. Decorative elements like throw pillows and books add personality to the room.",Minimalist,Calm/Serene,Natural (Window),Bedroom,TRUE
french-country_725.jpg,Scandinavian,"blue, white, beige","linen, wool, wood",bright and airy,calm and serene,"sofa, chairs, area rug, table lamp",spacious with a large window overlooking the backyard,"This bedroom features a Scandinavian design, with blue accents and white and beige linens, set against a backdrop of natural light from a large window. The room is filled with soft wool and wood textures that create a warm and inviting atmosphere.",Scandinavian,Calm/Serene,Bright,Bedroom,TRUE
french-country_742.jpg,Modern Minimalist,"white, gray","wood, marble",natural light from a large window,calm and serene,"vanity mirror, sink with marble countertop, framed print on wall, small sculpture on dresser","a small, narrow bathroom with vanity to one side of room and toilet tucked into corner","This modern minimalist bathroom features a white and gray color scheme with wood and marble materials. The space is designed for functionality, providing a clean and serene atmosphere through the use of natural light.",Minimalist,Calm/Serene,Natural (Window),Bedroom,TRUE
french-country_811.jpg,Modern Minimalist,"light gray, white, natural wood","wood paneling on wall, linen, velvet throw pillows","soft, diffused light from a chandelier above bed and ambient lights",calm and serene,"bed with multiple pillows, warm beige rug on floor, wood framed picture over bed",spacious room with large bed in corner under chandelier,"This is a modern minimalist bedroom with a light gray color scheme, featuring wood paneling on the walls, linen sheets and throws, and natural wood accents. The bed sits in a corner under a chandelier with soft diffused lighting.",Minimalist,Calm/Serene,Pendant/Chandelier,Bedroom,TRUE
french-country_82.jpg,Modern Minimalist,"light gray, white, dark gray","wood, linen, leather",bright and airy with natural light from windows,calm and elegant,"sofa, coffee table, floor lamp, area rug, throw pillows",open concept living room with central seating area,"This modern minimalist living room features a light gray color palette, with wooden flooring and leather upholstery. The space is filled with natural light from large windows, creating a bright and airy atmosphere. Central to the layout is a sofa and coffee table, surrounded by throw pillows on an area rug.",Minimalist,Calm/Serene,Natural (Window),Bedroom,TRUE
french-country_83.jpg,Modern Minimalist,"neutral tones, accent of dark wood","light-colored hardwood floors, white linen headboard, modern metallic bed frame",natural light from large windows,calm and airy,"bed with white linen headboard, bedside table, large window",open space with central seating area,"This is a modern minimalist bedroom that features neutral tones, a large window allowing in natural light, and an accent of dark wood. The room has a white linen headboard on the large bed and is furnished with a modern metallic bed frame, a bedside table, and a central seating area.",Minimalist,Calm/Serene,Natural (Window),Bedroom,TRUE
french-country_87.jpg,Modern Minimalist,"light gray, white, beige","wood paneling on walls, linen drapes, velvet upholstery","warm and cozy, with ambient light from wall sconces",luxurious and sophisticated,"king-size bed with tufted headboard, chandelier hanging in center of room, ornate mirror above fireplace","centered around large chandelier, with bed flanked by two nightstands and a sitting area","This is an elegantly designed master bedroom that showcases modern minimalist style, featuring light-colored furnishings, natural materials, and warm lighting.",Minimalist,Modern/Sophisticated,Ambient/Soft,Bedroom,TRUE
french-country_946.jpg,Contemporary,"beige, stone grey, wooden brown","concrete blocks, brick facade, metal railings","Natural light from windows and skylights, supplemented by warm yellow lighting fixtures.",Calm and inviting,"vase with greenery on entrance table, modern armchair in living room, large abstract art on wall","Open floor plan with kitchen and dining area flowing into the living room, separate bedroom wing off the back.",This two-story house features a modern design with natural elements like brick and stone. The open layout and warm lighting create a welcoming atmosphere.,Contemporary,Calm/Serene,Natural (Window),Bedroom,TRUE
french-country_949.jpg,Scandinavian,"white, beige, pink","wood, linen, stone",warm and natural from windows,calm and soothing,"sofa, dresser, potted plant, floor lamp, vase",open space with sitting area adjacent to stone wall,"The room has a Scandinavian design style, featuring white linens and wood accents. The color palette includes soft beiges and pink hues. Lighting is provided by natural light from the large windows. The mood of the space is calm and soothing, perfect for relaxation or winding down at the end of a long day.",Scandinavian,Calm/Serene,Natural (Window),Bedroom,TRUE
french-country_95.jpg,Victorian,"pink, gold, white","silk, wood, glass",luxurious and inviting with chandelier,elegant and opulent,"chandelier, canopy bed, twin seating, centerpiece",formal sitting area leading to bedroom suite,"This room is a luxurious Victorian-style interior with pink and gold accents, silk walls, wood furniture, and glass chandeliers providing elegant lighting. The space features a canopy bed at the end of the sitting area, flanked by twin seating and a centerpiece that adds to the opulence.",Other,Luxurious/Elegant,Pendant/Chandelier,Bedroom,TRUE
french-country_953.jpg,Modern Minimalist,"white, gray","wood, metal, fabric",bright and natural light from large windows,clean and spacious,"bed, couch, floor lamp, plant",open space with central seating area,"This is a modern, minimalist bedroom with a white color palette. The room features a large bed on one side and a cozy couch facing the window. There are wood accents on the walls and floor, along with metal details. A plant adds a touch of nature to the space.",Minimalist,Modern/Sophisticated,Natural (Window),Bedroom,TRUE
french-country_957.jpg,Modern,"neutral beiges and tans, black for trim and accents","brickwork exterior wall, wooden window frames, glass panes on windows",natural light from windows and outdoor lighting,warm and inviting with a touch of elegance,"modern sofa set with throw pillows, flat-screen TV mounted on wall, contemporary coffee table, large area rug, black floor lamp",open floor plan leading to outdoor deck and pool area,"This modern house features a neutral color palette, sleek lines, and natural lighting. The open layout leads to an inviting backyard space with a deck and swimming pool.",Modern,Warm/Cozy,Natural (Window),Bedroom,TRUE
french-country_959.jpg,Modern Minimalist,"beige, white, light wood","oak wood, linen, steel","natural soft light from large windows, and overhead chandelier providing warm ambient light",calm and airy,"sofa, coffee table, floor lamp, small accent tables, throw pillows","open space with central seating area, flanked by two decorative side pieces","The living room is a harmonious blend of modern minimalist design, featuring warm beige and light wood tones with steel accents. The layout is open, creating an airy atmosphere that leads the eye through the space. The central seating area is comfortable and inviting, adorned with throw pillows and decorative side pieces. Lighting from large windows and a chandelier above adds to the serene ambiance.",Minimalist,Calm/Serene,Natural (Window),Bedroom,TRUE
french-country_963.jpg,Scandinavian,"white, gray, light wood","wool blanket, wooden headboard, brass frame on bed",warm and cozy with a soft glow from lamps,calm and inviting,"two-seater sofa with striped pillows, large wooden side table, floor lamp, round coffee table","neatly arranged space with a large bed in center, flanked by two lounge chairs and a small table on either side","This is a Scandinavian-style bedroom featuring warm colors, comfortable furniture, and minimal decor that creates a cozy atmosphere.",Scandinavian,Calm/Serene,Ambient/Soft,Bedroom,TRUE
french-country_970.jpg,Scandinavian,"white, beige, grey","wood, linen, wool",natural soft light from large windows,calm and cozy,"two twin beds with white bedding, a wooden nightstand between the beds, a blue dresser with a marble top, two framed pictures on the wall above the beds, a single flower in a small glass vase",two twin beds facing each other separated by a nightstand,A simple and cozy bedroom with natural lighting and warm tones.,Scandinavian,Calm/Serene,Natural (Window),Bedroom,TRUE
industrial_0.jpg,Scandinavian,"white, grey, brown","wood, fabric, glass","soft, natural light from windows and recessed ceiling lights",calm and serene,"bed, nightstands, chair, rugs, artwork",open plan with a central bed area,"This is a Scandinavian-style bedroom with a minimalist design, featuring natural materials and soft lighting to create a serene atmosphere.",Scandinavian,Calm/Serene,Natural (Window),Bedroom,TRUE
industrial_105.jpg,Industrial Loft,"white, black, red","concrete brick, wood planks, metal beams",natural soft light from large windows,cozy and inviting,"sofa, leather armchair, wooden coffee table, modern floor lamp, plant",open space with central seating area,"This living room has an industrial loft design, featuring a brick wall, wooden beams and floors. The color palette is bold with red accents on the pillows and rug against white walls. A leather couch and armchair surround a wooden coffee table in the center of the room, creating a cozy space for relaxation.",Industrial,Warm/Cozy,Natural (Window),Bedroom,TRUE
industrial_115.jpg,Industrial Loft,"grey, navy, rust","wood, concrete, leather",soft industrial lighting with a hint of spotlighting in select areas,"raw and edgy, yet cozy and comfortable","king-size bed with grey linens and black pillows, black leather chair, wooden sliding door, modern lamp on side table, high ceiling with exposed beams",a large open loft space with an unconventional bedroom area that includes a bathroom and closet,"A unique blend of industrial design elements creates a luxurious yet edgy atmosphere. The room features concrete walls, wooden flooring, and black leather accents, while the open layout allows for unexpected bedroom amenities within the same space.",Industrial,Warm/Cozy,Ambient/Soft,Bedroom,TRUE
industrial_123.jpg,Industrial Loft,"red brick, white, wood","brick wall, metal bed frame, wood flooring",warm and inviting with ambient lighting from the walls,modern yet cozy,"bed, potted plant, black chair, nightstand",space is split into two main areas; a bedroom area and a living room area.,"This is an industrial-style loft with brick walls, wood floors, and a mix of red brick, white, and wood color palette. The space is divided into two main areas, one for sleeping and another for lounging or working.",Industrial,Warm/Cozy,Ambient/Soft,Bedroom,TRUE
industrial_138.jpg,Modern Minimalist,"white, gray, black","concrete block wall, stainless steel bedframe, black leather bed",overhead recessed lighting with accent spotlights,clean and serene,"bed, nightstand, wall art, floor lamp",linear design with centered bed,"This modern minimalist bedroom features a concrete block wall, black leather bed on a stainless steel frame, and overhead lighting, creating a clean and serene atmosphere.",Minimalist,Calm/Serene,Recessed,Bedroom,TRUE
industrial_148.jpg,Industrial Loft,"white, beige, black","brick, wood, steel",ambient and accent lighting using ceiling fans and wall sconces,modern and spacious with a touch of industrial flair,"leather bed frame, brass chandelier, wooden bookshelf, black leather armchair, metal floor lamp",open space with central seating area and exposed brick walls,"This industrial loft-style room combines raw brick walls with modern furniture and lighting to create a stylish, spacious living area.",Industrial,Modern/Sophisticated,Ambient/Soft,Bedroom,TRUE
industrial_167.jpg,Modern,"white, brick red, grey","wood, fabric, metal",sunlit with natural light from large window and lamp on wall,calm and neutral,"bed, nightstand, table, lamp",rectangular space divided into bed area and small sitting area,"Modern bedroom with a bright color palette, sunlit by natural light from large windows and additional lamp on the wall.",Modern,Calm/Serene,Natural (Window),Bedroom,TRUE
industrial_18.jpg,Scandinavian,"white, beige, wood accents","wood siding, stone foundation, metal roof","Natural light from large windows and skylight, with warm interior lights adding to coziness.",Warm and inviting,"built-in bench, wooden floor, modern kitchen appliances, stainless steel countertop","Open living space with seating area on one side, and bedroom space adjacent to it.","This cabin in the woods is designed for a cozy getaway, featuring Scandinavian design elements with natural materials and warm tones.",Scandinavian,Warm/Cozy,Natural (Window),Bedroom,TRUE
industrial_182.jpg,Scandinavian,"white, light pink","brick wall, white bedding, sheer curtains, wooden headboard","Natural light coming in through large window, supplemented with soft floor lamps.",Calm and cozy,"large bed, white sheer curtains, wooden bench at foot of bed, sheer pillows on bed, wooden headboard",Bed as central piece in room with seating area adjacent to it.,"Scandinavian-style bedroom with a calm and cozy atmosphere, featuring a white brick wall, large bed with sheer curtains, wooden bench, and soft lighting.",Scandinavian,Calm/Serene,Natural (Window),Bedroom,TRUE
industrial_189.jpg,Modern Minimalist,"brown wood, beige linen, gray stone","oak wood, marble, steel",natural soft light from large windows,calm and serene,"bed with wooden headboard, two nightstands, woven rug, framed artwork, floor lamp",open space with central seating area,"This bedroom features a minimalist design with natural materials and soft, neutral colors. The large windows allow for an abundance of natural light to fill the room, creating a calm and serene atmosphere.",Minimalist,Calm/Serene,Natural (Window),Bedroom,TRUE
industrial_20.jpg,Industrial Loft,"dark grey, grey, white","concrete, metal, wood",natural soft light from large windows and recessed ceiling lights,modern and inviting with a touch of ruggedness,"bed, wooden bench, area rug, floor lamp, artwork",open space with central seating area surrounded by brick walls,"This loft-style room features an industrial aesthetic with concrete floors, metallic accents, and wooden furniture. The large windows allow in soft natural light that is complemented by the recessed ceiling lights. A central seating area with a bed, bench, rug, and lamp creates a cozy atmosphere in the open space. An artwork above the bed adds a touch of modernity to the overall design.",Industrial,Warm/Cozy,Natural (Window),Bedroom,TRUE
industrial_224.jpg,Scandinavian,"white, light wood, gray","wood, fabric, metal",natural light from large windows,cozy and inviting,"sofa, bed, tv stand, lamp, dining table",open space with central seating area,"A cozy Scandinavian-style living room, featuring a bedroom section, television, and dining area within the same open floor plan.",Scandinavian,Warm/Cozy,Natural (Window),Bedroom,TRUE
industrial_23.jpg,Modern Minimalist,"white, gray, wood, orange","concrete, oak wood, glass, linen",bright and natural from large windows,calm and airy,"bed, sofa, armchair, coffee table, guitar",spacious open area with central seating arrangement,"A modern, minimalist bedroom featuring a large brick wall, white and wood color palette, concrete flooring, oak wood furniture, large windows for natural light, and cozy seating arrangement.",Minimalist,Calm/Serene,Natural (Window),Bedroom,TRUE
industrial_244.jpg,Modern Minimalist,"white, gray, black","wood paneling, linen fabric, concrete floor",natural soft light from large windows and modern LED lighting,modern and serene,"king size bed with wooden headboard, white and gray throw blanket, black table lamp, white decorative pillows",open space with central seating area,"This modern bedroom features a minimalist design with clean lines, soft lighting, and natural materials. The large king size bed is positioned under large windows for an airy feel.",Minimalist,Calm/Serene,Natural (Window),Bedroom,TRUE
industrial_249.jpg,Modern,"gray, beige, orange","leather, wood, metal",recessed lighting with adjustable spotlights and dimmer switches,"modern, sleek and minimalist","sectional sofa, coffee table, floor lamp, decorative pillows",open-concept with a central focus on the seating area,The living room combines modern design elements with luxurious materials for a sophisticated and comfortable space.,Modern,Modern/Sophisticated,Recessed,Bedroom,TRUE
industrial_27.jpg,Modern Minimalist,"light gray, navy blue, white","wood, fabric, steel",natural soft light from large windows and overhead recessed lights,calm and airy,"sofa, coffee table, plant, floor lamp",open space with central seating area and stairway leading to loft above,"This modern minimalist living room features a light gray sofa, navy blue accent pillows, white walls, wood flooring, fabric upholstery, steel railing on the stairway, and overhead recessed lights.",Minimalist,Calm/Serene,Natural (Window),Bedroom,TRUE
industrial_271.jpg,Modern Minimalist,"gray, white, blue","wood, linen, steel",ambient and task lighting from ceiling fan and bedside lamp,calm and serene,"bed, nightstand, desk with chair, curtains, artwork",central sleeping area flanked by two nightstands and a desk area on either side,"The room features a clean, modern design with a neutral color palette and sleek furnishings.",Minimalist,Calm/Serene,Ambient/Soft,Bedroom,TRUE
industrial_275.jpg,Modern Minimalist,"white, black, gray","leather, wood, brass",well-lit with a combination of natural light and track lighting,modern and serene,"bed, nightstand, lamps, ruffled blanket","clean lines, large windows, and monochrome color scheme","The bedroom features a modern minimalist design with clean lines and a monochrome color palette. The space is well-lit with natural light coming in through the windows and supplemented by track lighting. The room is furnished with a leather bed, nightstands, lamps, and a cozy ruffled blanket on top of the bed.",Minimalist,Calm/Serene,Natural,Bedroom,TRUE
industrial_276.jpg,Industrial Loft,"black, white, red","wood, metal, concrete",dimmable LED lighting with black and red hue accents,edgy and urban,"loft bed, black leather sofa, red throw pillows, metal chair, black coffee table","modern open loft with central sleeping area, seating in front of flat screen TV","A modern industrial style room featuring a black and red color palette, with loft bed as focal point, sleek metal frame furniture and black leather accents.",Industrial,Other,Ambient/Soft,Bedroom,TRUE
industrial_279.jpg,Modern,"dark blue, white, gray","wood, fabric",ambient and task lighting with a mix of natural and artificial sources.,contemporary and clean,"bed, nightstand, desk, wall decoration","bedroom layout with bed as central focus, nightstand to each side, desk in corner","This modern-style bedroom has a sleek design with dark blue walls, white and gray accents, wood furniture, and fabric elements. The room's lighting includes ambient and task lighting that creates a contemporary and clean atmosphere.",Modern,Modern/Sophisticated,Natural,Bedroom,TRUE
industrial_286.jpg,Modern Minimalist,"white, silver, beige","stainless steel, concrete, wood",bright and well-lit,"clean, bright, and modern","bedroom, kitchenette with stainless steel appliances, shelving unit, built-in desk with chair, modern sofa",separate but open living and sleeping spaces connected by a shared desk area,"A modern and minimalist studio apartment with an emphasis on clean lines, bright lighting, and efficient use of space.",Minimalist,Modern/Sophisticated,Bright,Bedroom,TRUE
industrial_295.jpg,Modern Minimalist,"black, white, grey","brick, fabric, wood",soft overhead lighting with accents of natural light from the window,calm and serene,"bed, nightstand, floor lamp, rug, chair","simple, clean lines with bed as focal point","This is a modern minimalist room with a black brick wall as the backdrop. The color palette consists of black, white and grey, which creates a calm and serene mood. Materials used include brick for walls, fabric for upholstery, and wood for the nightstand and chair. Soft overhead lighting is complemented by accents of natural light from the window above the bed. The layout is simple and clean, focusing on the bed as the central point with minimal distractions.",Minimalist,Calm/Serene,Natural (Window),Bedroom,TRUE
industrial_302.jpg,Industrial Loft,"gray, black, white","concrete, metal, wood",natural light from large windows,industrial with a cozy touch,"bed, dresser, shelving unit, artwork",open space with central seating area,A minimalist industrial loft design that combines the raw and rugged with a touch of warmth and coziness.,Industrial,Warm/Cozy,Natural (Window),Bedroom,TRUE
industrial_318.jpg,Industrial Loft,"white, oak wood, steel","concrete, linen, steel",natural soft light from large windows,industrial and cozy,"wood bench, floor lamp, large mirror, white bedding, marble wall",modular furniture arrangement with open space,"This loft-style room features a large open space with a modern industrial feel. The room is filled with wood and concrete textures, complemented by steel accents. Natural light filters through the windows, contributing to a warm and inviting atmosphere. The layout consists of modular furniture pieces arranged for a comfortable and efficient use of space.",Industrial,Warm/Cozy,Natural (Window),Other,TRUE
industrial_323.jpg,Modern Minimalist,"black, white, rust","wood, stone, metal",soft and warm from wall sconces and ceiling lights,modern and serene,"bed with white bedding, two mirrored nightstands with lamps, decorative shell wall art","space has a neutral color scheme with minimal decor, focusing on clean lines and simple shapes","The room has a modern design with rustic touches, featuring wooden furniture and stone accents.",Minimalist,Calm/Serene,Ambient/Soft,Bedroom,TRUE
industrial_344.jpg,Industrial Loft,"white, black, red","wood, metal, concrete",natural soft light from large windows and industrial-style light fixtures,warm and cozy with a touch of edgy,"bed, sofa, coffee table, floor lamp, plant","open space with central seating area, adjacent to a bedroom section","This room features an Industrial Loft design with a white and black color scheme. The space is furnished with wood, metal, and concrete materials, creating a warm yet edgy atmosphere. The room has large windows allowing for ample natural light, complemented by industrial-style light fixtures. The open layout connects to a central seating area adjacent to a bedroom section with a wooden bed. A sofa, coffee table, floor lamp, and plant contribute to the cozy feel of the space.",Industrial,Warm/Cozy,Natural (Window),Bedroom,TRUE
industrial_346.jpg,Scandinavian,"grey, white, natural wood","wood, fabric, metal","large windows allowing natural light to flood the room, supplemented by modern floor lamps and a chandelier overhead.",calm and serene,"bed, nightstands, floor lamp, large windows, curtains","bedroom with a large bed, nightstands on either side, and floor lamps flanking the room. A curtained window offers privacy while allowing in light.","This is a modern Scandinavian style bedroom with a minimalistic design using natural wood and white fabric accents. The large windows allow for plenty of natural light, contributing to a calm and serene atmosphere.",Scandinavian,Calm/Serene,Natural (Window),Bedroom,TRUE
industrial_375.jpg,Modern Minimalist,"white, gray, natural wood","wood paneling, glass panels, stainless steel",soft light from recessed LED lights and natural sunlight through windows,"modern, clean, spacious, and comfortable","loft bed with ladder, wooden desk with chair, small plant on desk, shelving unit",an open floor plan with a lofted bedroom area above the main living space,"This interior design features a modern, minimalist style with a color palette of white and natural wood tones. The materials used include wood paneling, glass panels, and stainless steel accents. Recessed LED lights provide soft lighting, while large windows allow for ample natural sunlight to flood the space. A lofted bedroom area is situated above the main living space, creating a sense of openness and spaciousness.",Minimalist,Warm/Cozy,Natural (Window),Bedroom,TRUE
industrial_381.jpg,Scandinavian,"white, blue, gray","wood, metal, fabric",The room has natural light coming in from two windows.,calm and organized,"bed, shelving unit, small table, plant","A bed at one end of the room, with a shelving unit and small table in between. On the opposite side, there is a plant.","This room has a clean, minimalist design, using a neutral color palette to create a calming atmosphere.",Scandinavian,Calm/Serene,Natural (Window),Bedroom,TRUE
industrial_389.jpg,Modern Minimalist,"white, gray, black","concrete, steel, wood",natural soft light from large windows,calm and serene,"bed, couch, coffee table, chair, side tables","open space with central seating area, bedroom adjacent to living room","This modern minimalist living space features a monochromatic color palette, exposed concrete walls, steel beams, and soft lighting that enhances the serene atmosphere. A cozy gray velvet couch is positioned in front of a large window, leading to an adjacent bedroom. The room's open layout encourages a sense of spaciousness and tranquility.",Minimalist,Calm/Serene,Natural (Window),Bedroom,TRUE
industrial_397.jpg,Modern,"gray, black, white","wood, steel, fabric",bright and airy with natural light from windows,minimalist yet cozy,"bunk beds, nightstand, lamp, bookcase",efficient use of space with central furniture arrangement,"A modern and minimalist bedroom with a touch of comfort, featuring a steel frame bunk bed, natural light from windows, and a bright atmosphere.",Modern,Warm/Cozy,Natural (Window),Bedroom,TRUE
industrial_440.jpg,Scandinavian,"white, beige, wood, blue","metal beams, brick walls, wooden ceiling, fabric upholstery","soft, natural light from skylights and windows",calm and cozy,"two beds, headboard, nightstands, floor lamp",spacious room with two beds placed between large windows,"This interior design exudes a Scandinavian feel, characterized by the use of light-colored materials and natural light. The space is furnished simply but comfortably with two beds under skylights for a cozy atmosphere.",Scandinavian,Calm/Serene,Natural (Window),Bedroom,TRUE
industrial_463.jpg,Industrial Loft,"white, black, steel","steel, wood, linen",natural soft light from large windows,cozy and intimate,"bed with white linens, wooden floor fan mounted on ceiling, floor lamp by bedside, white waffle weave blanket, black wall sconces",open space with large window overlooking outdoor area,"This is a cozy and intimate Industrial Loft-style bedroom that has been beautifully furnished with a white linen bed, steel bed frame, and wooden floor fan. The room's natural light and black accents create a warm and inviting atmosphere.",Industrial,Warm/Cozy,Natural (Window),Bedroom,TRUE
industrial_480.jpg,Industrial Loft,"white, beige, black","concrete, wood, metal",natural soft light from large windows,"clean and modern, with industrial touches","bed, nightstands, chandelier, plant, rugs",open space with central seating area and bed for relaxation,"The room has an industrial design style with concrete walls, black and white color palette. The layout includes a bed for sleeping and a living area with rugs on the floor.",Industrial,Modern/Sophisticated,Natural (Window),Bedroom,TRUE
industrial_504.jpg,Modern Loft,"white, black, wood accents","concrete, steel beams, wood floor, metal wall shelves",industrial style with large windows allowing natural light to fill the space,modern and rustic with a touch of playfulness,"large bicycle hanging on wall, black leather couch, wood coffee table, black metal bar stools, dog bed, dog","open concept with kitchen, dining and living area in the same space","This modern loft garage features a mix of rustic and industrial elements. The large windows let in plenty of natural light, making it a bright and welcoming space. A dog bed for the family pet is also included, adding a touch of warmth and playfulness to the room.",Modern,Modern/Sophisticated,Natural (Window),Bedroom,TRUE
industrial_516.jpg,Scandinavian,"light wood, white, beige, grey","wood, fabric, concrete, metal",natural soft light from large windows,calm and airy,"tub, couch, console table, plant, bookshelf, pillows","open space with central seating area around tub, flanked by console table with couch and bookshelves on either side","This bathroom is a modern, open concept design with Scandinavian influences. The space is decorated in natural tones of light wood, white, and beige, with materials such as wood and fabric providing warmth. Large windows allow for soft natural light that illuminates the room, creating a calm and airy atmosphere. Key pieces include a tub set against one wall, a comfortable couch surrounding it, and a console table with storage space beneath. The layout is open with a central focus around the tub, flanked by seating on either side.",Scandinavian,Calm/Serene,Natural (Window),Bedroom,TRUE
industrial_537.jpg,Industrial Loft,"black, white, red","concrete, steel, wood",industrial style light fixtures on ceiling,cool and edgy,"couch, coffee table, floor lamp, red throw pillow",open space with concrete walls and metal framed windows,"The room has a modern, industrial feel with large windows, exposed brick walls, a black sofa and red accent pillow.",Industrial,Other,Mixed/Other,Bedroom,TRUE
industrial_540.jpg,Industrial Loft,"white, gray, black","concrete, brick, wood",natural soft light from large windows,modern and open,"king size bed, two nightstands, floor lamp, couch, coffee table",open space with central seating area,"This room features an industrial style with a modern touch, characterized by concrete and brick walls, white and gray color tones, soft lighting from large windows, and minimalist furniture such as a king size bed with matching nightstands. The layout is open and spacious, with a central seating area that includes a couch and coffee table.",Industrial,Modern/Sophisticated,Natural (Window),Bedroom,TRUE
industrial_552.jpg,Industrial Loft,"gray, brick red, white","brick wall, metal pipe, wood","soft, ambient light from brick walls and windows",modern and rustic with a touch of luxury,"queen size bed with neutral-colored blanket, vintage industrial-style bed frame, round wicker pendant light above bed, white sofa with gray pillows, black metal and wood side table next to sofa, blue and white striped wall hanging behind bed","small, open living space with brick walls and large windows","This interior design combines an industrial aesthetic with a touch of modern luxury in a small, open living area.",Industrial,Modern/Sophisticated,Ambient/Soft,Bedroom,TRUE
industrial_557.jpg,Modern Minimalist,"white, blue, grey","wood, fabric, metal",natural soft light from large windows,calm and airy,"bed, nightstand, lamp, couch, coffee table",open space with central seating area,"This room is designed in a modern minimalist style, with white walls and blue accents. The color palette includes shades of wood for the furniture, metal fixtures, and linen textiles to create a calm and airy atmosphere. The lighting comes from natural sunlight streaming in through windows on one side of the room, creating soft reflections on the surface of a large mirror mounted on the wall above the couch. The layout features an open space with a central seating area surrounded by furniture that includes two beds, nightstands, lamps, and a coffee table.",Minimalist,Calm/Serene,Natural (Window),Bedroom,TRUE
industrial_561.jpg,Modern Minimalist,"dark grey, light grey, white","wood, fabric, metal",bright natural light from large windows,"modern, sleek and stylish","king-size bed, sofa, coffee table, plant, large abstract art",open space with central seating area around the sofa,"A modern minimalist room featuring a large bed, stylish furniture and artwork, creating an airy and sleek atmosphere.",Minimalist,Modern/Sophisticated,Natural (Window),Living Room,TRUE
industrial_581.jpg,Industrial Loft,"dark blue, rustic red brick, light grey","wood, brick, glass",natural soft light from large windows,industrial chic with a touch of rustic charm,"bed, dresser, large window, bench, artwork",spacious room with industrial-style bedroom suite and brick wall accent,"This loft-style bedroom features an open space with a central seating area, a large window allowing natural light to flood the space, and a rustic red brick wall that adds warmth and texture.",Industrial,Other,Natural (Window),Bedroom,TRUE
industrial_608.jpg,Modern Industrial,"white, black, brass","steel, concrete, wood",natural soft light from large windows,modern and inviting,"bed, desk, chair, storage unit, plants, floor lamp",open space with central seating area,"A modern industrial loft bedroom with a steel frame bunk bed, black and white color scheme, natural light from windows, and a stylish mix of metal, wood, and concrete materials.",Modern,Warm/Cozy,Natural (Window),Bedroom,TRUE
industrial_617.jpg,Modern Minimalist,"dark gray, light gray, navy blue","wood paneling on walls, leather headboard, black metal bed frame",modern and sleek with floor lamps on either side of the bed,contemporary and relaxed,"bed, nightstands with lamps, hockey posters, pillows",cozy corner of the room with a low headboard,"A modern minimalist bedroom with dark gray and light gray walls, navy blue bedding and black metal bed frame. The space is illuminated by sleek floor lamps on either side of the bed. Hockey posters add a personal touch to the room. The overall mood is contemporary and relaxed.",Minimalist,Other,Floor/Table Lamp,Bedroom,TRUE
industrial_622.jpg,Mid-Century Modern,"white, red, turquoise","wood, fabric, metal",dimmable ceiling light with recessed lights,vibrant and cozy,"wooden platform bed, colorful throw pillows, dark wooden dresser, abstract wall art","two beds in a single room, shared by two individuals; one bed on top of the other, with a lofted sleeping area above",The design creates an intimate and cozy environment that is both functional and visually engaging.,Modern,Warm/Cozy,Recessed,Bedroom,TRUE
industrial_641.jpg,Scandinavian,"white, natural wood, neutral grays","wood siding, metal roofing, stone foundation",Natural light from large windows and ceiling lights,Cozy and warm,"sofa, coffee table, armchair, flat screen TV, floor lamp, throw pillows","Open floor plan with kitchen, living room, and bedroom on the main level.","This cabin-style house has a cozy Scandinavian design with natural materials, large windows, and ample seating.",Scandinavian,Warm/Cozy,Natural (Window),Bedroom,TRUE
industrial_642.jpg,Modern Minimalist,"white, black, orange","wood, linen, metal","soft, warm overhead light with ambient light from floor lamps",cozy and inviting,"bed, nightstand, framed artwork, side table",small space with a focus on the bed area,"This is a modern, minimalist bedroom with clean lines and a mix of black and orange accents. The use of wood and linen gives a warm feel, while the metal elements add an industrial touch.",Minimalist,Warm/Cozy,Ambient/Soft,Bedroom,TRUE
industrial_643.jpg,Modern Minimalist,"dark blue, gray, red accent","wood, leather, fabric, metal",dimmable LED lights with a warm glow,serene and modern,"queen-sized bed, bookshelves, nightstand, floor lamp","modern bedroom with centered bookshelf, flanked by nightstands",This is a sophisticated modern bedroom design featuring dark wood tones and minimalist decor.,Minimalist,Calm/Serene,Ambient/Soft,Bedroom,TRUE
industrial_654.jpg,Modern,"dark brown, light gray, beige","leather, wood, marble",warm and inviting with ample natural light from large windows,comfortable and sophisticated,"large leather sectional sofa, coffee table, floor lamp, area rug, decorative pillows",open space with central seating area leading to a patio door,"The living room is designed in a modern style, featuring a leather sectional sofa and a variety of textures and materials. The color palette is neutral yet inviting, with dark brown leather contrasting against light gray and beige accents. Natural light pours into the space through large windows, creating a warm and sophisticated atmosphere. A coffee table, floor lamp, area rug, and decorative pillows add to the room's comfort and style.",Modern,Warm/Cozy,Natural (Window),Bedroom,TRUE
industrial_660.jpg,Industrial Loft,"white, dark wood, black accent","wood, steel, leather",mixed with industrial-inspired fixtures and a large window allowing natural light,"modern yet inviting, with an emphasis on texture and geometric shapes.","platform bed, wooden headboard, black leather chair, industrial floor lamp","a modern industrial loft features a platform bed centered under a large window. A black leather chair is situated nearby, flanked by two small nightstands with lamps on top.","This contemporary space features an industrial design aesthetic with dark wood accents and sleek metal fixtures. The room's centerpiece is a large window that brings in natural light, creating a bright and modern feel.",Industrial,Warm/Cozy,Natural (Window),Bedroom,TRUE
industrial_662.jpg,Modern Minimalist,"white, beige, wood accents","brick wall, white bookshelf, wooden bed frame, plush toys",natural soft light from large windows,calm and cozy,"bed with colorful blankets, chair next to window, floral rug, wall art",open space with central seating area and raised bed on brick wall,"This is a modern, minimalist child's room with white walls, wooden accents, and soft lighting that creates a calm and cozy atmosphere. The room features a large window for natural light, colorful blankets on the raised bed, and a floral rug under the chair by the window.",Minimalist,Calm/Serene,Natural (Window),Bedroom,TRUE
industrial_664.jpg,Modern,"white, gray, wood","steel, wood, insulated glass",natural light from large windows and skylights,bright and open,"sofa, coffee table, dining table, chairs, floor lamp, potted plant","open floor plan with kitchen, living and dining areas adjacent to each other",A modern one bedroom cabin with a steel roof and large windows for natural lighting.,Modern,Bright/Airy,Natural (Window),Bedroom,TRUE
industrial_67.jpg,Scandinavian,"white, beige, light wood","concrete, linen, steel",natural soft light from large windows,calm and airy,"bed, nightstand, floor lamp",open space with central seating area,"This minimalist bedroom features a Scandinavian design with concrete walls, linen bedding, steel accents, and large windows that let in soft natural light.",Scandinavian,Calm/Serene,Natural (Window),Bedroom,TRUE
industrial_675.jpg,Modern,"black and white, neutral tones","tile on walls, metal frame of mirrors, marble sink top, brick backsplash","ambient from ceiling light, accent light from wall sconces",modern and minimalistic,"sink, mirrored cabinet, bed in background, tiled backsplash, floor lamp","bathroom with central sink area, enclosed shower stall to the left","A modern and minimalistic bathroom design with a black and white color palette, featuring a large mirrored cabinet, tiled backsplash, and floor lamp.",Modern,Modern/Sophisticated,Ambient/Soft,Bedroom,TRUE
industrial_69.jpg,Scandinavian,"navy blue, white, wood accents","oak wood, velvet upholstery, metal frames",natural soft light from large windows,warm and cozy,"sofa with two patterned throw pillows, large coffee table, floor lamp, plant on window sill",open space with central seating area around fireplace,"A modern, bright room with a Scandinavian influence. Large windows allow natural light to fill the space while navy blue walls and wood accents create a warm atmosphere.",Scandinavian,Warm/Cozy,Natural (Window),Bedroom,TRUE
industrial_700.jpg,Modern Minimalist,"white, beige, gray","wood, linen, glass",natural soft light from large windows,calm and airy,"bed with blue blanket, white desk with chair, full bookshelves on walls, abstract painting above bed, wooden headboard",small studio apartment layout,"This is an interior design image of a small studio apartment. The room features a modern minimalist style with white and beige color palette. Wood, linen, and glass materials are visible. Natural soft light from large windows creates a calm and airy atmosphere. The bed has a blue blanket and is placed under a painting on the wall. A white desk with chair is situated across from the bed. There are full bookshelves lining the walls, providing storage space and adding a cozy feel to the room.",Minimalist,Calm/Serene,Natural (Window),Bedroom,TRUE
industrial_722.jpg,Modern Minimalist,"white, gray, beige","wood, fabric",natural soft light from large windows,calm and airy,"bed, nightstand, dresser, bathroom mirror",open space with central seating area,"Modern hotel room featuring a minimalistic design, neutral color palette, and natural lighting.",Minimalist,Calm/Serene,Natural (Window),Bedroom,TRUE
industrial_741.jpg,Industrial Loft,"white, concrete, black","steel, brick, wood",natural light from two large windows and metal ductwork accents,modern and loft-like with a touch of rustic warmth,"bed, nightstand, lamp, coffee table",open space with a central bedroom area,"This room features an industrial design with concrete walls, a loft-style atmosphere and a modern, rustic touch.",Industrial,Warm/Cozy,Natural (Window),Bedroom,TRUE
industrial_75.jpg,Industrial Loft,"black, white, copper","metal, concrete, wood",natural soft light from large windows,cool and modern,"modern sofa, wooden coffee table, minimalist floor lamp, contemporary area rug, textured wall art",open space with central seating area and a loft above for additional living or bedroom space,"This modern industrial loft offers a sleek and stylish space featuring high ceilings, exposed brick walls, wood flooring, and large windows that allow natural light to flow in.",Industrial,Modern/Sophisticated,Natural (Window),Bedroom,TRUE
industrial_756.jpg,Scandinavian,"white, beige, light wood, green accent","oak wood, linen, concrete, steel",natural soft light from large windows and artificial lighting with warm tone,calm and airy,"sofa, coffee table, plant, floor lamp, vase, pillows",open space with central seating area and fireplace in front of large windows,"This Scandinavian style living room features a warm palette, wooden walls, and minimalist decor. The layout is open, providing a sense of spaciousness and inviting relaxation.",Scandinavian,Calm/Serene,Natural (Window),Bedroom,TRUE
industrial_757.jpg,Industrial Loft,"grayscale, white, wood","concrete walls, wooden beams on bed frame, metal piping",recessed ceiling lighting with large windows for natural light,modern and edgy,"bed with wooden slab headboard, skateboard leaning against wall, framed artwork on concrete walls",open space with central seating area,"This is an image of a modern industrial loft bedroom, featuring concrete walls and flooring, wood accents, large windows for natural light, and a skateboard as decorative element.",Industrial,Modern/Sophisticated,Natural (Window),Bedroom,TRUE
industrial_76.jpg,Contemporary,"purple, white, black","metal, wood, fabric",natural light from large windows and modern sconces on the wall,"modern, luxurious and cozy","bed, sofa, lamp, rugs, artwork",open space with bed in the corner,This room features a modern style with contemporary furnishings that create a luxurious and cozy atmosphere.,Contemporary,Warm/Cozy,Natural (Window),Bedroom,TRUE
industrial_764.jpg,Modern Minimalist,"white, beige, light wood","wood, glass, concrete",natural soft light from large windows and skylight,warm and cozy,"sofa, coffee table, plant, floor lamp, shelving unit","open space with central seating area, separate bedroom wing","This is a modern minimalist house with a warm and cozy atmosphere. The design features wood flooring and paneling, complemented by white walls and beige accents. Large windows and skylights provide natural light, while furniture like a sofa, coffee table, plant, floor lamp, and shelving unit create a comfortable living space.",Minimalist,Warm/Cozy,Natural (Window),Bedroom,TRUE
industrial_776.jpg,Industrial Loft,"black, white, wood","steel, brick, plastic",industrial with exposed brick and metal beams,modern and spacious,"loft bed, couch, stairs, plant","split level design with upper loft bed area, middle living space, and lower seating/entrance area","This open floor plan features a mix of modern industrial elements, creating an airy yet intimate atmosphere.",Industrial,Modern/Sophisticated,Mixed/Other,Bedroom,TRUE
industrial_784.jpg,Modern,"gray, white, beige","wood, fabric, metal","recessed lighting with a warm tone, enhanced by floor lamps and natural light from windows.",calm and inviting,"bed, couches, coffee table, bookshelves","open-concept space with a focus on the bed for sleeping, a comfortable sitting area by the windows, and bookshelves to display reading materials.","This image depicts a modern bedroom interior design with a calm color palette of gray, white, and beige. The room features wood cabinetry and shelving, fabric upholstery, and metal accents that complement the overall style. Recessed lighting provides warm illumination, while floor lamps add additional ambient light. Natural sunlight enters through large windows, contributing to a bright and inviting atmosphere.",Modern,Calm/Serene,Natural (Window),Bedroom,TRUE
industrial_796.jpg,Modern,"beige, red, blue","wood, fabric, glass",bright and natural sunlight from windows,modern and sleek,"couch, coffee table, chairs, area rug, decorative pillows",open floor plan with central furniture placement,"This modern living room is characterized by a clean and contemporary design, featuring wooden flooring, fabric upholstered couches and chairs, a colorful area rug, decorative pillows, and large windows allowing for ample natural light.",Modern,Modern/Sophisticated,Natural (Window),Bedroom,TRUE
industrial_806.jpg,Modern Minimalist,"black and white, gray","steel, wood, glass",modern track lighting with dimmer switches,simple and elegant,"large bed, nightstands, bedframe, floor lamp",small room design with centered bed,"This minimalist bedroom combines modern design elements with simple, clean lines. The black and white color scheme creates a chic atmosphere, while the steel frame bed adds an industrial touch to space.",Minimalist,Luxurious/Elegant,Ambient/Soft,Bedroom,TRUE
industrial_810.jpg,Modern,"gray, beige, brass","wood, fabric, metal",ambient lighting from recessed lights and a large window,calm and serene,"modern bed frame, glass side table with plant, contemporary floor lamp, large abstract painting, black leather armchair",open concept layout with a central bedroom area surrounded by a living room space,"This modern bedroom features a gray bed frame on a neutral palette, with natural wood and fabric materials, complemented by ambient lighting and strategically placed decorative objects.",Modern,Calm/Serene,Recessed,Bedroom,TRUE
industrial_815.jpg,Scandinavian,"white, light wood, blue","wood, linen, fabric",natural soft light from large windows,calm and airy,"bed, chair, coffee table, plant, area rug",open space with central seating area,"A modern Scandinavian bedroom with a comfortable sitting area, soft lighting, and natural tones.",Scandinavian,Calm/Serene,Natural (Window),Bedroom,TRUE
industrial_827.jpg,Modern Industrial,"black, white, rust","metal, concrete, wood",Natural light with a mix of floor and wall-mounted LED lights.,Industrial chic with modern comfort,"bed, sofa, chair, plant, mirror, clock",Open plan living space with a combined bedroom and living area.,"A modern industrial styled open concept room featuring a large bed, sofa, chair, plant, mirror and clock on a rustic-chic design with natural lighting and metal accents.",Modern,Modern/Sophisticated,Natural,Bedroom,TRUE
industrial_835.jpg,Industrial,"black, red, gray","concrete, metal, wood",low and dim red lighting,intense and moody,"bed, desk lamp, monitor",small room with bed in corner,"Industrial-themed room with metal frame bed in red lighting, desk lamp on small table, and monitor across from bed.",Industrial,Other,Ambient/Soft,Bedroom,TRUE
industrial_839.jpg,Industrial Loft,"dark brown, light gray, black","wood, metal, leather",dimmable track lighting and floor lamp with warm white bulbs,modern and sleek,"bed with wood headboard, built-in shelves with books, abstract artwork, wooden step ladder","loft style with open floor plan, low ceiling, and elevated platform for bed","This industrial loft room combines modern design elements with a warm color palette to create a stylish and cozy living space. The wooden step ladder leads up to the elevated platform bed surrounded by built-in shelves filled with books, while dimmable track lighting provides soft illumination that complements the floor lamp's warm white bulbs.",Industrial,Modern/Sophisticated,Ambient/Soft,Bedroom,TRUE
industrial_847.jpg,Industrial Loft,"black, white, grey","concrete, brass, wood","overhead track lighting, floor lamps",modern and minimalistic,"bed, side tables, chair, lamp, plant",open space with lofted ceiling and large windows,"The bedroom features a high ceiling, concrete walls, and minimalist furnishings with black, white, and grey tones. Lighting includes overhead track lighting and floor lamps to highlight the room's design.",Industrial,Modern/Sophisticated,Floor/Table Lamp,Bedroom,TRUE
industrial_848.jpg,Industrial,"black, white, silver","concrete, steel, wood",bright and natural light from large windows,modern and edgy,"bar stool, bench, plant, light fixture",open space with concrete wall partitioned into sections,"This image showcases an interior design that features an industrial style. The color palette is dominated by black, white, and silver, while the materials used include concrete, steel, and wood. The lighting in this space appears to be bright and natural due to the large windows allowing sunlight in. The mood of the space can be described as modern and edgy. Objects seen in the room are a bar stool, bench, plant, and light fixture. The layout is open with concrete wall partitions providing sections for different areas.",Industrial,Modern/Sophisticated,Natural (Window),Bedroom,TRUE
industrial_858.jpg,Modern Minimalist,"white, black, gray","wood, fabric, leather, metal",ambient light from recessed ceiling lights and floor lamp near bed,modern and sleek with a touch of comfort,"bed, sofa, coffee table, floor lamp, framed art","large open space with bed at end, sofa against wall, coffee table in middle, floor lamp near seating area","This modern and minimalist hotel room features a neatly made double bed, contemporary furnishings such as a leather-topped sofa and a wood coffee table, with decorative art pieces that add personality to the space. The lighting is controlled by recessed ceiling lights and a floor lamp for ambient glow.",Minimalist,Modern/Sophisticated,Recessed,Bedroom,TRUE
industrial_872.jpg,Industrial,"dark brown, metallic gray, white","wood, steel, metal","natural light from windows and skylights, complemented by industrial-style lamps",raw and edgy with a touch of nostalgia,"antique wooden dresser, vintage mirrors, repurposed gears on the wall, industrial sink","efficient use of space with functional furnishings, including bathroom and vanity area",This bathroom combines an industrial design aesthetic with repurposed materials to create a unique and stylish space.,Industrial,Other,Natural (Window),Bedroom,TRUE
industrial_88.jpg,Industrial Loft,"gray, white, brick","concrete, metal beams, wooden ceiling beam",natural light from a large window with curved arch and metal framing,spacious and airy,"bed, chair, lamp, storage bench","open floor plan with bed area in front of the curved wall, chair near a window with arched design and metal framing","The room is designed with an industrial loft style, featuring a concrete ceiling and exposed wooden beams. The color palette consists mainly of gray, white, and brick tones. Natural light from the large windows creates a spacious and airy atmosphere.",Industrial,Bright/Airy,Natural (Window),Bedroom,TRUE
industrial_906.jpg,Modern,"black, gray, white","leather, wood, metal",ambient with adjustable lighting elements,modern and sleek,"sofa, coffee table, pillows, floor lamp",open space layout with central seating area,"This living room features a modern design with black leather sofa, gray and white pillows, adjustable lighting elements, wooden accents, and a large mural of the Brooklyn Bridge.",Modern,Modern/Sophisticated,Ambient/Soft,Bedroom,TRUE
industrial_916.jpg,Modern Minimalist,"white, gray, wood","wood, linen, leather, metal",Natural light through large windows and recessed lights,"Clean, spacious, and minimalistic","queen-size bunk beds, wood flooring, white fur blankets, wooden cabinet",Modular design with open floor plan,"This space features a modern bunk bed room design, utilizing a minimalistic color palette and materials. The use of wood throughout gives it a warm and cozy feel, while the large windows allow for ample natural light that brightens up the area. The modular design and open floor plan provide flexibility in terms of space use and layout, and the wooden cabinet adds storage functionality.",Minimalist,Modern/Sophisticated,Natural (Window),Bedroom,TRUE
industrial_948.jpg,Modern Minimalist,"white, beige, dark wood","steel, concrete, wood",natural soft light from large windows and a small window in the bathroom,calm and cozy,"sofa, coffee table, floor lamp, plant, cabinets","compact space with a sleeping area, kitchenette, living room, and small bathroom",This small modern cabin in the woods offers a cozy getaway with a minimalist design and an inviting atmosphere.,Minimalist,Calm/Serene,Natural (Window),Living Room,TRUE
mediterranean_1.jpg,Modern Minimalist,"light gray, white, navy","wood, leather, metal",Recessed lighting and a statement pendant light in the center of the room,"Elegant, serene, and inviting","King-size bed with wooden headboard, Two nightstands with lamps on either side, Area rug underfoot, Large abstract artwork above the bed","Open floor plan with bed at the center of a neutral color palette, creating a spacious and cohesive atmosphere","This modern minimalist bedroom features a light gray and white color scheme centered around a large, comfortable king-size bed. The room is furnished with elegant wooden headboard, nightstands with lamps on either side, an area rug underfoot, and a statement pendant light above the bed. A large abstract artwork serves as a focal point above the bed. The neutral color palette and clean lines create an elegant, serene, and inviting atmosphere.",Minimalist,Calm/Serene,Recessed,Bedroom,TRUE
mediterranean_11.jpg,Southwestern,"light tan, brown, blue","stone, wood, brick",natural light from large windows and a courtyard light over the door,warm and inviting with rustic charm,"large wooden door with arched window above it, stone fireplace under an archway on the right side of the house, several large potted plants in front yard","a single story house with a central entrance, open kitchen and living area, and a separate bedroom wing to the left","This southwestern style home has an inviting atmosphere with warm tones and rustic materials. The courtyard door leads into a welcoming entry hall that extends into the open kitchen and living areas, while the large windows allow for natural light during the day. A separate bedroom wing to the left provides privacy and adds to the functionality of the space.",Other,Warm/Cozy,Natural (Window),Bedroom,TRUE
mediterranean_116.jpg,Modern Minimalist,"white, beige, neutral gray","wood, fabric, metal",ambient and task lighting with a combination of natural and artificial sources.,calm and serene,"sofa, coffee table, bed, fireplace, shelving unit, floor lamp, area rug, decorative pillows",open floor plan with a central fireplace and seating arrangement.,"A modern, minimalist living space featuring neutral colors, wood accents, and an efficient layout centered around a cozy fireplace.",Minimalist,Calm/Serene,Natural,Bedroom,TRUE
mediterranean_133.jpg,Modern Minimalist,"light beige, white, natural wood","stone wall, wicker chair, wooden floor",soft natural light from ceiling lanterns and large windows,serene and inviting,"sofa with throw pillows, side tables with lamps, floor vases with flowers",linear space with open hallway leading to central seating area,Modern minimalist living room with natural materials and soft lighting creating a serene and inviting atmosphere.,Minimalist,Calm/Serene,Natural (Window),Bedroom,TRUE
mediterranean_142.jpg,Modern Minimalist,"white, light wood, gray","wood, leather, fabric",natural soft light from large windows and chandelier,calm and airy,"king-size bed, bedside tables, floor lamp, wooden bench","open space with central seating area, surrounding a curved wooden wall","This modern master bedroom features minimalist design elements with a warm, light color palette and natural materials. The open layout includes a large king-size bed at the center, flanked by leather benches and wooden side tables that hold bedside lamps. A floor lamp provides additional lighting. Wooden flooring complements the overall look, while the curved wall adds architectural interest.",Minimalist,Calm/Serene,Natural (Window),Bedroom,TRUE
mediterranean_147.jpg,Modern Minimalist,"white, red","linen, wool, wood, steel",natural soft light from large windows,calm and airy,"bed, nightstand, lamp, pillows, ruffled comforter, throws",open space with central seating area,"This modern minimalist bedroom features a white and red color palette, with linen, wool, wood, and steel materials. The large windows provide natural soft lighting to the room, giving it a calm and airy mood. The room is furnished with a bed, nightstand, lamp, pillows, ruffled comforter, and throws arranged for comfort and style.",Minimalist,Calm/Serene,Natural (Window),Bedroom,TRUE
mediterranean_148.jpg,Modern Minimalist,"beige, white, brown","wood, fabric, stone",natural soft light from large windows,warm and cozy,"sofa, coffee table, plant, floor lamp, pillows, rugs, artwork",open space with central seating area,"This living room exudes a modern minimalist style, featuring neutral tones and natural materials. The furniture arrangement encourages conversation and relaxation, creating a warm and cozy atmosphere.",Minimalist,Warm/Cozy,Natural (Window),Bedroom,TRUE
mediterranean_15.jpg,Modern,"white, grey, brown","wood, leather, fabric, metal",natural light from windows and ceiling lights,comfortable and inviting,"couches, coffee table, armchairs, artwork, potted plants, decorative pillows",open floor plan with central seating area in front of fireplace,"This is a modern living room with a warm and inviting atmosphere. The space features a variety of materials such as wood, leather, fabric, and metal. The color palette includes white, grey, and brown tones. The lighting comes from natural sources and ceiling lights, giving the room a comfortable and cozy feel.",Modern,Warm/Cozy,Natural (Window),Bedroom,TRUE
mediterranean_151.jpg,Eclectic,"gold, black, gray","silk, leather, velvet","warm and ambient, with a central chandelier",luxurious and opulent,"bed with ornate headboard, two-seater sofa, large framed mirror over the bed, crystal chandelier, decorative rugs",spacious room with a central seating area and bed along one wall,"This is an opulent bedroom designed in an eclectic style, featuring luxurious materials like silk and leather. The space is dominated by a large bed with an ornate headboard and gold accents. Warm lighting illuminates the room through a central chandelier, creating a cozy atmosphere. There are two-seater sofas for seating, while decorative rugs add texture and color to the space. The use of rich colors like black, gray, and gold adds to the opulent feel.",Other,Luxurious/Elegant,Pendant/Chandelier,Bedroom,TRUE
mediterranean_172.jpg,Modern,"gray, navy blue, white","wood, fabric, glass",Natural light from large windows and ceiling fan lighting in the evening.,Warm and cozy with a touch of sophistication.,"modern sofa, wooden coffee table, floor lamp, decorative pillows",Open space with a central seating area.,"This modern living room features natural materials, comfortable seating, and warm lighting for a welcoming and stylish atmosphere.",Modern,Warm/Cozy,Natural (Window),Bedroom,TRUE
mediterranean_227.jpg,Resort,"beige, brown, blue","stone, wood, tiles",Natural light with outdoor lamps and lanterns,Relaxed and tranquil,"Daybeds, Swimming pool, Lounge chair, Potted plants","Open patio area with a curved wall around the pool, creating a secluded space.",This resort-style backyard features a swimming pool surrounded by comfortable daybeds and lounge chairs for relaxation. The curved stone wall creates a cozy atmosphere.,Other,Calm/Serene,Natural,Garden/Outdoor,TRUE
mediterranean_241.jpg,Modern Minimalist,"white, beige, light wood","wood, linen, concrete, steel",natural soft light from large windows and recessed lighting,calm and airy,"sofa, coffee table, plant, floor lamp, vase, pillow",open space with central seating area under archway,"This is a modern, minimalist living room that uses neutral colors and materials to create a calm and airy atmosphere. Natural light from large windows and recessed lighting contribute to the open feel of the space.",Minimalist,Calm/Serene,Natural (Window),Bedroom,TRUE
mediterranean_256.jpg,Modern,"white, beige, light wood","wood, marble, metal",Recessed and track lighting with dimmer switches for adjustable ambiance.,"Warm, inviting, and sophisticated atmosphere.","white sofa with throw pillows, wooden coffee table with storage space, flat screen TV, modern fireplace, plants","Open-concept design with separate zones for dining, living room, and kitchen.","This modern living space is designed to be both functional and aesthetically pleasing with its clean lines, neutral color palette, and natural materials. The open layout encourages interaction between different areas of the home, while the variety of textures and materials adds depth and interest.",Modern,Warm/Cozy,Recessed,Bedroom,TRUE
mediterranean_269.jpg,Modern Rustic,"earthy tones, warm neutral colors, burnt orange accents","wood paneling, brick walls, exposed beam ceiling, plush cushions",natural light from large windows and a statement light fixture overhead,comfortable and inviting,"lounge seating area with pillows, wood-framed dining table, artwork on the wall, floor rug, plants",open plan space with kitchenette and lounge area flowing into a dining area,"This modern rustic interior design features warm, earthy tones that create a cozy atmosphere. The room combines natural materials like wood paneling, brick walls, and an exposed beam ceiling with plush cushions for comfortable seating. A statement light fixture illuminates the space, which is filled with decorative elements such as plants and artwork on the wall.",Modern,Warm/Cozy,Natural (Window),Bedroom,TRUE
mediterranean_292.jpg,Modern Minimalist,"white, beige, light wood","wood, fabric, metal",soft natural light from large windows and recessed lights,calm and airy,"sofa, coffee table, plant, floor lamp, vase, books, pillows",open space with central seating area and separate dining area,"This is a modern minimalist living room that features an open floor plan, a neutral color palette, and a mix of natural materials such as wood and fabric.",Minimalist,Calm/Serene,Natural (Window),Bedroom,TRUE
mediterranean_324.jpg,Modern Minimalist,"white, beige, brown","wood, fabric, glass",natural soft light from large windows,calm and airy,"bed, fireplace, chair, couch, rug",open space with central seating area,"This is a modern minimalist bedroom featuring a neutral color palette with wood accents, soft lighting from natural windows, and a calm and airy atmosphere.",Minimalist,Calm/Serene,Natural (Window),Bedroom,TRUE
mediterranean_328.jpg,Scandinavian,"white, beige, light wood","linen, wool, wood",natural soft light from large windows,calm and airy,"bed, nightstand, rugs, artwork",open space with central seating area,"This bedroom is designed in a Scandinavian style, featuring a light color palette of white, beige and light wood. The room includes linen upholstered headboards and footboards, wool throws and blankets, and wooden nightstands. The space is filled with natural soft light from large windows, creating a calm and airy atmosphere. Objects in the room include a central bed, two nightstands with lamps, various area rugs, and artwork on the walls.",Scandinavian,Calm/Serene,Natural (Window),Bedroom,TRUE
mediterranean_329.jpg,Modern,"beige, brown, gray","wood, fabric",recessed lighting and a floor lamp,warm and welcoming,"leather sofa, flat-screen TV, coffee table, floor lamp, throw pillows",open concept with a central area for seating and entertainment,"A modern living room with neutral tones, wood accents, comfortable furniture and smart lighting.",Modern,Warm/Cozy,Recessed,Bedroom,TRUE
mediterranean_36.jpg,Modern,"white, light gray, dark wood","stone, brick, wood",Natural light from windows and outdoor lights at night,Warm and inviting,"large sofa, coffee table, area rug, floor lamp, bookshelf",Open living area leading to private bedrooms,"A modern two-story home with a warm palette of white, light gray and dark wood, featuring large windows for natural lighting. The open layout leads through a covered walkway to the private spaces. The home is finished in stone and brick exteriors with wooden detailing.",Modern,Warm/Cozy,Natural (Window),Bedroom,TRUE
mediterranean_373.jpg,Bohemian,"pink, golden, black","wood, velvet, glass","Mix of natural sunlight and warm, ambient lighting from soft-toned lamps",Romantic and dreamy,"king-size bed with floral comforter, tufted velvet bench, vintage chandelier, plush pink throw pillows","Open floor plan with two beds placed in a way that allows for conversation between them, separated by a large window.","This bedroom is designed with a bohemian style, featuring soft, muted colors and natural materials. The open layout creates a sense of spaciousness, while the placement of furniture encourages social interaction.",Other,Other,Natural,Bedroom,TRUE
mediterranean_381.jpg,Modern Minimalist,"white, blue, gray","wood, silk, marble",natural soft light from large windows,calm and airy,"bed, dresser, lamp, ruffled blue throw blanket",open space with central seating area,"This modern minimalist bedroom features a simple yet elegant design, with natural light creating a serene atmosphere. The color palette consists of soft whites and calming blues, complemented by wooden accents and touches of silk for texture. The room includes a large bed, stylish dresser, functional lamp, and a cozy throw blanket.",Minimalist,Calm/Serene,Natural (Window),Bedroom,TRUE
mediterranean_398.jpg,Modern Minimalist,"white, beige, grey","leather upholstery, wooden bed frame, velvet throw pillows",dimmable overhead lighting with a warm tone,luxurious and inviting,"large king-size bed, two nightstands, flat screen television, soft area rug","large, open space with central seating arrangement centered around the bed","This image showcases a modern minimalist hotel room. The color palette is neutral and warm, with beige and grey tones. The materials used include leather upholstery for comfort and style, a wooden bed frame that adds a touch of nature, and velvet throw pillows that provide texture. The lighting is dimmable overhead lighting with a warm tone. The overall mood is luxurious and inviting, with soft area rugs on the floor to add coziness. The layout features a large open space centered around the bed for a relaxed seating arrangement. The design style is modern minimalist, prioritizing clean lines and simple elegance.",Minimalist,Warm/Cozy,Ambient/Soft,Bedroom,TRUE
mediterranean_401.jpg,Spanish Mediterranean,"beige, terracotta, sky blue","stucco exterior wall, stone tiles, brass hardware","Natural light through windows and glass doors with white curtains, supplemented by recessed ceiling lights.",Warm and inviting,"wooden front door with transom window above, wicker outdoor seating area, large wall hanging, floor model pool table","Ground floor living space leads to an outdoor swimming pool, with a courtyard in the middle. Upper level has additional bedrooms and sitting areas.","This Spanish Mediterranean style home features clean lines and warm colors, with materials like stucco and stone giving it an authentic feel. The layout is open and welcoming, leading to an outdoor swimming pool and courtyard.",Other,Warm/Cozy,Natural (Window),Bedroom,TRUE
mediterranean_405.jpg,Modern Minimalist,"white, beige, gray","wood, cotton, linen, steel",natural soft light from large windows,calm and airy,"bed, sofa, coffee table, plant",open space with central seating area,"This modern minimalist bedroom features a soothing color palette of white, beige, and gray. Natural light streams in from large windows, creating a calm and airy mood. The room contains essential furniture including a bed, sofa, coffee table, and a plant for a touch of greenery.",Minimalist,Calm/Serene,Natural (Window),Bedroom,TRUE
mediterranean_414.jpg,Modern Minimalist,"white, gray, beige","wood, linen, leather",natural soft light from large windows,calm and serene,"bed, sofa, couch, chair, lamp","clean lines, open space with central seating area","This image depicts a modern minimalist bedroom design. The color palette consists of white, gray and beige tones, contributing to a calm and serene atmosphere. Natural light is emphasized through large windows, complemented by wood and leather materials for a warm and inviting feel. The room features a bed as the central element, with a sofa, chair and couch arranged around it, providing ample seating options. A simple lamp serves as the primary light source, enhancing the minimalist theme.",Minimalist,Calm/Serene,Natural (Window),Bedroom,TRUE
mediterranean_473.jpg,Modern Minimalist,"gray, beige, black","wood, linen, marble",well-lit with natural light from window and modern floor lamps,calm and serene,"bed, dresser, nightstand, chandelier, artwork",organized with symmetrical placement of furniture around central bed,"The modern minimalist bedroom design features a sleek gray bed, beige linens and pillows, wooden dresser and nightstands, and marble accents. The room is well-lit with natural light from the window and modern floor lamps, contributing to its calm and serene atmosphere.",Minimalist,Calm/Serene,Natural (Window),Bedroom,TRUE
mediterranean_544.jpg,Modern Minimalist,"white, gray, wood accents","wood for floors and walls, fabric for upholstery, steel for bed frame",soft light from recessed ceiling lights,"clean, spacious, and serene","bed with headboard, sofa in front of fireplace, flat screen TV on wall, wooden coffee table","large open room with bed as focal point near windows for natural light, sitting area near fireplace","This modern minimalist living space features a simple color palette of white and gray tones with wood accents. The room is filled with soft lighting that creates a calm atmosphere. The layout is designed around a large bed as the focal point, which is near a window to bring in natural light. A sofa is positioned by the fireplace for warmth and relaxation. A flat screen TV is mounted on the wall across from the bed. The overall mood of the room is serene and spacious.",Minimalist,Calm/Serene,Recessed,Bedroom,TRUE
mediterranean_559.jpg,Modern Minimalist,"white, light gray, navy blue","wood, linen, leather",natural soft light from large windows,calm and serene,"sofa, coffee table, plant, floor lamp, bed, nightstands","open space with central seating area, bed to one side with nightstand on either side","This is a modern minimalist design with a calm and serene atmosphere. The color palette consists of white, light gray, and navy blue, contrasted with wood, linen, and leather materials. Natural soft light from large windows creates a tranquil ambiance. The room features a sofa, coffee table, plant, floor lamp, bed, and nightstands.",Minimalist,Calm/Serene,Natural (Window),Bedroom,TRUE
mediterranean_56.jpg,Southwestern Ranch Style,"earth tones, natural wood, light stone","stone veneer siding, wood ceiling beams, stucco wall textures",warm ambient light with a hint of outdoor night sky glow from the horizon,inviting and relaxed,"front porch swing, stacked stone fireplace, rustic wooden table, potted desert plants","connected courtyard, central living area with open kitchen and dining, separate bedroom wings","This Southwestern Ranch Style home features earth-toned materials, inviting outdoor spaces, and warm indoor lighting. It has a relaxed vibe and is designed to embrace the natural surroundings.",Other,Warm/Cozy,Ambient/Soft,Bedroom,TRUE
mediterranean_583.jpg,Scandinavian,"white, beige, light wood","oak wood, linen, concrete",natural soft light from large windows and skylights,calm and airy,"sofa, coffee table, plant, floor lamp, rug",open space with central seating area leading to a private balcony,"This is a modern bedroom with Scandinavian design elements, featuring light oak wood and linen accents. The room is bright, airy, and comfortable, offering ample natural light from large windows and skylights.",Scandinavian,Calm/Serene,Natural (Window),Bedroom,TRUE
mediterranean_603.jpg,Scandinavian,"white, beige, light wood, green accent","oak wood, linen, concrete, steel",natural soft light from large windows,calm and airy,"sofa, coffee table, plant, floor lamp","open space with central seating area, surrounded by covered porches","This Scandinavian-style home features an open floor plan that encourages a relaxed atmosphere. A light wood palette contrasts with the cool gray of the concrete roof and steel accents, creating a warm and inviting space. The porch extends from the living area to the bedrooms, providing outdoor access for all occupants.",Scandinavian,Calm/Serene,Natural (Window),Bedroom,TRUE
mediterranean_615.jpg,Modern Minimalist,"white, neutral tones, wood accents","oak wood, linen, concrete, steel",soft and indirect lighting,calm and serene,"bed, couch, coffee table, floor lamp, headboard with built-in bench",open space with bed as central focus,"This is a modern, minimalist design with an emphasis on natural materials and soft lighting. The space features a large bed with a built-in bench at the foot, providing additional seating or storage. A couch is placed adjacent to a coffee table for relaxation, while a floor lamp offers ambient lighting. Oak wood adds warmth to the space, contrasted by neutral tones and concrete walls. The room has an open feel with a sliding glass door leading out to a patio.",Minimalist,Calm/Serene,Ambient/Soft,Bedroom,TRUE
mediterranean_618.jpg,Scandinavian,"white, beige, light wood","natural stone, gold accents, wood paneling",well-lit by natural light from large windows,calm and serene,"bathtub with marble base, vintage faucet, round mirror, small sculptural piece",linear layout with hallway leading to bathroom and bedroom,"This bathroom features a clean, modern design with Scandinavian influences. The use of natural stone in the sink and bathtub adds warmth and texture to the space. Large windows allow for ample natural light, creating a bright and airy atmosphere.",Scandinavian,Calm/Serene,Natural (Window),Bedroom,TRUE
mediterranean_632.jpg,Modern Minimalist,"white, light blue","wood, linen, velvet",natural soft light from large windows,calm and airy,"king-size bed, two nightstands, vase of flowers, chair, blue rug","open space with central seating area featuring sofa, coffee table, and floor lamp","This is a modern and minimalist bedroom with a calming atmosphere, featuring light wood walls, white linens, velvet accents, and a blue color palette.",Minimalist,Calm/Serene,Natural (Window),Bedroom,TRUE
mediterranean_638.jpg,Industrial Loft,"white, beige, black","steel, concrete, wood",sunlit from large windows,modern and spacious,"bed, bookshelf, chair, floor lamp",open space with central seating area,"This is an interior design image of a modern bedroom with industrial loft elements, featuring steel and concrete materials and a predominantly neutral color palette. The room is sunlit from large windows, creating a spacious and open atmosphere. The furniture includes a central seating area composed of a bed, bookshelf, chair, and floor lamp, all contributing to the modern and minimalist feel.",Industrial,Modern/Sophisticated,Mixed/Other,Bedroom,TRUE
mediterranean_642.jpg,Scandinavian,"white, gray","wood, linen, metal",natural soft light from large windows,calm and airy,"bed, dresser, chair, lamp",modern bedroom with a split living area in back,"This is a modern Scandinavian-style bedroom featuring white walls, gray linens, wood furniture and metal accents. The room has large windows that let in natural soft light. A neatly made bed sits against the wall, accompanied by a chair and lamp for reading. A dresser is also present near one of the windows.",Scandinavian,Calm/Serene,Natural (Window),Bedroom,TRUE
mediterranean_650.jpg,Scandinavian,"blue, white, gray","linen, wood, glass",natural and soft lighting,calm and airy,"bed, nightstands, pillows, blankets",functional with a mix of storage and seating areas,"A clean, simple room with natural textiles and light wood tones, designed to feel relaxed and uncluttered.",Scandinavian,Calm/Serene,Natural,Bedroom,TRUE
mediterranean_663.jpg,Modern Minimalist,"white, beige, red accent","leather, wood, brass, velvet",natural soft light from large windows,calm and airy,"sofa, coffee table, plant, floor lamp, throw pillows, area rug",open space with central seating area,"This living room features a Modern Minimalist design with an emphasis on clean lines and neutral colors. The space is well-lit, creating an airy atmosphere. The furnishings are a mix of leather and wood textures, providing both comfort and style. Red accent pillows add a pop of color to the room.",Minimalist,Calm/Serene,Natural (Window),Bedroom,TRUE
mediterranean_664.jpg,Southwestern,"white, terracotta, blue","stucco, wood, metal",warm and ambient from ceiling lights and natural sunlight,inviting and relaxed,"sofa, coffee table, throw pillows, potted plants, vase","open floor plan with living room, kitchen, and outdoor pool area visible","This Southwestern-style home is characterized by its white stucco walls, terracotta tile roof, and blue trim. The interior combines warm wood tones with bold blue accents to create a relaxed and inviting atmosphere.",Other,Warm/Cozy,Natural,Bedroom,TRUE
mediterranean_665.jpg,Modern Minimalist,"white, gray, black","wood, fabric, metal",ambient light from ceiling and floor lamps,calm and organized,"bed, sofa, coffee table, armchair, plant",open space with central seating area surrounded by walls and windows,"This room is designed in a modern minimalist style, featuring a neutral color palette of white, gray, and black. The materials include wood for the floors, fabric for the bedding and curtains, and metal for the furniture frames. The lighting comes from ceiling and floor lamps, creating a calm and organized atmosphere. The room contains a bed with a central seating area surrounded by walls and windows, with furnishings such as a sofa, armchair, coffee table, and a potted plant adding to the cozy ambiance.",Minimalist,Calm/Serene,Ambient/Soft,Bedroom,TRUE
mediterranean_678.jpg,Modern,"black, white, brown","wood, metal, marble",recessed lighting and ambient track lighting,serene and sophisticated,"shoe rack, leather ottoman, dresser, lounge chair",long narrow space with open shelving on walls,"This is a modern shoemaking shop with wooden storage cases, white leather shoes, and metal hanging racks. The color palette is dark with black accents, creating a sophisticated atmosphere.",Modern,Calm/Serene,Recessed,Bedroom,TRUE
mediterranean_714.jpg,Modern Minimalist,"green, brown, white","wood, stone, metal","natural light from skylights and overhanging plants, augmented by outdoor floodlights",calm and serene,"raised planter, ornamental garden statues, circular mulch bed",curved pathway around central circular garden area,"A modern minimalist garden with a stone border, curved pathway and raised planter filled with ornamental plants.",Minimalist,Calm/Serene,Natural,Bedroom,TRUE
mediterranean_722.jpg,Modern Minimalist,"white, gray, beige","wood paneling, linen drapes, brass hardware",natural soft light from large windows,calm and airy,"queen-size bed, accent pillows, bedside table, armchair",open space with central seating area,"This modern minimalist room features a calming color palette of white, gray and beige with natural wood paneling. The large windows let in soft light, enhancing the room's airy feel. Functional furnishings include a queen-size bed with accent pillows, an armchair for seating and a bedside table for storage.",Minimalist,Calm/Serene,Natural (Window),Bedroom,TRUE
mediterranean_735.jpg,Scandinavian,"white, beige, natural wood","wood, fabric, leather, metal",natural soft light from large windows,calm and airy,"sofa, coffee table, plant, floor lamp, area rug, pillows",open space with central seating area and minimal furniture to maintain openness,"The room is a modern, well-lit living space that combines natural materials like wood and fabric for a Scandinavian aesthetic. The neutral color palette contributes to the calm atmosphere, while the minimalistic furnishings keep the space feeling open and spacious.",Scandinavian,Calm/Serene,Natural (Window),Bedroom,TRUE
mediterranean_736.jpg,Modern,"dark green, light brown, white","wood, stone, plastic",natural light from windows and skylights,clean and organized,"vegetable garden, raised beds, outdoor lights",spacious with clear paths between raised beds,"This is a modern vegetable garden with an emphasis on clean lines, organization, and natural lighting.",Modern,Modern/Sophisticated,Natural (Window),Garden/Outdoor,TRUE
mediterranean_744.jpg,Spanish Colonial,"light yellow, beige, blue","wooden beams, tiles on ceiling and walls, stone details",Ample natural light from large windows and open patio,Warm and inviting with rustic charm,"large sofa, wooden coffee table, colorful throw pillows, potted plant on the balcony","Ground floor features a living area with an open patio, bedrooms are upstairs",This Spanish Colonial style home is painted in warm tones and offers plenty of natural light through its large windows and outdoor space.,Other,Warm/Cozy,Natural (Window),Bedroom,TRUE
mediterranean_745.jpg,Modern Minimalist,"white, beige, light wood","wood, linen, brass",natural soft light from large windows and ceiling lights,calm and airy,"bed, bedframe, headboard, pillows",spacious bedroom with central bed placement,"This is a modern minimalist bedroom with a serene and calming vibe, featuring a large bed as the focal point, surrounded by natural materials such as wood and linen, and decorated in a light color palette. The room has ample space around it, allowing for easy movement and providing a sense of openness.",Minimalist,Calm/Serene,Natural (Window),Bedroom,TRUE
mediterranean_761.jpg,Modern,"dark blue, white, beige","wood, fabric, glass",ambient lighting with overhead track lighting and warm floor lamps,comfortable and sophisticated,"couch, coffee table, pillows, books, vases",open space concept with sectional sofa facing large window to create a central conversation area,"This modern living room features a dark blue wall, a white and beige color palette, wood accents, and sophisticated furnishings including a sectional couch, pillows, books, vases, and a large window that provides ample natural light. The design is both comfortable and stylish.",Modern,Warm/Cozy,Ambient/Soft,Bedroom,TRUE
mediterranean_764.jpg,Scandinavian,"natural wood tones, neutral greys, white","wood, linen, glass, brick","soft, natural light from large windows and a stone fireplace",calm and airy,"sofa, coffee table, plant, floor lamp, pillows",open space with central seating area around the fireplace,"The living room has a modern Scandinavian design, featuring natural wood tones, neutral greys, and white accents. It's furnished with a sofa, coffee table, floor lamp, plant, and pillows arranged on a stone patio around the fireplace.",Scandinavian,Calm/Serene,Natural (Window),Bedroom,TRUE
mediterranean_776.jpg,Scandinavian,"pink, white, cream","wood, linen",natural soft light from large windows,calm and airy,"bed, nightstand, chest of drawers, dresser, lamp",open space with central seating area,"A cozy bedroom with a pink color scheme, featuring wooden furniture and linen textiles.",Scandinavian,Calm/Serene,Natural (Window),Bedroom,TRUE
mediterranean_792.jpg,Modern Minimalist,"navy blue, beige, white","wood, leather, linen",natural soft light from large windows,calm and airy,"king-size bed, nightstands, lamps, throw pillows, area rug","open space with central seating area, featuring a king-size bed flanked by nightstands and accentuated by a large window overlooking the backyard.","This modern minimalist bedroom features navy blue walls, beige linens, and white elements, creating a calm and airy atmosphere. The space is characterized by natural light from the large windows and includes key furnishings such as a king-size bed with a leather headboard, nightstands with lamps, and throw pillows for added comfort and style.",Minimalist,Calm/Serene,Natural (Window),Bedroom,TRUE
mediterranean_801.jpg,Modern Minimalist,"white, beige, gray","wood paneling, linen, glass",natural soft light from large windows,calm and serene,"king-size bed, sofa, chair, flat-screen TV, floor lamp",open space with central seating area around fireplace,"This modern minimalist bedroom is designed for comfort and relaxation. The neutral color palette creates a calm and serene atmosphere, while the wood paneling adds warmth to the space. The large windows allow natural light to fill the room, enhancing its open layout with central seating around a fireplace.",Minimalist,Calm/Serene,Natural (Window),Bedroom,TRUE
mediterranean_81.jpg,Southwestern,"earth tones, sandstone, cactus green","adobe brick, terracotta tile, wood beams","natural light from windows, supplemented by warm outdoor lights",warm and inviting,"sofa set with pillows, fireplace, cactus potted plant, outdoor rug, saguaro cactus",open floor plan with seating areas flowing into one another,"This Southwestern-style home offers an inviting atmosphere with warm earth tones, adobe brick walls, and a fireplace as the centerpiece.",Other,Warm/Cozy,Natural (Window),Bedroom,TRUE
mediterranean_811.jpg,Spanish Colonial,"white, beige, terracotta, red accent","stucco exterior walls, tile flooring, wood ceiling beams, ironwork decorations",warm ambient light from recessed lighting and outdoor lanterns,elegant and inviting,"sofa with colorful throw pillows, wood-burning fireplace, large potted plants, woven area rug","open courtyard with central seating area, flanked by two wings","This Spanish Colonial style home features a warm and inviting atmosphere, characterized by stucco walls, wood beams, tiled floors, and outdoor lanterns. The open courtyard layout encourages social interaction with seating areas and fireplace, while the colorful accents add vibrancy to the space.",Other,Warm/Cozy,Recessed,Bedroom,TRUE
mediterranean_819.jpg,Modern Minimalist,"white, gray, blue","wood, fabric, leather",natural soft light from large windows,calm and airy,"bed, sofa, coffee table, chair, lamp",open space with central seating area,"This is a modern, minimalist bedroom featuring a clean color palette and natural light. The room has a large bed, sofa for sitting, coffee table for placing items, chair for relaxation, and lamp for reading. The layout is open and inviting, with the seating area central to the space.",Minimalist,Calm/Serene,Natural (Window),Bedroom,TRUE
mediterranean_821.jpg,Modern Minimalist,"white, grey, neutral accents","wood paneling on ceiling and walls, leather upholstery",Natural light from a large window and ambient lighting provided by recessed LED lights,"Bright, airy, and open","white sofa with throw pillows, black leather armchair, wooden coffee table with glass top, white marble fireplace, framed artwork",Open floor plan with living room seamlessly flowing into dining area,"A modern minimalist living space featuring clean lines, neutral tones, and a mix of natural wood elements and black leather accents, enhanced by soft ambient lighting.",Minimalist,Bright/Airy,Natural (Window),Bedroom,TRUE
mediterranean_826.jpg,Mid-Century Modern,"light tan, dark brown, green accent","brick, wood paneling, stucco, metal",Soft indoor lighting from recessed lights and wall sconces.,"Warm and inviting, with a focus on cozy seating areas.","vintage-style sofa, large armchair, cacti plants, wooden coffee table",A central courtyard in the middle of an L-shaped layout with living room on one side and bedroom wings on the other.,"This image showcases a charming mid-century modern style home, featuring a warm color palette and cozy seating areas. The space is well-lit with indoor lighting, enhancing its welcoming atmosphere.",Modern,Warm/Cozy,Recessed,Bedroom,TRUE
mediterranean_83.jpg,Modern Rustic,"beige, wood brown, light grey","rustic wood, leather, brass","natural light from large windows, warm tones of ambient and accent lighting",cozy and inviting,"king size bed with wooden headboard, wooden bench at foot of bed, rustic wooden nightstands, brass floor lamp",open space layout with a central seating area underneath the window,"This room features a modern rustic design with warm tones and natural materials, creating a cozy atmosphere that is inviting and comfortable.",Modern,Warm/Cozy,Natural (Window),Bedroom,TRUE
mediterranean_834.jpg,Southwestern,"white, beige, rustic red","adobe, wood, leather, brass",natural light streaming in from multiple windows,cozy and warm,"king size bed with headboard against wall, wooden chest at foot of bed, woven area rug on floor, decorative wall hanging above bed, framed artwork over the bed",split level space with a raised sleeping area and lower level sitting area,"This interior has a Southwestern design style, featuring adobe walls and flooring. The color palette includes rustic red accents on the furnishings and decor. The room is illuminated by natural light streaming in from multiple windows. The space has a cozy and warm atmosphere with wooden furniture, leather elements, and decorative textiles.",Other,Warm/Cozy,Natural (Window),Bedroom,TRUE
mediterranean_85.jpg,Modern Minimalist,"white, gray, black","stone tile, glass panels, stainless steel","Natural light from large windows, with recessed ceiling lights in the main living area.",Clean and uncluttered,"flat-screen TV on the wall, modern armchair, floor lamp with a white shade, plant, contemporary coffee table","Open space with a central seating area, flanked by two bedroom wings.","The interior design showcases a clean, minimalist style with a monochromatic color palette. The use of natural light and contemporary furniture creates a spacious, uncluttered atmosphere.",Minimalist,Modern/Sophisticated,Natural (Window),Bedroom,TRUE
mediterranean_879.jpg,Modern Minimalist,"white, beige, gray","marble, glass, metal",well-lit with recessed lighting and a chandelier,"clean, serene, and spacious","freestanding bathtub, double sinks, large mirror above the tub",open floor plan with bathroom adjacent to bedroom,"A modern, minimalist-style bathroom featuring a freestanding tub and double sinks, set in an open floor plan adjacent to the bedroom.",Minimalist,Calm/Serene,Recessed,Bedroom,TRUE
mediterranean_882.jpg,Scandinavian,"white, beige, light wood, pink","wood, linen, metal, plastic",Natural soft light from large windows,Calm and airy,"Bunk beds, Bookshelf, Pink cushions, White sheets, Wooden ladder",Spacious room with bunk beds against wall,"This is a cozy Scandinavian-style bedroom with white walls and light wood accents, featuring a neatly made bunk bed with pink cushions and a wooden ladder.",Scandinavian,Calm/Serene,Natural (Window),Bedroom,TRUE
mediterranean_928.jpg,Scandinavian,"white, gray, navy","wood, fabric, metal","soft, natural light from large windows",calm and airy,"sofa, coffee table, plant, floor lamp, throw pillows, area rug",open space with central seating area,"This modern living room features a neutral color palette, predominantly white and gray, with accents of navy. The space is well-lit by natural light from large windows. The sofa, throw pillows, and rug create a cozy seating area at the center of the room. A coffee table sits in front of the couch for easy access to items on the floor.",Scandinavian,Calm/Serene,Natural (Window),Bedroom,TRUE
mediterranean_93.jpg,Modern Minimalist,neutral color palette with some earthy tones,wood and stone,"natural light from large windows, complemented by indoor lighting fixtures",calm and serene,"large sectional sofa with accent pillows, reclaimed wood coffee table, potted plant, vintage style floor lamp","open space concept with a central seating area, surrounded by arched doorways leading to other spaces","This living room offers a modern minimalist design with neutral colors and materials such as wood and stone. The natural light streaming in creates a calm and serene atmosphere, while the reclaimed wood coffee table and vintage floor lamp add warmth and character.",Minimalist,Calm/Serene,Natural (Window),Bedroom,TRUE
mediterranean_930.jpg,Modern Minimalist,"white, beige, wood","natural wood, leather, linen, brass",soft ambient light from built-in lighting fixtures and natural light from windows,warm and inviting,"sofa, coffee table, area rug, floor lamp, potted plant","open space with central seating area, flanked by side tables on either side of the couch","This modern living room features a minimalist design with clean lines and natural materials. The color palette is neutral, with pops of color provided by accent pillows and textiles. Built-in lighting fixtures cast a soft glow throughout the space, while windows allow for ample natural light during the day.",Minimalist,Warm/Cozy,Natural (Window),Bedroom,TRUE
mediterranean_938.jpg,Modern Minimalist,"white, gray, orange","wood, fabric, concrete",soft and natural light from large windows,open and airy,"sofa, coffee table, floor lamp, chairs, throws",open space with central seating area,"The living room has a modern minimalist style, featuring white walls and gray accents. Wood furniture is complemented by orange cushions, creating a warm atmosphere. Large windows fill the room with soft, natural light. The layout includes a central seating arrangement surrounded by chairs and pillows.",Minimalist,Bright/Airy,Natural (Window),Bedroom,TRUE
mediterranean_969.jpg,Nature-Inspired,"green, brown, orange","wood, stone, glass",Dappled sunlight from trees and clouds,"Peaceful, inviting, earthy","pathway with natural stone pavers, benches facing the view, garden beds with various plants",Open space that leads to a picturesque hillside view,"This garden is a tranquil retreat from everyday life, inviting visitors to sit, relax and enjoy the beauty of nature.",Other,Calm/Serene,Natural,Garden/Outdoor,TRUE
mediterranean_975.jpg,Modern Minimalist,"white, navy blue","wood, fabric",natural soft light from large windows and chandeliers,cozy and elegant,"sofa, chair, coffee table, rugs, lamps, couch",open space with central seating area and bedroom wings on either side,"This modern minimalist living room features a soothing color palette, natural materials, and elegant furnishings to create a cozy yet stylish space.",Minimalist,Warm/Cozy,Natural (Window),Bedroom,TRUE
mediterranean_98.jpg,Modern Minimalist,"white, beige, light wood","oak wood, linen, concrete",natural soft light from large windows and overhead fixtures,calm and airy,"king size bed, wooden nightstand, white lampshade, blue throw blanket","open space with central seating area, centered around large bed","This room features a king-sized bed at the center of an open floor plan. The design is minimalistic, with a color palette of white and light wood tones, complemented by oak wood accents. Natural light floods in through the windows and overhead fixtures, creating a calm and airy atmosphere.",Minimalist,Calm/Serene,Natural (Window),Bedroom,TRUE
mid-century-modern_0.jpg,Modern Minimalist,"white, black, wood","oak wood, leather, fabric, metal",recessed lighting with ambient LED lights and natural light from the large window,"clean, bright, and spacious","sofa, coffee table, bookshelf, armchair, floor lamp",open plan layout with kitchenette in one corner and bedroom area in another corner,"This is a modern, minimalist living space that feels clean, bright, and spacious. It features wooden walls and furniture, black accents, and a large window for natural light.",Minimalist,Modern/Sophisticated,Natural (Window),Bedroom,TRUE
mid-century-modern_135.jpg,Scandinavian,"beige, white, blue","wood paneling, leather, linen",soft and warm ambient light,cozy and inviting,"bed, nightstand, pillows, area rug",open space with central bedroom area,"This is a modern Scandinavian designed room featuring wood paneling, leather accents, and linen textiles. The room has a cozy atmosphere with soft lighting and an open layout that focuses on the large bed in the center.",Scandinavian,Warm/Cozy,Ambient/Soft,Bedroom,TRUE
mid-century-modern_138.jpg,Vintage Airstream,"red, white, gray","wood, metal, fabric",Natural light from windows and ceiling lights,Warm and inviting,"booth dinette set, kitchenette, red accent pillows, wooden floor",Tiny Home Layout with Sleeping/Living/Kitchen areas combined into one space,"This compact airstream interior combines all necessary functions for comfort and convenience, featuring bright red and white colors for a cheerful and welcoming atmosphere.",Traditional/Vintage,Warm/Cozy,Natural (Window),Bedroom,TRUE
mid-century-modern_139.jpg,Modern Minimalist,"white, beige, light wood","wood paneling, linen, steel",natural soft light from large windows and ceiling skylights,calm and airy,"queen-size bed, chaise lounge, rug, cabinet","open space with central seating area, including a large window providing a view of the waterfront","This modern hotel room features a minimalist design with neutral tones and natural materials. The space is bright and airy, enhanced by the lighting from windows and skylights.",Minimalist,Calm/Serene,Natural (Window),Living Room,TRUE
mid-century-modern_143.jpg,Scandinavian,"white, light gray, beige","wooden paneling, linen bedding, metal frame of bed, brass fixtures","Natural light from large windows and skylight, complemented by floor lamp.",Clean and serene with a touch of coziness.,"bed, wooden nightstands, floor lamp, rug, plant","Open space with a large bed in center, flanked by nightstands, rug and plant on either side. A large window at end of room lets in light.","Modern Scandinavian bedroom with natural tones and materials, creating a serene and comfortable atmosphere.",Scandinavian,Calm/Serene,Natural (Window),Bedroom,TRUE
mid-century-modern_148.jpg,Scandinavian,"white, gray, black","wood, fabric, metal",natural light from large windows and ceiling light fixture,calm and serene,"bed, nightstands, wall art, floor lamp",modern with clean lines and minimal decorative elements,"This modern bedroom features a large bed with multiple pillows, nightstands with lamps, a framed piece of wall art, a floor lamp for additional lighting, and wood accents that create a warm atmosphere while maintaining a sleek design.",Scandinavian,Calm/Serene,Natural (Window),Bedroom,TRUE
mid-century-modern_152.jpg,Modern Minimalist,"gray, orange, white","wood, fabric, leather",soft and warm,calm and modern,"bed, nightstand, pillows, chair",space with a central focus on the bed,"This is a modern minimalist bedroom with a gray color scheme, featuring a large bed as the focal point, soft lighting that creates a warm ambiance, and minimal decorative elements to maintain the clean and contemporary look.",Minimalist,Calm/Serene,Ambient/Soft,Bedroom,TRUE
mid-century-modern_16.jpg,Modern Minimalist,"white, gray, black","wood, linen, leather",natural soft light from large windows and recessed lighting,calm and airy,"bed, nightstands, lamp, artwork",spacious bedroom with open floor plan,"This modern bedroom features a minimalist design, with white and gray colors providing a calm atmosphere. The room is furnished with wood accents and linen materials, creating a warm and cozy feel. Large windows let in ample natural light, while recessed lighting complements the space. The room contains essential items such as a bed, nightstands, lamp, and artwork.",Minimalist,Calm/Serene,Natural (Window),Bedroom,TRUE
mid-century-modern_163.jpg,Elegant Eclectic,"gold, white, beige","wooden floors, silk linens, brass fixtures","Large windows providing natural light during the day, and recessed lighting in the ceiling for night time",Luxurious and inviting with a touch of whimsy,"large wooden bed frame, tufted upholstered chair, decorative mirror, antique side table",Open concept design with separate bedroom area and living room space,"This spacious and luxurious master bedroom features a wooden canopy bed, elegant seating arrangement, and whimsical decor elements that create a warm and inviting atmosphere.",Other,Warm/Cozy,Natural (Window),Bedroom,TRUE
mid-century-modern_19.jpg,Modern Minimalist,"brown, white, wood","cedar siding, glass block windows, concrete flooring",natural soft light from large glass windows and skylight,calm and airy,"mid-century modern sofa, coffee table with built-in storage, floor lamp with curved metal frame, contemporary patterned area rug","open space with central seating area, separate bedroom wing",This mid-century modern house in the woods features a minimalist design with clean lines and a neutral color palette. The large glass windows let in soft natural light that illuminates the space. The open layout includes a central seating area flanked by built-in storage and a separate bedroom wing. The contemporary furnishings add a touch of modernity to the rustic surroundings.,Minimalist,Calm/Serene,Natural (Window),Bedroom,TRUE
mid-century-modern_190.jpg,Modern Minimalist,"beige, white, light wood","oak wood, linen, steel",natural soft light from large windows,calm and airy,"bed, side table, chair, pillows, area rug",open space with central seating area around bed,"This room has a modern, minimalist design with a neutral color palette and natural lighting. The materials used include oak wood, linen, and steel. It features a large bed as the centerpiece of the space, surrounded by a side table, chair, area rug, and pillows for comfort.",Minimalist,Calm/Serene,Natural (Window),Bedroom,TRUE
mid-century-modern_193.jpg,Modern,"light gray, dark gray, white","wood, fabric, leather","Natural light entering from the large windows, creating a bright and airy atmosphere.",Calm and minimalist,"bed, chair, couch, end table, rug","Open floor plan with a living area that flows into the bedroom space, providing a sense of spaciousness.","This modern bedroom features a minimalist design with a light gray color palette, wood accents, and leather elements. The open layout allows for natural light to flood the space, creating a calm and airy atmosphere.",Modern,Calm/Serene,Natural (Window),Bedroom,TRUE
mid-century-modern_2.jpg,Modern,"blue, white, yellow","leather, wool, brass","Natural light from large windows, complemented by floor lamp and wall sconces.","Clean, bright, and contemporary.","sofa, coffee table, floor lamp, plant, couch",Open concept with central seating area. The layout is symmetrical with a mirrored sofa on the left and right sides of the room.,"This modern living room features clean lines, minimalist design, and a color palette of blue, white, and yellow. Leather furniture contrasts beautifully with wool accent pillows and brass lighting fixtures. The space is well-lit with natural sunlight from large windows on both sides of the room and supplemented by floor lamps and wall sconces.",Modern,Modern/Sophisticated,Natural (Window),Bedroom,TRUE
mid-century-modern_201.jpg,Scandinavian,"white, blue, cream","wool, linen, wood, metal",natural light from large windows,calm and serene,"bed, headboard, nightstand, lamp","modern, sleek design with clean lines and minimal clutter",This is a well-designed bedroom that combines Scandinavian style elements for a calming and serene atmosphere.,Scandinavian,Calm/Serene,Natural (Window),Bedroom,TRUE
mid-century-modern_202.jpg,Modern Minimalist,"gray, off-white, rust","wood, linen, metal",soft natural light from the large windows and recessed ceiling lights,calm and cozy,"bed, side tables, pillows, area rug, lamp",open space with a central seating area flanked by side tables,"This is an interior design image of a modern minimalist bedroom with a calming color palette, wooden accents, and soft lighting that creates a cozy atmosphere.",Minimalist,Calm/Serene,Natural (Window),Bedroom,TRUE
mid-century-modern_206.jpg,Modern Minimalist,"white, red accent","wood, metal, fabric",well-lit with natural light from large windows and a ceiling fan providing ventilation,bright and airy,"sofa, coffee table, television, potted plant",open floor plan with sliding glass doors leading to patio,"A modern, minimalist living room with a white color scheme and red accent pillows. The space is well-lit by natural light, and features a large window and ceiling fan for ventilation. A comfortable sofa sits beneath a television, with a potted plant adding a touch of greenery to the room.",Minimalist,Bright/Airy,Natural (Window),Bedroom,TRUE
mid-century-modern_225.jpg,Scandinavian,"black, white, wood","wood, fabric, metal",sunny and bright from large windows,calm and cozy,"bed, shelves, chair, curtains, rug, pillows",modular design with sleeping area separated from workspace by sliding doors,"A bedroom designed for functionality and comfort, featuring a large window that lets in ample natural light.",Scandinavian,Calm/Serene,Bright,Bedroom,TRUE
mid-century-modern_247.jpg,Modern Minimalist,"white, neutral grey, natural wood","oak wood paneling, linen bedding, brushed nickel hardware","soft, natural light from floor-to-ceiling windows and recessed ceiling lights",calm and serene,"large headboard with integrated lighting, simple bedside tables, floor lamp, mid-century modern armchair",open floor plan with minimal obstructions for a seamless transition between spaces,"This master bedroom is a sleek, modern retreat featuring natural materials and soft lighting for a calm and serene atmosphere.",Minimalist,Calm/Serene,Natural (Window),Bedroom,TRUE
mid-century-modern_257.jpg,Scandinavian,"beige, light wood, gray","wood, linen, wool",natural soft light from large windows,calm and airy,"sofa, coffee table, floor lamp, rug",open space with central seating area,"This modern bedroom features a Scandinavian design style with a neutral color palette, natural materials like wood and linen, soft lighting from windows, and minimalistic decor. The layout is open, with a central focal point around the large bed. A cozy coffee table completes the space.",Scandinavian,Calm/Serene,Natural (Window),Bedroom,TRUE
mid-century-modern_277.jpg,Scandinavian,"white, blue, grey","oak wood, linen, concrete, steel",natural soft light from large windows and floor lamps,calm and airy,"sofa, coffee table, plant, floor lamp, blue accent pillows",open space with central seating area surrounded by large windows and a wall of sliding glass doors leading to a balcony,"A bright and airy Scandinavian-style living room featuring wooden floors, natural light from the numerous windows, a blue accent color, and a comfortable L-shaped sofa.",Scandinavian,Calm/Serene,Natural (Window),Bedroom,TRUE
mid-century-modern_305.jpg,Modern Minimalist,"white, beige, light wood","oak wood, linen, steel",natural soft light from large windows,calm and airy,"sofa, coffee table, potted plant, floor lamp",open space with central seating area around bed,"The room is a serene, modern space that combines natural elements with minimalist furnishings to create an inviting atmosphere.",Minimalist,Calm/Serene,Natural (Window),Bedroom,TRUE
mid-century-modern_310.jpg,Scandinavian,"white, light blue, dark gray","wood, linen, metal",soft natural light from large windows,calm and cozy,"bed, nightstand, lamp, throw blanket, pillows","large bedroom with ample space around the bed, nightstand on left side of bed, lamp on right side.","This is a bright and airy bedroom in a Scandinavian style with a calm and cozy mood. The room features a large wooden bed, surrounded by natural light from two windows. The color palette consists of white, light blue, and dark gray tones, which are complemented by materials such as wood, linen, and metal. A few carefully chosen objects, including a nightstand with a lamp on it, contribute to the overall minimalist aesthetic.",Scandinavian,Calm/Serene,Natural (Window),Bedroom,TRUE
mid-century-modern_312.jpg,Scandinavian,"white, beige, gray, navy","wood, linen, woven textiles, leather",natural soft light from large windows,calm and serene,"bed, nightstands, chest of drawers, floor lamp, potted plant","open space with central bed as focal point, flanked by nightstands and dresser","Modern Scandinavian-style bedroom featuring a minimalist color palette with natural materials, soft lighting, and clean lines.",Scandinavian,Calm/Serene,Natural (Window),Bedroom,TRUE
mid-century-modern_315.jpg,Modern Minimalist,"black, white, gray","wood, leather, metal",bright and modern with a mix of natural light from windows,"modern, sleek, and luxurious","bed, nightstands, rugs, lamps",linear design with bed as focal point between two nightstands,"A modern hotel room with a minimalist design featuring a king-sized bed, black headboard and footboard, white linens, wood flooring, gray walls, leather accents on the bedding and seating areas, and brass lighting fixtures.",Minimalist,Modern/Sophisticated,Natural (Window),Bedroom,TRUE
mid-century-modern_327.jpg,Modern Minimalist,"gray, white, wood","oak wood, linen, concrete",natural soft light from large windows,calm and airy,"bed, nightstands, chairs, couch",open space with central seating area,"This is a modern minimalist bedroom with a gray color palette, natural light, and clean lines. The room has oak wood walls and flooring, linen curtains, concrete accents, and features a large bed, chairs, nightstands, and couch for comfort.",Minimalist,Calm/Serene,Natural (Window),Bedroom,TRUE
mid-century-modern_330.jpg,Scandinavian,"white, beige, light wood","wood paneling, plush fabrics, glass",natural soft light from large windows,calm and airy,"sofa, coffee table, area rug, floor lamp, throw pillows","open space with central seating area, leading to patio overlooking greenery","This living room is designed in a Scandinavian style, featuring light wood paneling and plush fabrics. The soft color palette contributes to the calm and airy mood of the space. The open layout leads to an outdoor patio where one can enjoy the natural surroundings.",Scandinavian,Calm/Serene,Natural (Window),Bedroom,TRUE
mid-century-modern_338.jpg,Modern,"white, gray, blue","wood, cloth, leather",well lit with natural light from a window and ambient ceiling lights,"modern, clean, and minimalist","queen size bed with matching bedding, orange accent blanket, black tufted headboard, round side table, blue geometric area rug","spacious, clean lines in open floor plan","This modern bedroom features a queen size bed with an orange blanket and black tufted headboard. The room is decorated with white, gray, and blue accents on materials like wood, cloth, and leather. Natural light fills the space through a window above the bed and ambient ceiling lights provide additional illumination.",Modern,Modern/Sophisticated,Natural (Window),Bedroom,TRUE
mid-century-modern_34.jpg,Modern,"white, wood tones, blue accents","oak wood, linen, brass, concrete",natural light from large windows and soft overhead lighting,calm and spacious,"platform bed, wood nightstands, floor lamp, small plant, throw blanket",open space with a central seating area,"A modern, minimalist bedroom with clean lines, natural materials, and plenty of light.",Modern,Calm/Serene,Natural (Window),Bedroom,TRUE
mid-century-modern_344.jpg,Modern Minimalist,"blue, white, light gray","wood, fabric, brass",soft natural light with ambient and task lighting,calm and serene,"bed, nightstand, armchair, lamps, pillows","open space centered around bed, with sitting area to side","A modern minimalist bedroom featuring a large bed in the center of an open space, flanked by a nightstand and armchair. Soft lighting provides a calm and serene atmosphere.",Minimalist,Calm/Serene,Natural,Bedroom,TRUE
mid-century-modern_367.jpg,Modern Minimalist,"light wood, white, beige","oak wood, linen, steel",soft natural light from large windows,calm and airy,"bed, nightstand, pillows, books, plant",comfortable bedroom with open space around bed,"Modern minimalist style with a calming atmosphere, featuring light wood tones and simple furnishings.",Minimalist,Calm/Serene,Natural (Window),Bedroom,TRUE
mid-century-modern_417.jpg,Modern,"white, light wood","oak wood, concrete, steel",bright and natural from large windows,contemporary and elegant,"sofa, coffee table, plant, floor lamp",open space with central seating area and separate wings for living spaces and bedrooms,"This modern house features a clean, open interior design with minimalist decor. The color palette is neutral, creating an elegant atmosphere. Natural light fills the space through large windows, contributing to the contemporary feel of the home. The layout emphasizes functionality while maintaining a sense of privacy between the living spaces and bedrooms.",Modern,Luxurious/Elegant,Natural (Window),Bedroom,TRUE
mid-century-modern_42.jpg,Modern Minimalist,"white, gray, wood","concrete, leather, metal, fabric",recessed lighting with warm white tones and soft ambient light,"modern, sleek, and clean","bed, sofa, side tables, console table, floor lamp",open-concept living space with sleeping area integrated into the overall design,"This modern minimalist bedroom suite features a monochromatic color scheme with white walls and floors, gray accents, and wood for warmth. The sleek lines of the furniture contribute to an elegant and contemporary feel. Recessed lighting creates a soft ambiance in the space.",Minimalist,Modern/Sophisticated,Recessed,Bedroom,TRUE
mid-century-modern_422.jpg,Modern Minimalist,"gray, white, wood","wood, linen, metal",soft natural light from large windows,calm and cozy,"bed, bookshelf, couch, ladder, pillows",open space with central seating area,"This is a modern minimalist interior design featuring a large loft bed above a comfortable seating area. The color palette is neutral with grays, whites, and wood tones. The materials used include wood for the loft bed frame and couch, linen for the cushions and curtains, and metal for accessories.",Minimalist,Calm/Serene,Natural (Window),Bedroom,TRUE
mid-century-modern_435.jpg,Modern Minimalist,"dark blue, beige, light wood","oak wood, linen, concrete",natural soft light from large windows and recessed ceiling lights,calm and airy,"flat-screen TV, modern sectional sofa, wooden coffee table, decorative throw pillows",open space with central seating area surrounding entertainment center,"This modern living room features a minimalist design with sleek lines and neutral colors, creating a calm and airy atmosphere. The space is well-lit by natural light from large windows and recessed ceiling lights. The furniture includes a sectional sofa, wooden coffee table, and decorative throw pillows, all complementing the dark blue walls and oak wood flooring. A flat-screen TV serves as the focal point of the room.",Minimalist,Calm/Serene,Natural (Window),Bedroom,TRUE
mid-century-modern_44.jpg,Contemporary,"gray, white, black","wood paneling, glass, brick",Natural and artificial lighting with recessed ceiling lights and floor lamps.,Modern and minimalistic with a touch of rustic charm from the brick accents.,"modern sofa, minimalist coffee table, sleek pendant lamp, flat-screen TV, decorative throw pillows","Open concept living area with a combined kitchen, dining and living space. A hallway leads to the bedrooms.","The house features contemporary design elements such as gray and white color schemes, wood paneling, glass windows, recessed ceiling lights, flat-screen TV, and decorative pillows. The open layout creates a spacious and modern living area, while brick accents add warmth to the otherwise minimalistic style.",Contemporary,Modern/Sophisticated,Natural,Bedroom,TRUE
mid-century-modern_445.jpg,Modern Minimalist,"white, gray, wooden","oak wood, linen, steel",bright and natural light from large windows,calm and airy,"bed, nightstand, mirror, potted plant",spacious bedroom with a central focus on the bed,"This is a modern minimalist style bedroom with a clean, bright atmosphere. The room features wooden accents and natural lighting from large windows, contributing to its calm and airy mood.",Minimalist,Calm/Serene,Natural (Window),Bedroom,TRUE
mid-century-modern_464.jpg,Scandinavian,"blue-green, red-orange, yellow","wood, brick, linen",natural soft light from large windows and skylight,calm and airy,"bed, nightstand, pillows, lamp",open space with central sleeping area under sloped ceiling,"The bedroom has a Scandinavian design style, featuring natural materials and colors, soft lighting, and a simple layout centered around the large bed.",Scandinavian,Calm/Serene,Natural (Window),Bedroom,TRUE
mid-century-modern_466.jpg,Modern Minimalist,"light pink, dark gray","wood, fabric",natural soft light from large windows,calm and serene,"bunk beds, pillows, shelves, table",open space with central seating area,"The room features a modern minimalist design with a pink and gray color scheme, using natural light to create a calm and serene atmosphere. The bunk beds are the focal point, with shelves and table providing functional storage and surface areas.",Minimalist,Calm/Serene,Natural (Window),Bedroom,TRUE
mid-century-modern_504.jpg,Modern,"white, black, blue","wood, fabric, metal",bright and even with multiple light sources,calm and serene,"bed, shelves, plant, floor lamp","two beds side by side with shelving between, flanking a central window area","A well-lit modern bedroom design featuring two beds and a window area, framed in wood with black and white accents.",Modern,Calm/Serene,Bright,Bedroom,TRUE
mid-century-modern_518.jpg,Modern Minimalist,"white, gray, light wood","oak wood, marble, brass",natural soft light from large windows and ceiling recessed lights,calm and airy,"bed, dresser, shower, sink, mirror, towel rack",long narrow space with hallway leading to bedroom and bathroom,Unknown,Minimalist,Calm/Serene,Natural (Window),Bedroom,TRUE
mid-century-modern_585.jpg,Scandinavian,"white, light wood, blue","wood, stone, fabric",Natural soft light from large windows and glass doors.,"Clean, calm, and airy.","Large white sofa with wooden legs., Linen upholstered armchair in corner., Dark wood coffee table., Light blue accent pillows on the sofa., Vase of pink flowers on coffee table.",Open space with a central seating area and a large stone fireplace.,"This Scandinavian style home features a warm and inviting atmosphere with natural light, clean lines, and wooden accents.",Scandinavian,Calm/Serene,Natural (Window),Bedroom,TRUE
mid-century-modern_587.jpg,Modern Minimalist,"white, beige, light wood","wood, linen, glass",natural soft light from large windows,calm and airy,"bed, nightstand, lamp, vase",open space with central seating area,"This is a modern minimalist bedroom with a white linen bed, a wooden nightstand with a lamp and vase on it, creating an airy and calm atmosphere.",Minimalist,Calm/Serene,Natural (Window),Bedroom,TRUE
mid-century-modern_607.jpg,Scandinavian,"dark blue, white, gold","wood, fabric, brass",Natural light coming in through a large window. Additional warmth from table lamps.,"Bright and airy, with a touch of luxury.","sofa, coffee table, throw pillow, side table",Living room with a dark blue sofa centered in front of a large window. A side table with a lamp is placed next to the sofa. A coffee table sits in front of the seating area.,"This living space has been designed with Scandinavian principles in mind, utilizing natural light and muted colors for a bright and airy atmosphere. The gold elements add a touch of luxury to the otherwise neutral palette.",Scandinavian,Luxurious/Elegant,Natural (Window),Bedroom,TRUE
mid-century-modern_668.jpg,Scandinavian,"white, beige, light wood","wood, linen, marble",bright and natural light from large windows,calm and relaxed,"bed, nightstand, lamp, sofa",open space with a central bed and seating area,"A modern Scandinavian style bedroom with a minimalist design, natural lighting, and calming colors.",Scandinavian,Calm/Serene,Natural (Window),Bedroom,TRUE
mid-century-modern_682.jpg,Modern Minimalist,"white, gray, black","wood, fabric, metal",bright and natural light from window,calm and serene,"bed, nightstand, lamp, painting","simple, clean lines with minimal clutter","This bedroom features a modern, minimalist design with white linens on the bed and gray accents throughout. The room is well-lit by natural light from a large window and has a serene atmosphere.",Minimalist,Calm/Serene,Natural (Window),Bedroom,TRUE
mid-century-modern_707.jpg,Modern Minimalist,"grayscale, white, wood accent","wood veneer panels, glass shelving, brass accents",natural soft light from large windows and recessed ceiling fixtures,calm and inviting,"flat-screen TV mounted on wood paneling, sleek glass-top coffee table, modern sofa with geometric throw pillows, minimalist floor lamp",open space with central seating area flanked by a small sectional and entertainment unit,"This modern living room showcases a minimalist design with wood accents, sleek glass elements, and an open layout that creates a calming and inviting atmosphere.",Minimalist,Calm/Serene,Natural (Window),Bedroom,TRUE
mid-century-modern_725.jpg,Modern Minimalist,"white, black, red","oak wood, brick, concrete, steel","soft, natural light from large windows and recessed LED lights",modern and serene,"bed, chair, side table, plant, lamp",open space with central seating area around a fireplace,"Modern minimalist bedroom with a monochromatic palette, featuring wood accents and a cozy atmosphere.",Minimalist,Calm/Serene,Natural (Window),Bedroom,TRUE
mid-century-modern_726.jpg,Scandinavian,"white, blue, orange","wood, wicker, linen",natural soft light from large windows and floor lamp,cozy and inviting,"sofa, coffee table, plant, floor lamp, rug",open space with central seating area,"The living room has a Scandinavian design, featuring a mix of natural materials such as wood and wicker. The color palette includes white for the walls, blue accents on the sofa and rug, and orange in decorative elements like pillows. The layout is open and inviting, with ample seating provided by a large sectional sofa.",Scandinavian,Warm/Cozy,Natural (Window),Bedroom,TRUE
mid-century-modern_737.jpg,Scandinavian,"green, white, beige","wood, linen, cotton",natural soft light from large windows,calm and airy,"bed, sofa, coffee table, lamp, picture frame",open space with central seating area,"This is a modern Scandinavian-style bedroom featuring wooden flooring, a large window for natural light, and simple, clean lines in the furniture design.",Scandinavian,Calm/Serene,Natural (Window),Bedroom,TRUE
mid-century-modern_780.jpg,Modern Minimalist,"gray, orange, blue","wood, glass, stainless steel",natural soft light from large windows and recessed lights on ceiling,calm and airy,"gray sofa with colorful throw pillows, large glass kitchen island, modern pendant lights, rectangular area rug","open space layout with kitchen, dining room, living room all connected in one continuous flow","This modern minimalist home features a bright and airy open floor plan, with a color palette of grays, oranges, and blues. The materials used include wood floors, glass surfaces, and stainless steel appliances. Large windows allow natural light to fill the space, creating a calm and serene atmosphere.",Minimalist,Calm/Serene,Natural (Window),Bedroom,TRUE
mid-century-modern_797.jpg,Scandinavian,"white, light wood, beige","oak wood, linen, brass",soft and natural light from large windows,calm and airy,"bunk bed with pink bedding, white nightstands with lamps on top, large windows for plenty of light, wooden bookshelf against the wall, pink armchair with pillows","two levels with a loft bed and below it is a play area, both with furniture","A cozy loft bedroom for children with plenty of natural light, creating an inviting space for relaxation and play.",Scandinavian,Calm/Serene,Natural (Window),Bedroom,TRUE
mid-century-modern_826.jpg,Modern,"white, gray, beige","wood, metal, plastic","modern, bright and clean",calm and minimalistic,"bamboo tray with storage compartments, beige round cushion for foot massage, white cabinet with drawers for organizing, natural wood dresser with two doors, plastic container holding various creams and gels",functional and organized,"This is a modern design space that focuses on minimalistic simplicity, clean lines, and natural materials. The round cushion on the wooden cabinet adds an interesting touch to the otherwise straightforward furnishings.",Modern,Calm/Serene,Bright,Bedroom,TRUE
mid-century-modern_828.jpg,Modern Minimalist,"neutral, wood accents","leather, brass, wood, glass",natural soft light from large windows and ceiling fixtures,calm and airy,"sofa, coffee table, plant, floor lamp, decorative pillows",open space with central seating area,"This living room features a modern minimalist design, characterized by neutral colors and natural materials. The space is open and airy, filled with soft light from large windows and ceiling fixtures.",Minimalist,Calm/Serene,Natural (Window),Bedroom,TRUE
mid-century-modern_863.jpg,Modern Minimalist,"beige, white, light wood","concrete, steel, leather",bright and natural light from large windows,calm and airy,"sofa, coffee table, potted plant, floor lamp, abstract art","open space with central seating area, flanked by bedrooms on either side","This modern minimalist living room features a neutral color palette, concrete and steel accents, and natural light streaming in through large windows. The layout is open and airy, perfect for relaxation or entertaining guests.",Minimalist,Calm/Serene,Natural (Window),Bedroom,TRUE
mid-century-modern_865.jpg,Scandinavian,"white, beige, light wood","oak wood, linen, steel",natural soft light from large windows,calm and airy,"wooden dresser, vase with branches, painting on wall, silver candle holder",open space with central seating area,"This Scandinavian-style living room features a wooden dresser, a painting on the wall, and a vase with branches, creating an airy and open atmosphere.",Scandinavian,Calm/Serene,Natural (Window),Bedroom,TRUE
mid-century-modern_917.jpg,Scandinavian,"light blue, cream, wood","oak wood, linen, brass",natural soft light from large windows and recessed ceiling lights,calm and airy,"large wooden dresser with mirrors, small woven basket on top of dresser, small blue vase on dresser, round wall sconce","space is linear with the door at one end and the vanity in the center, flanked by mirrors","This bathroom has a clean and minimalist design, with light wooden furniture that complements the Scandinavian style. The color palette consists of soft cream tones for a warm and inviting atmosphere. Recessed ceiling lights provide even illumination throughout the space.",Scandinavian,Calm/Serene,Natural (Window),Bedroom,TRUE
mid-century-modern_928.jpg,Modern Minimalist,"white, black, natural wood","steel, glass, concrete","soft, natural light",clean and serene,"dresser, bed, chair, mirror, plant",space is divided into separate areas for sleeping and bathroom.,"The room has a modern design with black and white color scheme, minimalistic furniture, and steel accents. It features natural wood elements for contrast, glass partitions to separate spaces, and soft lighting that creates a serene atmosphere.",Minimalist,Calm/Serene,Natural,Bedroom,TRUE
mid-century-modern_941.jpg,Scandinavian,"white, beige, light wood","cedar siding, slate roofing, wood flooring",bright and airy with natural light from large windows,calm and inviting,"modern sofa set, vintage mid-century modern coffee table, large floor lamp, plants in wall planters",open space with central living area and bedrooms on the sides,"A Scandinavian-style house with a bright and inviting atmosphere featuring natural materials, a mix of vintage and modern furniture, and an open floor plan.",Scandinavian,Calm/Serene,Natural (Window),Bedroom,TRUE
mid-century-modern_96.jpg,Scandinavian,"navy blue, white, wood accents","wood paneling, linen bedding, wood floors",natural soft light from large windows and a hanging light fixture,calm and serene,"bed, nightstand, plant, rug, lampshade","space organized with bed in center, flanked by nightstands","The interior design features a navy blue wall as the focal point, with white and wood accents throughout. The room is well-lit by natural light from windows and a hanging light fixture. A cozy and inviting atmosphere is created with linen bedding on a wooden platform bed.",Scandinavian,Calm/Serene,Natural (Window),Bedroom,TRUE
mid-century-modern_970.jpg,Modern Minimalist,"gray, white, black","wood, linen, metal",natural soft light from large windows,calm and airy,"bed, dresser, nightstand, mirror","space designed for simplicity and functionality, with a bedroom and an adjacent bathroom","This modern minimalist interior design features clean lines, neutral colors, and simple, functional furniture. The space is well-lit by natural light coming in through large windows.",Minimalist,Calm/Serene,Natural (Window),Bedroom,TRUE
mid-century-modern_977.jpg,Modern,"white, gray, navy","wood, fabric, metal","Well-lit, natural light from windows and ceiling fan light",Elegant and serene,"bed, nightstands, rug, artwork","Centered around a large bed with two nightstands on either side, flanking a rug in the center. Above the bed is a ceiling fan with light fixtures.","A modern, elegant bedroom design featuring a white bed, gray linens and throw pillows, a wooden headboard, nightstands with lamps, a plush rug, and contemporary artwork on the walls.",Modern,Calm/Serene,Natural (Window),Bedroom,TRUE
modern_119.jpg,Scandinavian,"white, light wood, green accent","oak wood, linen, concrete, steel",natural soft light from large windows,calm and airy,"bed, nightstand, lamp, window seat, blanket",open space with central seating area,"This room has a Scandinavian design, featuring light wood walls and floors, a white bedding set on a metal frame bed, and a large window offering natural light. The space is cozy yet airy, with a concrete floor adding an industrial touch to the room's overall look.",Scandinavian,Calm/Serene,Natural (Window),Bedroom,TRUE
modern_131.jpg,Modern Minimalist,"grayscale, white, wood accents","oak wood paneling, natural fiber rugs, acrylic headboard",large windows allowing for natural light to fill the space,calm and serene,"bed, sofa, coffee table, floor lamp, wall art",open floor plan with bedroom integrated into living area,"A modern, minimalist bedroom that feels airy and spacious, with a cozy seating area for relaxation.",Minimalist,Calm/Serene,Natural (Window),Bedroom,TRUE
modern_135.jpg,Modern Minimalist,"black, white, wood","walnut, marble, fabric",ambient and task lighting with recessed fixtures,calm and sophisticated,"storage unit, pillow, vase with flowers",linear arrangement of elements to create a modern aesthetic,"This interior design features a modern minimalist style with a monochromatic color palette, using natural and neutral materials. The space is designed for functionality and elegance, with strategic lighting that enhances the aesthetics.",Minimalist,Calm/Serene,Recessed,Bedroom,TRUE
modern_153.jpg,Modern Minimalist,"white, light wood","fabric upholstery, leather headboard, concrete walls",recessed lighting with dimmer switches for ambient and task lighting,calm and serene,"modern-style bed, two nightstands, lounge chair, abstract art","open space design, with a focus on simplicity and functionality",A modern minimalist bedroom that combines clean lines with natural textures to create an elegant and relaxing atmosphere.,Minimalist,Calm/Serene,Recessed,Bedroom,TRUE
modern_17.jpg,Modern,"gray, white, natural wood","wood paneling on walls, wool rug, black leather",ambient light from recessed ceiling fixtures,modern and sleek,"king size bed, wooden nightstands, floor lamps, large potted plant",bedroom with a separate seating area,"A modern bedroom features a king size bed in a room with wood paneling, recessed lighting, a wool rug and a large potted plant. The space includes a separate seating area for relaxation.",Modern,Modern/Sophisticated,Recessed,Bedroom,TRUE
modern_182.jpg,Modern Minimalist,"white, gray, wood","oak wood, linen, steel","soft, natural light from large windows with blackout shades",calm and serene,"bed, nightstand, dresser, floor lamp, chair","modern bedroom with a large window overlooking the city skyline, featuring a simple and functional layout focused on comfort.","This modern bedroom is designed with a minimalist approach, using oak wood for warmth, linen for texture, and steel for a contemporary feel. The room features a large window that allows for natural light to fill the space during daytime hours, while blackout shades provide privacy when needed. The clean lines of the furniture contribute to the calm and serene mood of the room.",Minimalist,Calm/Serene,Natural (Window),Bedroom,TRUE
modern_208.jpg,Modern,"black, white, gray","wood, fabric, leather",The room has a modern chandelier and sconces on the wall.,"The mood of the room is sleek, stylish and sexy.","bed, nightstands, chair, wall art",The bedroom has a dark color scheme with an emphasis on luxury.,"This modern bedroom features a black chandelier, tufted headboard, and wall art that gives it a stylish and sophisticated feel.",Modern,Modern/Sophisticated,Pendant/Chandelier,Bedroom,TRUE
modern_23.jpg,Scandinavian,"white, beige, light wood","wood, glass, cloth",natural soft light from large windows and ceiling lights,calm and airy,"desk with two chairs, shelves of decorative objects, bed, floor lamp",open space with central desk and bookcase in front of bed,"A minimalist Scandinavian-style room featuring light wood, glass, and white, creating a calm and airy atmosphere.",Scandinavian,Calm/Serene,Natural (Window),Bedroom,TRUE
modern_244.jpg,Modern Minimalist,"beige, black, yellow","linen, wood, metal",natural soft light from large windows and a lamp,calm and airy,"bed, wooden dresser, flowers, blue vase",open space with a central bedroom area,"This is a modern minimalist bedroom design featuring a beige color scheme, natural materials and soft lighting that creates a calm and airy mood.",Minimalist,Calm/Serene,Natural (Window),Bedroom,TRUE
modern_255.jpg,Minimalist,"white, light wood","wood, linen",natural light from large window,calm and serene,"bed, nightstand, floor lamp, plant",simple open floor plan with bed as focal point,"A modern minimalist bedroom featuring a large window, a simple wooden bed frame, linen materials, and a calm and serene atmosphere.",Minimalist,Calm/Serene,Natural (Window),Bedroom,TRUE
modern_264.jpg,Modern Minimalist,"white, beige, light wood","wood, fabric, metal",natural soft light from large windows and artificial floor lamps,calm and airy,"sofa, coffee table, plant, floor lamp, rugs, couches, pillows",open space with central seating area and panoramic view of the ocean,"This living room is designed in a Modern Minimalist style, featuring light wood tones and white upholstery. The space has large windows that provide ample natural light and a stunning panoramic view of the ocean, creating an airy and serene atmosphere.",Minimalist,Calm/Serene,Natural (Window),Bedroom,TRUE
modern_267.jpg,Modern,"gray, white, black","wood, steel, glass","natural light from large windows, supplemented by recessed ceiling lights and a floor lamp in the corner","clean, calm, and airy","bathtub, shower, vanity with double sinks, hanging artwork above bathtub, bed with gray headboard","open concept bathroom leading to bedroom, with a doorway between the two spaces. The bathroom features a corner layout for efficient use of space.",Unknown,Modern,Calm/Serene,Natural (Window),Bedroom,TRUE
modern_269.jpg,Modern Minimalist,"gray, white, wood","concrete, steel, linen",natural soft light from large windows,calm and airy,"bed, plant, coffee table, chair",open space with central seating area,"This modern bedroom features a minimalist design, natural light from the large windows, and airy spaces for a calming atmosphere.",Minimalist,Calm/Serene,Natural (Window),Bedroom,TRUE
modern_270.jpg,Modern Minimalist,"white, beige, light wood","oak wood, linen, concrete, steel",natural soft light from large windows,calm and airy,"bed, sofa, coffee table, floor lamp, potted plant",open space with central seating area,"This modern minimalist bedroom features a clean, open design with a large window providing natural light. The room is furnished with a sleek, contemporary bed and sofa set, complemented by a coffee table, floor lamp, and potted plant for added greenery.",Minimalist,Calm/Serene,Natural (Window),Bedroom,TRUE
modern_28.jpg,Modern Minimalist,"gray, beige, black","wood, fabric, glass",natural light from the windows and artificial light fixtures,clean and serene,"bedroom dresser, storage unit with doors, small bed, dog sitting on a rug",spacious bedroom with ample space for movement,"This is a modern, minimalist bedroom. The color palette consists of gray, beige, and black. Materials used include wood for the dresser, fabric for upholstery, and glass for the windows. The room has a clean and serene mood with natural light from the windows and artificial light fixtures. It features a storage unit with doors, a small bed, and a dog sitting on a rug in front of a window.",Minimalist,Calm/Serene,Natural (Window),Bedroom,TRUE
modern_330.jpg,Modern Minimalist,"white, black, gray","wood, leather, fabric","ambient lighting with a soft, warm glow from recessed lighting and lamps.",calm and relaxing,"bed with a tufted headboard, wooden nightstands with built-in drawers, modern artwork above the bed, a geometric floor rug, a statement piece of wall art","a large, open space featuring a bed in the center, surrounded by furniture and decorative elements.",A stylish and modern hotel room with minimalist design elements and a clean color palette.,Minimalist,Calm/Serene,Recessed,Bedroom,TRUE
modern_337.jpg,Modern,"dark green, light gray, wood","wood, metal, fabric",recessed ceiling lighting and natural light through the windows,calm and contemporary,"black dog on rug, white sofa with pillows, small coffee table in front of sofa, large window with white frame, potted plant on floor","hallway with open door to sitting room, hallway has built-in storage units","A modern interior design space featuring a calm and contemporary mood with dark green walls, wood accents, and metal fixtures. The hallway opens into a sitting room with a large window allowing for natural light. Black dog on rug adds warmth to the space.",Modern,Calm/Serene,Natural (Window),Bedroom,TRUE
modern_348.jpg,Modern Minimalist,"white, orange, blue","brick, wood, fabric",natural soft light from large windows,warm and cozy,"sofa, coffee table, pillows, fireplace tools",open space with central seating area,"This modern minimalist living room has a monochromatic color scheme with orange and blue accents. The brick fireplace is the focal point of the room, surrounded by a neutral-colored sofa, coffee table, and pillows. A mix of wood and fabric materials adds warmth and texture to space.",Minimalist,Warm/Cozy,Natural (Window),Bedroom,TRUE
modern_365.jpg,Modern Minimalist,"light grey, white, navy blue","leather, wood, steel",Natural light coming from a window.,"Minimalistic, clean, and bright.","bed, painting on the wall, floor lamp, minimalist style nightstands",An open bedroom layout with a bed against one wall.,"This is a modern minimalistic bedroom, featuring light wood walls and leather furniture. The main focus is a large painting on the wall, creating an artistic centerpiece for the room.",Minimalist,Modern/Sophisticated,Natural (Window),Bedroom,TRUE
modern_401.jpg,Modern Minimalist,"gray, white, orange","wood, fabric, metal",natural soft light from large windows,calm and airy,"couch, coffee table, plant, floor lamp, pillows",open space with central seating area,"This is a spacious and modern living room with a minimalistic design. The color palette is neutral with pops of bright orange, while the materials are natural and understated with wood for furniture and linen for upholstery.",Minimalist,Calm/Serene,Natural (Window),Bedroom,TRUE
modern_416.jpg,Modern,"gray, blue, orange","fabric upholstery, wood frame furniture, metal accents",natural light from windows,"modern, neutral, and calm","gray sofa with throw pillows, blue area rug, large abstract artwork on wall, brass candle holder, wooden coffee table",open space with centered seating arrangement,"This living room is designed in a modern style, featuring gray tones for a neutral and calm atmosphere. The space features wooden frame furniture and metal accents that contrast with fabric upholstery for added texture. The centerpiece of the room is an abstract artwork hanging on the wall above a blue area rug, which adds color to the otherwise monochromatic space. A brass candle holder sits on a wooden coffee table in the center of the arrangement, creating a focal point around the seating.",Modern,Calm/Serene,Natural (Window),Bedroom,TRUE
modern_436.jpg,Scandinavian,"black, white, wood","wood, metal, glass",modern recessed lighting and warm ambient lighting,organized and spacious,"built-in wardrobe unit with clothing on rails and in shelves, black sleigh bed, white wall-mounted sink, large framed artwork",functional and clean layout with minimalist design,"A modern, Scandinavian-inspired bedroom with a built-in wardrobe unit that maximizes space.",Scandinavian,Bright/Airy,Recessed,Bedroom,TRUE
modern_449.jpg,Modern Minimalist,"dark brown, light gray, green","wood, metal, stone",ambient and natural light,calm and serene,"raised planter, low bench, small trees, outdoor lamp",organized rectangular spaces with pathway to center,"A modern, minimalist garden with a wood-themed palette and an organized geometric layout featuring raised beds for planting, a low bench, small trees, and a central path leading through the space.",Minimalist,Calm/Serene,Natural,Garden/Outdoor,TRUE
modern_462.jpg,Modern Minimalist,"white, gray, navy blue","wood, fabric, metal","soft and warm, with recessed lighting and a pendant over the bed",modern and serene,"king-size bed, dresser, sofa, floor lamp, area rug","a large bedroom with a spacious sitting area, centered around a sofa, and decorated in neutral tones with accents of navy blue.","This modern bedroom features minimalist design elements with a color palette that focuses on soft, neutral hues. The room is well-lit, creating a calm and serene atmosphere.",Minimalist,Calm/Serene,Recessed,Bedroom,TRUE
modern_464.jpg,Modern,"white, gray, orange","wood, fabric, metal",Natural light from large windows,Comfortable and inviting,"sofa, coffee table, pillows, rug, chair",A covered patio area with seating around a central fire pit.,"This is an outdoor living space designed for relaxation and entertainment. It features a modern design with neutral colors, comfortable seating options, and natural lighting.",Modern,Warm/Cozy,Natural (Window),Bedroom,TRUE
modern_482.jpg,Scandinavian,"white, gray, light wood","wood, fabric, metal",bright and airy with natural light from large windows,calm and relaxing,"sofa, coffee table, plant, floor lamp",open space with central seating area and bedroom area separated by a sliding door,"The interior is designed in a Scandinavian style, featuring a color palette of white, gray, and light wood. The room has wooden walls and floors, paired with fabric cushions on the seating furniture. Large windows allow for natural light to fill the space, creating a bright and airy atmosphere. A sliding door separates the bedroom area from the living area, offering flexibility in the layout of the room.",Scandinavian,Calm/Serene,Natural (Window),Bedroom,TRUE
modern_489.jpg,Modern,"gray, orange, blue","fabric upholstery, leather, wood",ambient with floor lamps and recessed lighting,vibrant yet inviting,"couches, coffee table, lamp, artwork",open layout with central furniture arrangement,"This living room has a modern and vibrant design, featuring gray upholstery on the couches, an orange throw pillow, a blue rug, wooden flooring, and leather accents. The open layout is centered around a large coffee table with floor lamps providing ambient lighting.",Modern,Warm/Cozy,Recessed,Bedroom,TRUE
modern_493.jpg,Modern Minimalist,"gray, white, black","wood, metal, fabric",bright and even artificial lighting from ceiling fixture and wall sconces,"clean, open, and bright","bed, dresser, desk, chair, mirror","rectangular shape with large windows at end of room, creating a sense of space and light","This is a well-lit, modern bedroom with minimalistic design elements.",Minimalist,Modern/Sophisticated,Bright,Bedroom,TRUE
modern_494.jpg,Modern Minimalist,"white, gray, blue","wood, fabric, metal",natural soft light from large windows,calm and airy,"bed, chair, ottoman, rugg, pillows, blanket",open space with central seating area,"A modern minimalist bedroom design, characterized by clean lines and a palette of white, gray, and blue. The room features a large bed at the center, surrounded by furniture arranged to create a cozy seating area.",Minimalist,Calm/Serene,Natural (Window),Bedroom,TRUE
modern_536.jpg,Modern Minimalist,"white, beige, dark wood","concrete, leather, brass",natural soft light from large windows and ceiling recessed lights,calm and airy,"round soaking tub, modern freestanding sink, abstract art on the wall, floor-to-ceiling windows","spacious with clean lines, open plan bathroom and bedroom",A contemporary bathroom and bedroom suite that combines functionality with elegance.,Minimalist,Calm/Serene,Natural (Window),Bedroom,TRUE
modern_539.jpg,Industrial Loft,"neutral tones, dark wood accents","wood planks, concrete wall, steel bed frame","natural light from large windows on two sides, with recessed lighting in the ceiling",modern and spacious,"platform bed with built-in headboard, wooden nightstands, floor lamp, large windows, metal framed mirror",open space with a raised sleeping area,"This modern loft bedroom features an industrial design with a platform bed, wooden accents, and large windows that provide plenty of natural light.",Industrial,Modern/Sophisticated,Natural (Window),Bedroom,TRUE
modern_602.jpg,Modern,"white, blue, brown","wood, leather, glass",bright and natural light from a large window,"clean, spacious and airy","flat-screen TV mounted on wall, blue velvet sofa, coffee table with books, woven basket on floor, modern desk with computer","open plan with no walls between living, dining and bedroom areas, centered around a central seating area","This modern apartment interior features a minimalist design with clean lines, soft colors, and natural light. The open floor plan creates a spacious atmosphere for relaxation and work, while the desk area is designed for focus and productivity.",Modern,Modern/Sophisticated,Natural (Window),Bedroom,TRUE
modern_64.jpg,Modern Minimalist,"light beige, white, neutral gray","wood, glass, leather",recessed lighting with additional floor lamps for ambient and accent lighting,"calm, clean, spacious","platform bed, nightstands, sofa, coffee table, floor lamp",open concept with a clear path from entryway to the bedroom,"This modern hotel room features a minimalist design with neutral tones, wood accents, and understated furnishings.",Minimalist,Calm/Serene,Recessed,Bedroom,TRUE
modern_640.jpg,Modern Minimalist,"gray, white, light wood","concrete, glass, steel",natural soft light from large windows,calm and airy,"bathtub, bathroom counter, towel rack, floor lamp",space is divided by walls with an open doorway leading to bedroom,"This modern bathroom has a minimalist design with gray and white tones, concrete and glass materials, and natural lighting. It features a freestanding bathtub, a countertop sink, a floor lamp, and a large window that provides ample sunlight.",Minimalist,Calm/Serene,Natural (Window),Bedroom,TRUE
modern_67.jpg,Minimalist,"white, light gray","wood, cloth, metal",natural soft light from large windows and wall sconces,calm and airy,"bed, nightstands, bookshelves, lamp, rug","small room with bed centered under window, flanked by nightstands, bookshelves above bed.","A neat and tidy minimalist bedroom with a cozy bed, white and light gray accents on the walls and bedding, wood finishes, and simple furnishings.",Minimalist,Calm/Serene,Natural (Window),Bedroom,TRUE
modern_677.jpg,Modern,"black, white, grey","wood, glass, marble",Natural sunlight with soft ambient lighting,"Clean, spacious and elegant","bed, fireplace, lounge chair, side table, wall art",Large open space with a defined sleep area,"This modern bedroom design features a minimalistic aesthetic, utilizing natural materials such as wood and marble, punctuated by black accents. The room is filled with soft lighting from multiple sources to create a serene and inviting atmosphere.",Modern,Modern/Sophisticated,Natural,Bedroom,TRUE
modern_678.jpg,Modern Minimalist,"white, black, wood accents","oak wood, linen, steel",natural soft light from large windows,calm and airy,"bed, nightstands, lounge chair, large window, ceiling fan",open space with central seating area,"This modern bedroom features a minimalist design with clean lines, natural materials, and soft lighting that creates a serene atmosphere.",Minimalist,Calm/Serene,Natural (Window),Bedroom,TRUE
modern_690.jpg,Modern,"white, gray, black","wood, metal, fabric",modern track lighting with soft ambient lights,contemporary and minimalist,"large sectional sofa, rectangular wooden coffee table, metallic framed mirror, floor lamp, decorative throw pillows","open concept with kitchen visible through sliding doors, dining area adjacent to living room","A modern open-concept living space featuring a sectional sofa, wooden coffee table, contemporary lighting, and minimalist design elements.",Modern,Modern/Sophisticated,Ambient/Soft,Bedroom,TRUE
modern_72.jpg,Modern Minimalist,"white, black, wood","wood, glass, steel",natural soft light from large windows and artificial recessed lighting,calm and airy,"sofa, coffee table, plant, floor lamp, chairs","open space with central seating area, separate living and bedroom spaces","A modern, minimalist house in a wooded area, featuring a neutral color palette and natural lighting. The interior includes a mix of wooden furniture, glass accents, and sleek steel details.",Minimalist,Calm/Serene,Natural (Window),Bedroom,TRUE
modern_732.jpg,Minimalist,"white, black, gray","wood, metal, fabric",bright and well-lit with natural light from windows,calm and serene,"tub, shower, cabinet, painting, bed",open concept design featuring a bedroom and bathroom connected by open doorway,"A minimalist bathroom space featuring gray tones, wood accents, and modern fixtures with an emphasis on natural light and clean lines.",Minimalist,Calm/Serene,Natural (Window),Bedroom,TRUE
modern_735.jpg,Modern Minimalist,"beige, white, wood accents","concrete, steel, wood",bright natural light from large windows,calm and airy,"bed, couch, coffee table, chairs, lamp","open floor plan with bedroom, living room, and deck spaces connected together","A modern minimalist house features an open floor plan, concrete walls, steel accents, bright lighting from large windows, and a palette of natural materials like wood.",Minimalist,Calm/Serene,Natural (Window),Bedroom,TRUE
modern_736.jpg,Scandinavian,"light blue, neutral tones, brass","fabric upholstery, leather, wood","Natural light from large windows, supplemented by a pendant light fixture.","Calm and airy, with a touch of elegance.","bed with neutral color palette, side table with minimalist design, large abstract artwork on wall, floor-to-ceiling windows, modern pendant light","A neatly organized bedroom with a centered focus on the large window and bed, creating an open feeling.","This Scandinavian-style bedroom is designed for comfort and style, featuring neutral tones, natural lighting, and minimalist furniture. The large window allows for ample daylight, while the pendant light provides soft illumination in the evening.",Scandinavian,Calm/Serene,Natural (Window),Bedroom,TRUE
modern_745.jpg,Scandinavian,"blue, white, wood","wool, leather, metal, glass",natural soft light from large windows,warm and cozy,"sofa, coffee table, plant, floor lamp, side tables, throw pillows",open space with central seating area,"This living room showcases a Scandinavian style with blue and white color accents, wooden tones, and natural lighting. The space is filled with comfortable seating options and functional furniture pieces.",Scandinavian,Warm/Cozy,Natural (Window),Bedroom,TRUE
modern_75.jpg,Modern Minimalist,"white, gray, green","wood, linen, metal",bright and natural light from large windows,calm and airy,"bed, bed, coffee table, lamp, sofa, plant",open space with central seating area around window,"This is a modern, minimalist bedroom with a white color palette that creates a bright and airy atmosphere. The room features two beds on either side of a large window, which allows for ample natural light during the day. The wooden frame around the windows adds warmth to the space. A central coffee table sits in the middle of the room, with a lamp providing soft illumination when needed. A sofa and a plant add coziness to the overall design.",Minimalist,Calm/Serene,Natural (Window),Bedroom,TRUE
modern_773.jpg,Scandinavian,"white, gray, black","wood, brass, marble, stone",natural light from large windows and recessed lighting fixtures,calm and modern,"bathtub, sink with gold faucet, large mirror, towel rack",open floor plan with hallway leading to bedroom and bathroom,"This is a bright, open space with a minimalist design that uses natural materials and light wood accents.",Scandinavian,Calm/Serene,Natural (Window),Bedroom,TRUE
modern_777.jpg,Minimalist,"dark brown, white, beige","wood, fabric, concrete",Natural soft light from a large window and wall sconces,Calm and serene,"bed, nightstand, lamp, storage unit",Open space with central bed for relaxation,"A modern minimalist room design that uses natural lighting, neutral colors, and a spacious layout to create a serene and calming atmosphere.",Minimalist,Calm/Serene,Natural (Window),Bedroom,TRUE
modern_779.jpg,Modern Minimalist,"black, white, gray","wood, fabric, metal",natural soft light from large windows,calm and airy,"sofa, coffee table, plant, floor lamp",open space with central seating area,"This is a modern minimalist bedroom featuring black walls, white linens, gray accents, a wooden floor, and natural lighting. The room has a calm and airy atmosphere, with a cozy sofa, a simple coffee table, a plant for life, and a floor lamp for ambiance.",Minimalist,Calm/Serene,Natural (Window),Bedroom,TRUE
modern_789.jpg,Modern Minimalist,"gray, white, natural wood","oak wood, linen, concrete",bright natural light from large windows,calm and airy,"bathtub, bed, lounge chair, artwork, modern fixtures",open space with central sleeping area,"A modern, minimalist bathroom and bedroom area that combines neutral colors with natural materials and bright light for a calm and airy atmosphere.",Minimalist,Calm/Serene,Natural (Window),Bedroom,TRUE
modern_831.jpg,Modern Minimalist,"gray, white, black","leather, wood, glass","natural soft light from large windows, accentuated by recessed lighting",calm and airy,"black leather bed, dark gray rug, modern sofa with two cushioned seats, large picture frame of a horse on the wall, floor lamp with cylindrical base",open space with central seating area near large windows and white bedspread on bed,"This room has a modern minimalist style, featuring a gray color palette, leather materials, natural lighting, and a cozy atmosphere. The layout centers around the large window and bed, providing a relaxed and airy feel.",Minimalist,Calm/Serene,Natural (Window),Bedroom,TRUE
modern_860.jpg,Modern Minimalist,"black, white, gray","wood, metal, fabric",natural soft light from large windows,calm and airy,"bed, side table, chair, ruffled blanket, cushions",open space with central seating area,"This is a modern minimalist bedroom design with a monochromatic color scheme, featuring a large bed at the center of the room flanked by two side tables. The room has a mix of metal and wood furniture and includes decorative elements like plants and textured fabrics.",Minimalist,Calm/Serene,Natural (Window),Bedroom,TRUE
modern_949.jpg,Modern Minimalist,"black, white, gray","leather, wood, metal",natural soft light from large windows and ceiling fan,calm and modern,"bed, nightstand, couch, coffee table, chair, pillows, rug","large bedroom with central bed, flanked by nightstands and a couch on either side","This modern bedroom features a minimalist design with a focus on clean lines and simple materials. The color palette is dominated by black, white, and gray, creating a calm and sophisticated atmosphere. The room includes a large bed in the center, flanked by nightstands and a couch on either side, providing ample space for relaxation and comfort.",Minimalist,Calm/Serene,Natural (Window),Bedroom,TRUE
modern_973.jpg,Modern Minimalist,"white, gray, black","concrete, steel, wood",natural soft light from large windows and recessed ceiling lights,calm and modern,"bathtub, bed, shower, vanity, nightstand","open space with central tub in front of bed, vanity to one side, nightstand next to tub","Sleek and modern bathroom with a minimalist design featuring a large freestanding bathtub, floating vanity, and black accents.",Minimalist,Calm/Serene,Natural (Window),Bedroom,TRUE
modern_977.jpg,Modern Minimalist,"white, beige, wood","wood, leather, metal",recessed lighting with adjustable accent lights on wall,clean and serene,"bed, narrow desk, modern pendant light, floor lamp, contemporary chair","open layout with sleeping area off to side, large central space for relaxation or work.",A modern minimalist bedroom featuring a large bed in a corner with beige linens and wood paneling. Wooden furniture throughout gives warmth to the room. The lighting is soft and adjustable. An open layout leads to a central area suitable for relaxation or work.,Minimalist,Calm/Serene,Recessed,Bedroom,TRUE
modern_98.jpg,Modern Minimalist,"white, grey, black","concrete, glass, wood",modern with track lighting and ceiling recessed lights,sleek and sophisticated,"sofa, coffee table, plant, floor lamp, shelving unit","open space with minimal furniture, maximizing natural lighting","This modern bedroom features a minimalist design with clean lines and a neutral color palette. The room is decorated in concrete and wood materials, giving it a contemporary feel. Track lighting illuminates the space, while a plant and floor lamp add warmth to the sophisticated atmosphere.",Minimalist,Modern/Sophisticated,Recessed,Bedroom,TRUE
rustic_0.jpg,Scandinavian,"beige, light wood, white","wood, linen",Natural soft light from large windows.,Calm and airy.,"sofa, armchair, coffee table, floor lamp, fireplace, plant",Open space with central seating area around fireplace.,"This is a well-designed Scandinavian bedroom that has an airy and calm atmosphere. It features light wood tones, a cozy fireplace, and large windows that allow for plenty of natural light to pour in.",Scandinavian,Calm/Serene,Natural (Window),Bedroom,TRUE
rustic_101.jpg,Modern Minimalist,"beige, white, light wood","oak wood, linen, steel",natural soft light from large windows,calm and airy,"dressers, shoe racks, coffee table, framed mirror, cushioned bench",organized storage with central walkway and display shelves on sides,"A modern, minimalist closet with a clean and airy atmosphere, featuring oak wood dressers, steel racks for shoes, and linen accents.",Minimalist,Calm/Serene,Natural (Window),Bedroom,TRUE
rustic_102.jpg,Modern Minimalist,"light beige, dark brown, white","oak wood, silk upholstery, marble flooring, steel and glass accents",soft and diffused natural light from floor-to-ceiling windows,calm and serene,"white sofa with throw pillows, wood coffee table, floor lamp, large abstract painting, plush area rug","open floor plan with living room, kitchen, and dining areas flowing together","This modern minimalist home features a neutral color palette with natural oak wood and silk upholstery, creating an open and serene atmosphere.",Minimalist,Calm/Serene,Natural (Window),Bedroom,TRUE
rustic_108.jpg,Scandinavian,"white, beige, light wood","wood, fabric, glass",natural soft light from large windows,calm and airy,"bed, nightstand, lamp, armchair, bookshelf",open space with central seating area,"Spacious bedroom with a cozy Scandinavian vibe, featuring natural lighting and minimalistic design elements.",Scandinavian,Calm/Serene,Natural (Window),Bedroom,TRUE
rustic_11.jpg,Rustic Lodge,"brown, white, red","wood, stone, leather",warm ambient light from lanterns and fireplace,"cozy, comfortable, cabin-like","bed, bunk beds, cabin bed, trunks, chests, lamp, framed photos",long hallway with multiple sleeping areas,"This rustic lodge-style room features a long wooden floor, multiple beds and bunk beds for sleeping, stone walls, leather accents, lanterns providing warm lighting, and cabin-themed decor including American flags and framed photos.",Natural/Rustic,Warm/Cozy,Ambient/Soft,Other,TRUE
rustic_115.jpg,Modern,"gray, black, white","wood, fabric, metal",natural light from a large window and black track lighting,"clean, minimalistic, with a touch of ruggedness from the fur blanket","bed, shelves, desk, floor lamp",space organized with three bunk beds in a row under a large window and above a desk area,"This is an interior design image of a modern loft-style space, featuring three black metal bunk beds against a wall with a large window for natural light. The room has minimal decor with clean lines and modern furniture that includes wood elements on the lower bed frame and metal track lighting above.",Modern,Modern/Sophisticated,Natural (Window),Bedroom,TRUE
rustic_116.jpg,Industrial Loft,"grey, white, brown","wood, concrete, metal",Recessed lighting with dimmable options and natural light from windows,Rustic yet modern,"open shelving unit, wooden vanity mirror, barn door to closet, vintage typewriter",Open floor plan with bedroom area seamlessly integrated into living space.,"A cozy, rustic-inspired loft apartment with an open design that blends the living and sleeping areas.",Industrial,Modern/Sophisticated,Natural (Window),Bedroom,TRUE
rustic_135.jpg,Modern,"beige, gray, white","wood, fabric, metal",warm and inviting ambient light with accent from track lighting above bed,calm and restful,"king size bed, two-seater sofa, coffee table with decorative items, floor lamp",open concept layout with central sitting area flanked by bedrooms on both sides,"This is a modern and inviting bedroom suite featuring a king size bed, cozy two-seater sofa, coffee table, and floor lamp. The room has a beige color palette with gray accents, complemented by wood and fabric materials. The lighting creates a warm and restful atmosphere.",Modern,Calm/Serene,Ambient/Soft,Bedroom,TRUE
rustic_143.jpg,Modern Minimalist,"white, navy, wooden tones","wood, linen, metal",natural soft light from large windows,calm and airy,"bed, rug, chairs, table",open space with central seating area,"This modern bedroom features a minimalist design, highlighted by the use of neutral colors, wooden tones, and metal accents. The large windows allow for natural light to fill the space, creating an airy and calm atmosphere.",Minimalist,Calm/Serene,Natural (Window),Bedroom,TRUE
rustic_144.jpg,Modern Minimalist,"grey, white, natural wood","cedar siding, glass windows and doors, stainless steel appliances",Natural light from the skylight and the surrounding trees,Peaceful and serene,"sofa with a built-in bookshelf on one side, wooden coffee table, outdoor rug, a few select potted plants","Open space with a sleeping area, a sitting area, and an outdoor deck",This small cabin combines modern minimalist design with natural materials to create a serene retreat in the woods.,Minimalist,Calm/Serene,Natural,Living Room,TRUE
rustic_153.jpg,Modern Minimalist,"white, beige, red accent","wood, leather, glass",natural soft light from large windows,warm and cozy,"king bed, dark wood dresser, large painting of zebra, modern floor lamp",open space with central seating area featuring king-sized bed,"This image depicts a modern, minimalist room with a warm and cozy mood. The color palette is dominated by red accents against neutral white and beige backgrounds. Materials such as wood, leather, and glass contribute to the contemporary feel of the space. Large windows allow for natural soft light, creating a bright atmosphere. In terms of objects, there's a king-sized bed, a dark wood dresser, a large painting of a zebra, and a modern floor lamp. The layout features an open seating area centered around the bed.",Minimalist,Warm/Cozy,Natural (Window),Bedroom,TRUE
rustic_164.jpg,Rustic Lodge,"brown, blue, orange","wood, fabric, metal","natural light from windows, supplemented by ceiling lights",cozy and inviting,"two queen beds, sofa, armchair, bedside tables, cabin-style log furniture",spacious cabin room with seating area in front of bedroom section,"The interior design style is Rustic Lodge, characterized by warm earth tones, natural materials like wood and metal, and a cozy ambiance.",Natural/Rustic,Warm/Cozy,Natural (Window),Bedroom,TRUE
rustic_166.jpg,Scandinavian,"white, beige, light wood","wood, fabric",natural soft light from large windows,warm and cozy,"sofa, coffee table, rug, fireplace, couch, dog bed",open space with central seating area around fireplace,"A modern living room with a Scandinavian design, featuring neutral colors and natural materials. The large windows allow in soft, warm light that complements the cozy ambiance created by the wooden furniture and fabric upholstery.",Scandinavian,Warm/Cozy,Natural (Window),Bedroom,TRUE
rustic_168.jpg,Mountain Lodge,"brown, black, white","wood, stone, brick",natural sunlight and ambient lighting from recessed fixtures,"warm, inviting, and cozy","front door with sidelight windows, large picture window, stone fireplace, wooden bench, rustic furniture",spacious and open living area with central seating and a separate bedroom wing,"This mountain lodge-style home features rustic materials, natural wood accents, and a warm and inviting atmosphere.",Other,Warm/Cozy,Natural,Bedroom,TRUE
rustic_17.jpg,Industrial Loft,"light wood, white, navy blue","exposed brick, wood planks, concrete floor",dimmable overhead lights and recessed track lighting,modern and minimalist with a warm industrial touch,"king size bed, sofa in front of fireplace, wooden coffee table, floor lamp","open space design with living room, sleeping area, and kitchenette seamlessly connected","This loft-style living space combines modern minimalist elements with warm industrial touches to create a spacious, open environment that's both functional and inviting.",Industrial,Warm/Cozy,Recessed,Living Room,TRUE
rustic_173.jpg,Modern,"white, red, black","leather, wood, glass",soft natural light from large windows,modern and luxurious,"bed, nightstands, lamps, large mirror, artwork",spacious room with neutral colors and modern furnishings,"This is a well-designed bedroom that exudes a sense of luxury and comfort. The spacious layout, neutral color palette, and modern furnishings all contribute to the overall aesthetic.",Modern,Modern/Sophisticated,Natural (Window),Bedroom,TRUE
rustic_176.jpg,Rustic Chic,"white, red, brown","wood, brick, iron",Natural light filtering through open windows and skylight,Cozy and inviting,"wooden bunk beds, red blankets, wooden flooring",Small room with wall-to-wall bunk beds against a red wood wall,"This room has a rustic charm, featuring wooden bunk beds on a brick wall under open windows and skylights.",Natural/Rustic,Warm/Cozy,Natural (Window),Other,TRUE
rustic_185.jpg,Modern Minimalist,"white, light wood","oak wood, linen, steel",natural soft light from large windows,calm and airy,"bed, leather chair, wooden side table, framed artwork, floor lamp",open space with central seating area,"This modern bedroom features a minimalist design with oak wood accents, a calming color palette of white and light wood, and natural light from large windows. The room includes a comfortable leather chair for relaxation, framed artwork to add personality, and a wooden side table for storage. A floor lamp provides soft illumination.",Minimalist,Calm/Serene,Natural (Window),Bedroom,TRUE
rustic_191.jpg,Modern,"black, white, light wood","wood, fabric, concrete",ambient and accent lighting with natural light from window,calm and sophisticated,"bed, nightstands, pillows, artwork","small room with bed as central feature, flanked by nightstands and artwork above","This is a modern bedroom featuring a large leather bed as the focal point, set against a black wall with three framed pieces of art above. The color palette includes black, white, and light wood tones, while materials include wood for furniture and concrete for walls.",Modern,Calm/Serene,Natural (Window),Bedroom,TRUE
rustic_20.jpg,Scandinavian,"gray, white, beige","brick wall, wood floor, metal frame",natural soft light from large windows,calm and airy,"king-size bed, modern sofa, minimalist side tables, floor lamp",open space with central seating area,"This modern Scandinavian bedroom features a king-size bed, minimalist design elements and large windows that allow natural light to fill the space.",Scandinavian,Calm/Serene,Natural (Window),Bedroom,TRUE
rustic_201.jpg,Modern Minimalist,"grey, blue, white","wood, concrete, metal",bright and airy with natural light from windows,modern and inviting,"bed, desk, chair, pillows, lamps","small, compact space designed for efficiency","This minimalist bedroom is designed with a modern aesthetic in mind, featuring a simple color palette and functional furniture pieces to maximize the limited space.",Minimalist,Warm/Cozy,Natural (Window),Bedroom,TRUE
rustic_210.jpg,Modern Minimalist,"white, neutral gray, light wood","wood, linen, glass","natural soft light from large windows, ambient lighting and a chandelier above the bed",calm and airy,"sofa, coffee table, plant, floor lamp, large windows","open space with central seating area, bed at one end of room and large windows for light and view","The room is styled in a minimalist modern aesthetic with natural wood accents, linen fabrics, and glass elements that allow abundant light to fill the space.",Minimalist,Calm/Serene,Natural (Window),Bedroom,TRUE
rustic_228.jpg,Scandinavian,"white, grey, light blue","wood, linen, canvas",Natural light from a large window,"Clean, minimalist and airy","bed, chair, small table, wall art",Open plan with beds in different corners of the room,Bright and modern bunk bed room designed for comfort and style.,Scandinavian,Modern/Sophisticated,Natural (Window),Bedroom,TRUE
rustic_233.jpg,Vintage Lodge,"dark green, light brown, white","wood, leather, fabric","Natural light with warm, ambient lighting from wall sconces and wooden beams.",Cozy and rustic,"king-size bed, vintage nightstands, antler chandelier, lodge-themed artwork",Open floor plan with stone fireplace and seating area.,"This vintage lodge themed bedroom features a king-size bed, wooden furniture, leather accents, and antler chandelier, creating a cozy and rustic atmosphere.",Traditional/Vintage,Warm/Cozy,Natural,Bedroom,TRUE
rustic_234.jpg,Mid-Century Modern,"beige, brown, gray","wood, linen, leather","warm and cozy, with soft light from built-in lights",welcoming and inviting,"bed, nightstand, chair, framed art",spacious open layout with large beds on either side of the room,"This bedroom is a cozy retreat with mid-century modern style, featuring warm wood tones and comfortable beds.",Modern,Warm/Cozy,Ambient/Soft,Bedroom,TRUE
rustic_242.jpg,Industrial Loft,"blue, white, wood","wood, steel, glass",industrial style metal chandelier,modern and cozy,"wooden bunk bed, blue plaid blanket, coffee table, wooden bookshelf, beige rug",open concept living area with bunk bed as divider between rooms,"This loft-style room combines industrial elements like a metal chandelier and wood accents, with cozy furnishings such as a blue plaid blanket and beige rug. The open layout creates a sense of spaciousness while the bunk bed serves as a unique divider between the sleeping and living areas.",Industrial,Warm/Cozy,Pendant/Chandelier,Bedroom,TRUE
rustic_246.jpg,Modern,"gray, white, wood","stone, wood, brick","modern, with recessed lighting and a mix of natural light during daytime hours",inviting and spacious,"sofa set, dining table, area rug, large fireplace, wall art","spacious with multiple seating areas, a central foyer, and separate wings for bedrooms and garage","This modern home features a clean and contemporary design with stone and wood materials, creating an inviting atmosphere.",Modern,Warm/Cozy,Natural,Bedroom,TRUE
rustic_25.jpg,Modern,"white, gray","wood, fabric, brass",natural soft light from large windows,calm and cozy,"bed, sofa, coffee table, potted plant",open space with central seating area around the fireplace,"The bedroom features a modern design with a minimalistic color palette of white and gray, natural wood elements, fabric upholstery, and brass accents. The room is designed for comfort and relaxation, with a large bed at its center and a seating area surrounding the fireplace for warmth and intimate gatherings.",Modern,Calm/Serene,Natural (Window),Bedroom,TRUE
rustic_256.jpg,Rustic Lodge,"natural wood tones, soft pastel shades","reclaimed barn wood, leather upholstery, linen sheets",warm sunlit room with natural light streaming in through large windows,"cozy and inviting, evoking a sense of tranquility","king-size bed, blue armchair, cactus plant, framed landscape artwork",a spacious bedroom with separate seating area featuring an armchair and coffee table,"This rustic lodge-style bedroom combines the charm of reclaimed wood elements with soft, calming pastel tones to create a serene retreat for relaxation.",Natural/Rustic,Calm/Serene,Natural (Window),Bedroom,TRUE
rustic_261.jpg,Mid-Century Modern,"beige, wood, blue","oak wood, linen, leather",natural soft light from large windows and ceiling lights,warm and cozy,"king-size bed, nightstand with lamp, wooden dresser, bench at foot of bed",traditional bedroom layout with central bed as focal point,"This bedroom features a king-size bed, wooden furniture and walls, and a comfortable, warm atmosphere with soft lighting.",Modern,Warm/Cozy,Natural (Window),Bedroom,TRUE
rustic_270.jpg,Modern Minimalist,"dark red, white, black","wood, silk, metal",warm and inviting light with recessed ceiling lights and bedside lamps,calm and luxurious,"bed, nightstand, dresser, lamp, mirror","spacious room layout with bed as focal point, flanked by nightstands and mirror on opposite wall.","This is a modern minimalist bedroom design featuring a dark red plaid comforter on a wooden bed frame. The space includes wood furniture, silk accents, and recessed ceiling lights that create a warm and inviting atmosphere.",Minimalist,Calm/Serene,Recessed,Bedroom,TRUE
rustic_277.jpg,Modern Minimalist,"wood brown, white, slate grey","cedar siding, glass panels, metal accents",natural light through large windows with dark frames and recessed lighting in ceiling,warm and inviting,"large sectional sofa, stone fireplace, dining table for six, modern floor lamp",open living area with kitchen nearby and bedrooms upstairs,"Contemporary mountain lodge designed for comfort and relaxation, featuring large windows that let in natural light, warm wood tones, and stone fireplace.",Minimalist,Warm/Cozy,Natural (Window),Bedroom,TRUE
rustic_278.jpg,Modern Minimalist,"white, beige, light wood","wood, linen, leather",natural soft light from large windows,calm and airy,"bed, sofa, coffee table, plant, floor lamp",open space with central seating area,"This modern bedroom is characterized by a minimalist design, featuring clean lines and natural materials. The room has a light color palette that creates an airy atmosphere. Large windows allow for soft natural light to fill the space. Key pieces include a comfortable bed, a stylish sofa, and functional furniture like a coffee table and floor lamp.",Minimalist,Calm/Serene,Natural (Window),Bedroom,TRUE
rustic_289.jpg,Modern,"white, beige, brown","leather, wood, glass",soft and ambient lighting,modern and minimalist,"bed, sofa, table lamp, plant, seating area",open floor plan with bedroom space leading to living room area,"A modern, minimalist interior design that combines clean lines and neutral colors with natural materials.",Modern,Modern/Sophisticated,Ambient/Soft,Bedroom,TRUE
rustic_29.jpg,Industrial Loft,"wooden brown, white, black","wood planks, metal beams, concrete walls",natural light from large windows and recessed ceiling lights,modern and rustic with a touch of coziness,"bed, couch, fireplace, floor lamp, artwork, rugs","open concept space with large bed in front of fireplace, flanked by couches on either side.","This is a modern rustic style room featuring wooden planks for the walls and ceiling, metal beams, concrete flooring, and a cozy bed in front of a fireplace. The color palette includes warm brown wood tones with white accents and black for contrast. Large windows let in natural light that is complemented by recessed ceiling lights. The room has a mix of textures from soft rugs to rough wooden walls, giving it an interesting tactile feel. A comfortable couch sits on one side while another one with a different design occupies the other side of the bed. An artwork hangs above the fireplace, which is flanked by floor lamps on either side. The room has a unique industrial loft vibe that is both stylish and warm.",Industrial,Modern/Sophisticated,Natural (Window),Bedroom,TRUE
rustic_293.jpg,Scandinavian,"white, black, gray, wood","stone, leather, fabric",natural soft light from large windows,cozy and warm,"sofa, coffee table, plant, floor lamp, throw pillows",open space with central seating area flanked by large windows,"This living room features a Scandinavian design, with white and gray tones, natural materials like stone and leather, and soft lighting. The open layout allows for comfortable socializing in the central seating area.",Scandinavian,Warm/Cozy,Natural (Window),Bedroom,TRUE
rustic_296.jpg,Modern Minimalist,"gray, beige, blue","wood, linen, glass",natural soft light from large windows and ceiling fan lights,calm and airy,"king-size bed, armchair, coffee table, floor lamp, bedside table",open space with central seating area under large windows,"This is a modern hotel room with a minimalist design style. The color palette features gray, beige and blue tones. Wooden walls and floors provide warmth, while linen and glass materials add texture. Natural light streams in through the large windows and ceiling fan lights create a serene atmosphere.",Minimalist,Calm/Serene,Natural (Window),Bedroom,TRUE
rustic_309.jpg,Industrial Loft,"black, brown, white","wood, steel, linen",industrial style with exposed beams and ceiling lights,edgy and cool,"bunk beds, sofa, coffee table, bookshelf","open loft space with raised platform for bunk beds, centered seating area with sofa","An industrial loft designed with a cool and edgy style featuring a black and white color palette, exposed wood beams, steel frame, linen bedding, and large open space.",Industrial,Other,Mixed/Other,Living Room,TRUE
rustic_315.jpg,Scandinavian,"dark green, white, light brown","wood paneling, fabric upholstery, metal trim","ambient and focused lighting with warm tones, using LED lights",cozy and inviting,"wall-mounted photographs, wooden nightstand, fitted sheet set, woven blanket",small bedroom layout with a central sleeping area,"This Scandinavian-style bedroom features a dark green bedspread and wooden paneling on the walls, with photographs hung for personal touches.",Scandinavian,Warm/Cozy,Ambient/Soft,Bedroom,TRUE
rustic_323.jpg,Scandinavian,"gray, white, black","wood, leather, fabric",natural soft light from large windows,calm and airy,"king-size bed, nightstands, lamp, chair",open space with central seating area around the fireplace,"This is a well-lit, modern Scandinavian style bedroom featuring a king-size bed, nightstands, a lamp, and a chair. The room has wooden paneling on the walls, gray and white color scheme, and leather and fabric materials. Natural light floods in from large windows, creating a calm and airy mood. The space is well organized around a central seating area near the fireplace.",Scandinavian,Calm/Serene,Natural (Window),Bedroom,TRUE
rustic_331.jpg,Industrial Loft,"wood, white, black","wood, concrete, steel",natural soft light from large windows and overhead lights,modern and minimalistic,"bed, dresser, lounge chair, floor lamp, plant",open space with central bedroom area,"The room is an industrial-style loft with a large, open layout. The color palette consists of wood for the walls and furniture, white for the bedding, and black for accents. The materials used include wood for the flooring and overhead beams, concrete for the walls, and steel for the bed frame. Natural light fills the room from large windows and is complemented by overhead lights. The space has a modern and minimalistic feel.",Industrial,Modern/Sophisticated,Natural (Window),Bedroom,TRUE
rustic_347.jpg,Modern Rustic,"brown, white, green","wood, stone, leather",natural sunlight from large windows,cozy and inviting,"wooden coffee table, warm lighting, stuffed pillows on sofa, large woven rug, wood-burning fireplace","central open area with vaulted ceiling, flanked by two wings for bedrooms and private spaces","A spacious modern rustic living room with a warm and inviting ambiance, featuring wooden elements and comfortable seating areas that open up to the outdoors.",Modern,Warm/Cozy,Natural (Window),Bedroom,TRUE
rustic_353.jpg,Scandinavian,"wooden brown, white, blue","wood, fabric, metal",well lit with soft lighting from natural light and overhead fixtures,cozy and inviting,"bunk beds, wooden bench, wooden side table, cushioned chair, pillows","two wooden bunk beds in the middle of the space with a wooden bench and side table on either side, and a single chair to the side","This is an interior design image showcasing a cozy Scandinavian-style bunk bed room with warm brown wood finishes, white textiles, and soft lighting. The room has two sets of wooden bunk beds in the center, surrounded by natural wood elements like a bench and side tables. The color palette is dominated by earthy tones, while the overhead fixtures add to the overall warm and inviting ambiance.",Scandinavian,Warm/Cozy,Natural,Bedroom,TRUE
rustic_354.jpg,Scandinavian,"white, beige, light wood, blue","oak wood, linen, glass, brick",natural soft light from large windows and skylights,calm and airy,"king size bed, wood burning fireplace, two wooden chairs, long sofa with red throw pillows, dining table with chairs",open space with central seating area and bedroom space separate from living area,"This is a cozy, well-lit Scandinavian style cabin retreat featuring a king size bed, wood burning fireplace, comfortable furniture, and an open layout that feels warm and welcoming.",Scandinavian,Calm/Serene,Natural (Window),Bedroom,TRUE
rustic_366.jpg,Rustic Cabin,"wood, black, white","wood paneling, fabric, stone",Soft overhead lighting and ambient glow from fireplace,Warm and cozy,"bed, nightstand, lamp, fireplace",Open floor plan with lofted sleeping area above central living space,"The cabin-inspired design features wood paneling, a rustic bed frame, and a warm fireplace at the center.",Natural/Rustic,Warm/Cozy,Ambient/Soft,Bedroom,TRUE
rustic_368.jpg,Scandinavian,"light brown, white, red","wood, linen, brass",warm and inviting from fireplace and wall sconces,cozy and comfortable,"bed, sofa, cabinet, fireplace, rug",intimate and focused on a central fireplace,"A Scandinavian-style bedroom with a warm color palette and cozy lighting, featuring a comfortable bed, inviting sofa, a functional cabinet, an efficient fireplace, and a soft rug.",Scandinavian,Warm/Cozy,Mixed/Other,Bedroom,TRUE
rustic_370.jpg,Rustic,"brown wood, white, green accents","wood, linen, leather, woven textiles",natural soft light from large windows and warm ambient lighting,cozy and inviting,"queen-sized bed with wood headboard and matching nightstands, wood sofa with pillows, area rug on hardwood floor, pendant light over dining table, fireplace","open space with central seating area around fireplace, adjacent to the bedroom.",Unknown,Natural/Rustic,Warm/Cozy,Natural (Window),Bedroom,TRUE
rustic_384.jpg,Industrial Loft,"rustic brown, neutral grey, natural wood","exposed brick walls, wooden beams and posts, metal accents","large windows letting in natural light, complemented by modern floor lamps",warm and inviting with a touch of urban edge,"loft beds, modern couches, vintage rug, wooden coffee table","open concept layout with loft beds framing the space, connected by wooden beams.","This is a stylish and functional interior design that combines rustic elements with industrial and modern touches, creating a warm and inviting atmosphere.",Industrial,Warm/Cozy,Natural (Window),Living Room,TRUE
rustic_385.jpg,Mountain Lodge,"rustic brown, woodland green, warm amber","distressed wood, mountain stone, heavy woven fabric","soft, warm glow from chandeliers and lamps with mountain motifs","inviting, comfortable, and rustic","king-size bed with patterned comforter, chair with wooden frame and a plush cushion, mountain-themed side tables, wildlife mounts on the walls",two-level space with a living area and sleeping quarters on separate levels,"This mountain lodge bedroom exudes rustic charm with its rich color palette, natural materials, and cozy furnishings.",Other,Warm/Cozy,Pendant/Chandelier,Bedroom,TRUE
rustic_389.jpg,Modern,"beige, light wood, green accent","wood, glass, stainless steel","natural light from skylights and windows, complemented by indoor LED lights",calm and airy,"sofa, coffee table, bookcase, floor lamp, plant","open floor plan with kitchen, living area, and bedroom flowing into one another",This modern cabin in the woods offers a serene and inviting retreat from the city. The open layout encourages relaxation and connection with nature.,Modern,Calm/Serene,Natural (Window),Bedroom,TRUE
rustic_41.jpg,Scandinavian,"white, beige, light wood","wood, linen, glass",natural soft light from large windows and a fireplace,calm and cozy,"sofa, coffee table, rug, floor lamp, couch, pillows",open space with central seating area in front of a large window overlooking the mountains,"A modern Scandinavian living room featuring wood accents, natural lighting, and comfortable furniture arranged to create a warm and inviting atmosphere.",Scandinavian,Calm/Serene,Natural (Window),Bedroom,TRUE
rustic_410.jpg,Scandinavian,"white, beige, light wood","oak wood, linen, concrete, steel",natural soft light from large windows,calm and airy,"bed, sofa, coffee table, plant, floor lamp",open space with central seating area,"A modern Scandinavian-style bedroom with a calm and airy feel, featuring natural light, oak wood flooring, linen upholstery, and concrete walls.",Scandinavian,Calm/Serene,Natural (Window),Bedroom,TRUE
rustic_414.jpg,Industrial Loft,"gray, black, white","metal, wood, concrete",ambient lighting from recessed ceiling fixtures and track lighting accents,"modern, edgy, but also welcoming and comfortable","industrial-style bed with metal frame and exposed springs, wooden bookshelf on one wall, filled with books and decorative objects, large mirror spanning the width of the wall, floor lamp with a sleek, modern design, plush throw pillows on the bed","bed situated in corner of room, flanked by bookshelves, and illuminated by ambient lighting from ceiling fixtures.","This is a cozy loft-style bedroom with an industrial feel. The space is dominated by the large bed with exposed springs and metal frame, set against a backdrop of wooden bookshelves filled with books and decorative objects. A floor lamp provides additional lighting to brighten up the room.",Industrial,Warm/Cozy,Recessed,Bedroom,TRUE
rustic_439.jpg,Scandinavian,"white, beige, green, black","wood, linen, glass, metal",natural soft light from large windows,calm and airy,"sofa, coffee table, side table, throw pillows",open space with central seating area,"This Scandinavian-style living room features a neutral color palette, natural materials such as wood and linen, and furniture with clean lines. The large windows allow for ample natural light that creates a serene atmosphere.",Scandinavian,Calm/Serene,Natural (Window),Bedroom,TRUE
rustic_440.jpg,Rustic Lodge,"brown, green, gray","wood, stone, metal","Natural light from large windows, enhanced by warm interior lighting",Cozy and inviting with a touch of rugged charm,"large stone fireplace, antler decor, wooden dining table",Open concept with a central living area flanked by bedrooms,"This rustic lodge style home features natural materials, a cozy atmosphere, and an open layout that brings in the outdoors.",Natural/Rustic,Warm/Cozy,Natural (Window),Bedroom,TRUE
rustic_454.jpg,Modern Minimalist,"white, beige, light wood, green accent","oak wood, linen, concrete, steel",natural soft light from large windows,calm and airy,"wooden bed frame, pillows on the bunk bed, white blankets and sheets, sheepskin throw","two levels of a bunk bed with built-in steps, set against a white wall with windows","A cozy modern bedroom design featuring a wooden frame for both the lower and upper beds. The color palette is warm, with natural wood tones complemented by white blankets and green accents.",Minimalist,Calm/Serene,Natural (Window),Bedroom,TRUE
rustic_461.jpg,Scandinavian,"white, neutral grey, beige","oak wood, linen, natural stone","soft and warm ambient light from recessed lights, soft glow from LED strip above bed, natural light from windows.",calm and cozy,"queen-sized bed with a tufted headboard, large rug under bed, built-in bookcase on right wall, floor lamp on left side of room","attic space converted into bedroom, featuring angled walls and built-ins.","This attic bedroom has a Scandinavian design style, characterized by natural materials and soft color palette. The room is designed for relaxation with its neutral tones and warm lighting, and includes built-ins and a large rug to maximize the space.",Scandinavian,Calm/Serene,Natural (Window),Bedroom,TRUE
rustic_479.jpg,Industrial Loft,"gray, white, wood","wood, metal, fabric",natural soft light from large windows,warm and cozy,"sofa, coffee table, plant, floor lamp",open space with central seating area,"This loft-style living room features a large bunk bed made from reclaimed wood, creating a rustic and cozy atmosphere.",Industrial,Warm/Cozy,Natural (Window),Bedroom,TRUE
rustic_481.jpg,Industrial Loft,"white, gray, wood, black","reclaimed wood, metal, fabric, glass",mixed light from natural skylights and rustic ceiling beams with built-in lanterns,"warm and inviting, with an edge of ruggedness","distressed wood bed frame, white upholstered sofa, metal and glass coffee table, wooden bookcase",spacious with a central fireplace and seating area flanked by windows on both sides,"A rustic-chic living room with an emphasis on repurposed materials, featuring a statement bed frame made from reclaimed wood and a cozy sofa.",Industrial,Warm/Cozy,Natural,Bedroom,TRUE
rustic_487.jpg,Modern Minimalist,"light wood, gray, white","oak wood, linen, steel",natural soft light from large windows,calm and airy,"bunk beds, wooden side table, floor lamp",open space with central seating area,"This is a minimalist style room featuring light wood walls, gray accents, and large windows that allow natural light in. The bunk beds are made of oak wood and have linen bedding, while the floor lamp provides soft illumination. The overall atmosphere is calm and airy.",Minimalist,Calm/Serene,Natural (Window),Living Room,TRUE
rustic_499.jpg,Modern Minimalist,"white, gray, black","oak wood, fabric, metal",natural soft light from large windows and ceiling lights,calm and airy,"bed, nightstand, chair, fireplace",open space with central seating area featuring a large window,"This is a modern minimalist bedroom that exudes calmness and airiness through its light-colored walls, oak wood accents, and natural light sources. A comfortable bed sits in the center of the room, surrounded by a chair and nightstand. The fireplace adds warmth to the space, while the large window provides a scenic view of the outdoors.",Minimalist,Calm/Serene,Natural (Window),Bedroom,TRUE
rustic_501.jpg,Scandinavian,"white, beige, light wood, blue accent","wood, leather, linen, metal",warm and cozy with natural soft light from large windows,calm and airy,"queen-size bed, flat-screen TV, coffee table, chair, lamp",large open space with central seating area near large window,"This Scandinavian-style bedroom features a queen-size bed, flat-screen TV, cozy chair, and coffee table for a warm and inviting atmosphere.",Scandinavian,Calm/Serene,Natural (Window),Bedroom,TRUE
rustic_51.jpg,Industrial Loft,"gray, beige, green","steel, wood, concrete, linen",natural soft light from large windows,warm and cozy,"king-size bed with wooden headboard, dark wood armoire, flat screen television, gray fur throw blanket on bed, wooden floor lamp","open space with central seating area featuring a sofa, armchair and coffee table.","This loft-style living room features an industrial design with natural materials such as wood and concrete. The room is filled with cozy elements like a fireplace for warmth, and large windows allowing in soft natural light.",Industrial,Warm/Cozy,Natural (Window),Bedroom,TRUE
rustic_515.jpg,Modern Minimalist,"brown, gray, white","wood, stone, leather","recessed lighting throughout the room, creating a warm and inviting atmosphere.",cozy and intimate,"king-size bed with wooden headboard, large stone fireplace, flat screen TV mounted above the bed","open floor plan with central living area, flanked by walls of large windows for natural light.","This spacious mountain lodge style room is designed with a warm and welcoming atmosphere, featuring natural materials like wood and stone, and modern minimalist design elements.",Minimalist,Warm/Cozy,Recessed,Bedroom,TRUE
rustic_525.jpg,Modern Minimalist,"light gray, white, black","wood, fabric, stone",well-lit with natural light from large windows and ceiling fan light,calm and serene,"bed, couch, nightstand, lamps, rug, artwork","comfortable and inviting space with central focus on bed, flanked by seating areas","The image showcases a modern minimalist bedroom design featuring clean lines, neutral color palette, natural lighting, comfortable bedding, and functional furniture.",Minimalist,Calm/Serene,Natural (Window),Bedroom,TRUE
rustic_526.jpg,Mid-Century Modern,"earth tones, woods and muted greys, neutral creams","dark wood paneling, rich velvets, leather accents","warm and ambient lighting from a combination of floor lamps, table lamps, and recessed ceiling lights.",cozy and inviting with an emphasis on comfort.,"large bed, wooden dresser, cushioned armchair, ceiling pendant light, framed landscape art","bedroom space is arranged around a central focal point, creating intimate seating areas.","The room features an elegant Mid-Century Modern design with a rich color palette, dark wood materials, and warm lighting. It creates a cozy and inviting atmosphere.",Modern,Warm/Cozy,Recessed,Bedroom,TRUE
rustic_533.jpg,Industrial,"brown, white, red","wood, metal, fabric",overhead fluorescent and ambient LED spot lighting,modern with a touch of rustic charm,"bunk beds, shelves, storage drawers, pillows",three bed spaces within a single room,"This is an industrial-style sleepover loft with individual bunk beds, providing a unique and cozy experience for guests.",Industrial,Modern/Sophisticated,Ambient/Soft,Bedroom,TRUE
rustic_536.jpg,Contemporary,"grayscale, light wood, navy","leather, wood, metal",Warm ambient lighting with accent lighting highlighting key design elements.,Luxurious and inviting.,"king-size bed, sofa, coffee table, chair, side tables",Open floor plan with central seating area and large windows allowing for natural light.,"This is a spacious master bedroom featuring a contemporary design style with warm lighting, luxurious materials, and an open layout that connects the space to the rest of the house.",Contemporary,Warm/Cozy,Ambient/Soft,Bedroom,TRUE
rustic_549.jpg,Modern Minimalist,"white, gray, blue","oak wood, linen, steel",natural soft light from large windows,calm and airy,"bed, nightstands, lamp, desk",open space with central seating area,"This room is designed in a minimalist style, utilizing natural light from large windows to create a calming atmosphere. The color palette consists of white and gray tones that contrast with the blue accents. Materials used include oak wood for warmth and linen textures for comfort. The room features a bed as the central piece, flanked by two nightstands, one with a lamp on top.",Minimalist,Calm/Serene,Natural (Window),Bedroom,TRUE
rustic_550.jpg,Modern Minimalist,"white, beige, light wood","wood, fabric, glass","warm and cozy, with natural soft light from large windows",calm and serene,"bed, chair, couch, fireplace, carpet",open space with central seating area,"This modern, minimalist bedroom offers a warm and inviting atmosphere with natural light from large windows. The room features a cozy fireplace, comfortable seating arrangement, and a serene color palette.",Minimalist,Calm/Serene,Natural (Window),Bedroom,TRUE
rustic_561.jpg,Scandinavian,"brown, white, wood","wooden paneling, stonework, metal","Natural light from windows and ceiling beams, with additional dimmable LED lighting.","Bright, warm, and cozy.","bookshelf, coffee table, sofa, floor lamp, bed","Open space with bed tucked into one corner, bookshelf along one wall, coffee table in the center, and a sofa facing it. Floor lamp provides ambient lighting.","Scandinavian design with natural wood accents, featuring an open-concept bedroom and living room.",Scandinavian,Warm/Cozy,Natural (Window),Bedroom,TRUE
rustic_571.jpg,Modern Minimalist,"white, gray, beige","wood paneling, linen upholstery, metal frames",Natural soft light from large windows,Calm and airy,"king-size bed, floor lamp, area rug, wall decor",Open space with central seating area and window overlooking a forest,"This modern bedroom features a minimalist design, characterized by white walls, gray upholstery, beige accents, and wood paneling. The room is filled with natural light from large windows that offer a picturesque view of the surrounding forest.",Minimalist,Calm/Serene,Natural (Window),Bedroom,TRUE
rustic_581.jpg,Modern Minimalist,"white, beige, grey","wood, fabric, metal",natural soft light from large windows and skylights,calm and airy,"bed, nightstand, chair, couch","open space with central seating area, surrounding by natural elements","A modern minimalist bedroom featuring a large bed as the centerpiece, flanked by a nightstand and a chair. The room is filled with natural light from windows and skylights, creating a calm and airy atmosphere.",Minimalist,Calm/Serene,Natural (Window),Bedroom,TRUE
rustic_60.jpg,Scandinavian,"white, beige, light wood","wood, leather, fabric",Natural soft light from large windows and ambient artificial lighting.,"Clean, bright, and airy.","sofa, coffee table, flat-screen TV, fireplace, throw pillows","Open space with central seating area, framed by large windows and a beam structure dividing the space into sections.","This is a modern, clean living room with an open floor plan. Large windows provide natural light that brightens up the space, creating a serene atmosphere. The design incorporates wood elements for warmth and texture, contrasted by sleek leather pieces that add luxury without being overwhelming.",Scandinavian,Modern/Sophisticated,Natural (Window),Bedroom,TRUE
rustic_600.jpg,Modern Minimalist,"white, beige, light wood","oak wood, linen, concrete",natural soft light from large windows and warm glow of lamps,calm and airy with rustic charm,"king-size bed, coffee table, floor lamp, sofa, armchair",open space with central seating area surrounded by windows,"The room's design showcases a modern minimalist style, characterized by neutral tones and oak wood accents. It is bathed in natural light from large windows, complemented by the warm glow of the lamps. The space is arranged to feel open and airy, with a central seating area for relaxation.",Minimalist,Calm/Serene,Natural (Window),Living Room,TRUE
rustic_608.jpg,Industrial Loft,"brown, white, blue","wood, metal, fabric",overhead recessed lighting with spotlight accents,rustic and cozy,"large wooden bedframe, sturdy ladder, industrial-style nightstands, wall-mounted sconces",open floor plan with center hallway leading to beds,"This space is a modern interpretation of traditional log cabin accommodations, blending industrial elements with rustic charm.",Industrial,Warm/Cozy,Recessed,Bedroom,TRUE
rustic_616.jpg,Modern Minimalist,"white, gray",oak wood,natural soft light from large windows,calm and airy,"sofa, coffee table, floor lamp, pillows",open space with central seating area,"This interior design showcases a modern minimalist style, featuring a neutral color palette and an open floor plan. The room is bright and airy due to the large windows offering a view of the mountains, and the oak wood adds warmth to the space.",Minimalist,Calm/Serene,Natural (Window),Bedroom,TRUE
rustic_624.jpg,Modern Minimalist,"white, gray, black","wood, fabric, metal","Warm and cozy, with soft natural light from large windows",Calm and inviting,"bed, nightstands, side table, lamp, chest of drawers",Spiral staircase leads up to loft bedroom with a windowed sitting area on the right side.,"A modern minimalist bedroom, featuring soft white linens, wooden furniture, and black accents, creating a warm and inviting atmosphere.",Minimalist,Calm/Serene,Natural (Window),Bedroom,TRUE
rustic_642.jpg,Rustic,"dark wood, red, white","wood, metal, fabric",natural soft light from large window,warm and cozy,"bed, nightstand, window, wooden ceiling beam",bed in center with flanking nightstands,"This bedroom has a rustic theme with wooden beams, a large window for natural light, and a warm palette of dark wood, red, and white.",Natural/Rustic,Warm/Cozy,Natural (Window),Bedroom,TRUE
rustic_651.jpg,Craftsman,"brown, beige, gray","stone, wood, steel",well-lit with natural light from windows and skylights,inviting and warm,"sofa, coffee table, chairs, bookshelf, plant","open floor plan with central living area, flanked by bedrooms and bathrooms","This Craftsman-style house features a stone facade with wood trim, wooden beams, and natural lighting throughout. Inside, the neutral color palette creates a warm atmosphere, enhanced by hardwood floors and classic furniture pieces.",Other,Warm/Cozy,Natural (Window),Bedroom,TRUE
rustic_673.jpg,Mountain Lodge,"earth tones, wooden browns, white","natural stone, wood paneling, cabin-style fabrics",recessed lighting with ambient glow from fireplace and windows,"cozy, warm, inviting","large stone fireplace, king size bed, mountain view window, wooden armoire, cabin-style chair",spacious room with large windows allowing for ample natural light and a view of the mountains,"A rustic mountain lodge-themed bedroom, featuring stone walls and a cozy fireplace in an open layout, perfect for relaxation and enjoying scenic views.",Other,Warm/Cozy,Recessed,Bedroom,TRUE
rustic_694.jpg,Rustic,"wood, beige, brown","wood paneling, stone fireplace, brass accents",Natural light from large windows and stone fireplace,Warm and cozy,"wooden dining table, sofa with throw pillows, chandelier, potted plant",Open space with central seating area near large windows,"A spacious, rustic living room and dining area that blends natural materials with comforting textures.",Natural/Rustic,Warm/Cozy,Natural (Window),Bedroom,TRUE
rustic_698.jpg,Scandinavian,"white, beige, light wood, blue","wood paneling on walls and ceiling, natural stone flooring, linen upholstery",The room has a mix of natural light from large windows and soft artificial lighting that complements the furniture placement.,"The overall mood is bright, airy, and inviting, with a focus on creating a serene space to relax.","sofa, coffee table, woven basket weave rug, floor lamp, throw pillows","The room has an open floor plan with a central seating area that includes a sofa facing large windows overlooking a body of water. The furniture arrangement is centered around the windows, creating a connection to the outdoors.","This modern Scandinavian living room features a warm and inviting color scheme with a mix of natural materials like wood and stone, creating an atmosphere that is both cozy and bright.",Scandinavian,Calm/Serene,Natural (Window),Bedroom,TRUE
rustic_7.jpg,Modern Minimalist,"white, beige, light wood","wood, fabric",natural soft light from large windows,calm and airy,"bed, bunk beds, table, chairs, storage units",open space with central seating area,"This image shows a modern, minimalist interior design of a room featuring bunk beds and a central seating area. The color palette is neutral with a mix of light wood tones and white. The main materials used are wood for the furniture and fabric for the bedding. Lighting comes from large windows allowing natural soft light to fill the space, contributing to the calm and airy mood of the room. Furnishings include beds, a table, chairs, and storage units.",Minimalist,Calm/Serene,Natural (Window),Living Room,TRUE
rustic_70.jpg,Modern Minimalist,"light wood, blue, white","oak wood, linen, steel",natural soft light from large windows,calm and airy,"bed, nightstand, lampshade, bookshelf",three beds in a row with open space between them,"The room is designed to be functional yet cozy, with a modern minimalist style that uses light wood and white tones for a calm atmosphere. A mix of natural linen and steel furniture complements the oak wood decor, creating a harmonious space that feels bright and open.",Minimalist,Calm/Serene,Natural (Window),Bedroom,TRUE
rustic_725.jpg,Modern Minimalist,"white, beige, light wood","oak wood, linen, concrete, steel","natural soft light from large windows, complemented by recessed lighting",calm and airy,"king-size bed, sofa, coffee table, area rug, floor lamp","spacious open living area with seating centered around coffee table, flanked by floor lamps for ambient lighting, and large windows offering mountain views.","This bedroom offers a modern minimalist design with clean lines, natural wood accents, and soft neutral colors. The space features a king-size bed, a sofa for relaxation, and ample lighting from both recessed lighting fixtures and the natural light streaming in through the windows.",Minimalist,Calm/Serene,Natural (Window),Bedroom,TRUE
rustic_731.jpg,Scandinavian,"white, beige, light wood","oak wood, linen, concrete, steel",natural soft light from large windows,calm and airy,"sofa, coffee table, plant, floor lamp, pillows",open space with central seating area,"This room embodies a Scandinavian design, characterized by its neutral color palette and natural materials. The large windows let in soft light, creating a calm and airy atmosphere. A sofa anchors the open layout, surrounded by functional furniture like a coffee table and floor lamp, all complemented by decorative elements such as a plant and throw pillows.",Scandinavian,Calm/Serene,Natural (Window),Bedroom,TRUE
rustic_733.jpg,Modern,"white, wood accent","wood, linen, leather",soft and warm ambient lighting with subtle spotlighting highlighting key elements,luxurious and comfortable,"king-size bed, large wall art, wooden dresser, floor lamp, decorative pillows",open floor plan with a central sitting area,"This modern room features a king-size bed, wooden accents, and soft lighting that creates a luxurious and comfortable atmosphere.",Modern,Warm/Cozy,Ambient/Soft,Bedroom,TRUE
rustic_746.jpg,Scandinavian,"white, gray, wood","wood, linen, metal",soft and natural light from wall-mounted sconces and skylights,calm and serene,"bed, sofa, coffee table, side tables, rug, floor lamp",open floor plan with bed as focal point surrounded by seating areas,"This is a spacious, modern Scandinavian-style room featuring a four-poster bed at the center, flanked by a sofa and coffee table on either side. The material palette includes wood, linen, and metal accents. Soft lighting from wall sconces and skylights creates a calm and serene atmosphere.",Scandinavian,Calm/Serene,Natural,Bedroom,TRUE
rustic_762.jpg,Scandinavian,"white, beige, gray","wood, fabric, metal",natural soft light from large windows,calm and airy,"bed, nightstand, floor lamp, pillows, blanket",open space with central seating area,"This is a Scandinavian-style bedroom with a large bed, nightstands on either side, and a floor lamp providing natural soft light. The color palette consists of white, beige, and gray tones, with wood materials complemented by fabric and metal accents.",Scandinavian,Calm/Serene,Natural (Window),Bedroom,TRUE
rustic_766.jpg,Modern Minimalist,"white, beige, light wood","stone, wood, leather",natural soft light from large windows,calm and airy,"sofa, coffee table, plant, floor lamp, vase, pillows, rugs, fireplace",open space with central seating area,"The living room features a modern minimalist design with light wood and stone accents. Large windows allow natural soft light to fill the space, creating a calm and airy atmosphere. The furniture includes a comfortable sofa, a cozy coffee table, a plant for freshness, a floor lamp for reading, and a fireplace for warmth. A vase adds a touch of elegance, pillows provide comfort, and rugs add texture to the room.",Minimalist,Calm/Serene,Natural (Window),Bedroom,TRUE
rustic_807.jpg,Modern Minimalist,"beige, white, gray","stone, wood, steel","Natural light from large windows, complemented by recessed lighting and wall sconces.",Calm and airy with a touch of luxury.,"sofa, coffee table, plant, floor lamp, area rug","Open space with central seating area, flanked by a home office or guest bedroom to the right.","This two-story house features a modern minimalist design with clean lines and simple furnishings, utilizing natural materials like stone, wood, and steel. The color palette is neutral with beige, white, and gray accents. The space is lit by natural light from large windows, supplemented by recessed lighting and wall sconces that provide a warm ambiance. The mood of the house is calm and airy, with an element of luxury evident in the choice of materials and furnishings. On the first floor, there's a central seating area surrounded by various pieces of furniture, including a sofa, coffee table, plant, and floor lamp. To the right of this space is either a home office or guest bedroom. The second story features three bedrooms with one at the front and two to the rear.",Minimalist,Calm/Serene,Natural (Window),Bedroom,TRUE
rustic_82.jpg,Scandinavian,"light blue, white, green","wood, fabric, plaster",Natural soft light from large windows,Calm and serene,"bed, side table, lamp, pillow",Open space with central seating area,"A cozy and inviting bedroom with a Scandinavian design that features light wood, white linens, green accents, and large windows allowing natural light to fill the room.",Scandinavian,Calm/Serene,Natural (Window),Bedroom,TRUE
rustic_825.jpg,Modern Minimalist,"white, beige, light wood","wood paneling, linen, steel",well-lit with recessed lighting and a ceiling fan,calm and airy,"bed, nightstand, bunk beds, window",open space design with the two sets of bunk beds arranged for maximum efficiency,"A modern, minimalist camper van interior designed with a calming and airy atmosphere. The white color palette is complemented by light wood paneling on the walls and ceiling, creating an open feel. Recessed lighting provides ample illumination, while steel accents add a contemporary touch.",Minimalist,Calm/Serene,Recessed,Bedroom,TRUE
rustic_829.jpg,Modern Minimalist,"white, beige, dark wood","oak wood, linen, concrete",natural soft light from large windows,warm and cozy,"sofa, coffee table, plant, floor lamp",open space with central seating area and lofted bedroom above,"Modern minimalist living room with oak wood accents, open floor plan, and a cozy atmosphere.",Minimalist,Warm/Cozy,Natural (Window),Bedroom,TRUE
rustic_84.jpg,Modern Minimalist,"beige, light wood, gray","oak wood, marble, stainless steel",natural soft light from large windows and recessed ceiling lights,calm and airy,"center island, sofa with pillows, large dining table, chairs, potted plant",open space with central seating area,"This kitchen is a modern minimalist design featuring beige tones, natural wood accents, and an open layout. The space includes a large island for casual dining and cooking, along with a sofa and chairs creating a cozy seating area in the center of the room. The marble countertops add a touch of luxury, while recessed lighting provides soft illumination throughout the space.",Minimalist,Calm/Serene,Natural (Window),Bedroom,TRUE
rustic_842.jpg,Modern Minimalist,"gray, white, black","linen, leather, wood, metal",natural soft light from large windows,calm and serene,"headboard with wooden frame, gray upholstered bed, two nightstands, white lamps, blue throw blanket","spacious room with centered king-size bed, two nightstands flanking the bed","This modern minimalist bedroom features a king-size bed in a gray upholstered frame with wooden headboard, a blue throw blanket, and is decorated with white linens on gray fabric bedding. The room has two nightstands with white lamps on either side of the bed, creating symmetry and balance. Natural light from large windows contributes to the calm and serene mood of the space.",Minimalist,Calm/Serene,Natural (Window),Bedroom,TRUE
rustic_846.jpg,Modern Minimalist,"dark brown, white, light wood","wood, metal, fabric","warm and cozy, with soft ambient light from interior lights",comfortable and inviting,"couch, coffee table, dining table, kitchen island, chairs, plant","open space with central seating area, flanked by functional spaces for cooking and sleeping","A modern cabin with a simple yet functional design, featuring wood-paneled walls, a cozy living room section, kitchen island with bar stools, and a private bedroom area.",Minimalist,Warm/Cozy,Ambient/Soft,Bedroom,TRUE
rustic_852.jpg,Modern Minimalist,"white, light blue, gray","fabric, wood, glass",natural soft light from large windows,calm and airy,"beige sofa with two throw pillows, blue striped armchair, small white shelf, large abstract painting on wall, modern white floor lamp",space is arranged around a central seating area,"This living room has a clean and modern design with minimalistic elements, featuring a beige sofa, blue armchair, shelf, abstract painting on wall, and a floor lamp for lighting.",Minimalist,Calm/Serene,Natural (Window),Bedroom,TRUE
rustic_857.jpg,Industrial Loft,"beige, rustic brown, neutral gray","wooden beams, metal studs, rough textured walls",natural and ambient light from overhead windows,edgy and rustic,"loft beds with wooden headboards, vintage-style wooden bed frames, wooden slat headboard, floor lamps",split level with loft sleeping area above ground floor living space,"This image depicts an Industrial Loft-style room featuring high wooden beams, metal studs on the walls, a split-level layout with two loft beds upstairs, and warm neutral tones.",Industrial,Other,Natural (Window),Bedroom,TRUE
rustic_859.jpg,Modern,"white, wood, gray","cedar paneling, marble, stainless steel",natural light from large windows and pendant lights,warm and inviting,"bathtub with shower head, sink vanity, large mirror, towel rack, framed artwork",open concept with walk-through bathroom to bedroom,"A modern and spacious bathroom with a warm and inviting atmosphere, featuring natural lighting, wood accents, and high-quality materials.",Modern,Warm/Cozy,Natural (Window),Bedroom,TRUE
rustic_865.jpg,Scandinavian,"light wood, white, gray","pine wood, linen, felt",natural soft light from large windows,calm and airy,"wooden bunk beds, wooden nightstands, stuffed animal on top bunk bed, wool blanket, plant",organized and functional space with three bunk beds aligned along one wall,A cozy Scandinavian-style room featuring wooden furniture and a mix of natural textures for a relaxing atmosphere.,Scandinavian,Calm/Serene,Natural (Window),Bedroom,TRUE
rustic_874.jpg,Mountain Lodge,"wood brown, white, green","stone veneer exterior wall, driftwood interior accents, leather upholstery",warm and ambient with a mix of natural light and dimmable LED lighting,"inviting, rustic, cozy","sofa seating area, wooden coffee table, mountain landscape artwork, stone fireplace, metal chandelier",open-plan with a central living space and adjacent bedroom wings,"This mountain lodge exudes warmth and rustic charm, featuring stone construction, natural materials, and a cozy layout with a central seating area and adjacent bedroom wings.",Other,Warm/Cozy,Natural,Bedroom,TRUE
rustic_883.jpg,Modern Rustic,"white, beige, light wood","wood paneling, linen, metal handles",warm and soft lighting from windows and recessed ceiling lights,cozy and inviting,"bed, nightstand, chair, rug, lampshade","space divided by walls into separate sleeping area with bed, and adjacent sitting area with chair and rug",The room combines modern design elements with rustic touches to create a comfortable and inviting space.,Modern,Warm/Cozy,Recessed,Bedroom,TRUE
rustic_890.jpg,Modern Minimalist,"white, navy blue, orange accent","wool, wood, metal, leather",Natural light coming from large windows and ceiling lamp,Calm and cozy,"bed, love sign, pillows, blanket, artwork","Bedroom with bed as focal point, artwork on wall above bed","Modern minimalist bedroom with a navy blue blanket and orange accent pillows, love sign above bed, wool throw blanket, wooden frame headboard, metal ceiling lamp, and large windows for natural light.",Minimalist,Calm/Serene,Natural (Window),Bedroom,TRUE
rustic_894.jpg,Modern,"brown, gray, white","wood, fabric, metal",natural light from windows with black-out curtains and ambient track lighting,comfortable and contemporary,"bed, nightstand, storage shelving, window seat",open concept with separate sleeping areas,"The interior design showcases a modern style, featuring dark wood accents on the cabinets and floor, neutral grays for color, and natural light coming through the windows. The space is designed for comfort and functionality, with each bed area having its own storage for personal items.",Modern,Warm/Cozy,Natural (Window),Bedroom,TRUE
rustic_914.jpg,Rustic Cabin,"brown, red, beige","wood, leather, metal",warm and cozy with rustic wooden beams on ceiling and lanterns,rustic and cozy,"bunk beds, couches, coffee table, fireplace","long open space with central fireplace, flanked by couches on either side leading to bunk beds in the back",This cabin-themed room features a mix of rustic materials and furniture that create a cozy retreat for guests.,Natural/Rustic,Warm/Cozy,Mixed/Other,Living Room,TRUE
rustic_927.jpg,Modern Minimalist,"white, light wood, grey","oak wood, linen, steel",natural soft light from large windows and a single ceiling lamp,calm and airy,"bed, nightstand, sofa, armchair, floor lamp, plant","open space with central seating area, bed in a corner for privacy","This modern minimalist bedroom features natural light, a neutral color palette, and simple furniture to create a serene atmosphere.",Minimalist,Calm/Serene,Natural (Window),Bedroom,TRUE
rustic_941.jpg,Modern Minimalist,"dark wood, light grey, natural olive","wood paneling, leather upholstery, stone tiles",warm ambient lighting from recessed lights,calm and serene,"bed, nightstands, floor lamp, plant, small table",small sleeping area with a wood frame bed at the center of the space,"This is an image of a modern minimalist bedroom design featuring dark wood paneling, a leather upholstered bed, and warm ambient lighting. The room has a small table next to the bed for a personal item storage area, and a plant adds a touch of greenery. The space layout emphasizes a central sleeping area.",Minimalist,Calm/Serene,Recessed,Bedroom,TRUE
rustic_952.jpg,Modern Minimalist,"dark brown, light grey, green","wood, fabric, metal",natural soft light from large windows,calm and airy,"loft bunk bed, modern wooden stairs, rustic wooden bench, mountain mural on wall",spacious open area with central seating and sleeping areas,"This cozy modern loft bedroom features a mountain mural, bunk beds, and minimalistic design with wood elements.",Minimalist,Calm/Serene,Natural (Window),Bedroom,TRUE
rustic_953.jpg,Industrial Loft,"black, white, wood","wood paneling, metal pipes, leather",reclaimed wood beam accents and black metal spot lighting,rustic yet luxurious,"wooden bed with white fur throw, large cowhide rug, brass and glass chandelier, black leather chair, antler decor","bed on raised platform with built-in bookshelf behind it, sitting area under window to left",This room blends industrial materials with a rustic aesthetic for a unique and cozy retreat.,Industrial,Luxurious/Elegant,Mixed/Other,Bedroom,TRUE
rustic_961.jpg,Modern,"dark brown, cream, gray","wood, leather, fabric, metal",dimmable recessed lighting and ambient accent lights,comfortable and sophisticated,"wall-mounted flat screen TV, sectional sofa with throw pillows, coffee table with remote controls, floor lamp near the sectional sofa, framed artwork on the wall",rectangular room with seating area centered around television,"The living room is designed in a contemporary style, featuring leather furniture and neutral tones. The space is illuminated by recessed lighting and ambient accent lights that create a comfortable and sophisticated atmosphere.",Modern,Warm/Cozy,Recessed,Bedroom,TRUE
rustic_977.jpg,Mountain Lodge,"earth tones, brown, gold","wood, stone, leather","warm and inviting, with low ceiling lights",cozy and rustic,"king-size bed, wooden armoire, stuffed bear, area rug, floor lamp","split-level design with lower level featuring a king-size bed, upper level offering seating area","This is a cabin-themed bedroom that combines rustic elements with comfort. The space features wooden floors and walls, along with leather furniture. The warm lighting creates a cozy atmosphere. The design focuses on using earth tones and natural materials to convey a sense of being close to nature.",Other,Warm/Cozy,Mixed/Other,Bedroom,TRUE
rustic_986.jpg,Rustic Industrial,"warm brown, white, black","wood panels, metal hardware, leather, burlap",mixed warm and cool light from track lights,cozy and rugged,"hat rack with hats on top, wooden coat hangers, worn leather saddle bag, dresser with metal handles","corridor-style closet with wooden walls, shelving and hooks for hanging items","A rustic industrial style closet with a cozy, rugged atmosphere featuring wood paneling, leather accents, and mixed lighting. The space features shelving and hooks for storage and display of various accessories.",Industrial,Warm/Cozy,Mixed/Other,Bedroom,TRUE
scandinavian_10.jpg,Scandinavian,"light wood, white, dark blue","cedar siding, wooden ceiling beams, glazing",natural soft light from large windows,warm and cozy,"sofa, coffee table, plant, floor lamp, bookshelf, throw blanket, dining table","open space with central seating area, flanked by dining area and bedrooms on sides.","A Scandinavian-style cabin with a light wood palette, featuring wooden siding, wooden ceiling beams, and large windows allowing natural light to fill the space. The interior is warm and cozy, with a comfortable sofa for seating, a coffee table for drinks and snacks, a plant adding life, a floor lamp for ambient lighting, and a bookshelf full of books. Adjacent to the living area is a dining space with a table and chairs for meals, surrounded by windows that offer views of the forest beyond. The bedrooms on either side of the cabin provide privacy while maintaining the open feeling of the main space.",Scandinavian,Warm/Cozy,Natural (Window),Bedroom,TRUE
scandinavian_101.jpg,Modern Minimalist,"beige, light wood, gray","wood, linen, leather","natural light from large windows, complemented by ambient and accent lighting",calm and serene,"queen-size bed, nightstand with lamp, artwork on wall, floor rug",open space with central seating area created by two beds positioned back to back,"This modern, minimalist hotel room features a warm beige color palette, with natural lighting creating a serene atmosphere.",Minimalist,Calm/Serene,Natural (Window),Bedroom,TRUE
scandinavian_103.jpg,Scandinavian,"white, beige, light wood","wood, linen, wicker, brass",natural soft light from large windows and floor lamp,calm and airy,"sofa, coffee table, plant, floor lamp, bed, nightstands, rug",open space with central seating area around a large window and bed at the end of the room,"A bright and clean Scandinavian-style bedroom with natural wood tones, linen textures, wicker accents, and a minimalist design.",Scandinavian,Calm/Serene,Natural (Window),Bedroom,TRUE
scandinavian_115.jpg,Scandinavian,"white, beige, light wood","wood, linen, metal",natural soft light from large windows,calm and airy,"bed, nightstand, mirror, woven artwork, coffee table, floor lamp",open space with central seating area,"This room is a modern, minimalist Scandinavian-style bedroom. The color palette includes white, beige, and light wood, creating a calm and airy atmosphere. Materials used include wood for the furniture, linen for bedding, and metal for fixtures such as lamps and the coffee table. Natural soft light from the large windows illuminates the room, contributing to its open layout with a central seating area.",Scandinavian,Calm/Serene,Natural (Window),Bedroom,TRUE
scandinavian_118.jpg,Scandinavian,"white, beige, light wood","wood, fabric, plastic",natural soft light from large windows,warm and cozy,"bed, bookshelf, chair, plant","small bedroom with compact layout, focusing on functionality and comfort","The room has a simple Scandinavian design featuring light wood tones, natural light from the windows, and a cozy atmosphere with a small bed, bookshelf, chair, and plant.",Scandinavian,Warm/Cozy,Natural (Window),Bedroom,TRUE
scandinavian_130.jpg,Scandinavian,"white, beige, natural wood","oak wood, linen, glass",bright and natural light coming from large windows,calm and serene,"bed, nightstand, plant, floor lamp","open space with a bed in the center of the room, framed by large windows on two sides",This is a modern Scandinavian-style room featuring natural wood accents and a minimalist design that emphasizes lightness and simplicity.,Scandinavian,Calm/Serene,Natural (Window),Bedroom,TRUE
scandinavian_135.jpg,Modern Minimalist,"black, white, wood","wood, glass, fabric",modern and bright with LED lighting,inviting and festive,"bookshelf, gifts, pillow, plant, garland",open shelving with decorative items on top,"The space is a modern, minimalist interior with a focus on simplicity and functionality. The color palette consists of black, white, and wood accents, creating a clean and refreshing environment. Natural materials like wood are complemented by glass and fabric elements to add warmth and texture. LED lighting illuminates the space brightly, contributing to an inviting atmosphere. This area features open shelving where decorative items like gifts, pillows, garland, and a plant are displayed on top.",Minimalist,Warm/Cozy,Bright,Bedroom,TRUE
scandinavian_136.jpg,Scandinavian,"white, gray, wood","wood, fabric, glass",natural soft light from large windows,calm and airy,"bed, nightstand, curtains, framed artwork",open space with central seating area,"A modern Scandinavian bedroom featuring a large bed with minimalist design elements, complemented by natural light and clean lines.",Scandinavian,Calm/Serene,Natural (Window),Bedroom,TRUE
scandinavian_137.jpg,Scandinavian,"white, blue, brown","wood, fabric, glass",bright and natural light from the windows,calm and serene,"bed, chair, shelves, plant","open space with a central bedroom area, surrounded by built-in shelving","A bright and airy Scandinavian bedroom featuring white walls, blue bedding, wooden furniture, natural light from the windows, and a cozy seating area.",Scandinavian,Calm/Serene,Natural (Window),Bedroom,TRUE
scandinavian_152.jpg,Modern Minimalist,"white, navy blue, gray","concrete, wood veneer paneling, brass",natural soft light from large windows with blackout shades,calm and airy,"daybed with built-in bookshelves, modern armchair, abstract painting, minimalist coffee table","open space with central seating area around daybed, flanked by storage and nightstands","A modern minimalist bedroom featuring a concrete floor, built-in bookshelves on the daybed, and soft lighting from large windows.",Minimalist,Calm/Serene,Natural (Window),Bedroom,TRUE
scandinavian_165.jpg,Scandinavian,"white, blue, wood accents","wood paneling on walls, linen drapes, natural stone floor",natural soft light from large windows,cozy and inviting,"white canopy bed with wooden frame, white nightstands, yellow striped pillows, wooden rocking chair, floral wall hanging",spacious room with a central seating area and cozy corners,"This Scandinavian-style bedroom features a white canopy bed with a wooden frame, natural wood accents throughout the space, soft linen drapes, a large window for plenty of natural light, and a rocking chair for relaxation.",Scandinavian,Warm/Cozy,Natural (Window),Bedroom,TRUE
scandinavian_17.jpg,Scandinavian,"white, gray, wood","wood, linen, metal, fabric",bright and natural sunlight entering through large windows and sliding glass doors,calm and airy,"bed, nightstands, floor lamp, sofa, area rug, framed artwork",open space with central bedroom area adjacent to living room/balcony,"This is a well-lit Scandinavian-style bedroom featuring light wood furniture and linen accents, providing a calm and airy atmosphere.",Scandinavian,Calm/Serene,Natural (Window),Bedroom,TRUE
scandinavian_180.jpg,Modern Minimalist,"white, beige, gray","fabric, wood, metal",balanced natural and artificial light from ceiling lights,modern and relaxed,"bed, seating area, side table with shelves, floor lamp",space arranged for functionality with room to move around,"The bedroom design incorporates a minimalist aesthetic, featuring a large bed as the focal point with simple and clean lines. The neutral color palette creates a calm atmosphere, complemented by natural lighting that enhances the modern feel of the space.",Minimalist,Modern/Sophisticated,Natural,Bedroom,TRUE
scandinavian_214.jpg,Modern Minimalist,"white, beige, light wood","oak wood, linen, concrete",natural soft light from large windows,calm and airy,"bunk bed, wooden headboard, fairy lights, blanket",space with bunk bed and fairy lights above the top bunk,"The room's design is minimalistic, featuring a wooden bunk bed under soft lighting with an airy feel to it. The colors are light and natural, creating a cozy atmosphere.",Minimalist,Calm/Serene,Natural (Window),Bedroom,TRUE
scandinavian_228.jpg,Modern,"black, white, light gray","brass, glass, marble","recessed and recessed lighting, with soft natural light from a large window",spacious and clean,"round mirror above sink, black freestanding tub, white vanity cabinet, sleek towel rack","open floor plan with no dividing walls, creating a seamless flow from bathroom into bedroom/closet area","This modern bathroom design features a monochromatic color scheme with natural elements like marble and brass. The space is illuminated by recessed lighting and soft natural light, creating a spacious and clean atmosphere.",Modern,Modern/Sophisticated,Natural (Window),Bedroom,TRUE
scandinavian_23.jpg,Modern Minimalist,"white, black, gray","linen, cotton, wood","warm and inviting, with natural light coming in from a window",calm and serene,"king size bed, nightstand, large mirror, decorative pillows","modern, clean lines with space to breathe","The room features a king-size bed adorned with white linens and fluffy fur throw. The color palette is neutral with touches of black, gray, and wood tones. The large mirror above the bed enhances the spaciousness of the room, while the nightstand holds personal items. A decorative pillow adds a pop of color to the overall minimalist design.",Minimalist,Calm/Serene,Natural (Window),Bedroom,TRUE
scandinavian_242.jpg,Scandinavian,"white, wood, blue","wood, cotton, linen",natural light from large windows,bright and airy,"bed, nightstand, shelves, stairs",modular with open space,"A minimalist bedroom design with a Scandinavian influence, featuring wooden furniture and neutral colors.",Scandinavian,Bright/Airy,Natural (Window),Bedroom,TRUE
scandinavian_25.jpg,Modern Minimalist,"white, wood, gray","oak wood, linen, concrete",bright and airy with natural light from two large windows,calm and serene,"bed, dresser, table lamp, plant, floor rug",open space with central sleep area,"A modern minimalist bedroom with a calm and airy vibe, featuring oak wood furniture, linen sheets, concrete accents, natural light from windows, and a plant for a touch of greenery.",Minimalist,Calm/Serene,Natural (Window),Bedroom,TRUE
scandinavian_254.jpg,Scandinavian,"white, gray, wood","wood, fabric, glass","Natural light from large windows, supplemented by ceiling lights.",Calm and airy.,"bed, chair, coffee table, side tables, shelves","Open space with bed facing a window, flanked by nightstands. Chair in corner of room.",A serene and inviting Scandinavian-style bedroom featuring natural materials and soft colors.,Scandinavian,Calm/Serene,Natural (Window),Bedroom,TRUE
scandinavian_257.jpg,Modern Minimalist,"beige, light wood, gray","wood, linen, glass","natural soft light from large windows, enhanced by modern pendant lights.",calm and airy,"bed, nightstand, floor lamp, plant, wall art",open space with central seating area under arched ceiling.,"This modern minimalist bedroom features a beige color palette, wood accents, and natural light from large windows. The room is furnished with a bed, nightstand, floor lamp, plant, and wall art.",Minimalist,Calm/Serene,Natural (Window),Bedroom,TRUE
scandinavian_260.jpg,Modern Minimalist,"beige, white, green accent","linen, natural wood, concrete",bright and airy with natural light,calm and serene,"bed, potted plant, floor lamp, blanket",simplistic open space design,"This minimalist bedroom features a beige color palette, concrete walls, and modern furniture for a bright and serene atmosphere.",Minimalist,Calm/Serene,Natural,Bedroom,TRUE
scandinavian_272.jpg,Modern Minimalist,"gray, white, brown","wood, fabric, leather",ambient light from overhead fixture and natural light from a window,calm and peaceful,"bed, dresser, chair, nightstand",a spacious bedroom with a comfortable sitting area in front of the bed,"This modern minimalist room features a neutral color palette and carefully chosen materials, creating a serene and welcoming atmosphere.",Minimalist,Calm/Serene,Natural (Window),Bedroom,TRUE
scandinavian_279.jpg,Minimalist,"white, beige, light wood","wood, linen, metal",natural soft light from large windows,calm and airy,"bed, nightstand, lamp, chair",open space with central seating area,"This is a clean, modern bedroom that uses neutral colors and simple, functional furnishings to create a serene atmosphere.",Minimalist,Calm/Serene,Natural (Window),Bedroom,TRUE
scandinavian_280.jpg,Scandinavian,"beige, light brown, white","linen, wood, marble",Natural soft light from large windows.,"Clean, minimalist, and cozy.","bed with white linens and two pillows, two-toned wooden bed frame, white shade floor lamp, small round wooden table, plant in a light wood pot","Space is well organized, with a bed at the center of a large open area.",A clean and minimalist Scandinavian-style bedroom with natural lighting that creates a calm and cozy atmosphere.,Scandinavian,Warm/Cozy,Natural (Window),Bedroom,TRUE
scandinavian_281.jpg,Scandinavian,"gray, white, light wood","wood, linen, glass",natural soft light from large windows,calm and airy,"bed, sofa, floor lamp, plant, coffee table",open space with central seating area,"This is a serene Scandinavian-style bedroom featuring a large bed, wooden furniture, and soft lighting.",Scandinavian,Calm/Serene,Natural (Window),Bedroom,TRUE
scandinavian_294.jpg,Modern Minimalist,"white, black, grey","wood, leather, metal",natural light from large windows,clean and serene,"bed, nightstand, chair, plant",open space with central seating area,"A modern, minimalist bedroom design featuring a black metal frame bed on a hardwood floor next to a large window.",Minimalist,Calm/Serene,Natural (Window),Bedroom,TRUE
scandinavian_302.jpg,Modern Minimalist,"white, beige, light wood","wood, fabric","bright and natural, with a focus on the large windows",calm and relaxing,"bed, shelving unit, chair",open space with bedroom area connected to cabinet/storage area,"The room has a modern minimalist design, featuring light wood elements, white and beige color scheme, and natural bright lighting from the large windows. The furniture includes a bed in one area and a shelving unit for storage. The overall mood of the space is calm and relaxing.",Minimalist,Calm/Serene,Natural (Window),Bedroom,TRUE
scandinavian_308.jpg,Modern Minimalist,"white, beige, gray","concrete, wood, metal",natural soft light from large windows and skylight above the bed,"clean, bright, serene","bed with wood headboard, narrow nightstands on either side of the bed, large abstract artwork above the bed, blue armchair in front of windows",open space layout with a long window bench for seating at one end and a bedroom area at the other,"A modern, minimalist living space that combines concrete walls with wooden accents and large windows to create a bright, serene atmosphere.",Minimalist,Calm/Serene,Natural (Window),Bedroom,TRUE
scandinavian_317.jpg,Modern Minimalist,"white, beige, light wood","wood, cotton, steel",natural soft light from large windows,calm and airy,"bed, nightstand, lamp, plant","simple, clean lines with a focus on open space","This bedroom features a modern minimalist design with a light color palette, predominantly white and beige. The room includes wood elements for warmth, steel accents for structure, and cotton textiles for comfort. Large windows allow natural light to flood the space, creating an airy atmosphere. A single bed sits on a wooden frame, and a nightstand holds a lamp with a white shade. A plant adds a touch of greenery, contributing to the overall feeling of calmness.",Minimalist,Calm/Serene,Natural (Window),Bedroom,TRUE
scandinavian_319.jpg,Modern Minimalist,"grey, white, orange","wood, fabric, leather",natural soft light from large windows,calm and airy,"bed, headboard, nightstands, large window, ruffled bedding",open space with central seating area,"A modern minimalist hotel room with a calm and airy atmosphere, featuring a large bed on a wooden headboard, nightstands with fabric bedding.",Minimalist,Calm/Serene,Natural (Window),Bedroom,TRUE
scandinavian_32.jpg,Modern Minimalist,"white, bright yellow, teal accent","light wood, fabric, steel, acrylic",natural soft light from large windows,bright and energetic,"bed, desk, chair, shelves, bookcase, coffee table, purple rug",modular with open space in the center of room,"A modern, minimalist bedroom with a bright color scheme and a layout that promotes an open, airy feeling.",Minimalist,Bright/Airy,Natural (Window),Bedroom,TRUE
scandinavian_328.jpg,Modern Minimalist,"white, grey, black","leather, wood, metal",natural soft light from large windows,modern and serene,"bed, table lamp, armchair, large artwork",space divided into two equal areas,"The room is designed in a modern minimalist style, with clean lines and a monochromatic color palette. The space features large windows that allow natural light to fill the room, creating a serene atmosphere. The bed is dressed in linens in shades of white and grey, while the armchair adds a touch of comfort with its leather upholstery. A table lamp provides additional lighting when needed, and the large artwork serves as a focal point on one wall.",Minimalist,Calm/Serene,Natural (Window),Bedroom,TRUE
scandinavian_332.jpg,Modern Minimalist,"white, light wood, navy","wood, linen, steel",natural soft light from large windows and ceiling lights,calm and airy,"wood bed frame, white duvet, blue throw pillows, nightstand, floor lamp",open space with central seating area,"A simple, modern bedroom with minimal decoration, featuring a wood-framed bed, linen and steel materials, and natural light from large windows.",Minimalist,Calm/Serene,Natural (Window),Bedroom,TRUE
scandinavian_340.jpg,Modern Minimalist,"white, light gray, beige","wood, linen, wool",natural soft light from large windows and wall sconces,calm and airy,"queen-size bed, nightstand, plant, floor lamp",open space with central seating area,"A modern minimalist hotel room featuring a serene color palette, natural materials, soft lighting and well-curated decor.",Minimalist,Calm/Serene,Natural (Window),Bedroom,TRUE
scandinavian_386.jpg,Modern,"white, beige, black","wood, linen, metal",Natural soft light from large windows and recessed ceiling lights.,Bright and airy,"Platform bed, Mid-century modern armchair, Minimalist desk, Modern floor lamp, Rustic wood console table",Spacious open space with a large bed in the center and modern furnishings around it.,"This room combines modern design elements with a bright and airy atmosphere, featuring natural light from large windows that provide a stunning view of the outdoors.",Modern,Bright/Airy,Natural (Window),Bedroom,TRUE
scandinavian_389.jpg,Scandinavian,"dark teal, white, light gray","wood, linen, brass",natural soft light from large windows,calm and airy,"bed with white linens, wooden headboard, floor lamp, small sofa, white bedside table, potted plant",open space with central seating area around the fireplace,"This interior design presents a clean, minimalist Scandinavian style, with soft and natural colors. The room features light wood elements and a linen color palette, contributing to a calm and airy atmosphere. A small sofa and bedside table sit around the fireplace, which acts as a central focal point in the open space.",Scandinavian,Calm/Serene,Natural (Window),Bedroom,TRUE
scandinavian_395.jpg,Modern,"white, black, neutral","wood, leather, metal",Natural light from large windows.,Calm and modern,"sofa, coffee table, lamp, rugs, pillows",Open concept with central seating area.,"This is a modern living room featuring a neutral color palette, wood and leather materials, natural light from windows, and an open floor plan. The furniture includes a sofa, coffee table, lamp, rugs, and pillows.",Modern,Calm/Serene,Natural (Window),Bedroom,TRUE
scandinavian_399.jpg,Scandinavian,"white, wood tones, blue accents","tiles, oak wood, glass",natural light from window,calm and serene,"shower with glass door, vanity sink with mirror above, walk-in shower with curved wall, wood framed glass door, matte black faucet",small room layout with open doorway to bedroom,"This bathroom is styled in a clean, modern Scandinavian design with natural lighting and minimalistic color palette. The shower is the central feature of this space, which also includes a vanity sink and a walk-in shower.",Scandinavian,Calm/Serene,Natural (Window),Bedroom,TRUE
scandinavian_40.jpg,Scandinavian,"white, orange, grey","wood, linen, metal",sunlit and bright,modern and clean,"bed, desk, bookshelf, lamp","small, efficient space with bed in corner","A small room with a bed, desk, bookshelf, lamp, and orange blanket on the bed. The design is Scandinavian with minimalist style.",Scandinavian,Modern/Sophisticated,Bright,Bedroom,TRUE
scandinavian_421.jpg,Modern Minimalist,"white, beige, light wood","oak wood, linen, concrete",natural soft light from large windows,calm and airy,"bunk beds, white bedding, pink desk and chair, bookshelves with knick-knacks, wooden storage boxes underneath desk","small multi-functional room with lofted bunk beds above desk area, creating a sense of openness.","This minimalist bedroom features modern furnishings and decor, including wood accents and concrete elements. The large windows allow for natural light to fill the space, while the bunk beds offer both sleeping quarters and a cozy seating area. The pink desk and chair provide a pop of color against the otherwise neutral tones, and the bookshelves with knick-knacks add a personal touch to the room.",Minimalist,Calm/Serene,Natural (Window),Bedroom,TRUE
scandinavian_424.jpg,Modern Minimalist,"black, white, gold","steel, concrete, linen","recessed and track lighting, creating a clean and sleek look",calm and elegant,"bed with geometric headboard, round wall art, square pendant lights, round mirror, large window",long narrow space with a view to the outside,"This is a modern minimalist bedroom with clean lines and monochromatic color scheme, featuring a geometric headboard, round wall art, square pendant lights, large window for views.",Minimalist,Calm/Serene,Recessed,Bedroom,TRUE
scandinavian_43.jpg,Scandinavian,"white, light gray, wooden tones","natural wood, textile, leather",dimmable floor lamps and overhead lighting with adjustable color temperature,calm and inviting,"bed, wardrobe with mirror, plants, storage unit","open space with bed in corner, wardrobe adjacent to it, plants against wall, and storage unit along opposite wall","This modern bedroom incorporates Scandinavian design principles with a calming color palette of whites and light tones, natural materials like wood and linen, and a minimalist layout that maximizes open space.",Scandinavian,Calm/Serene,Ambient/Soft,Bedroom,TRUE
scandinavian_46.jpg,Scandinavian,"white, gray, green","wood, fabric, glass",natural soft light from large windows,calm and airy,"sofa, coffee table, plant, floor lamp, bookcase, pillow","open space with central seating area, flanked by bookcases on either side","This is a modern Scandinavian-style living room featuring a neutral color palette of white, gray, and green. The space is illuminated by soft natural light streaming in from the large windows, creating a calm and airy atmosphere. The furniture arrangement includes a sofa positioned for conversation with two bookcases on either side, providing storage and decoration without overwhelming the room. A coffee table offers functionality while a plant adds life to the space. The floor lamp provides additional lighting options.",Scandinavian,Calm/Serene,Natural (Window),Bedroom,TRUE
scandinavian_48.jpg,Modern Minimalist,"white, beige, light wood","wood, linen, fabric",natural soft light from large windows,calm and airy,"bed, nightstand, lamp, plant",open space with central seating area,"The bedroom is a modern, minimalist space with a calming atmosphere. The room features light wood furniture and linen textiles, creating a cozy yet sophisticated look. A large window allows for ample natural light to fill the room, enhancing the overall feel of calmness and simplicity.",Minimalist,Calm/Serene,Natural (Window),Bedroom,TRUE
scandinavian_487.jpg,Modern,"white, light wood, gray","wood, concrete, glass",soft and ambient with natural light from a large window,minimalist and clean,"bed, nightstand, dining table, chairs, shelves","open-concept design with bedroom, dining room, and kitchen spaces visible","This is a modern interior space with a minimalist style, featuring natural light from the large window. The color palette includes white, wood tones, and gray. Materials used include wood, concrete, and glass. There's a bed in the foreground with a nightstand on one side and a dining table with chairs visible behind it.",Modern,Modern/Sophisticated,Natural (Window),Bedroom,TRUE
scandinavian_500.jpg,Modern Minimalist,"white, light wood, blue accent","oak veneer panels, glass shelves, white marble countertops, brushed nickel hardware",bright and airy natural light from high ceiling windows,"clean, bright, and spacious","sectional sofa with accent pillows, modern coffee table with metal legs, tall floor lamp with white shade, white pendant lights hanging above island, large-scale artwork on the wall",open space layout with central seating area flanked by kitchen and dining zones,"This modern kitchen and living room combination showcases a minimalist design with clean lines, natural materials, and bright lighting that creates an inviting and spacious atmosphere.",Minimalist,Modern/Sophisticated,Natural (Window),Bedroom,TRUE
scandinavian_525.jpg,Scandinavian,"white, beige, light wood","oak wood, linen, concrete",natural soft light from large windows,calm and airy,"bed, pillows, plant, small bedside table",open space with central sleeping area,"This is a cozy Scandinavian-style room featuring a bed surrounded by white walls, a linen headboard and pillows, a concrete floor, and natural light from large windows framed with beige curtains. A plant adds a touch of green to the space.",Scandinavian,Calm/Serene,Natural (Window),Bedroom,TRUE
scandinavian_529.jpg,Modern Minimalist,"white, gray, black","wood, fabric, metal",natural soft light from large windows,calm and airy,"bed, nightstand, lamp, ruffled blanket, framed print",space layout with bed against a wall and nightstand on each side,"A modern, minimalist bedroom with a calming color palette of white, gray, and black. Natural light fills the room through large windows, creating a calm and airy atmosphere.",Minimalist,Calm/Serene,Natural (Window),Bedroom,TRUE
scandinavian_534.jpg,Modern Minimalist,"white, gray, black","wood, glass, steel",natural light from large windows,calm and airy,"sofa, coffee table, plant, floor lamp, pillows",open space with central seating area,"A modern minimalist interior design featuring white, gray, and black color palette with natural light from large windows creating a calm and airy atmosphere.",Minimalist,Calm/Serene,Natural (Window),Bedroom,TRUE
scandinavian_535.jpg,Scandinavian,"white, beige, gray","wood, linen, brass",natural soft light from large windows,calm and airy,"bed, storage unit, vase with flowers, ruffled throw blanket",open space with central seating area around storage unit,"A serene bedroom with a neutral color palette, natural light, and minimalistic furniture.",Scandinavian,Calm/Serene,Natural (Window),Bedroom,TRUE
scandinavian_536.jpg,Scandinavian,"white, black, wood tones","brushed nickel, woven textile, leather, wood","soft, ambient lighting with a mix of warm and cool whites",modern and serene,"bed, nightstands, chandelier, wall art, ruffled textiles","simplified, modern bedroom with a minimalist design approach","This is a Scandinavian-style bedroom with a clean and serene atmosphere. The space is dominated by white tones, natural wood accents, and brushed nickel hardware, giving it a modern and contemporary feel.",Scandinavian,Calm/Serene,Ambient/Soft,Bedroom,TRUE
scandinavian_537.jpg,Modern Minimalist,"white, light wood, navy","wood, linen, steel",natural soft light from large windows,calm and airy,"two beds, bedside table with lamp, floral centerpiece on nightstand, wood-paneled headboard","bathroom in the corner of bedroom, next to doorway","This image depicts a modern minimalist style bedroom with a calming mood. The room features two beds with wooden headboards, a bedside table with a lamp, and linens in shades of white and navy. The walls are paneled with wood, creating a natural and serene atmosphere. The bathroom is tucked into the corner, next to the bedroom doorway, maximizing the use of space.",Minimalist,Calm/Serene,Natural (Window),Bedroom,TRUE
scandinavian_543.jpg,Modern Minimalist,"white, natural wood tones","wood paneling, steel framing, linen bedding",natural soft light from a large window,calm and serene,"bed, nightstand, lamp, window",open space with central sleeping area,"This is a modern, minimalist bedroom design featuring wood paneling and steel framing. The room has a calming atmosphere due to the natural light from a large window and a white color palette.",Minimalist,Calm/Serene,Natural (Window),Bedroom,TRUE
scandinavian_554.jpg,Modern Minimalist,"white, beige, light wood","wood, fabric, plastic",natural soft light from large windows,bright and energetic,"baby crib, white armchair with blue pillow, bookshelf with toys, wooden rocking horse, colorful rug",small room with furniture arranged close to walls for efficient use of space,"A modern, brightly lit nursery with minimalist design and a colorful touch.",Minimalist,Bright/Airy,Natural (Window),Bedroom,TRUE
scandinavian_556.jpg,Scandinavian,"white, gray, black","wood, fabric, glass",natural light from windows and artificial floor lamp,calm and cozy,"bed, nightstand, plant, floor lamp",open space with central seating area between two beds,"Bright and airy bedroom with clean lines, neutral colors, natural materials, and a potted plant to add life.",Scandinavian,Calm/Serene,Natural (Window),Bedroom,TRUE
scandinavian_575.jpg,Industrial Loft,"white, black, wood, metal","brick wall, concrete floor, wooden flooring, steel accents",Industrial style track lighting and exposed bulbs add a modern glow to the space,"Edgy and cool, with an artistic touch","bed, sofa, coffee table, large statement piece above fireplace, framed prints",Open floor plan with brick walls on two sides leading to smaller rooms. A central seating area surrounded by the bed and sofa.,"A stylish industrial loft with a large window, brick wall, concrete flooring, and modern furniture.",Industrial,Other,Mixed/Other,Bedroom,TRUE
scandinavian_582.jpg,Scandinavian,"white, blue, wood accents","wood paneling, linoleum flooring, glass shower walls","soft, natural light from the bathroom windows",calm and serene,"toilet, bathtub with wooden side bench, wooden pet bed on floor, plants in corners","small, efficient space with a clear separation between the toilet and tub area and a cozy corner for pet resting.","A modern Scandinavian-inspired bathroom featuring wood accents, natural lighting, and a cozy pet resting area.",Scandinavian,Calm/Serene,Natural (Window),Bedroom,TRUE
scandinavian_583.jpg,Scandinavian,"white, beige, wood tones","leather, wool, wood",Natural soft light from large windows and ambient lighting,Cozy and serene,"bed, chair, coffee table, side tables, curtains","Spacious with a central bedroom layout, focusing on the large windows and seating area","This bedroom is designed in a Scandinavian style, with a focus on natural lighting, warm textures, and cozy furniture to create a serene and inviting atmosphere.",Scandinavian,Calm/Serene,Natural (Window),Bedroom,TRUE
scandinavian_589.jpg,Modern Minimalist,"light wood, white, beige","oak wood, linen, cane",natural soft light from large windows and a skylight,calm and airy,"king-size platform bed with natural linens, floor lamp with a cylindrical shade, wooden bench at the end of the bed, plants on either side of bed, small coffee table in front of bed","spacious room with bed set against a wall and flanked by plants, floor lamp to the right, wooden bench at the foot of bed.","A modern minimalist bedroom featuring light wood tones, oak wood floors, linen bedding and a platform bed. Natural lighting creates a calm and airy atmosphere accentuated by plants on either side of the bed.",Minimalist,Calm/Serene,Natural (Window),Bedroom,TRUE
scandinavian_597.jpg,Scandinavian,"white, green, wood","wood, fabric, steel",natural soft light from large windows,calm and airy,"bunk bed, bookcase, bean bag chair, wooden nightstand, stuffed animal",open space with central seating area,"A cozy and colorful children's room featuring a bunk bed, bean bag chair, bookcase, and stuffed animal. The walls are painted in a calming green hue, and the room has ample natural light from a large window.",Scandinavian,Calm/Serene,Natural (Window),Bedroom,TRUE
scandinavian_618.jpg,Scandinavian,"white, beige, light wood","wood, linen, leather, metal",natural light from large windows,calm and cozy,"sofa, coffee table, plant, lamp, bed, cushioned bench","open space with central seating area, flanked by a bed and a cushioned bench","This is a modern Scandinavian-style living room that combines natural light from large windows with a simple color palette of white, beige, and light wood. The materials used include wood for the furniture, linen for drapes, leather for some accent pieces, and metal for hardware. The space is designed to feel calm and cozy, featuring a comfortable sofa, a coffee table with decorative items, a plant adding life and color, a lamp for warm lighting, and a cushioned bench for additional seating. A bed is tucked into the corner, maintaining an open floor plan that facilitates easy movement throughout the room.",Scandinavian,Calm/Serene,Natural (Window),Bedroom,TRUE
scandinavian_62.jpg,Modern Minimalist,"white, beige, light wood","wood, linen, glass",soft and diffused natural light from ceiling to floor window,calm and serene,"bed with white linens, wooden nightstand, wall art","bedroom with bed as focal point, flanked by nightstand on either side","This is a modern minimalist bedroom that utilizes natural light to create a calm and serene atmosphere. The room features a large bed at its center, surrounded by two wooden nightstands. The color palette consists of white, beige, and light wood, complemented by the warm tones of the wood in the furniture and decorations. A key design element is the window that allows for soft and diffused natural light throughout the space.",Minimalist,Calm/Serene,Natural (Window),Bedroom,TRUE
scandinavian_633.jpg,Modern,"white, gray, black","leather, wood, metal","modern chandelier, natural light from large windows and skylights","modern, sleek, sophisticated","sectional sofa, round coffee table, flat-screen TV, floor lamp, area rug","open plan with kitchen in the back, dining and living areas in the middle, and bedroom off to the side","This modern home design combines clean lines, neutral tones, and natural light to create a stylish and sophisticated space for relaxation and entertainment.",Modern,Modern/Sophisticated,Natural (Window),Bedroom,TRUE
scandinavian_643.jpg,Modern Minimalist,"white, light wood, grey","steel, wood, linen",natural soft light from large windows and pendant lights,calm and serene,"bed, dresser, chair, plant, artwork",open space with central seating area,Unknown,Minimalist,Calm/Serene,Natural (Window),Bedroom,TRUE
scandinavian_650.jpg,Modern Minimalist,"white, gray, wood","pine wood, fabric, metal",natural soft light from large windows,bright and energetic,"bunk beds, play table, rocking horse, stuffed animal",open space with central seating area and built-in furniture,"This child's bedroom is designed with a modern minimalist style, featuring clean lines and a neutral color palette. The room includes a bunk bed for sleeping arrangements, a play table for activities, a rocking horse for playtime, and a stuffed animal for comfort. The space is well-lit from large windows and has an open layout with central seating areas that encourage interaction among the children who share the space.",Minimalist,Bright/Airy,Natural (Window),Bedroom,TRUE
scandinavian_653.jpg,Modern Minimalist,"white, beige, light wood","wood, fabric, glass",natural soft light from large windows,calm and airy,"bed, chair, sofa, coffee table, plant, floor lamp",open space with central seating area around a focal point of the bed,"This modern minimalist room features a clean and streamlined design, using natural light to create an airy atmosphere. The color palette is soft and neutral, complementing the materials chosen for their texture and durability. The layout places emphasis on the centerpiece of the room, which is the bed, creating a comfortable and inviting space.",Minimalist,Calm/Serene,Natural (Window),Bedroom,TRUE
scandinavian_656.jpg,Scandinavian,"white, wood tones, pink accents","wood, fabric, metal",natural light from large windows and overhead lights,bright and cheerful,"bed, shelves, chair, desk, books","open space with bed along one wall, desk in front of window","A neat and organized room featuring a Scandinavian design style with white walls, wood tones, pink accents, natural lighting from large windows, and a variety of furniture pieces including a bed, chair, desk, shelves, and books.",Scandinavian,Bright/Airy,Natural (Window),Bedroom,TRUE
scandinavian_657.jpg,Modern Minimalist,"white, gray, red","wood, leather, textiles","natural soft light from large windows, complemented by table lamps",calm and airy,"bed, dresser, rugs, pillows",open space with central seating area,Unknown,Minimalist,Calm/Serene,Natural (Window),Bedroom,TRUE
scandinavian_664.jpg,Scandinavian,"white, light gray","wood paneling, gray concrete walls, sheepskin rug",natural light streaming in from large windows and a skylight,calm and serene,"bed with white linens, two-toned wooden nightstands, modern gray armchair, white fur throw blanket","open floor plan with bed in the center of the room, flanked by nightstands and a sitting area on the far side","A tranquil Scandinavian-style bedroom featuring a minimalist design with gray concrete walls, white linens, sheepskin rug, and large windows that allow ample natural light to fill the space.",Scandinavian,Calm/Serene,Natural (Window),Bedroom,TRUE
scandinavian_674.jpg,Scandinavian,"white, light wood, brown","wood, metal, fabric",natural soft light from large windows and ceiling lights,warm and cozy,"bed, desk, chair, couch, bookshelf, table","compact space with sleeping area, working/study area, and seating/socializing area all adjacent to each other","The interior design is a modern cabin that utilizes a Scandinavian style. It features white walls, light wood accents, and metal framing. The space has ample natural light from windows and ceiling lights. There is a bed for resting, a desk for working or studying, a chair for seating, a couch for socializing, a bookshelf for storage, and a table for meals. The design creates a warm and cozy atmosphere with its compact layout that combines all areas of functionality in one space.",Scandinavian,Warm/Cozy,Natural (Window),Bedroom,TRUE
scandinavian_685.jpg,Modern Minimalist,"white, blue, gray","wood, fabric, metal",natural soft light from large windows,calm and serene,"sofa, coffee table, plant, floor lamp, throw pillows",open space with central seating area,"This modern living room features a minimalist design with clean lines and natural light. The color palette is composed of white, blue, and gray tones, which create a calm and serene atmosphere. Materials include wood, fabric, and metal, which add warmth and texture to the space. The open layout with a central seating area promotes relaxation and easy conversation.",Minimalist,Calm/Serene,Natural (Window),Bedroom,TRUE
scandinavian_71.jpg,Modern Minimalist,"white, light grey, green","wood, linen, metal","soft, natural light from large windows",calm and serene,"bed, side tables, area rug, floor lamp",spacious bedroom with a central seating area,"This bedroom features a minimalist design with a neutral color palette, modern furnishings, and an emphasis on natural light. The large windows flood the room with soft, natural light, creating a calm and serene atmosphere.",Minimalist,Calm/Serene,Natural (Window),Bedroom,TRUE
scandinavian_711.jpg,Scandinavian,"white, light blue, wood, gold","wood, linen, plush, metal",bright and airy with natural light from windows,calm and cozy,"bed, dresser, storage bench, ruffled throw pillows, decorative pillows, throw blanket",small bedroom with a compact layout featuring a corner bed and dresser,"A cozy, brightly lit small bedroom with a Scandinavian design style, featuring wood paneling, light blue walls, and gold accents.",Scandinavian,Calm/Serene,Natural (Window),Bedroom,TRUE
scandinavian_729.jpg,Industrial Loft,"dark wood, light gray, white","wood panels, concrete wall, metal pipe and rod accents",natural soft light from large windows,warm and cozy with an industrial touch,"bed, nightstand, plant, small rug",open space with central seating area,"This room features a dark wood bedroom set in front of a concrete wall, creating an Industrial Loft style. The color palette consists of neutral tones, with the large windows allowing for natural soft light to enter.",Industrial,Warm/Cozy,Natural (Window),Bedroom,TRUE
scandinavian_748.jpg,Modern Minimalist,"black, white, wood","oak wood, marble, leather",ambient lighting with floor lamps and wall sconces,"modern, sleek, and clean","TV stand, wall-mounted TV, wooden coffee table, decorative pillows",living room layout with entertainment center in front of seating area,"A modern living room designed for minimalist aesthetics, featuring an oak wood and white color scheme, marble accents, ambient lighting, and a sleek entertainment center.",Minimalist,Modern/Sophisticated,Ambient/Soft,Bedroom,TRUE
scandinavian_76.jpg,Modern Minimalist,"light beige, beige, white","natural wood, linen, glass",Natural soft light from large windows,Calm and airy,"bed, nightstand, lamp, pillows",Open space with bed as focal point,"A modern minimalist style room with a light beige color palette, featuring natural wood, linen, and glass materials, soft lighting from large windows, a calm and airy mood, furnished with a bed, nightstand, lamp, and pillows.",Minimalist,Calm/Serene,Natural (Window),Bedroom,TRUE
scandinavian_765.jpg,Modern Minimalist,"white, gray, brass","leather, wood, fabric",natural soft light from large windows,calm and airy,"bed, nightstand, lamp, rug","space divided by bed with nightstand on either side, rug in front of bed.","Bedroom design featuring a modern minimalist style with white bedding and gray upholstered headboard, leather bed frame, wooden nightstands with brass accents, soft natural lighting from large windows, cozy ambiance created by rug on floor.",Minimalist,Calm/Serene,Natural (Window),Bedroom,TRUE
scandinavian_768.jpg,Modern Minimalist,"white, black, plant green","wood, fabric, plants, metal",bright and airy with natural light from the window,calm and serene,"bed, plant wall, woven headboard, nightstand","simple, functional space centered around the bed","A modern minimalist bedroom with a natural palette, featuring a large window for light and a plant wall for a touch of nature.",Minimalist,Calm/Serene,Natural (Window),Bedroom,TRUE
scandinavian_769.jpg,Scandinavian,"white, blue, brown","wood, fabric, glass",bright and well-lit room with large windows letting in natural light.,calm and peaceful,"couch, coffee table, bookshelf, bed, stuffed animal","open floor plan with separate areas for living room, bedroom, and reading nook.","This is a children's bedroom decorated in a Scandinavian style. The color palette consists of white, blue, and brown tones. The room features wood panels on the wall and furniture made from fabric and glass. It has a bright and airy feeling with lots of natural light coming through the windows. The layout is open and functional, providing separate areas for relaxation, sleep, and reading. In this space, we see a couch, coffee table, bookshelf, bed, and stuffed animal.",Scandinavian,Calm/Serene,Natural (Window),Bedroom,TRUE
scandinavian_79.jpg,Modern Minimalist,"white, beige, light wood","linen, cotton, wood",natural soft light from large windows,calm and airy,"bed, nightstand, lamp, pillows, blanket",spacious room with open layout and centered bed,"The space features a modern, minimalist design with white linens, natural lighting from large windows, and a centered bed in an open, spacious room.",Minimalist,Calm/Serene,Natural (Window),Bedroom,TRUE
scandinavian_795.jpg,Scandinavian,"white, light wood","wood, glass, marble",Natural light from large windows and a skylight,"Clean, minimalist, and airy","dresser, vase, plant, chair",Open space with a central focal point,"This is an image of a modern Scandinavian-style interior design featuring a white wooden dresser and marble countertops, set against a backdrop of large windows that allow natural light to flood the space.",Scandinavian,Modern/Sophisticated,Natural (Window),Bedroom,TRUE
scandinavian_8.jpg,Modern Minimalist,"white, beige, light wood","wood, linen, glass","soft, natural light from skylights",bright and airy,"sofa, coffee table, plants, floor lamp",open space with central seating area,"This modern bedroom features a minimalist design, with natural light from skylights creating a bright and airy atmosphere. The color palette is dominated by white, beige, and light wood tones, complemented by a variety of materials including wood, linen, and glass.",Minimalist,Bright/Airy,Natural,Bedroom,TRUE
scandinavian_801.jpg,Scandinavian,"light wood, beige, white","wood, fabric, brick","recessed lighting, ambient light from floor lamps",calm and relaxed,"bunk bed, bench, floor lamp, stool, framed artwork","small room with central area for beds, bench on one side, floor lamps at ends of walls.","This is a small but well-appointed room designed in the Scandinavian style. The color palette is neutral with wooden accents. The space features two raised bunk beds made of wood and fabric, a simple bench for seating, a floor lamp on one side providing ambient lighting, and framed artwork that adds character to the room.",Scandinavian,Calm/Serene,Recessed,Other,TRUE
scandinavian_82.jpg,Scandinavian,"white, black, beige","linen, wood, plastic",natural soft light from large windows,calm and airy,"sofa, coffee table, plant, floor lamp",open space with central seating area,"This image showcases a modern Scandinavian bedroom design with a minimalist approach, featuring natural materials and soft lighting that create a calm and airy mood. The room is furnished with a comfortable sofa, a coffee table for functionality, and decorated with plants to bring nature indoors. The color palette consists of clean white and beige tones that blend seamlessly with the wooden elements. Overall, this bedroom design emphasizes simplicity and functionality.",Scandinavian,Calm/Serene,Natural (Window),Bedroom,TRUE
scandinavian_825.jpg,Scandinavian,"white, grey, blue","wood, linen, plastic",recessed lighting with dimmable options,bright and airy,"bed, nightstand, painting, window seat","space divided into two areas, bedroom and reading/play area","Brightly lit room with a cozy atmosphere, featuring a lofted bunk bed.",Scandinavian,Bright/Airy,Recessed,Bedroom,TRUE
scandinavian_835.jpg,Scandinavian,"gray, white, black","wood, linen, leather",natural light from large window and ceiling light fixture,minimalist with a touch of warmth,"bed, seating area, storage bench, plant, artwork","modern, open space with central seating area and bed tucked into the corner","A contemporary room with a Scandinavian style. The color palette is neutral, with grayscale elements such as linen on the bed and leather accents in the seating. Natural light from the large window creates a bright and airy atmosphere. Minimalist furnishings like the storage bench and open space contribute to the room's modern feel.",Scandinavian,Warm/Cozy,Natural (Window),Bedroom,TRUE
scandinavian_848.jpg,Modern Minimalist,"white, green accent","linen, oak wood",natural soft light from large windows,calm and airy,"bed, nightstand, pillows, blanket",open space with central seating area,"The room has a modern, minimalist design featuring a white color palette with green accents. The bedroom is furnished with a bed, nightstand, pillows, and blanket on an oak wood floor. The lighting is soft from natural sources, creating a calm and airy atmosphere.",Minimalist,Calm/Serene,Natural (Window),Bedroom,TRUE
scandinavian_851.jpg,Modern Minimalist,"white, yellow, gray","wood, fabric, metal",natural soft light from large windows,calm and airy,"bed, chair, curtain, pillow, carpet",open space with central seating area,"A modern bedroom with a minimalist style, featuring a white bed with yellow and gray accents, wooden furniture, large windows for natural light, a cozy chair and curtains providing privacy and warmth, and a rugged patterned carpet.",Minimalist,Calm/Serene,Natural (Window),Bedroom,TRUE
scandinavian_855.jpg,Scandinavian,"gray, white, wood","wood paneling, linen curtains, steel frame, natural wood",natural light from skylight and overhead lights,calm and airy,"bed, wardrobe, basket shelf, side table",open space with a central bed area,"A clean, minimalist attic bedroom with built-in storage and natural lighting.",Scandinavian,Calm/Serene,Natural,Bedroom,TRUE
scandinavian_857.jpg,Scandinavian,"blue, white, grey","cotton, linen, wood",bright and natural with large windows,calm and serene,"bed, nightstand, pillow, vase, ruffled blanket",modern minimalist space,"A Scandinavian-style bedroom with a neatly made blue and white quilt on a large bed, set against a bright window. The room features simple furniture like a nightstand and a vase, providing a calm and serene atmosphere.",Scandinavian,Calm/Serene,Natural (Window),Bedroom,TRUE
scandinavian_859.jpg,Modern Minimalist,"white, beige, navy blue","wood, linen, brass",natural soft light from large windows and a skylight,calm and airy,"couch with patterned pillows, coffee table, floor lamp, potted plants, small stool",open space with central seating area flanked by side tables and potted plants,"A modern minimalist living room featuring a neutral color palette, natural lighting, and carefully chosen furniture and decor items to create a calm and airy atmosphere.",Minimalist,Calm/Serene,Natural (Window),Bedroom,TRUE
scandinavian_861.jpg,Modern Minimalist,"white, black, gray","wood, fabric, metal",natural soft light from large windows,calm and serene,"bed, nightstand, dresser, candle holder, potted plant",modern open concept with separate sleeping area,"This modern minimalist bedroom features a clean and simple design with white walls, black and gray accents, wood furniture, and candle lighting that creates a calm and serene mood. The large windows allow for natural soft light to fill the space, enhancing its airy feel. A separate sleeping area offers privacy while maintaining the open concept layout. Overall, this bedroom is both stylish and functional.",Minimalist,Calm/Serene,Natural (Window),Bedroom,TRUE
scandinavian_869.jpg,Minimalist,"white, gray","metal, fabric",Natural light from large window and ceiling lamp,"Clean, simple, and uncluttered","Bed with white linens, White wall-mounted light fixture, One black framed window, White bedside table, One gray armchair",Clean lines and open space,"A minimalist style hotel room with a neutral color palette, modern design elements, and an emphasis on cleanliness.",Minimalist,Modern/Sophisticated,Natural (Window),Bedroom,TRUE
scandinavian_870.jpg,Modern Minimalist,"white, beige, light wood","velvet upholstery, wooden bed frame, canvas headboard",soft ambient light from table lamp and natural light from large window,calm and airy,"bed, wood stump coffee table, plant, pillow, vase with flowers","open space design with bed as focal point, flanked by side tables and seating area","This modern minimalist bedroom features a white upholstered bed, beige linens, and a light wood headboard. The color palette is soft and natural. The room has a clean layout with an open space feel, complemented by the use of materials such as velvet for the upholstery and wooden frame for the bed. The lighting is soft and ambient, coming from a table lamp and the large window next to the bed. The overall atmosphere feels calm and airy.",Minimalist,Calm/Serene,Natural (Window),Bedroom,TRUE
scandinavian_876.jpg,Minimalist,"navy blue, white, gray","wood, linen, metal","soft and warm, natural light from a large window",calm and serene,"bed, nightstand, plant, bookshelf",functional yet uncluttered space with separate sleeping area,"A minimalist-style bedroom with a soothing color palette, natural lighting and simple design elements that create a calm and serene atmosphere.",Minimalist,Calm/Serene,Natural (Window),Bedroom,TRUE
scandinavian_877.jpg,Scandinavian,"white, beige, light wood","wood, fabric, metal",natural soft light from large windows and additional ambient light from wall sconces,calm and airy,"sofa, armchair, dresser, shelving unit, table lamp","open space with central seating area, flanked by storage and display furniture",This is a bright and airy room with a Scandinavian design style that emphasizes natural materials and soft color tones.,Scandinavian,Calm/Serene,Natural (Window),Bedroom,TRUE
scandinavian_879.jpg,Modern Minimalist,"white, blue","wood, fabric",well-lit with natural light from window,calm and serene,"floor lamp, bed, storage bench, seating area, elephant print wallpaper",narrow space with open bedroom area,"This image shows a modern, minimalist interior design with a narrow, efficient use of space. The room is well-lit and features an elephant print wallpaper in the seating area, which is separated by a storage bench from the bed. Wood and fabric materials are used throughout, creating a warm and cozy atmosphere.",Minimalist,Calm/Serene,Natural (Window),Bedroom,TRUE
scandinavian_881.jpg,Modern Minimalist,"white, beige, light wood","oak wood, linen, glass",Natural soft light from large windows,Calm and airy,"bed, nightstand, dresser, floor lamp, rug",Open space with central bed area,"A modern minimalist room that emphasizes natural light, simplicity, and a calm atmosphere.",Minimalist,Calm/Serene,Natural (Window),Bedroom,TRUE
scandinavian_884.jpg,Scandinavian,"blue, white, wood","wood, fabric, plastic",natural light from skylight and windows,bright and airy,"bed, desk, chair, shelves, drawers",open space with raised platform for bed,"The room is a compact, functional living area featuring a raised sleeping area and a corner desk. The color scheme consists of shades of blue and white accented by wood textures.",Scandinavian,Bright/Airy,Natural (Window),Bedroom,TRUE
scandinavian_886.jpg,Scandinavian,"yellow, white, black","wood, linen, metal",bright and well-lit,calm and inviting,"guitar on stand, bookshelf with books, hanging lights, ruffled bedding, wooden bunk beds","a small room with a bunk bed, guitar, and bookshelf","A cozy Scandinavian-style room features wood and linen textiles, a yellow accent wall, and guitar accessory.",Scandinavian,Calm/Serene,Bright,Other,TRUE
scandinavian_889.jpg,Modern Minimalist,"dark blue, white, light gray","fabric, wood, metal",natural soft light from large windows,calm and airy,"king-size bed, headboard with throw pillows, large window, lamp next to bed, curtains, two nightstands",open space with central seating area created by the bed and two nightstands,"This is a modern minimalist bedroom. The color palette consists of dark blue walls, white bedding, and light gray accents. Materials include fabric for upholstery, wood for furniture, and metal for the lamp stand. The room's design features a king-size bed with throw pillows on a headboard at its center. There are large windows that allow natural soft light to fill the space, contributing to a calm and airy mood. Key objects in the room include a curtain, a lamp next to the bed for evening reading, two nightstands that flank the bed, providing storage and side tables with lamps. The layout is open, emphasizing space with the central seating area created by the bed and its accompanying furniture.",Minimalist,Calm/Serene,Natural (Window),Bedroom,TRUE
scandinavian_900.jpg,Scandinavian,"white, beige, navy blue, green accent","oak wood, linen, natural wool blanket, wooden bed frame",natural soft light from large windows and ambient light from floor lamps,calm and airy,"bed, nightstand, floor lamp, rugs, plant",open space with central seating area,"This is a small modern bedroom with a Scandinavian design style. The room features natural lighting from large windows and ambient light from floor lamps, creating a calm and airy mood. The color palette consists of white, beige, navy blue, and green accent, with materials such as oak wood, linen, natural wool blanket, and wooden bed frame being used. The space is designed in an open layout with a central seating area that includes a bed, nightstand, floor lamp, rugs, and a plant.",Scandinavian,Calm/Serene,Natural (Window),Bedroom,TRUE
scandinavian_907.jpg,Scandinavian,"white, gray, silver","wood, fabric, metal","The room has a soft and warm light, possibly from natural or ambient light sources.","The overall atmosphere of the space is serene, cozy, and inviting.","bed, dresser, shelves, storage containers, stuffed animal","The room has a well-organized layout with the bed as the main focal point, flanked by storage and shelving units. The dresser is positioned nearby, providing additional functionality.","This is an interior design image showcasing a serene, cozy space in a Scandinavian style. Featuring a gray color palette with materials such as wood and fabric, the room has natural or ambient lighting that contributes to its inviting atmosphere.",Scandinavian,Calm/Serene,Natural,Bedroom,TRUE
scandinavian_913.jpg,Modern,"white, red, black","wood, steel, fabric",ambient and natural light,playful and functional,"desk with chair, bookshelf, bunk beds",open floor plan with central bed area,"This is a children's room that combines a playful atmosphere with modern design elements. The white and red color palette adds warmth, while the wood and steel materials provide a sturdy foundation for the space.",Modern,Other,Natural,Bedroom,TRUE
scandinavian_930.jpg,Modern Minimalist,"blue, yellow, white","wood, linen, metal",natural light from large window,calm and airy,"bed, nightstand, lamp, pillows, book",small room with bed centered under window,"The design is a modern minimalist space with a calming color palette of blue, yellow and white. The room features simple furniture made of wood and metal, and natural light fills the small space from a large window.",Minimalist,Calm/Serene,Natural (Window),Bedroom,TRUE
scandinavian_934.jpg,Scandinavian,"white, pink, blue","wooden floor, fabric upholstery, glass door, brass accents","warm and cozy, soft light from a mix of natural and artificial sources",playful and child-friendly,"baby crib, rocking chair, bookshelf, pillow, stuffed toy","well-organized, with a central focus on the baby crib",This nursery is designed for a child's comfort and safety while maintaining a stylish and uncluttered environment.,Scandinavian,Other,Natural,Bedroom,TRUE
scandinavian_937.jpg,Modern Minimalist,"gray, white, black","wood, linen, metal",recessed lighting with adjustable lamps for ambient and task,"clean, modern, and serene","bed, nightstand, shelving unit, floor lamp, plant",bed facing a wall-mounted desk with built-in seating and storage underneath,"The bedroom features a modern minimalist design with gray tones, wood accents, and clean lines.",Minimalist,Calm/Serene,Recessed,Bedroom,TRUE
scandinavian_952.jpg,Scandinavian,"white, beige, light wood","wood, glass, steel",bright with natural light from large windows,calm and airy,"bed, nightstand, desk, chair",open space with central sleeping area,"This bedroom features a simple, modern design with Scandinavian influences. The color palette is light and neutral, with wooden elements complemented by glass accents for a touch of elegance. The room benefits from ample natural light streaming in through large windows, creating an airy and relaxing atmosphere.",Scandinavian,Calm/Serene,Natural (Window),Bedroom,TRUE
scandinavian_958.jpg,Scandinavian,"white, gray","wood, linen, cotton",natural soft light from large windows and ceiling lights,calm and airy,"bed, nightstand, plant, bookshelf, rug",open space with central seating area next to sloped ceiling and walls,"This is a modern, minimalist bedroom that maintains a Scandinavian style. The room has a simple color palette of white and gray, primarily using wood and linen for the furniture. The layout features an open space with a central seating area next to a sloped ceiling and walls. There is a large window providing natural light, and the overall mood of the room is calm and airy.",Scandinavian,Calm/Serene,Natural (Window),Bedroom,TRUE
shabby-chic-style_1.jpg,Scandinavian,"white, gray, blue","wood, linen, canvas",natural soft light from large windows,calm and airy,"bed, bedside table, throw pillows, lamps",open space with central seating area,"This bedroom features a Scandinavian design with a light gray color palette, wood and linen materials, and a mix of natural and ambient lighting. The room is calm and airy, creating an open feeling with a comfortable sitting area.",Scandinavian,Calm/Serene,Natural (Window),Bedroom,TRUE
shabby-chic-style_100.jpg,Modern Minimalist,"white, light grey, pink","wood, linen, metal",natural soft light from large windows,calm and airy,"bed, nightstand, frame, plant",spacious bedroom with a large bed as the centerpiece,"This is a modern minimalist-style bedroom with a calming white and pink color palette. The room features a large bed with a wooden frame, nightstands made of wood and linen materials, and windows that let in natural light. A plant adds a touch of greenery to the space.",Minimalist,Calm/Serene,Natural (Window),Bedroom,TRUE
shabby-chic-style_105.jpg,Scandinavian,"white, beige, light wood","oak wood, linen, white paint",natural soft light from large windows,calm and airy,"wooden bed frame, pillows with blue and white stripes, small wooden chair, dolls on the bed, framed photo of baby on wall","clean, minimal space layout with bed as central focus",A serene Scandinavian-style bedroom with a light wooden color palette and an emphasis on natural lighting.,Scandinavian,Calm/Serene,Natural (Window),Bedroom,TRUE
shabby-chic-style_106.jpg,Bohemian,"pink, white, beige","wooden bed frame, velvet pillows, woven rug",soft and warm lighting from table lamps,romantic and dreamy,"bed with canopy, pink floral patterned throw blanket, white candles, silk pillowcases","small room with bed as the centerpiece, flanked by mirrors on both sides",A romantic bohemian style bedroom featuring a canopy bed and pink accents. The space is well-lit by table lamps and uses materials like velvet and wood to create a warm and dreamy atmosphere.,Other,Other,Ambient/Soft,Bedroom,TRUE
shabby-chic-style_111.jpg,Modern Minimalist,"white, beige, wood, black","oak wood, linen, concrete, steel",natural soft light from large windows,calm and airy,"bed, nightstand, lamp, bookcase, couch",small room with a bed in the corner and other furniture along the walls,"A modern minimalist style room with wood accents, featuring a white bed in a cozy nook.",Minimalist,Calm/Serene,Natural (Window),Bedroom,TRUE
shabby-chic-style_121.jpg,Modern Minimalist,"white, silver","glass, wood, marble",bright and modern lighting with natural light from windows,clean and serene,"wall mirror, hanging purse holder, rectangular box on dresser, potted plant, vase of flowers",linear arrangement with vanity as central focus,"This image showcases a modern minimalist bathroom design. The space features a white vanity topped with silver accessories, and is outfitted with wood and glass materials. Bright lighting accentuates the clean lines and natural textures throughout the room.",Minimalist,Calm/Serene,Natural (Window),Bedroom,TRUE
shabby-chic-style_123.jpg,Modern Minimalist,"white, gray","wood, fabric, metal","Natural soft light from large windows with black window treatments, supplemented by recessed and floor lamps.",Calm and airy,"gray sofa with two throw pillows, black metal and glass coffee table, white shag rug on wood floor, brown leather armchair, brass wall sconces, large abstract artwork",Open space with central seating area and large windows providing views of the outdoors.,"This modern minimalist living room features a calm, airy atmosphere with a neutral color palette and natural light. The gray sofa is complemented by a black metal coffee table and leather armchair, all set against a backdrop of large windows with black window treatments and views to the outside world.",Minimalist,Calm/Serene,Natural (Window),Bedroom,TRUE
shabby-chic-style_125.jpg,Modern Minimalist,"white, black, gray","wood, fabric, metal","natural light from large windows, complemented by recessed ceiling lights",calm and serene,"bed, nightstand, wicker bench, plant, area rug",open space with central focus on bed between two large windows,"This modern minimalist bedroom combines a white color palette, natural materials, and simple furnishings to create a serene and comfortable environment.",Minimalist,Calm/Serene,Natural (Window),Bedroom,TRUE
shabby-chic-style_134.jpg,Modern Minimalist,"white, gray, beige","wood, linen, silk",natural soft light from large windows,calm and airy,"king size bed, sofa, coffee table, area rug, floor lamp",open space with central seating area and separate sleeping area,"This modern minimalist hotel room features a king size bed, sofa, coffee table, floor lamp, and area rug. The color palette is neutral with soft light from large windows creating a calm and airy atmosphere.",Minimalist,Calm/Serene,Natural (Window),Living Room,TRUE
shabby-chic-style_140.jpg,Modern Minimalist,"white, beige, gray","wood, linen, metal",soft natural light with modern floor lamps,"modern, cozy and inviting","king size bed, nightstands, framed art, plush throw blankets",open space with central seating area,"The modern minimalist style is evident in this bedroom design, featuring a king size bed centered on an oak wood headboard. The room has a calm and inviting atmosphere due to the neutral color palette, soft natural lighting, and plush throw blankets.",Minimalist,Warm/Cozy,Natural,Bedroom,TRUE
shabby-chic-style_146.jpg,Modern Minimalist,"white, beige, light wood","wood, glass, silver",bright and airy with natural light,calm and inviting,"dining table, chairs, potted plants, decorative pillows",open concept with seating area near sliding doors,"This is a modern minimalist dining room that features an open concept layout. The space is bright and airy, with natural light streaming in through the large windows and glass doors. The color palette is soft and neutral, consisting of white, beige, and light wood tones. Materials used are mostly natural, such as wood for the floors and table, and a mix of natural and synthetic fabrics for seating and decor. A sleek silver chandelier hangs from the ceiling, adding to the minimalist vibe. The room's design is both functional and stylish, with a focus on simplicity and clean lines.",Minimalist,Calm/Serene,Natural,Bedroom,TRUE
shabby-chic-style_158.jpg,Modern Minimalist,"light blue, off white, dark teal","wool, linen, wood, brass",natural soft light from large windows and ambient ceiling lights,calm and airy,"sofa, coffee table, area rug, floor lamp, throw pillows",open space with central seating area surrounded by accent furniture,"This living room features a modern minimalist design with a light blue sofa and off white cushions on a wooden coffee table. The centerpiece is an area rug that adds color to the space, which is filled with natural light from large windows and ambient ceiling lights. The overall mood of the room is calm and airy.",Minimalist,Calm/Serene,Natural (Window),Bedroom,TRUE
shabby-chic-style_161.jpg,Scandinavian,"pink, white, blue","cotton fabric, wood blinds, silk accent",natural soft light from large windows,calm and airy,"bed, chest of drawers, pillows, side table",open space with central seating area,"Bright, open bedroom with a comfortable canopy bed, white linens, and a serene atmosphere.",Scandinavian,Calm/Serene,Natural (Window),Bedroom,TRUE
shabby-chic-style_170.jpg,Contemporary Rustic,"light wood, white, blue","wood, canvas, metal",Natural light coming through windows with sheer curtains,Warm and inviting,"bed, chair, table, mirror, area rug",Open floor plan with bedroom area in front of living space,"The interior is designed to have a warm, rustic feel with a contemporary twist, featuring natural materials and light wood tones. The room has an open layout that connects the sleeping area with the living space.",Natural/Rustic,Warm/Cozy,Natural (Window),Bedroom,TRUE
shabby-chic-style_171.jpg,Modern Minimalist,"beige, gray, white","linen, silk, cotton",natural soft light from large windows,calm and airy,"bed, nightstand, lamps, ruffled throw blanket",spacious with a central focus on the bed,"The bedroom is sparsely decorated with a minimalistic approach, featuring clean lines and neutral colors. The large bed has a canopy and is adorned with plush pillows and a throw blanket for added comfort. The room is well-lit by natural light coming through the windows.",Minimalist,Calm/Serene,Natural (Window),Bedroom,TRUE
shabby-chic-style_178.jpg,Victorian,"beige, blue, white","wood, silk, velvet",natural light from large windows and chandeliers,elegant and warm,"antique dresser, vintage-style armoire, framed artwork on wall, white fluffy carpet",centered with symmetrical furniture placement,"This spacious Victorian bedroom features high ceilings and an elegant design, with a color palette that includes blue, beige, and white. The room's materials include wood and silk fabrics, and the layout is centered around the antique-style canopy bed.",Other,Warm/Cozy,Natural (Window),Bedroom,TRUE
shabby-chic-style_18.jpg,Vintage Industrial,"white, blue, green, wood","metal, distressed wood, linen, glass",Industrial style lighting with exposed filaments,Rustic and textured,"old-fashioned mirror, wooden headboard with distressed paint, antique chest of drawers, metal pendant lights","Bedroom furniture grouped in a way to create a cozy, vintage atmosphere.",This bedroom has a charmingly worn and rustic design with industrial-style lighting and furnishings that evoke a sense of history.,Industrial,Other,Mixed/Other,Bedroom,TRUE
shabby-chic-style_180.jpg,Modern Minimalist,"purple, white, black","wooden floors, linen drapes, wooden headboard",natural soft light from large windows,calm and airy,"twin beds, nursery rocking chair, nightstands with lamps, shelves with books",open space with central seating area,"This is a bright, modern bedroom for twins. The room features a minimalist design with purple and white accents, wooden floors, linen drapes, and large windows that let in soft, natural light. It's well-organized with furniture centered around the beds for comfort and relaxation. The nursery rocking chair adds a touch of warmth and coziness to the space.",Minimalist,Calm/Serene,Natural (Window),Bedroom,TRUE
shabby-chic-style_203.jpg,Modern Minimalist,"gray, white, black","wood, silk, leather",warm and cozy with soft lighting from chandelier,elegant and sophisticated,"king-size bed, chandelier, accent pillows, sheepskin throw",spacious with a central focus on the king-size bed,"This is a luxurious and stylish bedroom featuring a large king-size bed, soft lighting from a chandelier, warm and inviting colors, and modern minimalist design elements.",Minimalist,Modern/Sophisticated,Pendant/Chandelier,Bedroom,TRUE
shabby-chic-style_210.jpg,Modern Minimalist,"green, white, brown","concrete, brick, wood",natural soft light from large windows,calm and airy,"rabbit statue, garden bench, small tree, flower bed",circular garden path with central seating area,"A modern minimalist outdoor space featuring a circular garden path, central seating area and surrounded by a concrete wall. The color palette includes green, white and brown, with natural lighting from large windows creating a calm and airy atmosphere.",Minimalist,Calm/Serene,Natural (Window),Bedroom,TRUE
shabby-chic-style_219.jpg,Scandinavian,"white, gray, wood","brick, vinyl siding, stone",natural soft light from large windows,calm and airy,"sofa, coffee table, plant, floor lamp, bookshelf","open space with central seating area, flanked by bedrooms on sides","This is a two-story house with white vinyl siding and large windows. The interior design features a Scandinavian style with wooden elements like the front door and floors. The color palette consists of white, gray, and wood tones. Lighting is natural soft light from the windows. The overall mood is calm and airy. Objects include a sofa, coffee table, plant, floor lamp, and bookshelf.",Scandinavian,Calm/Serene,Natural (Window),Bedroom,TRUE
shabby-chic-style_224.jpg,Scandinavian,"white, gray, beige","wood, linen, wool",soft natural light from large windows and ceiling fixture,calm and inviting,"king-size bed, armchair, coffee table, floor lamp, throw blanket",open space with central seating area centered around a fireplace mantel,"This is an elegant and stylish living room that combines Scandinavian minimalism with warm materials, providing a calm and inviting atmosphere.",Scandinavian,Calm/Serene,Natural (Window),Living Room,TRUE
shabby-chic-style_225.jpg,Modern Minimalist,"gray, white, black","fabric upholstery, leather headboard, wood flooring",ambient light with a modern ceiling fixture,calm and relaxed,"platform bed, wall decorations, floor lamp, pillows, blanket",bedroom with central focus on platform bed,"A modern, minimalist bedroom featuring a gray upholstered bed with leather headboard and wood flooring. The room has an ambient lighting scheme and decorated walls, creating a calm and relaxed atmosphere.",Minimalist,Calm/Serene,Ambient/Soft,Bedroom,TRUE
shabby-chic-style_228.jpg,Modern Minimalist,"light gray, white, black","oak wood, linen, steel",natural soft light from large windows,calm and airy,"bed, nightstand, mirror, chandelier, floor lamp",open space with central bed area,"This is a modern, minimalist room that features light gray tones for the walls and ceiling, combined with white linens. The oak wood and steel materials give it a touch of warmth and strength. Large windows allow in natural soft light, creating an airy mood. The space is furnished with essential items such as a bed, nightstands, a mirror, a chandelier, and a floor lamp to keep the room well-lit.",Minimalist,Calm/Serene,Natural (Window),Bedroom,TRUE
shabby-chic-style_229.jpg,Scandinavian,"white, beige, light wood","linen, wool, wood",natural soft light from large windows and wall sconces,calm and serene,"bed with white linens and plush pillows, wooden bed frame, wooden headboard, white wicker chair",space is open with a central seating area around the bed.,"The bedroom features a Scandinavian design with a natural color palette of white and beige, creating a calm and serene atmosphere.",Scandinavian,Calm/Serene,Natural (Window),Bedroom,TRUE
shabby-chic-style_231.jpg,"Bedroom, Victorian style","gold, blue, pink","velvet, wood, glass",Natural light from windows and chandeliers with dimmer switches for ambient lighting,Romantic and luxurious,"antique mirror, floral patterned bedding, painted wooden headboard","Traditional layout with a large canopy bed as the centerpiece, surrounded by ornamental walls and furnishings.","This is an opulent Victorian-style bedroom that features rich colors and patterns on its upholstery and walls. The room is bathed in natural light and has a large canopy bed with floral patterned linens, which gives it a luxurious and romantic atmosphere.",Other,Luxurious/Elegant,Natural (Window),Bedroom,TRUE
shabby-chic-style_236.jpg,Scandinavian,"white, blue, wood","oak wood, linen, steel",natural soft light from large windows,calm and airy,"bed, dresser, rug, lamp",open space with central seating area,"This bedroom is designed in a Scandinavian style with a calming, light-filled atmosphere. The color palette consists of white, blue, and wood tones, creating a serene environment. Oak wood furniture adds warmth to the space, while steel accents provide a modern touch. Large windows allow natural light in, enhancing the room's airy feel. Key objects include a bed, dresser, rug, and lamp.",Scandinavian,Calm/Serene,Natural (Window),Bedroom,TRUE
shabby-chic-style_237.jpg,Scandinavian,"white, beige, gray","wood, linen, wicker",natural soft light from large windows and recessed ceiling lights,calm and serene,"bed, nightstand, basket, cozy throw blanket",modern bedroom with open floor plan,"This Scandinavian-style bedroom features a neutral color palette, natural wood elements, and soft lighting to create a calm and serene atmosphere. The open layout maximizes space and makes the room feel inviting.",Scandinavian,Calm/Serene,Natural (Window),Bedroom,TRUE
shabby-chic-style_238.jpg,Mid-Century Modern,"blue, beige, white","wood, fabric, metal",natural soft light from large windows,warm and cozy,"bed, couch, coffee table, bookcase, chandelier",open space with central seating area centered around bed,"This image features a Mid-Century Modern designed room with a warm and cozy atmosphere. The color palette includes shades of blue, beige, and white, while the materials used are primarily wood for furniture and fabric for upholstery. Natural soft light fills the space through large windows. The room contains a central seating area around the bed that is flanked by a couch on one side and a coffee table in front of it. A bookcase with decorative items sits nearby, while a chandelier hanging from the ceiling adds elegance to the space.",Modern,Warm/Cozy,Natural (Window),Bedroom,TRUE
shabby-chic-style_239.jpg,Modern,"white, wooden tones","oak wood, glass, brass",Natural sunlight from window above the bookshelf,Calm and intellectual,"bookshelf, side table, vase with flowers, armchair, pillows",Tightly-organized space with a central walkway,"A modern interior room with a minimalist design, featuring a wooden bookshelf and a mix of natural and metallic materials.",Modern,Calm/Serene,Natural (Window),Bedroom,TRUE
shabby-chic-style_244.jpg,Scandinavian,"gray, white, blue","wood, linen, glass",natural soft light from large windows and chandelier,calm and airy,"bed, chair, table, rug, mirror","modern bedroom with a central bed, flanked by two nightstands and framed by windows on the right side.","This is a modern bedroom featuring a Scandinavian design style. The room has a calm and airy mood due to natural soft lighting from large windows and a chandelier. Key elements of the room include gray walls, white linen sheets, blue accents, wood flooring, a wooden headboard, glass elements like mirrors, and a mix of modern furniture such as a bed with fluffy pillows, a chair for reading or lounging, a table for placing items like books or a lamp, and a rug underneath the bed to add warmth and texture. The layout is designed to maximize space while keeping functionality in mind, providing ample room for relaxation and personal activities.",Scandinavian,Calm/Serene,Natural (Window),Bedroom,TRUE
shabby-chic-style_246.jpg,Modern Minimalist,"light grey, navy blue, pink","wood, linen, acrylic",natural light from windows and recessed lights,"clean, calm, and organized","white desk with pink chair, mirror on wall, potted plant, beautiful vase with flowers","bedroom space with bed in corner, vanity with mirror and lighting underneath, desk against the wall across from vanity.",This bedroom combines minimalist design elements with a touch of color and natural materials to create a serene and stylish space.,Minimalist,Calm/Serene,Natural (Window),Bedroom,TRUE
shabby-chic-style_252.jpg,Modern Minimalist,"white, beige, black, red","linen, wood, brass",natural soft light from large windows,calm and airy,"king-size bed, nightstand, armchair, area rug",open space with central seating area,"This is a serene and modern bedroom design, featuring a minimalist style with clean lines and soft neutral colors. The room is illuminated by natural light streaming in through the large windows, creating a calm atmosphere. The color palette is simple yet impactful, with black accents adding some contrast to the otherwise neutral tones. Materials used include linen for softness, wood for warmth, and brass for elegance. Furniture includes a king-size bed that invites relaxation, an armchair perfect for reading or lounging, a nightstand for personal items, and an area rug to tie the space together.",Minimalist,Calm/Serene,Natural (Window),Bedroom,TRUE
shabby-chic-style_255.jpg,Scandinavian,"blue, orange, green","cotton fabric, wool carpet",natural light from window and ambient ceiling lights,calm and inviting,"two decorative pillows, patterned area rug, blue vase with flowers",open floor plan with furniture arrangement around focal point,"This interior design showcases a Scandinavian style with a colorful blue, orange and green palette. The space is illuminated by natural light from the window and ambient ceiling lights that create a calm atmosphere. Decorative elements include two decorative pillows sitting on an area rug with a patterned border, and a vase of flowers adding a touch of nature to the room.",Scandinavian,Calm/Serene,Natural (Window),Bedroom,TRUE
shabby-chic-style_257.jpg,Modern Minimalist,"white, black, wood","oak wood, leather, glass",well-lit with white ceiling lights and natural light from windows,calm and serene,"shoe rack, walk-in closet, coat rack, storage bench",hallway connecting to bedroom and bathroom with closet in the middle,"This hallway leads to a modern minimalist bedroom and bathroom, featuring a sleek shoe rack and walk-in closet.",Minimalist,Calm/Serene,Natural (Window),Bedroom,TRUE
shabby-chic-style_26.jpg,Scandinavian,"light blue, white, beige","wooden beams, drapes, stone walls",soft and natural light from large windows,calm and peaceful,"two twin beds, hanging drapes, throw pillows",open space with central beds for sleeping,"This is a cozy bedroom design with a Scandinavian feel, featuring wooden beams and stone walls that contribute to the serene atmosphere. The light blue color palette creates a calm mood while the drapes hanging from the ceiling add a touch of softness to the space.",Scandinavian,Calm/Serene,Natural (Window),Bedroom,TRUE
shabby-chic-style_260.jpg,Industrial Loft,"gold, blue, white","metal, wood, fabric",modern and stylish with industrial metal pendant lights over desk,cool and chic,"white desk, black chair, blue sofa, gold bedding, wooden nightstand","open plan with loft style bedroom in upper level, connected to office below","This industrial loft living space features a cool and chic vibe with a mix of gold, blue, and white. The open layout connects the bedroom above to an office below, creating a stylish yet functional living area.",Industrial,Other,Pendant/Chandelier,Bedroom,TRUE
shabby-chic-style_270.jpg,Scandinavian,"white, light blue, gold","wood, glass, metal",natural light streaming in through windows,airy and bright,"dresser, books, vase, candlestick",a single piece of furniture placed against a wall,"A simple, well-lit space featuring a blue dresser with gold accents and decorative items arranged in a harmonious fashion.",Scandinavian,Bright/Airy,Natural (Window),Bedroom,TRUE
shabby-chic-style_272.jpg,Modern Minimalist,"white, blue, gray","wood, leather, fabric",natural light from large windows and recessed ceiling lights,modern and spacious,"sectional sofa, coffee table, floor lamp, decorative throw pillows, large potted plant",open layout with central seating area around fireplace,"This is a modern and minimalist designed living room that features a bright and airy mood due to the large windows and white color scheme. The space is decorated in shades of white, gray, and blue, with wood materials creating a warm and inviting atmosphere. The layout includes an open floor plan centered around a central seating area with a sectional sofa facing the fireplace. A large potted plant adds a touch of greenery to the room.",Minimalist,Modern/Sophisticated,Natural (Window),Bedroom,TRUE
shabby-chic-style_277.jpg,Modern,"beige, gray, white","fabric upholstery, wooden frame on chairs and table, tile backsplash",ambient light from ceiling fixtures and natural light from large windows,calm and inviting,"modern sofa with decorative pillows, wooden coffee table, framed print on wall, area rug, floor lamp",open concept living room with living area adjacent to dining area,"This modern living room combines comfort and style, featuring neutral colors, functional furniture, and natural lighting.",Modern,Calm/Serene,Natural (Window),Bedroom,TRUE
shabby-chic-style_279.jpg,Scandinavian,"black, white, gray","wood, fabric, glass","natural light from a large window, enhanced with ambient lighting",modern and minimalist,"bed, nightstand, lamp, pillows, blanket","spacious room with bed as focal point, nightstand on left side of bed, lamp above nightstand","This is a modern and minimalist bedroom design with a black and white color scheme, featuring wood accents and ambient lighting that brings in natural sunlight from a large window.",Scandinavian,Modern/Sophisticated,Natural (Window),Bedroom,TRUE
shabby-chic-style_280.jpg,Modern Minimalist,"white, gray, pink","wood, fabric, metal",bright and natural light from window,modern and playful,"desk, dresser, mirror, shelves",open space with desk in front of shelves,"The room is a modern, well-lit child's bedroom with a minimalist style featuring white and pink accents.",Minimalist,Modern/Sophisticated,Natural (Window),Bedroom,TRUE
shabby-chic-style_281.jpg,Scandinavian,"white, gray, blue","wood, metal, glass",recessed lighting with warm tones,bright and airy,"kitchen island, open shelving, blue accent pillows, greenery",open space with separate kitchen area,"This is a Scandinavian-style kitchen that uses muted colors, wood tones, and minimal decor to create an open and airy feel. The space is characterized by recessed lighting that provides warm illumination throughout the room. There's a mix of wooden cabinets and metal accents on display, with blue and green adding pops of color. Key elements include an island for food preparation, open shelving for display and organization, blue accent pillows to bring in the main color, and greenery to add freshness.",Scandinavian,Bright/Airy,Recessed,Bedroom,TRUE
shabby-chic-style_282.jpg,Vintage,"blue, white, light wood","wood, glass, fabric",natural light from large windows,warm and cozy,"dresser, vases, plant, pitcher",room with central furniture piece,"A room with a vintage-style dresser, featuring blue and white color palette, made of wood with glass accents. The space is illuminated by natural light from windows and has a warm and cozy atmosphere.",Traditional/Vintage,Warm/Cozy,Natural (Window),Bedroom,TRUE
shabby-chic-style_286.jpg,Industrial Loft,"black, white, metallic","brick wall, exposed wood beams, concrete flooring, ironwork",natural light from large windows and industrial pendant lights,edgy and urban,"bed with wooden headboard, wooden barstool, black wireframe chair, metallic wall art",open space with central seating area centered around a brick fireplace,"The room is an open loft-style space, featuring red brick walls, wooden beams and floors, and large windows that fill the space with natural light. The industrial pendant lights add to the urban feel of the space.",Industrial,Other,Natural (Window),Bedroom,TRUE
shabby-chic-style_291.jpg,Classic,"white, gold, cream","wood, fabric, glass","natural and bright, with chandelier as focal point",elegant and warm,"crib, dresser, bedding, chandelier",large room with open floor plan,"A classic nursery decorated in a soft white palette, featuring a large chandelier as the centerpiece, creating an elegant and warm atmosphere for a baby.",Other,Warm/Cozy,Natural,Bedroom,TRUE
shabby-chic-style_300.jpg,Scandinavian,"beige, green, white","wood, fabric, metal",natural light from windows and window blinds,calm and soothing,"bed, crib, dresser, chair, mirror",cozy bedroom with a double bed next to a crib,"The interior design is characterized by neutral colors, natural light, and a minimalist style. The room features wooden furniture and a cozy atmosphere.",Scandinavian,Calm/Serene,Natural (Window),Bedroom,TRUE
shabby-chic-style_301.jpg,Minimalist,"white, green, light wood","wood, linen, steel",natural soft light from large windows,calm and airy,"nightstand, bed, plant, vase",small room with bed in corner and nightstand by bed,"This image depicts a minimalist-style interior design, featuring natural light and an airy atmosphere. The color palette is neutral with green accents, while the materials used are mostly wood and linen with steel touches. The layout consists of a small room with a bed in one corner, a nightstand next to the bed, and plants and vases adding decorative elements.",Minimalist,Calm/Serene,Natural (Window),Bedroom,TRUE
shabby-chic-style_302.jpg,Scandinavian,"light blue, teal, white","wood, linen, brass",natural soft light from large windows and table lamp,calm and airy,"bed, chair, side table, pillow, plant",open space with central seating area around chair,"The room features a calm and airy Scandinavian style, characterized by light blue walls, teal accents, and white linens. The centerpiece of the room is a cozy chair with a wooden side table and plant. A bed in the corner provides a comfortable sleeping area.",Scandinavian,Calm/Serene,Natural (Window),Bedroom,TRUE
shabby-chic-style_314.jpg,Elegant Luxury,"pink, white, gold","velvet, silk, marble",Chandelier lighting with wall sconces,Opulent and Serene,"Canopy Bed, Dresser, Armchair, Coffee Table, Lamp",Large bedroom with separate sitting area,"This luxurious bedroom features a canopy bed, marble materials, elegant furnishings, and a chandelier lighting that creates an opulent atmosphere for relaxation.",Luxury,Calm/Serene,Pendant/Chandelier,Bedroom,TRUE
shabby-chic-style_318.jpg,Modern Minimalist,"white, gold, grey","wood, silk, linen",natural soft light from large windows,calm and airy,"tray, candles, tea bag",bedroom with bed as central focus,"This interior design creates a serene and elegant bedroom setting with a modern minimalist style, featuring a color palette of white, gold, and grey, natural materials like wood and silk, and soft lighting from large windows that contribute to the calm and airy mood.",Minimalist,Calm/Serene,Natural (Window),Bedroom,TRUE
shabby-chic-style_329.jpg,Scandinavian,"white, beige, gray","linen, wood, metal",soft and natural light from large windows,calm and serene,"bed, framed artwork, pillows, plant",spacious and symmetrical design with a central focus on the bed,"The interior features a Scandinavian-style design with a soothing color palette of white, beige, and gray. The room is adorned with linen sheets, wooden headboard, metal frame mirror, and a large plant that adds to the calm atmosphere. Large windows allow for soft natural lighting during the daytime.",Scandinavian,Calm/Serene,Natural (Window),Bedroom,TRUE
shabby-chic-style_33.jpg,Scandinavian,"white, gray, pink","wood, cotton, silk, glass",natural soft light from large windows and ceiling lights,calm and cozy,"twin beds, dresser, rocking chair, stuffed toy, nightstand, window seat",organized space with two distinct areas: sleeping and play/reading,"A well-decorated children's bedroom that combines function and aesthetics, featuring light colors, soft textures, and carefully placed furniture.",Scandinavian,Calm/Serene,Natural (Window),Bedroom,TRUE
shabby-chic-style_330.jpg,Scandinavian,"white, beige, light wood","wood, linen, glass",bright and well-lit with natural light from the window,bright and airy,"dresser with mirror, vanity with chandelier, mirror, sweater on hanger",small room layout with vanity as central focus,"This is a bright, Scandinavian-style bathroom design that uses neutral colors and natural light to create an airy and inviting space. The wooden dresser with mirror serves as a focal point for grooming and storage, while the large chandelier provides both illumination and a touch of luxury.",Scandinavian,Bright/Airy,Natural (Window),Bedroom,TRUE
shabby-chic-style_331.jpg,Modern Minimalist,"beige, white, gold","linen, silk, fur",natural soft light from large windows,warm and cozy,"king size bed, fuzzy pillows, fine linens",bedroom with large centerpiece bed and a simple decor approach,"This is an image of a modern, minimalist designed bedroom featuring a king size bed with a beige color scheme and fur accents. The room uses soft linens and silk for texture contrast. It has a warm and cozy atmosphere created by the natural lighting from large windows and the simple decor approach.",Minimalist,Warm/Cozy,Natural (Window),Bedroom,TRUE
shabby-chic-style_338.jpg,Modern Minimalist,"white, gray, black","leather, wood, metal",dimmable LED lighting fixtures,modern and luxurious,"bed, nightstands, fireplace, rug",open space with bed as focal point,"A modern and minimalist bedroom with a focus on comfort and style, featuring a white bed with black accents, leather upholstered furniture, dimmable LED lighting, and a fireplace for warmth.",Minimalist,Modern/Sophisticated,Ambient/Soft,Bedroom,TRUE
shabby-chic-style_345.jpg,Modern,"Pink, White","Foam, Zebra print fabric, Stones",Natural light from a large window,Elegant and feminine,"Bench, Pillow, Zebra patterned fabric, Gemstones",Centered piece of furniture in room surrounded by decorative items,"A pink velvet bench with a zebra print pillow and jewels, sitting under a large window letting in natural light. The overall mood is elegant and feminine.",Modern,Luxurious/Elegant,Natural (Window),Bedroom,TRUE
shabby-chic-style_350.jpg,Modern Minimalist,"white, beige, light wood","wood, linen, leather, metal",natural soft light from large windows,calm and serene,"bed, sofa, lamp, cabinet",open space with central bed in a sunny nook,"This modern minimalist bedroom features a light wood color palette with natural materials, creating a serene and calming atmosphere. The room is well-lit by large windows that allow for a soft glow throughout the day.",Minimalist,Calm/Serene,Natural (Window),Bedroom,TRUE
shabby-chic-style_358.jpg,Scandinavian,"blue, white, yellow","silk, linen, wood",natural soft light from large windows,calm and airy,"bed, table, lamp, pillows",organized with separate bed area and functional table and lamp in the corner.,"This bedroom is designed with a Scandinavian style, featuring natural materials like silk, linen, and wood. The room has a calm and airy mood, achieved through soft lighting and the use of blue, white, and yellow colors. A bed occupies one half of the room, while the other half is divided into functional areas with a table and lamp.",Scandinavian,Calm/Serene,Natural (Window),Bedroom,TRUE
shabby-chic-style_377.jpg,Modern,"white, gray, black","wood, fabric, glass",warm and inviting lighting from ceiling sconces and chandelier,serene and luxurious,"bed, headboard with antler decoration, nightstands with lamps, chandelier","spacious bedroom with large bed as focal point, surrounded by nightstands","This is a modern bedroom featuring a large bed with a wooden headboard adorned with antlers, warm lighting from sconces and a chandelier, and a soothing color palette of white, gray, and black.",Modern,Calm/Serene,Pendant/Chandelier,Bedroom,TRUE
shabby-chic-style_38.jpg,Scandinavian,"white, pink, green","fabric upholstery, wooden bed frame, brass hardware",natural soft light from large windows,calm and airy,"canopy bed, pink curtains, round mirror, striped throw pillows, small white chandelier",bed as centerpiece with flanking side tables,"This is a cozy and feminine bedroom space featuring a canopy bed, pink accents, and soft lighting to create a tranquil atmosphere.",Scandinavian,Calm/Serene,Natural (Window),Bedroom,TRUE
shabby-chic-style_385.jpg,Modern,"white, black, pink","wood, fabric, metal",ambient and natural lighting from a large window,"modern, romantic and feminine","two twin beds, two nightstands with lamps, a pink armchair",two beds facing each other with a central armchair in between them,"This is a bedroom with a modern style featuring black and white color scheme, wood and fabric materials, and ambient lighting. The room is furnished with two twin beds, nightstands with lamps on either side, and a pink armchair for added comfort.",Modern,Modern/Sophisticated,Natural (Window),Bedroom,TRUE
shabby-chic-style_386.jpg,Scandinavian,"white, wood, teal","wood, fabric, glass",natural light from window and floor lamp,calm and cozy,"shelves, bed, books, stuffed animals","bedroom layout with built-in bookshelf bed headboard, books and stuffed animals on shelves",A neat and organized bedroom space that combines functionality and comfort.,Scandinavian,Calm/Serene,Natural (Window),Bedroom,TRUE
shabby-chic-style_388.jpg,Modern Minimalist,"white, light purple, yellow","wood, linen, leather",warm and soft lighting from built-in recessed ceiling lights,bright and cheerful,"crib, bookshelf, pillow, small yellow chair","bedroom space with a crib, bookshelf, and small yellow chair arranged for comfort and convenience","A modern minimalist bedroom design featuring a white crib, light purple walls, wooden materials, linen fabrics, built-in recessed ceiling lights for warm lighting, and a small yellow chair tucked in the corner.",Minimalist,Bright/Airy,Recessed,Bedroom,TRUE
shabby-chic-style_394.jpg,Modern Minimalist,"white, beige, black, blue","wood, linen, metal, glass",Natural light from large windows and overhead chandelier.,Calm and serene.,"king size bed with floral comforter, floor lamp, circular decorative mirror, rectangular artwork",Open space with centered bed for focal point. Dark wood nightstands at sides of bed.,"This is a modern minimalist bedroom with a monochromatic color scheme, natural lighting, and clean lines that create a serene atmosphere.",Minimalist,Calm/Serene,Natural (Window),Bedroom,TRUE
shabby-chic-style_40.jpg,Modern Minimalist,"white, light pink, gold","wood, fabric","soft, natural light from a large window and a floor lamp",warm and welcoming,"king-size bed, chair, bedside table, lamp, floral centerpiece",open space with centered seating area,"A cozy, modern room with a pink and white color scheme featuring wood accents and soft lighting.",Minimalist,Warm/Cozy,Natural (Window),Bedroom,TRUE
shabby-chic-style_402.jpg,Modern Minimalist,"purple, white, brown","wood, silk, glass",natural light from large windows and ceiling fan lights,calm and serene,"king-size bed, chair, side table, framed artwork",spacious with central focus on king-size bed and surrounding furniture,"This bedroom is designed in a minimalist style, utilizing shades of purple, white, and brown for a tranquil atmosphere. The room features wood floors and walls, silk drapes, and glass accents that reflect the light coming through the large windows. A ceiling fan provides soft illumination, complementing the natural sunlight streaming in. The space is furnished with essential pieces including a king-size bed for restful sleep, a chair for relaxation, a side table for convenient placement of items, and a framed piece of artwork that adds personality to the room.",Minimalist,Calm/Serene,Natural (Window),Bedroom,TRUE
shabby-chic-style_404.jpg,Minimalist,"white, gray","glass, wood",Natural light from a large window,Clean and uncluttered,"bird cage, roses, dove figurine",Centered with symmetrical placement of objects,"The image depicts a minimalist design style, featuring a white painted dresser adorned with simple and elegant decor items including a birdcage, roses, and a dove figurine. The overall mood is clean and uncluttered with the centerpiece being the large bowl of purple roses which adds a touch of color to the space.",Minimalist,Modern/Sophisticated,Natural (Window),Bedroom,TRUE
shabby-chic-style_41.jpg,Modern Minimalist,"white, beige, light wood","wood, linen, brass",natural soft light from large windows and ceiling chandelier,calm and airy,"sofa, coffee table, plant, floor lamp",open space with central seating area,"This modern bedroom design features a minimalistic color palette, natural wood accents, and a warm atmosphere from the soft lighting.",Minimalist,Calm/Serene,Natural (Window),Bedroom,TRUE
shabby-chic-style_417.jpg,Mainstream Modern,"beige, off white, light gray","wood, fabric, glass","Mixed with warm ambient, natural light from windows and ceiling fixture providing direct light","Clean, comfortable, inviting","bed, sofa, dresser, armchair, lamp",Bed in corner with sitting area centered around sofa,"A well-lit, modern bedroom with a neutral color palette and comfortable furniture.",Modern,Warm/Cozy,Natural (Window),Bedroom,TRUE
shabby-chic-style_421.jpg,Modern Minimalist,"white, gray, black","wood, fabric, metal",natural light from window and chandelier,calm and modern,"bed, sofa, nightstand, chandelier, rug",open space with central bed and flanking furniture,"This is a modern minimalist interior design, featuring white walls, gray and black accents, wood and metal materials, natural light from a window and chandelier. The room's layout consists of an open space centered around the bed, with flanking furniture on both sides. The mood is calm and contemporary.",Minimalist,Calm/Serene,Natural (Window),Bedroom,TRUE
shabby-chic-style_426.jpg,Modern Minimalist,"blue, white, wood","wood, linen, metal",natural soft light from large windows and ceiling fan,calm and airy,"king bed, nightstands, sofa, area rug, pillows",open space with central seating area,"The room is a clean, modern living space with a large king bed as the focal point. The color palette is simple yet sophisticated, featuring blues and whites that create a serene atmosphere. Natural light from the windows fills the room, enhancing the open feeling of the space. The materials used include wood for the bed frame and floors, linen for the bedding and curtains, and metal for fixtures like the ceiling fan. Overall, this space is designed to be inviting and relaxing.",Minimalist,Calm/Serene,Natural (Window),Bedroom,TRUE
shabby-chic-style_431.jpg,Classic Southern,"white, blue, gray","brick, vinyl siding, wood flooring",Natural light from large windows and a skylight,Warm and inviting,"front porch with columns, large window with shutters, fireplace",Central hallway leading to bedrooms and living areas,"Two-story house with classic Southern design elements, featuring white walls, a blue accent color, wood flooring, and a brick exterior.",Other,Warm/Cozy,Natural (Window),Bedroom,TRUE
shabby-chic-style_433.jpg,Industrial,"white, black","metal, wood",ambient lighting from overhead fixtures and natural light from large windows,bold and modern,"vintage dresser, antique cupboards, industrial style metal hardware, large rustic mirror",linear space with open shelving units along one wall,"This interior design is inspired by an industrial aesthetic, featuring vintage elements such as an old dresser and cupboards, combined with modern metallic hardware. The space has a bold mood set by black and white coloring and large windows that allow for plenty of natural light. The layout includes open shelving units along one wall to add visual interest and storage options.",Industrial,Modern/Sophisticated,Natural (Window),Bedroom,TRUE
shabby-chic-style_441.jpg,Modern Minimalist,"white, light blue, brown","oak wood, tile, brass",bright and even light from ceiling fixtures,clean and serene,"white toilet, brown bathtub with pink floral shower curtain, white sink with chrome faucet","narrow space divided into bathroom area with separate toilet and tub, and bedroom area with twin beds and one window","A modern minimalist bathroom design that combines functionality and style, featuring oak wood accents, a bright color scheme, and efficient use of space.",Minimalist,Calm/Serene,Bright,Bedroom,TRUE
shabby-chic-style_445.jpg,Modern Minimalist,"beige, white, navy","wicker, metal, glass",natural soft light from large windows,calm and airy,"sofa, coffee table, plant, floor lamp, throw pillows",open space with central seating area,"This is a modern and minimalist living room design with wicker furniture, neutral tones, and an open layout that lets in plenty of natural light.",Minimalist,Calm/Serene,Natural (Window),Bedroom,TRUE
shabby-chic-style_453.jpg,Modern Minimalist,"white, blue, grey","wood, fabric, plastic",soft overhead lights complemented by table lamps,calm and modern,"queen-size bed, two nightstands, blue armchair, large framed artwork","open floor plan with beds at one end, living area in center, and sitting area along opposite wall","The room features a modern minimalist design with neutral tones, wood accents, and contemporary furnishings.",Minimalist,Calm/Serene,Ambient/Soft,Bedroom,TRUE
shabby-chic-style_455.jpg,Scandinavian,"white, blue, wood","fabric, glass, leather",natural soft light from large windows,calm and airy,"bed, nightstand, sofa, chair",open space with central seating area,"This Scandinavian-style room is filled with natural light, creating a calm and airy atmosphere. The bed is the focal point of the room, flanked by a nightstand on one side and a sofa on the other, providing ample seating space. The color palette consists mostly of soft whites and wood tones, while the fabric elements add a touch of texture and warmth to the space.",Scandinavian,Calm/Serene,Natural (Window),Bedroom,TRUE
shabby-chic-style_458.jpg,Modern Minimalist,"white, grey, navy blue","wood, leather, linen",natural soft light from large windows and floor lamps,calm and airy,"bed with white bedding and gold accent pillows, white sofa in corner of room, blue armchair with gold accents, two wooden nightstands on either side of bed, long wall-mounted desk with mirror","open space with central seating area, defined by blue armchair and sofa, with bed located in corner to maximize natural light.","This is a well-lit, modern minimalist bedroom with a calm and airy atmosphere. The room features a white bed with gold accent pillows, a white sofa in the corner with a blue armchair for additional seating. Natural light floods in through large windows, complemented by two wall-mounted floor lamps that add warmth to space. The color palette is soft and neutral, with wood and leather materials used throughout. Furniture is kept simple but functional, emphasizing the openness of the space.",Minimalist,Calm/Serene,Natural (Window),Bedroom,TRUE
shabby-chic-style_462.jpg,Modern Minimalist,"white, light wood","linen, wood",natural soft light from large windows,calm and airy,"king size bed, dresser, floor lamp, chandelier, vase with flowers",open space with central seating area,"This is a well-designed, modern bedroom with a minimalist style. The color palette features white and light wood, providing a clean and serene atmosphere. The room is filled with natural light from the large windows, creating an open space feel. The materials used include linen and wood, which add to the modern design. In the center of the room is a king size bed dressed in matching linens, flanked by two lamps for ambient lighting. A dresser can be found against one wall, and there's also a chandelier adding an elegant touch. A vase with flowers sits on a side table, bringing a pop of color to the room.",Minimalist,Calm/Serene,Natural (Window),Bedroom,TRUE
shabby-chic-style_466.jpg,Scandinavian,"white, gray, wood","wood, fabric, metal",natural soft light from large windows and chandelier,calm and cozy,"bed, dresser, chair, nightstand, artwork","open space with central seating area, furniture grouped around bed","This room is a Scandinavian-style interior featuring a comfortable and cozy atmosphere. The color palette includes white, gray, and wood tones for a natural and serene feel. Materials used include oak wood, fabric upholstery, and metal accents that add depth and interest to the space. Lighting is provided by large windows allowing natural light in and a chandelier adding warmth to the room at night. The furniture arrangement includes a central seating area with a bed at the heart of the space, creating a relaxed environment for rest and relaxation.",Scandinavian,Calm/Serene,Natural (Window),Bedroom,TRUE
shabby-chic-style_468.jpg,Modern,"light grey, dark grey, white","wood, linen, metal",natural sunlight shining through large windows,neutral and serene,"bed, nightstand, rug, side table",spacious with clean lines and minimal clutter,"The room features a large bed positioned against the wall with two nightstands on either side. A white rug adds warmth to the space, which is characterized by light wood flooring and linen upholstery in neutral colors.",Modern,Calm/Serene,Natural (Window),Bedroom,TRUE
shabby-chic-style_47.jpg,Scandinavian,"white, light blue, cream","wood, linen, silk",soft natural light from large windows,calm and cozy,"bed, cabinet, flower pot, vase, window seat",open space with central seating area under the bed canopy,"This room features a Scandinavian design with a light and airy color palette, natural wood materials, soft linen textures, and ample natural light. The bed is the centerpiece of this cozy space, enhanced by the warm glow of soft lighting.",Scandinavian,Calm/Serene,Natural (Window),Bedroom,TRUE
shabby-chic-style_470.jpg,Modern Minimalist,"white, light blue, neutral gray","white painted wood, linen, metal frame",natural soft light from large windows and ambient ceiling lighting,calm and airy,"sofa, coffee table, floor lamp, ruffled throw pillows, artwork",open space with central seating area,"This modern minimalist bedroom has a calming white palette, soft lighting, and an airy feel.",Minimalist,Calm/Serene,Natural (Window),Bedroom,TRUE
shabby-chic-style_471.jpg,Scandinavian,"white, beige, light wood","wood, fabric, glass",natural soft light from large windows,calm and airy,"bed, dresser, mirror, chair",open space with central seating area,"This interior design is a Scandinavian-style cottage with a calm and airy mood, featuring wood walls and flooring, beige fabric accents, a large window providing natural light, and minimal furniture including a bed, dresser, mirror, and chair.",Scandinavian,Calm/Serene,Natural (Window),Bedroom,TRUE
shabby-chic-style_474.jpg,Scandinavian,"white, gray, blue","wood, fabric, glass",soft natural light from windows,calm and serene,"bed, bench, armchair, side table, ruffled bedding",spacious with a central seating area under the windows,"This bedroom has a Scandinavian design with a monochromatic color palette, featuring natural materials and soft lighting that creates a calm and serene atmosphere.",Scandinavian,Calm/Serene,Natural (Window),Bedroom,TRUE
shabby-chic-style_480.jpg,Modern Minimalist,"white, light wood",oak wood,natural soft light from large windows,calm and airy,"dresser, cabinet, shelf, mirror",spacious with ample storage,"This minimalist interior features an all-white color scheme, oak wood cabinetry, and large windows that allow natural light to fill the room.",Minimalist,Calm/Serene,Natural (Window),Bedroom,TRUE
shabby-chic-style_485.jpg,Modern,"white, gray, black, bright orange","wood, fabric, metal, ceramic",recessed lighting with warm tone,lively and vibrant,"floor lamp, plant in corner, artwork on wall, colorful pillows on sofa, stool for sitting",open space with central seating area and artwork display,"This is a modern, colorful living room filled with vibrant decor.",Modern,Energetic/Vibrant,Recessed,Bedroom,TRUE
shabby-chic-style_488.jpg,Modern Minimalist,"beige, brown, black","wood, fabric",bright and natural light from large windows,clean and serene,"sofa, coffee table, floor lamp, vase, pillow",open space with central seating area and wood cabinet in back,"This is a modern minimalist living room featuring neutral colors, wooden cabinets, and bright lighting. The design focuses on simplicity and functionality, creating a serene and comfortable space.",Minimalist,Calm/Serene,Natural (Window),Bedroom,TRUE
shabby-chic-style_491.jpg,Modern Minimalist,"white, beige, light wood","linen, silk, wood",natural soft light from large windows,calm and airy,"cradle, nursery bedding, mobiles, canopy",simple layout with a central crib,"The nursery is designed in a modern minimalist style, featuring a calming light palette and natural linen textures. The space includes a cradle with matching bedding and accents, creating a serene environment for a newborn.",Minimalist,Calm/Serene,Natural (Window),Other,TRUE
shabby-chic-style_506.jpg,Scandinavian,"light wood, white, blue","wooden accents, linen, wood paneling",well-lit with natural light from two windows and a ceiling fixture,calm and cozy,"bed, nightstand, dresser, wreath","two twin beds next to each other, flanked by wooden nightstands and a dresser, with a wreath on the headboard for decoration","This bedroom features two twin beds dressed in light wood tones with white linens, creating a clean and bright atmosphere. The room is accented with wooden elements such as paneling and furniture pieces. A ceiling fixture provides additional illumination, while the two windows allow for an abundance of natural light. The overall mood is calm and cozy, inviting relaxation.",Scandinavian,Calm/Serene,Natural (Window),Bedroom,TRUE
shabby-chic-style_509.jpg,Scandinavian,"light blue, white, green","wooden furniture, linen upholstery, brass hardware","sunlit, with natural light coming in through windows",calm and serene,"bed, dresser, lamps, bookshelf","a bedroom with a large window allowing for ample natural light to fill the space, and a bed placed against one wall.","This is a bright and airy bedroom with a Scandinavian design style. The room features wooden furniture, linen upholstery, and a calm color palette of light blue, white, and green. Natural light fills the space through large windows placed in front of the bed. There are lamps and a bookshelf for functionality and decoration.",Scandinavian,Calm/Serene,Natural (Window),Bedroom,TRUE
shabby-chic-style_518.jpg,Scandinavian,"white, beige, light wood, blue","oak wood, linen, brass, wood",Natural soft light from large windows,Calm and airy,"queen size bed, tufted bench, lamp, framed artwork, round mirror",Open space with central seating area flanked by bedroom wings on either side,"This interior design is in the Scandinavian style, featuring a calming color palette of white, beige, light wood and blue. Materials used include oak wood, linen, brass and wood. The room has natural soft lighting from large windows which contribute to the calm and airy mood. Key objects in this space are a queen size bed with tufted bench, a lamp, framed artwork and a round mirror. The layout is open, creating central seating area flanked by bedroom wings on either side.",Scandinavian,Calm/Serene,Natural (Window),Bedroom,TRUE
shabby-chic-style_534.jpg,Modern Minimalist,"light gray, white, dark gray","metal frame, leather upholstery, wood, glass",Natural soft light from large windows and a ceiling fan that provides a cool breeze.,Calm and serene,"Queen size bed, Chair, Nightstands, Coffee table","A spacious bedroom with a large bed positioned to enjoy the window view, a seating area featuring a chair, and a coffee table. The nightstands flank the bed and are also in the seating area.","This is a modern minimalist bedroom that combines functionality with style, featuring a large comfortable bed, a seating area for relaxation, and sleek design elements.",Minimalist,Calm/Serene,Natural (Window),Bedroom,TRUE
shabby-chic-style_537.jpg,Modern Minimalist,"white, beige, light wood","wood, fabric, glass",soft overhead light with additional floor lamps providing ambient lighting,calm and airy,"queen-size bed, sofa with chaise lounge, two armchairs, coffee table, floor lamp","space arranged symmetrically around central seating area, creating a sense of balance and harmony",This modern minimalist bedroom features a clean and simple design with neutral colors that contribute to its serene atmosphere. The use of natural materials and soft lighting creates a peaceful and relaxing environment.,Minimalist,Calm/Serene,Ambient/Soft,Bedroom,TRUE
shabby-chic-style_541.jpg,Scandinavian,"white, grey, natural wood","oak flooring, linen drapes, wooden beams, brass accents",ambient with a touch of natural light from windows,calm and peaceful,"king size bed, armchair, coffee table, floor lamp, potted plant",spacious room with separate seating area and large windows providing natural light,"A modern Scandinavian bedroom with minimalist design, natural materials, and soft neutral colors.",Scandinavian,Calm/Serene,Natural (Window),Bedroom,TRUE
shabby-chic-style_543.jpg,Scandinavian,"green, white, light wood","oak wood, linen, glass",well-lit room with natural soft light from large windows,calm and airy,"round mirror, dark wooden dresser, white wall sconces","small, narrow space designed for efficient use of limited area","Scandinavian-style bathroom with a clean, minimalist design and focus on natural lighting.",Scandinavian,Calm/Serene,Natural (Window),Bedroom,TRUE
shabby-chic-style_544.jpg,Vintage Chic,"white, gold, cream","wood, linen, velvet",Soft and Warm,Luxurious and Comfortable,"bed with canopy, chaise lounge, chandelier, vintage mirror",Airy Master Bedroom,"This bedroom combines vintage elements with a luxurious feel, featuring a large bed under a canopy, a chaise for relaxation, and a classic chandelier. The neutral color palette of white, cream, and gold creates an elegant and inviting atmosphere.",Traditional/Vintage,Warm/Cozy,Ambient/Soft,Bedroom,TRUE
shabby-chic-style_546.jpg,Traditional,"white, golden yellow, dark wood","wood, fabric, metal","Muted ambient lighting with soft, warm tones.",Elegant and serene with a touch of luxury.,"bed, two wall-mounted mirrors, lamp, pillows","Symmetrical arrangement centered around the bed, with flanking lamps on either side.",This is a classic and elegant bedroom design featuring neutral colors and traditional furniture.,Traditional/Vintage,Calm/Serene,Ambient/Soft,Bedroom,TRUE
shabby-chic-style_547.jpg,Scandinavian,"white, beige, light wood","wood, fabric, glass",natural soft light from large windows,calm and airy,"king size bed, two-tone upholstered bench at foot of bed, floor lamp with neutral shade, white area rug","open space with central seating area, centered around large window for natural light and view","This is a modern Scandinavian-style bedroom with a focus on simplicity and comfort, featuring a king size bed dressed in neutral tones with accents of light wood. Natural light from the large window creates a serene atmosphere, complemented by the soft glow of floor lamps. The room's color palette is a harmonious blend of beige, white, and light wood. A two-tone upholstered bench provides additional seating at the foot of the bed, while a rug underfoot adds warmth and texture to the space. Materials used are natural and durable, including oak wood for the flooring, fabric for the soft window treatments, and glass for the large windows that offer a view of the outdoors.",Scandinavian,Calm/Serene,Natural (Window),Bedroom,TRUE
shabby-chic-style_554.jpg,Scandinavian,"gray, white, navy","wood, linen, silk",soft natural light from windows,cozy and inviting,"bed, nightstand, chair, desk",organized space with bed at center,"The room features a Scandinavian design with neutral colors, wood accents, linen textiles and soft natural lighting. The layout is centered around the bed with a nightstand to its right. A chair is placed next to a desk that also functions as a vanity. Overall, the room feels cozy and inviting.",Scandinavian,Warm/Cozy,Natural (Window),Bedroom,TRUE
shabby-chic-style_556.jpg,Scandinavian,"light beige, pink, white","wood, linen, cotton",natural soft light from large windows,calm and cozy,"bed, chair, sofa, lamps, pillows","open space with central seating area, flanked by bed on right and sofa on left.","This is a bright and airy Scandinavian-style bedroom featuring light wood tones, linen textures, and natural window light.",Scandinavian,Calm/Serene,Natural (Window),Bedroom,TRUE
shabby-chic-style_558.jpg,Scandinavian,"pink, white, blue","wood, fabric, metal",natural light from window and ceiling fixture,calm and serene,"canopy bed with pink floral comforter, white nightstands with blue drawers, potted plant on right side of bed, white fluffy throw blanket over armchair, framed photo on left side of bed",spacious room with canopy bed in center and seating area around it,"This is a lovely, spacious bedroom that uses a Scandinavian style with pink accents. The room features a large canopy bed as the focal point, flanked by white nightstands on each side. A cozy armchair and a potted plant create a welcoming atmosphere in this brightly lit space.",Scandinavian,Calm/Serene,Natural (Window),Bedroom,TRUE
shabby-chic-style_560.jpg,Scandinavian,"blue, white, light gray","wood, linen, silk",natural soft light from large windows,calm and airy,"bed, pillows, throw blankets, flowers, nightstand",open space with central seating area featuring bed,"The bedroom is designed in a Scandinavian style, featuring soft blue and white tones with accents of light gray. Natural materials like wood, linen, and silk contribute to the calm and airy atmosphere, illuminated by natural light from large windows.",Scandinavian,Calm/Serene,Natural (Window),Bedroom,TRUE
shabby-chic-style_562.jpg,Modern Minimalist,"white, beige, light wood","linen, concrete, steel",natural soft light from large windows and a wall lamp,calm and airy,"king-size bed with ruffled white covers, narrow nightstands on either side of the bed, large abstract painting above the bed, framed mirror above the nightstands, plush fur throw at end of the bed",large bedroom with high ceiling and open floor plan,"This modern minimalist bedroom combines clean lines and neutral colors to create a calm and airy atmosphere. Large windows flood the space with natural light, while concrete walls add texture. The king-size bed with ruffled white covers is the centerpiece of the room, flanked by narrow nightstands on either side. A large abstract painting above the bed serves as a focal point, and a plush fur throw at the end of the bed adds warmth and comfort.",Minimalist,Calm/Serene,Natural (Window),Bedroom,TRUE
shabby-chic-style_568.jpg,Modern Minimalist,"white, black, gray","wood, leather, metal",recessed ceiling lights and floor lamps,"modern, sophisticated, and serene","bed, sofa, coffee table, bookshelf, floor lamp","open concept with bed at center, living area in back","This is a modern minimalist interior design with a focus on clean lines and monochromatic color palette. The space features a large bed at the center, a sofa for seating, a coffee table, a bookshelf for storage and decoration, and floor lamps for ambient lighting.",Minimalist,Calm/Serene,Recessed,Bedroom,TRUE
shabby-chic-style_570.jpg,Modern Minimalist,"white, gray, black","wood, fabric, metal",Natural soft light from large windows,Calm and airy,"bed, nightstand, chest of drawers, throw blanket, pillows","Space is divided by large bed as centerpiece, with nightstand on each side.","This room features a modern minimalist design in soft neutral tones, creating a calm and airy atmosphere.",Minimalist,Calm/Serene,Natural (Window),Bedroom,TRUE
shabby-chic-style_571.jpg,Modern Minimalist,"white, gray, gold","glass, leather, metal",natural soft light from large windows,calm and airy,"bed, nightstand, couch, area rug, chandelier",open space with central seating area,"The bedroom is a modern minimalist retreat, featuring a white color palette, leather and metal materials, soft lighting from large windows, and a comfortable couch in the center of the room.",Minimalist,Calm/Serene,Natural (Window),Bedroom,TRUE
shabby-chic-style_573.jpg,Modern,"white, beige, gray","wood, fabric, glass",Natural light with ceiling fan lights on,Sleek and contemporary,"king size bed, nightstands, armchair, area rug, wall art","Open layout, centered around bed with chairs on either side",This is a modern bedroom with a neutral color palette and sleek furnishings.,Modern,Modern/Sophisticated,Natural,Bedroom,TRUE
shabby-chic-style_575.jpg,Modern Minimalist,"white, beige, light wood","wood, linen, metal",natural soft light from large windows,calm and airy,"king-size bed, coffee table, large mirror, vase with flowers",open space with central seating area around a fireplace,"This is a modern, minimalist bedroom that features natural wood elements, a neutral color palette, and a calming atmosphere.",Minimalist,Calm/Serene,Natural (Window),Bedroom,TRUE
shabby-chic-style_577.jpg,Minimalist,"white, beige, grey","wood, linen, cork",natural light from the skylight above,calm and serene,"bed, woven basket on floor, plants, framed artwork","narrow space with bed against wall, open area in center of room for sitting or lounging",A minimalist design in a narrow space using natural light and neutral colors to create a calm and serene atmosphere.,Minimalist,Calm/Serene,Natural,Bedroom,TRUE
shabby-chic-style_580.jpg,Scandinavian,"beige, orange, blue","wood, fabric, clay","soft and warm, with natural light from windows",comfortable and inviting,"sofa, coffee table, books, plant, rugs, chairs",open space with central seating area and a bedroom section,Unknown,Scandinavian,Warm/Cozy,Natural (Window),Bedroom,TRUE
shabby-chic-style_584.jpg,Eclectic,"green, beige, white","wooden, linen, metal",Warm and ambient lighting,Chic and vintage,"antique dresser, framed mirror, candle holder",Small space layout with a central focus on the sink area.,"This bathroom features an antique wooden dresser, framed mirror, and candle holder against a backdrop of peacock feather wallpaper. The space is lit with warm, ambient lighting that creates a chic and vintage atmosphere.",Other,Other,Ambient/Soft,Bedroom,TRUE
shabby-chic-style_589.jpg,Modern Minimalist,"white, beige, light wood","brick wall, wood ceiling fan, wood headboard",natural soft light from large windows,warm and cozy,"queen size bed with linens, two sconces on either side of the bed, plants on either side of the headboard",open space with central seating area,"This modern minimalist bedroom features a brick wall, a white bed with beige linens, and wood ceiling fan. The room has large windows that allow for natural light to fill the space. Two sconces on either side of the bed provide soft ambient lighting, while plants add a touch of greenery.",Minimalist,Warm/Cozy,Natural (Window),Bedroom,TRUE
shabby-chic-style_595.jpg,Modern Minimalist,"white, light wood, neutral grays","wood, fabric, metal",Natural light from large windows and recessed lighting in ceiling.,Calm and peaceful with a touch of brightness and warmth.,"queen size bed, lounge chair, couch, bookshelves, framed art on wall","A room that feels spacious, yet comfortable and inviting, with separate sleeping area and living space.","This modern bedroom features a minimalist design, clean lines, and natural materials. The color palette is neutral and calming, providing a peaceful retreat. Large windows let in abundant natural light, creating an airy feel that's complemented by the recessed ceiling lights.",Minimalist,Calm/Serene,Natural (Window),Bedroom,TRUE
shabby-chic-style_605.jpg,Modern Minimalist,"white, gray, black","wood, metal, fabric",soft and warm light from ceiling lamp and floor lamp,"clean, serene, and inviting","bed, dresser with mirror, chair, cat, vase with flowers","small bedroom with a neatly made bed, dresser for clothing storage, chair at the foot of the bed, and a cat on the chair.","The room has a modern minimalist style with clean lines and a neutral color palette. The layout is efficient, maximizing space with a small bed, dresser, and chair in proximity to each other.",Minimalist,Calm/Serene,Ambient/Soft,Bedroom,TRUE
shabby-chic-style_608.jpg,Modern Minimalist,"white, gray",wood,natural soft light from large windows,calm and airy,"bed, dresser, nightstand, mirror, lamp","space is arranged with the bed as the centerpiece, flanked by a dresser and nightstand on either side, all set against a light gray wall.","The room features a modern minimalist design with white and gray tones, wood accents, and natural light from large windows. The space is organized around a bed as the central focus, creating a serene and calming atmosphere.",Minimalist,Calm/Serene,Natural (Window),Bedroom,TRUE
shabby-chic-style_611.jpg,Mid-Century Modern,"white, beige, blue","wood paneling, linen upholstery, brass",natural soft light from large windows,warm and cozy,"white sofa with floral pillows, coffee table with decorative books, plant in a white pot on the floor, floor lamp, vintage chandelier",open space with central seating area near fireplace,"This living room combines elements of Mid-Century Modern design, featuring wood paneling and linen upholstery in a warm color palette. The natural light streaming through the large windows creates a soft glow throughout the space, while the central seating area around the fireplace invites relaxation and conversation.",Modern,Warm/Cozy,Natural (Window),Bedroom,TRUE
shabby-chic-style_615.jpg,Rustic Cottage,"natural wood, white, green, blue","wood, metal, fabric",Natural light from multiple windows and skylights,Cozy and inviting,"sofa, chairs, coffee table, throw pillows, blankets","Small room with central seating area, surrounded by windows","A charming rustic-style shed that has been converted into a cozy and inviting living space, complete with comfortable furniture and natural lighting.",Natural/Rustic,Warm/Cozy,Natural (Window),Bedroom,TRUE
shabby-chic-style_617.jpg,Modern,"white, blue, green","wicker, wood, rattan","Natural, sunlit area with ambient light from a woven hanging light",Relaxed and inviting,"white wicker sofa, wicker armchair, blue pillows on the sofa, wooden coffee table, small plant in a pot",Open space with seating arrangement centered around a wooden coffee table,"The modern outdoor living area features wicker furniture, blue and white cushions, wood accents, a hanging light, and is arranged to take advantage of the natural light.",Modern,Warm/Cozy,Natural,Bedroom,TRUE
shabby-chic-style_62.jpg,Modern Minimalist,"white, gray, blue","wood, fabric, glass",soft natural lighting from large windows and ceiling fan with lights,calm and serene,"bed, nightstand, end table, chair, mirror",open space with central bed area,"This modern, minimalist bedroom features a neutral color palette with white walls and ceiling fan lighting. The room is furnished with a large bed centrally placed, flanked by nightstands and an end table, with a chair at the foot of the bed for additional seating or storage. Large windows let in natural light during the day.",Minimalist,Calm/Serene,Natural (Window),Bedroom,TRUE
shabby-chic-style_625.jpg,Modern Minimalist,"blue, green, red","wood, linen, metal",soft natural light from two large windows on opposite walls,calm and serene,"bed, chair, desk, bookshelf, clock","a compact space with bed centered, chair next to desk, bookshelf against one wall, and clock hanging above the desk area.","This modern minimalist bedroom features a bold color palette with blue bedding, green accents, and red cushions. The room is made of wood and linen materials for a natural feel, and soft lighting from two windows creates a calm and serene atmosphere. Furniture includes a central bed, chair next to the desk, bookshelf against one wall, and a clock hanging above the desk area.",Minimalist,Calm/Serene,Natural (Window),Bedroom,TRUE
shabby-chic-style_63.jpg,Minimalist,"white, gray, pink","wood, fabric",Natural light from windows and bedroom light fixture with soft glow,Serene and calming,"bed, nightstand, chair, table",Bed situated in corner of room with nightstand and chair to the side for seating,"A tranquil bedroom design, featuring a minimalist color palette with white, gray, and soft pink tones. Natural light is complemented by a warm bedroom light fixture that casts a gentle glow across the room.",Minimalist,Calm/Serene,Natural (Window),Bedroom,TRUE
shabby-chic-style_631.jpg,Modern,"white, gray, brass","wood paneling, stone, leather",Natural light from windows with white window treatments.,"Warm and welcoming, with a touch of elegance.","large rectangular mirror over fireplace, white chandelier, decorative wooden blocks above fireplace, white sofa with textured pillows, gray area rug on wood floor",Open living room with white walls and natural wood ceiling. Large window overlooking outdoor space.,"This interior design creates a warm, inviting atmosphere with modern touches that feel both comfortable and sophisticated.",Modern,Warm/Cozy,Natural (Window),Bedroom,TRUE
shabby-chic-style_632.jpg,Modern,"white, beige, light wood","oak wood, linen, steel",natural soft light from large windows and overhead track lighting,calm and airy,"king-size bed, nightstands, bedframe with wrought iron design, dresser, mirror",open space with central seating area defined by the bed and nightstands,"This is a modern bedroom featuring an all-white color scheme, wrought iron bedframe, oak wood accents, linen upholstery, and steel fixtures. The room has large windows that allow in natural light and overhead track lighting for even illumination. It gives off a calm and airy atmosphere with clean lines and minimal clutter.",Modern,Calm/Serene,Natural (Window),Bedroom,TRUE
shabby-chic-style_638.jpg,Modern,"white, gray, wood","wood, fabric, glass","Mix of natural and ambient light, with additional accent lighting to highlight architectural features.",Elegant and serene with a touch of rustic charm.,"bed, fireplace, flat-screen TV, sofa, side tables","Open floor plan featuring a central seating area with the bed and sofa surrounding the fireplace, which serves as an anchor for the space.",Unknown,Modern,Calm/Serene,Natural,Bedroom,TRUE
shabby-chic-style_643.jpg,Modern Minimalist,"soft pink, muted grey, light green","wood for dresser and chair, linen for cushions, metal for mirror frame","ambient light from ceiling fixture, complemented by natural light from windows",clean and serene,"desk with mirror above it, white chair at desk, vases of flowers, wooden frame around window","small room with desk centrally positioned, flanked by windows on two sides","A modern minimalist bedroom with a soft pink color scheme, featuring wooden furniture and linen cushions for comfort.",Minimalist,Calm/Serene,Natural (Window),Bedroom,TRUE
shabby-chic-style_644.jpg,Scandinavian,"white, beige, light wood","wooden headboard and bed frame, linen pillows and blankets, silk or satin sheets",soft natural light from large windows and a chandelier,calm and serene,"two beds with matching linens and headboards, a wooden nightstand, a wall-mounted mirror, an area rug","two identical beds side by side, creating symmetry in the space","This is a Scandinavian style bedroom featuring two identical twin beds with matching headboards and linens. The room has a light wood color scheme, accented with beige and white pillows and blankets, giving it a calm and serene atmosphere.",Scandinavian,Calm/Serene,Natural (Window),Bedroom,TRUE
shabby-chic-style_649.jpg,Victorian,"white, purple, blue","velvet, silk, crystal",warm and intimate from candle light,romantic and elegant,"canopy bed, chaise lounge, lamp, vase with flowers","traditional symmetrical layout with canopy bed as centerpiece, chaise lounge on either side of bed, lamp between chaise and bed, and vase with flowers at foot of bed","This is a Victorian-style room with a romantic color palette of white, purple, and blue. The materials used are luxurious, such as velvet, silk, and crystal. The lighting is intimate, with candlelight providing a warm glow. The room's centerpiece is the canopy bed, flanked by chaise lounges on either side. A lamp sits between the chaise and the bed, and there is a vase with flowers at the foot of the bed.",Other,Luxurious/Elegant,Mixed/Other,Bedroom,TRUE
shabby-chic-style_650.jpg,Modern Minimalist,"white, gray, beige","wood, fabric, metal",bright with a mix of natural and artificial light sources,serene and tranquil,"bed, sofa, coffee table, walls artwork, floor lamp","modern, open floor plan with central seating area","A modern minimalist bedroom suite with a serene atmosphere, featuring natural wood accents and an elegant color palette.",Minimalist,Calm/Serene,Natural,Bedroom,TRUE
shabby-chic-style_652.jpg,Victorian,"light pink, beige, dark green","hardwood floors, white wainscoting, brass fixtures",Soft natural light from windows and wall sconces,Elegant and charming,"antique vanity mirror, ornate dresser, chandelier, vintage armchair","Bathroom with an L-shaped counter, flanked by cabinets on both sides.","This bathroom exudes a Victorian charm through the use of rich colors, elegant fixtures, and antique furniture. The lighting creates a warm and inviting atmosphere, making it a perfect space for getting ready in the morning.",Other,Luxurious/Elegant,Natural (Window),Bedroom,TRUE
shabby-chic-style_658.jpg,Modern Minimalist,"white, light blue, navy, gray","wood, fabric, metal",natural soft light from a large window,calm and airy,"bed, nightstand, dresser, desk, chair",open space with a central seating area around the bed,"This is a modern, minimalist children's bedroom featuring white furniture and light blue accents. The room has an open layout with plenty of storage options, providing a calm and airy atmosphere.",Minimalist,Calm/Serene,Natural (Window),Bedroom,TRUE
shabby-chic-style_666.jpg,Modern,"blue, white, gold","linen, wood, velvet","warm and cozy, with a soft glow from the chandelier",calm and serene,"crib, glider, ruffled banner, pillows, angel wings","simple and functional, with furniture placed for easy access to the baby's room","The nursery is designed in a modern style with a soothing blue color palette. The room features a crib with a comfortable glider next to it, a decorative banner hanging over the bed, and angel wings on the wall. The soft lighting creates a calm atmosphere for the baby's rest.",Modern,Calm/Serene,Pendant/Chandelier,Bedroom,TRUE
shabby-chic-style_667.jpg,Modern Minimalist,"beige, white, light wood","oak wood, linen, steel",natural soft light from large windows and ceiling light fixture,calm and airy,"bed with white comforter and brown throw pillows, white nightstand, black floor lamp, white framed artwork on wall, wooden dresser","well-lit bedroom with central bed as focal point, flanked by nightstand and dresser","This is a serene and inviting modern minimalist bedroom. The beige color scheme creates a warm and calming atmosphere. The oak wood furniture adds texture and interest to the space. The large windows allow for natural light to fill the room, enhancing its airy feel.",Minimalist,Calm/Serene,Natural (Window),Bedroom,TRUE
shabby-chic-style_673.jpg,Scandinavian,"white, blue, beige","oak wood, linen, velvet",bright and airy with natural light from windows,calm and peaceful,"queen-size bed, wooden dresser, wicker chair, area rug, framed wall art",traditional bedroom layout with a centralized bed for focus,"This image depicts a modern Scandinavian style bedroom, featuring clean lines, neutral colors, and an emphasis on natural lighting. The room is furnished with a queen-size bed at the center, flanked by two dressers on either side. Additional decorative elements include wicker chairs, wall art, and an area rug to add warmth and texture.",Scandinavian,Calm/Serene,Natural (Window),Bedroom,TRUE
shabby-chic-style_674.jpg,Modern Minimalist,"white, beige, light wood","velvet upholstery, linen bedding, leather headboard",soft and natural light from a large window,warm and inviting,"king size bed, bedside table, fainting couch, chandelier",open space with central focal point on the bed,"This is a large modern bedroom designed in a minimalist style with neutral colors and soft textures. The room features a king size bed with white linens, a wooden headboard, and a matching chandelier above it. There's a bedside table for personal items and a fainting couch along the wall which adds an additional seating area. The overall atmosphere is warm and inviting.",Minimalist,Warm/Cozy,Natural (Window),Bedroom,TRUE
shabby-chic-style_676.jpg,Modern Minimalist,"green accent, black and white, light wood","wood, linen, metal",natural soft light from large windows,calm and airy,"bed, nightstand, seating area, lampshade, window treatment",open space with central seating area,"The room features a modern minimalist design with green accent, black and white color palette, wood and metal materials. It is illuminated by natural light from large windows that create a calm and airy atmosphere. The layout includes an open space with a central seating area made up of two beds, a nightstand with lampshade, and a seating area under the window treatment.",Minimalist,Calm/Serene,Natural (Window),Bedroom,TRUE
shabby-chic-style_678.jpg,Scandinavian,"white, beige, light wood","wood, linen, glass",soft and natural light from large windows,calm and serene,"bed, nightstand, chest of drawers, coffee table, side table, rug",simply arranged space with a central bed as focal point,"This is a cozy, minimalistic room designed in the Scandinavian style, featuring light wood accents and linen textures, providing a serene atmosphere.",Scandinavian,Calm/Serene,Natural (Window),Bedroom,TRUE
shabby-chic-style_679.jpg,Modern Minimalist,"white, off-white, gray","oak wood, linen, steel",bright natural light from large windows,calm and elegant,"large bed with headboard, bedside table with lamp, large mirror on wall, floral arrangement on side table",spacious room with symmetrical furniture placement centered around a large four-poster bed,A luxurious and modern bedroom with an elegant color palette and minimalist design elements.,Minimalist,Calm/Serene,Natural (Window),Bedroom,TRUE
shabby-chic-style_68.jpg,Vintage Romantic,"soft pink, lush green, muted gold","plush velvet, gilded wood, glass",warm ambient light from chandelier,romantic and dreamy,"canopy bed, vintage armoire, ornate desk, pink chaise lounge",traditional with four-poster canopy bed as focal point,This vintage-inspired bedroom combines soft pastel hues with luxurious fabrics and antique furnishings to create a romantic retreat.,Traditional/Vintage,Other,Pendant/Chandelier,Bedroom,TRUE
shabby-chic-style_680.jpg,Scandinavian,"white, light blue, natural wood","wood, fabric, metal",The room has plenty of natural light coming in through the large windows.,calm and serene,"bed, nightstand, mirror, potted plant",The room is well-organized with a spacious bedroom area leading to a cozy sitting area. There's also a large window that provides ample light.,"This Scandinavian-style bedroom has a calm and serene atmosphere, featuring a white bed set on a large wooden frame, natural wood accents, and plenty of white and light blue colors.",Scandinavian,Calm/Serene,Natural (Window),Bedroom,TRUE
shabby-chic-style_684.jpg,Scandinavian,"white, beige, light wood","linen, silk, wood",natural soft light from large windows,calm and airy,"king-size bed, white sofa, two-tiered chandelier, large abstract artwork on wall, floor-to-ceiling curtains",open space with central seating area,"A modern Scandinavian-style bedroom featuring a king-size bed, sofa, large windows allowing natural light to flood the room, and tasteful decorative elements that create an airy and serene atmosphere.",Scandinavian,Calm/Serene,Natural (Window),Bedroom,TRUE
shabby-chic-style_698.jpg,Modern Minimalist,"white, beige, light wood","linen, woven textile, wood",natural soft light from large windows,calm and airy,"bed, nightstands, area rug, pillows",open space with central seating area,"This bedroom features a Modern Minimalist design with natural materials, soft lighting, and an airy atmosphere.",Minimalist,Calm/Serene,Natural (Window),Bedroom,TRUE
shabby-chic-style_699.jpg,Mid-Century Modern,"white, gray, blue","wood, linen, fabric",natural soft light from large windows,calm and serene,"bed, nightstands, lamp, vase",open space with central seating area,"This bedroom features a mid-century modern design with a soothing color palette, primarily white and gray. The room has wooden accents and linen textures that contribute to the calm atmosphere. Large windows allow natural light to illuminate the space, enhancing the overall serene mood. The centerpiece is a large bed flanked by two nightstands with lamps for added functionality. A decorative vase adds a touch of elegance and warmth.",Modern,Calm/Serene,Natural (Window),Bedroom,TRUE
shabby-chic-style_702.jpg,Scandinavian,"white, beige, light wood","wood, fabric, metal",natural soft light from large windows,calm and airy,"bed, sofa, coffee table, pillows, curtains, rugs",open space with central seating area around bed,"A serene Scandinavian-style room with a large bed at its center, surrounded by furniture and accentuated by natural light.",Scandinavian,Calm/Serene,Natural (Window),Bedroom,TRUE
shabby-chic-style_703.jpg,Modern Minimalist,"white, beige, light wood","oak wood, linen, concrete",natural soft light from large windows,calm and airy,"bed, sofa, coffee table, plant, area rug",open space with central seating area,"This bedroom exudes a modern, minimalist style with its light wood elements and clean lines. The beige color palette lends warmth to the space while the oak wood adds texture. Large windows allow for an abundance of natural light to enter, creating a calm and airy atmosphere. A central sofa serves as a seating area, surrounded by decorative pillows that add pops of color. On one side of the room is a bed with a wooden canopy frame, featuring intricate floral artwork. An area rug adds coziness to the space. The room is adorned with simple and elegant lighting fixtures that complement the overall design.",Minimalist,Calm/Serene,Natural (Window),Bedroom,TRUE
shabby-chic-style_705.jpg,Industrial Loft,"white, grey, black, wood","wood, brick, steel, fabric",warm and cozy with a mix of natural light from windows and soft ambient lighting from industrial lamps.,calm and serene,"bed, wooden bench, industrial-style lamp, large rug, metal bed frame","a cozy sleeping area with a low ceiling and a bed in the center, surrounded by industrial elements.","This space features an Industrial Loft style with a minimalistic color palette of white, grey, black, and wood. The room is made with materials like wood, brick, steel, and fabric, and it has an inviting lighting setup that provides warmth and comfort.",Industrial,Calm/Serene,Natural (Window),Bedroom,TRUE
shabby-chic-style_707.jpg,Industrial Loft,"navy blue, white, wood","metal, wood, fabric",natural light from two large windows,modern and rustic,"black metal bunk beds, blue striped pillows, white shade lamps, wooden nightstands",open space with two bunk beds against the wall and a central rug,"The room is a modern industrial style loft bedroom with black metal bunk beds, blue striped pillows, white shade lamps, wooden nightstands, and wood elements.",Industrial,Modern/Sophisticated,Natural (Window),Bedroom,TRUE
shabby-chic-style_708.jpg,Scandinavian,"white, light gray, natural wood","cedar shake siding, plywood, woven fabric",natural soft light from one large window and two smaller windows,calm and cozy,"wooden bed, wooden chair, wooden dresser, wooden bookshelf, small wooden table","bed tucked under the eaves, with a chair sitting beside it, adjacent to the windows.","A small cabin-like room with a simple, handmade furniture set that gives off a cozy vibe.",Scandinavian,Calm/Serene,Natural (Window),Bedroom,TRUE
shabby-chic-style_71.jpg,Modern Minimalist,"beige, white, light wood","wood, linen, glass",natural soft light from large windows,calm and airy,"queen-size bed, dresser, lamp, nightstand",open space with central seating area,"A modern, minimalist bedroom featuring a queen-size bed, wood dresser, and linen accents that create a calm and airy atmosphere.",Minimalist,Calm/Serene,Natural (Window),Bedroom,TRUE
shabby-chic-style_728.jpg,Modern,"white, beige, red","wood, silk, linen","natural soft light from large windows, and warm ambient lighting from wall sconces.",calm and inviting,"king-size bed, dresser, nightstands, area rug, ceiling fan","open space with central seating area, featuring a large king-size bed flanked by two nightstands.",Unknown,Modern,Calm/Serene,Natural (Window),Bedroom,TRUE
shabby-chic-style_731.jpg,Modern Minimalist,"white, light grey","linen, wool",natural soft light from large windows,calm and airy,"bed, nightstand, framed artwork","simple, clean lines with a focus on space utilization","This is an image of a modern minimalist bedroom with a serene atmosphere. The room features a large white furry comforter on the bed, complemented by light grey walls and simple, clean linen sheets. Wool textures are used throughout the room to create warmth and comfort. Lighting comes from large windows, which also allow for natural light to fill the space. The color palette consists of just two colors, white and light grey, creating a peaceful and uncluttered environment. The overall atmosphere is calm and airy.",Minimalist,Calm/Serene,Natural (Window),Bedroom,TRUE
shabby-chic-style_732.jpg,Modern Minimalist,"white, gray, silver","linen, wool, leather",Natural soft light from large windows,Calm and airy,"king-size bed with gray headboard, white sofa and matching chairs, large metal chandelier hanging from the ceiling, small round table with candles, framed mirror on the wall",Open space with a central seating area around the fireplace.,"This modern minimalist bedroom features an elegant gray and white color palette, with linen and wool textiles adding warmth. A large metal chandelier hangs from the ceiling, casting soft light throughout the space. Large windows provide natural light that enhances the airy feel of the room. The furniture includes a king-size bed, white sofa and chairs, and a table with candles for a cozy atmosphere. The layout allows for an open seating area around the fireplace.",Minimalist,Calm/Serene,Natural (Window),Bedroom,TRUE
shabby-chic-style_733.jpg,Modern Minimalist,"white, pink, navy","wood, linen, glass",natural soft light from large windows,calm and airy,"bunk beds, play gym, toddler bed, rocking chair, white sheepskin rug",open space with central seating area,"This children's room features a modern, minimalist design with a monochromatic color scheme and natural light. The bunk beds are elevated on a wooden platform, providing a cozy bed area above the open play gym. A white sheepskin rug adds warmth underfoot, while the rocking chair offers a comfortable spot for reading or quiet bonding moments.",Minimalist,Calm/Serene,Natural (Window),Bedroom,TRUE
shabby-chic-style_738.jpg,Modern Minimalist,"white, light gray, wood accents","wood, linen, glass",natural soft light from large windows,calm and airy,"bed, dresser with mirror, vanity, shelving unit",open space with central seating area,"This bedroom has a modern, minimalist design with an emphasis on clean lines and natural wood accents. The color palette is soft and light, creating a calm and airy atmosphere. The room features wood flooring and furniture, as well as linen upholstery that adds texture to the space. Large windows allow for ample natural light, which enhances the overall feel of serenity.",Minimalist,Calm/Serene,Natural (Window),Bedroom,TRUE
shabby-chic-style_741.jpg,Scandinavian,"white, beige, light wood","metal, linen, wood",Natural soft light from large windows and bedroom chandelier,Calm and airy,"bed, chair, dresser, lamp, bookshelf",Space is organized with a focal point in the center. A seating area is created by placing a chair and an ottoman in front of a window.,"The room has a clean, minimalistic design with a Scandinavian influence. The color palette consists mostly of neutral tones, creating a serene atmosphere. The lighting is soft and natural, enhancing the calm feeling of the space.",Scandinavian,Calm/Serene,Natural (Window),Bedroom,TRUE
shabby-chic-style_743.jpg,Modern Minimalist,"navy blue, gold, white","dark hardwood, linen, marble",ambient lighting from recessed lights and floor lamps,modern and elegant,"king-size bed, sofa, coffee table with decorative books, floor lamp, framed art on walls",open space with a central seating area around the sofa,"The room is designed in a modern minimalist style, featuring dark blue walls and gold accents. The king-size bed is the focal point of the space, flanked by two nightstands. A sofa sits under a large mirror above a coffee table with decorative books. Floor lamps add to the ambiance and lighting in this elegant bedroom.",Minimalist,Modern/Sophisticated,Recessed,Bedroom,TRUE
shabby-chic-style_745.jpg,Scandinavian,"white, beige, grey","wood, linen, glass","Natural light from window, complemented by recessed ceiling lights.","Bright and airy, with a touch of romantic elegance.","bed, dresser, mirrors, clock","Spacious bedroom featuring a large window for abundant natural light. The dresser sits between two mirrors, reflecting the room's depth and making it feel larger.","This bedroom exudes a Scandinavian style with its white paint and wooden furniture, offering ample storage in the dresser and a comfortable space to relax on the bed.",Scandinavian,Bright/Airy,Natural (Window),Bedroom,TRUE
shabby-chic-style_749.jpg,Modern Minimalist,"white, blue, orange","linen, wood, metal",natural soft light from large windows,calm and airy,"bed, nightstands, rugs, lamp",open space with central seating area,"The bedroom is decorated in a modern minimalist style, featuring a white color palette with blue accents and orange accent pillows. The room is furnished with wooden nightstands, linen sheets, and rugs, complemented by natural lighting from the large windows.",Minimalist,Calm/Serene,Natural (Window),Bedroom,TRUE
shabby-chic-style_751.jpg,Modern Minimalist,"white, beige, light wood","wood, linen, fabric","soft, natural light from large windows",calm and serene,"bed with white bedding and floral print, purple abstract painting on wall, white nightstand with lamp, pink velvet armchair, wooden dresser","simple, open space with clean lines and minimal decor","This bedroom features a modern minimalist design, with soft lighting creating a calm atmosphere. The color palette is neutral, with wood accents for warmth. The layout is simple, with an uncluttered space enhanced by the large windows allowing natural light to fill the room.",Minimalist,Calm/Serene,Natural (Window),Bedroom,TRUE
shabby-chic-style_76.jpg,Modern,"beige, off-white, gold","wood, leather, fabric",recessed and floor lamps providing a warm glow,calm and serene,"bed, dresser, mirror, floor lamp, framed art","large bedroom with a king-size bed in the center, flanked by a dresser and framed art on either side","This is an elegant and inviting modern bedroom with soft beige and gold tones, featuring wooden accents and a warm lighting scheme.",Modern,Calm/Serene,Recessed,Bedroom,TRUE
shabby-chic-style_760.jpg,Modern Minimalist,"white, light wood, gray","wood, fabric, metal","soft, warm light with no visible source",calm and serene,"bed, nightsstand, shelves, wall art",space organized around a central sleeping area,"This is a modern, minimalist bedroom with a clean design, featuring light wood tones and soft white accents. The room is illuminated by warm, diffused light that creates a calm and serene atmosphere.",Minimalist,Calm/Serene,Ambient/Soft,Bedroom,TRUE
shabby-chic-style_761.jpg,Modern Minimalist,"light grey, navy blue, white","linen, wood, steel","soft and warm, with recessed lighting along the ceiling edge.","calm and serene, with a touch of luxury from the velvet bedding.","bed, nightstand, chair, headboard","a neatly arranged space centered around the bed, with nightstands flanking it. The chair is positioned for reading or relaxation in front of a window or wall decor.","This Modern Minimalist bedroom features a light gray color scheme with navy accents, linen and velvet textiles, and steel elements. Recessed lighting provides a soft glow over the neatly made bed, and a headboard adds to the luxurious feel of the space.",Minimalist,Calm/Serene,Recessed,Bedroom,TRUE
shabby-chic-style_776.jpg,Modern Minimalist,"white, pink, gold","wood, fabric",natural soft light from a window,calm and airy,"crib, dresser, chandelier, rocking chair, stuffed animal","white walls, white carpet, furniture arrangement centered around crib","A serene and elegant nursery with a modern minimalist design, featuring soft colors and natural light.",Minimalist,Calm/Serene,Natural (Window),Bedroom,TRUE
shabby-chic-style_779.jpg,Modern Minimalist,"white, beige, light wood","oak wood, linen, steel",natural soft light from large windows,calm and airy,"queen-size bed with gray comforter and white pillows, white desk with chair under window, wall decoration saying 'be true to who you are' in black letters on distressed wood background, gray accent pillow on top of bed, small potted plant sitting atop the desk","bedroom with a window and wall decoration above it, a white desk with chair underneath the window, and a bed situated against one wall.","This is a modern minimalist bedroom with a clean, airy feel. The use of light wood in the bed and desk complements the oak wood flooring. Above the desk hangs an inspirational sign that reads 'be true to who you are'. There's also a small potted plant on the desk adding a touch of greenery. The room is well-lit by natural light coming through the window.",Minimalist,Calm/Serene,Natural (Window),Bedroom,TRUE
shabby-chic-style_78.jpg,Mid-Century Modern,"white, blue, gold","wood, linen, cotton","natural light from large windows during the day, soft lamps at night",calm and inviting with a hint of nostalgic charm,"bed, nightstands, lamp, mirror, pillows",a spacious bedroom featuring a large bed as the focal point with nightstands flanking it.,"This is a serene and inviting mid-century modern bedroom, bathed in natural light and warm tones, with thoughtfully chosen furnishings that create a comfortable atmosphere.",Modern,Calm/Serene,Natural (Window),Bedroom,TRUE
shabby-chic-style_784.jpg,Modern Minimalist,"white, light wood, blue","wood, fabric, glass",natural soft light from large windows,calm and airy,"crib, tree stump bed, baby furniture set, floor lamp, plant",open space with central seating area around tree trunk bed,"This nursery features a modern minimalist design with natural wood and fabric elements, soft lighting from large windows, and a calm and airy atmosphere.",Minimalist,Calm/Serene,Natural (Window),Bedroom,TRUE
shabby-chic-style_785.jpg,Modern Minimalist,"white, light grey, purple","wood, glass, leather",soft and warm with ambient light,calm and sophisticated,"sofa, coffee table, lamp, pillows, vase",modern open floor plan with a view of the outside garden,"This living space combines modern minimalist design elements, creating an airy and sophisticated environment.",Minimalist,Calm/Serene,Ambient/Soft,Bedroom,TRUE
shabby-chic-style_793.jpg,Minimalist,"white, neutral gray","wood, fabric",soft and warm ambient lighting,calm and serene,"bed, nightstand, armchair",spacious bedroom with a large sleeping area,"This minimalist bedroom features a simple yet elegant design with clean lines, neutral colors, and a focus on comfort. The space is well-lit and inviting, designed for rest and relaxation.",Minimalist,Calm/Serene,Ambient/Soft,Bedroom,TRUE
shabby-chic-style_794.jpg,Modern Minimalist,"white, light wood, navy blue","wood, fabric, metal",natural light from the window and dimmable ceiling lights,bright and airy,"dresser with mirror, canopy bed with white fabric, flowers in a vase","small room with canopy bed as focal point, dresser along one wall","This space is designed to feel open and bright with a minimalistic approach using white and light wood tones, while accent pieces like the navy blue headboard add color.",Minimalist,Bright/Airy,Natural (Window),Bedroom,TRUE
shabby-chic-style_797.jpg,Modern Minimalist,"white, light wood, black accent","oak wood, linen, steel",natural soft light from large windows and recessed lighting,calm and airy,"wooden dresser with mirror, built-in shelves, cozy chair, wall art",spacious walk-through closet with clothes on hangers and storage units,"This modern minimalist closet features a clean design with white oak wood, light wood accents, and black accents. The space is well lit by natural sunlight from large windows, and recessed lights add to the ambiance. The furniture includes a wooden dresser with mirror, built-in shelves, and a cozy chair for relaxation. A wall art piece adds personality to the space.",Minimalist,Calm/Serene,Natural (Window),Bedroom,TRUE
shabby-chic-style_801.jpg,Scandinavian,"white, beige, brown, blue","oak wood, wool, leather, metal","soft and warm, with a mix of natural and artificial light from floor lamps and table lamps.",calm and inviting,"bed, side tables, chair, sofa, lamp","open floor plan with bedroom in the front, living area in the middle, and seating area in the back.","This is a well-appointed bedroom with a Scandinavian design style, featuring natural materials like oak wood and wool. The color palette is neutral and warm, with subtle accents of blue to add a touch of color. The lighting is soft and inviting, creating a calm atmosphere for relaxation. The layout is open, with the bed in the front, living area in the middle, and seating area in the back, offering both privacy and convenience.",Scandinavian,Calm/Serene,Natural,Bedroom,TRUE
shabby-chic-style_812.jpg,Modern,"white, purple","wood, fabric",warm with ambient light and spotlight,calm and luxurious,"bed, sofa, table, plant, chair",open space with central seating area and bed as focal point,"This modern bedroom features a cozy purple bed set against a backdrop of warm lighting, creating an inviting and luxurious atmosphere.",Modern,Calm/Serene,Ambient/Soft,Bedroom,TRUE
shabby-chic-style_816.jpg,Vintage,"pink, white, gold","velvet, silk, lacquer","Dim and warm with soft, ambient lighting from a sconce on the wall.",Elegant and nostalgic,"canopy bed with pink bedding, pink velvet armchair, narrow console table with a lamp","A bedroom designed with an emphasis on luxury and vintage charm, featuring a large bed under a canopy as the focal point.",Unknown,Traditional/Vintage,Luxurious/Elegant,Ambient/Soft,Bedroom,TRUE
shabby-chic-style_82.jpg,Modern Minimalist,"dark gray, beige, light wood","oak wood, linen, steel",natural soft light from large windows,calm and airy,"sofa, coffee table, plant, floor lamp",open space with central seating area,"The living room has a modern minimalist style, featuring dark gray walls, beige carpeting, and light wood trim. The room's centerpiece is a large window that allows for natural soft light to fill the space, creating a calm and airy atmosphere. Furnishings include a sofa with patterned throw pillows, a coffee table, a plant, and a floor lamp, all arranged around a central seating area.",Minimalist,Calm/Serene,Natural (Window),Bedroom,TRUE
shabby-chic-style_831.jpg,Scandinavian,"white, beige, light wood","linen, wood, marble",natural soft light from large windows and a chandelier,calm and airy,"bed, chest of drawers, sofa, dining table, mirror","open space with central seating area, bedroom and dining room separated by a small hallway",Bright and airy Scandinavian-style interior with neutral colors and natural lighting.,Scandinavian,Calm/Serene,Natural (Window),Bedroom,TRUE
shabby-chic-style_843.jpg,Modern Minimalist,"white, beige, light wood","steel, leather, wood",natural soft light from large windows,calm and airy,"bed, mirror, chair, side table, lamp",open space with central bed in a corner next to the window,"The room is designed in a modern minimalist style, using mostly white and light wood colors. Steel and leather materials are used for structural elements and furniture. Large windows allow natural light to enter the space, creating a calm and airy atmosphere. The bed serves as a central piece in the room's layout, situated next to the window for a cozy corner spot.",Minimalist,Calm/Serene,Natural (Window),Bedroom,TRUE
shabby-chic-style_846.jpg,Modern Minimalist,"white, gray, light wood","wood, fabric, glass",natural soft light from large windows and ceiling fixture,calm and airy,"bed, nightstands, dresser, desk","space is divided into distinct areas for sleeping, working, and relaxation","This bedroom features a modern minimalist design with white accents, wood materials, and large windows that fill the room with natural light.",Minimalist,Calm/Serene,Natural (Window),Bedroom,TRUE
shabby-chic-style_863.jpg,Modern Minimalist,"white, blue, pink","fabric, wood, metal",soft ambient lighting with accent light on nightstand,calm and cozy,"bed, nightstand, lampshade, pillows, floral patterned throw","narrow bed in center of space, flanked by two nightstands with lamps on either side",This is a simple and clean modern bedroom design featuring pink and blue accents with a focus on minimalism.,Minimalist,Calm/Serene,Ambient/Soft,Bedroom,TRUE
shabby-chic-style_869.jpg,Scandinavian,"beige, light wood, pink","linen, wood, glass",bright and natural light from a large window,calm and clean,"bed, nightstand, flower vase, picture frame","minimalist with no clutter, focusing on simplicity and space","The image depicts a well-lit bedroom with a Scandinavian design style. The room features light wood tones for the bed and nightstand, linen for the bedding, and pink accents in the pillows and walls. Natural light floods into the room from a large window, creating a calm and clean atmosphere.",Scandinavian,Calm/Serene,Natural (Window),Bedroom,TRUE
shabby-chic-style_88.jpg,Scandinavian,"white, green, light wood","wood, linen, brass",natural light from large windows creating a bright and airy atmosphere,calm and inviting,"sofa, coffee table, plant, floor lamp","open space with a central seating area, surrounded by white pillows on couches","The interior design has a Scandinavian influence, featuring an open layout that is bright and inviting. Materials include wood, linen, and brass. Color palette consists of whites, greens, and light woods. A vase filled with flowers adds a touch of freshness to the space.",Scandinavian,Calm/Serene,Natural (Window),Bedroom,TRUE
shabby-chic-style_903.jpg,Scandinavian,"white, blue, neutral","wood, fabric, metal",natural light from large windows,calm and serene,"couch, throw pillows, area rug, coffee table",open space with central seating area,"The living room is a modern, Scandinavian-inspired space with a neutral color palette, featuring wooden accents and comfortable furniture for relaxation.",Scandinavian,Calm/Serene,Natural (Window),Bedroom,TRUE
shabby-chic-style_919.jpg,Modern Minimalist,"white, gray, green","fabric, linen, wood, metal",natural light from large windows and overhead recessed lighting,"modern, sleek, clean and luxurious","queen size bed with gray comforter, two nightstands with lamps on top, floor mirror, artwork","bedroom layout features a bed along the wall opposite large windows, flanked by two nightstands and a floor mirror for dressing area","This is a modern and minimalist bedroom with a clean and luxurious feel. The color palette consists of white, gray, and green accents, and materials used include fabric, linen, wood, and metal. The room benefits from natural light and overhead recessed lighting that create a bright and airy atmosphere.",Minimalist,Modern/Sophisticated,Natural (Window),Bedroom,TRUE
shabby-chic-style_922.jpg,Minimalist,"pink, white, wood","cotton, leather, metal",Natural light from a window. Overhead lighting.,Calm and fresh.,"bed, nursery crib, nightstand, dresser, lamp",Divided room with one section for sleeping and another for nursery. Bed in the corner with a window.,Unknown,Minimalist,Calm/Serene,Natural (Window),Bedroom,TRUE
shabby-chic-style_96.jpg,Modern Minimalist,"white, blue accent","velvet upholstery, wooden headboard",warm and inviting with soft overhead lighting,elegant and serene,"bed, sofa, coffee table, lamp, plant",organized space layout with a separate seating area,"A luxurious bedroom with a modern design, featuring a large bed, upholstered furniture, and soft lighting for a serene atmosphere.",Minimalist,Calm/Serene,Ambient/Soft,Bedroom,TRUE
shabby-chic-style_99.jpg,Scandinavian,"neutral, beige, blue","light wood, fabric, metal",bright natural light from windows,calm and airy,"bed, shelves, books, poster",open space with central furniture arrangement,"A simple, clean bedroom design with a focus on functionality and natural light.",Scandinavian,Calm/Serene,Natural (Window),Bedroom,TRUE
southwestern_1.jpg,Modern,"white, cream, navy blue","wood, fabric","natural light from windows, complemented by indoor light fixtures",warm and inviting,"bed, nightstands, chair, table",large bedroom with a seating area in front of windows,"This is a modern bedroom that combines various textures, colors, and natural lighting to create a warm and inviting atmosphere.",Modern,Warm/Cozy,Natural (Window),Bedroom,TRUE
southwestern_137.jpg,Modern Minimalist,"white, neutral tones, natural wood","wood, fabric, metal",natural soft light from large windows,calm and serene,"bed, chair, coffee table, plant, artwork",open space with central seating area around bed,"This modern minimalist room features a clean and uncluttered design, with neutral tones dominating the color palette. The large windows allow for an abundance of natural light to fill the space, creating a calm and serene atmosphere. The centerpiece is a comfortable bed, surrounded by a minimal number of furnishings that include a coffee table and a single chair. A plant and artwork add warmth and personality to the room, making it both functional and inviting.",Minimalist,Calm/Serene,Natural (Window),Bedroom,TRUE
southwestern_147.jpg,Southwestern,"brown, orange, white","wood, brick, leather",warm ambient light from ceiling fans and recessed lights,rustic and comfortable,"couch, bed, coffee table, area rug, fireplace",a combined living room and bedroom with an L-shaped couch creating a cozy seating area,"The interior of this house is designed in a Southwestern style, featuring warm earth tones and materials like wood and leather. The space is well-lit by ceiling fans and recessed lights, creating a comfortable and rustic ambiance.",Other,Warm/Cozy,Recessed,Bedroom,TRUE
southwestern_189.jpg,Modern Minimalist,"white, blue, wood, gray","linen, wood, steel, glass",moderate light with soft ambient glow from recessed lights and floor lamps.,calm and serene,"king-size bed with pillows and a throw blanket, wooden headboard, two side tables with lamps, sofa with matching cushions",open plan with sleeping area separated from living space by rug,"The bedroom features a clean, modern design with minimalist decor and neutral color palette. The large king-size bed is the focal point of the room, with matching side tables for lamps, which provide soft ambient lighting. The open layout allows for easy flow between the sleeping area and the living space, creating a serene and uncluttered atmosphere.",Minimalist,Calm/Serene,Recessed,Bedroom,TRUE
southwestern_200.jpg,Modern Minimalist,"white, light gray, beige, wood","glass, wood, leather, metal",natural soft light from large windows,calm and serene,"bed, dresser, mirror, lounge chair, couch",open space with central bedroom area,"This modern, minimalist bedroom features a white color palette, glass walls, and wood accents. The room is bathed in natural light from the windows. The open layout promotes a calming atmosphere while the comfortable furnishings invite relaxation.",Minimalist,Calm/Serene,Natural (Window),Bedroom,TRUE
southwestern_216.jpg,Modern Minimalist,"light gray, white, beige","wood, linen, marble",bright and natural light from large windows,calm and airy,"king-size bed, dresser, lamp, chaise lounge","open space with central seating area, surrounded by windows","A modern minimalist bedroom featuring a king-size bed and chaise lounge, set against large windows that bring in bright natural light.",Minimalist,Calm/Serene,Natural (Window),Bedroom,TRUE
southwestern_217.jpg,Scandinavian,"off white, gold, rust","wood, fabric",natural sunlight,warm and cozy,"bed, nightstand, chair, table",spacious with high ceiling,"The bedroom is in a Scandinavian style, featuring natural colors like off white, gold and rust. It has wooden accents and is filled with soft fabric furnishings that create a warm and cozy mood.",Scandinavian,Warm/Cozy,Natural,Bedroom,TRUE
southwestern_22.jpg,Scandinavian,"blue, orange, red","burlap, wood, leather",natural sunlight and warm candles,cozy and inviting,"trunk with pillows, blanket, pillow on trunk",travel-inspired bohemian living space,"This living space embraces a Scandinavian bohemian style, featuring a trunk filled with colorful throw pillows and blankets. The materials used include burlap, wood, and leather for a natural and rustic feel. Sunlight pours in through the windows, creating a warm and cozy atmosphere.",Scandinavian,Warm/Cozy,Natural,Bedroom,TRUE
southwestern_221.jpg,Contemporary,"white, gray, black","wood, metal, fabric",The room is well-lit with natural sunlight coming through the large windows.,"Warm and inviting, with a focus on comfort and luxury.","bed, nightstands, seating area, rugs","The room features a large bed in the corner next to the window. In front of the bed, there's a seating area with two nightstands on either side. There are also rugs scattered on the floor.","This spacious bedroom offers a comfortable and stylish retreat with its contemporary design, luxurious materials, and well-lit space.",Contemporary,Warm/Cozy,Natural (Window),Bedroom,TRUE
southwestern_231.jpg,Modern Minimalist,"white, light wood, dark grey","glass, linen, wood, steel",natural soft light from large windows and ceiling lights,calm and airy,"bed, sofa, coffee table, plant, chairs",open space with central seating area,"This modern, minimalist bedroom features a calming color palette of white and light wood, paired with dark grey accents. The room is illuminated by natural soft light from large windows and ceiling lights. The space includes a comfortable bed, a cozy sofa, a practical coffee table, a plant for greenery, and chairs to create a central seating area.",Minimalist,Calm/Serene,Natural (Window),Bedroom,TRUE
southwestern_237.jpg,Southwest,"ochre, rusty red, turquoise","adobe, wood-framed windows, natural stone, woven tapestry",natural light from many windows and a skylight,"warm, inviting, and relaxed","sofa with colorful pillows, wooden coffee table, potted plant, flooring area rug",open floor plan with multiple seating areas,"This Southwest-inspired space features a warm palette of ochre, rusty red, and turquoise, blended with natural adobe walls and wooden accents. The room is filled with colorful furniture, including comfortable couches and cozy rugs. Natural light streams in through numerous windows and a skylight, creating an inviting atmosphere that is both relaxed and full of energy.",Other,Warm/Cozy,Natural (Window),Bedroom,TRUE
southwestern_258.jpg,Scandinavian,"white, blue, gray","wood, fabric, glass",bright and natural light from large windows,calm and airy,"bed, couch, coffee table, lamp, plant",open space with bedroom area separate from living room,"The interior design of this home is a modern take on Scandinavian style, characterized by clean lines and an emphasis on natural light. The color palette includes white, blue, and gray tones that create a serene atmosphere. Materials used are wood for the flooring and furniture, fabric for upholstery, and glass for the windows to allow ample sunlight in. The layout of the space is open and separate areas include a bedroom and living room, both featuring large windows that enhance the feeling of spaciousness.",Scandinavian,Calm/Serene,Natural (Window),Bedroom,TRUE
southwestern_264.jpg,Modern Minimalist,"white, black, grey","wood, leather, metal",natural light coming from large windows and recessed ceiling lights,"clean, contemporary, and spacious","bed, nightstand, chair, coffee table, bookshelf",open concept with bedroom area separated from living room by a low wall,"This modern minimalist space features clean lines, neutral colors, and a thoughtful layout that separates sleeping areas while maintaining an open feel.",Minimalist,Modern/Sophisticated,Natural (Window),Bedroom,TRUE
southwestern_290.jpg,Modern Minimalist,"white, gray, green","wood, fabric",natural light from a large window,calm and peaceful,"bed, nightstand, plant, artwork",compact with emphasis on simplicity,"This modern bedroom features a minimalist design with a calming color palette, natural lighting, and simple furniture placement. A compact layout emphasizes functionality and tranquility.",Minimalist,Calm/Serene,Natural (Window),Bedroom,TRUE
southwestern_295.jpg,Modern Minimalist,"light wood, neutral gray, white","concrete, steel, linen",natural soft light from large windows with glass doors,calm and airy,"bed, wooden nightstand, pillows, abstract artwork",open space with central seating area defined by bed and sofa arrangement,"This modern minimalist living room features a serene color palette of light wood, neutral gray, and white. The concrete wall adds an industrial touch, while the glass doors and large windows let in ample natural light. A comfortable bed with wooden nightstand is central to the space, with a sofa and abstract artwork contributing to a cozy atmosphere.",Minimalist,Calm/Serene,Natural (Window),Bedroom,TRUE
southwestern_308.jpg,Modern Minimalist,"neutral grey, white, wood accents","glass for windows and doors, natural wood beams, black metal railings",Natural soft light from large glass windows providing panoramic view of mountains,"Airy and spacious, with a serene ambiance","white sofa with red throw pillows, modern wood coffee table, large potted plant on floor, black leather armchair",Open space layout with central seating area focusing on the stunning mountain view outside,"This modern living room is designed with a minimalist approach, utilizing large glass windows to maximize natural light and provide a breathtaking view of the mountains.",Minimalist,Calm/Serene,Natural (Window),Bedroom,TRUE
southwestern_318.jpg,Southwest,"sand, rust, ochre","adobe brick, wood, cork",natural light from window and kiva fireplace,warm and inviting,"kiva style fireplace, Native American blanket on bed, Santa Fe style chair","bedroom with built-in furniture, centered around kiva fireplace","This is a cozy southwestern style bedroom with adobe brick walls and wooden ceiling beams. The room features a large kiva fireplace as the focal point, with warm earth tones accented by rust and ochre. The bed is centrally positioned around this feature, with traditional Santa Fe style furniture that complements the overall aesthetic.",Other,Warm/Cozy,Natural (Window),Bedroom,TRUE
southwestern_334.jpg,Modern Minimalist,"white, beige, light wood","wood, leather, plastic",bright and natural from large windows and skylights,airy and expansive,"modern white sofa, curved wood coffee table, large potted plant, modern metal floor lamp, round woven throw pillow",open space with central seating area and outdoor view,"This image showcases a modern minimalist style with clean lines, neutral colors, and natural materials. The bright lighting from windows and skylights adds to the airy atmosphere, while the large potted plant and woven throw pillow add a touch of warmth.",Minimalist,Bright/Airy,Natural (Window),Bedroom,TRUE
southwestern_357.jpg,Modern Minimalist,"white, black, gray, wood","wood, fabric, metal",natural soft light from large windows,calm and airy,"bed, couch, nightstand, chair, lamp, artwork",open space with central seating area,"This modern hotel room features a minimalist design, using wood for the bed frame and furniture, black accents, gray linens on a white bed, and a neutral color palette to create a calm and airy atmosphere. Natural light floods in through large windows, enhancing the serene vibe of the space.",Minimalist,Calm/Serene,Natural (Window),Bedroom,TRUE
southwestern_375.jpg,Southwestern,"red, beige, green","stucco wall, bamboo plants, ceramic planter, rustic pottery",Natural light with warm shadows and highlights from the sun,Calm and serene,"Stylized sun face on wall, Cactus plants, Bamboo sticks, Sculpted planter",Outdoor garden with raised flower beds,"A soothing desert-style outdoor space featuring natural elements, warm tones and a sun motif.",Other,Calm/Serene,Natural,Garden/Outdoor,TRUE
southwestern_38.jpg,Modern Minimalist,"white, beige, light wood","oak wood, linen, steel",natural soft light from large windows,calm and airy,"sofa, coffee table, plant, floor lamp",open space with central seating area,"This spacious bedroom features a modern minimalist design, characterized by white walls and light wood accents. The room is filled with natural light from large windows, creating a calm and airy atmosphere. The bed, made of oak wood, sits at the center of the space, flanked by a sofa for seating. The coffee table holds a plant that adds a touch of nature to the room, while a floor lamp stands ready to provide additional lighting when needed.",Minimalist,Calm/Serene,Natural (Window),Bedroom,TRUE
southwestern_404.jpg,Modern Minimalist,"blue, white, pink","wool, linen, leather",bright and even light with recessed lights,calm and serene,"bed, headboard, pillows, sheets",space organized around bed for comfortable sleep,Spacious and inviting bedroom with a cozy and modern design.,Minimalist,Calm/Serene,Recessed,Bedroom,TRUE
southwestern_429.jpg,Modern Minimalist,"white, beige, gray","metal, wood, glass","natural light from surrounding windows, with warm LED track lights supplementing",calm and airy,"patio set on wooden deck, outdoor rug, outdoor sofa and chairs, potted plants","open space with central seating area, flanked by raised beds of various plants","This outdoor living space is designed in a modern minimalist style, featuring clean lines and natural materials. The color palette includes white, beige, and gray tones, complemented by wood accents. The space is illuminated with warm LED lights to create a calm and airy atmosphere. A variety of plants are used to add life and texture, while the patio set on wooden deck provides a comfortable seating area for relaxation or entertaining.",Minimalist,Calm/Serene,Natural (Window),Living Room,TRUE
southwestern_432.jpg,Southwestern,"blue, white, brown","wood, leather, brass",Natural light from skylights and warm ambient lighting,"Warm, inviting, rustic","couch, coffee table, chairs, lamps, pillows",Open concept with a central focus on the seating area,"This Southwestern-style living room features warm wood tones, blue accents, and rustic furniture, creating an inviting atmosphere.",Other,Warm/Cozy,Natural,Bedroom,TRUE
southwestern_446.jpg,Modern Minimalist,"white, gray, black","leather, wood, metal",Natural light from large windows,Calm and serene,"Queen size bed, Leather headboard, Rustic wall decoration, Wall sconce",Open space with central seating area,Modern minimalist design featuring a queen size bed in the center of an open room with rustic accents on the walls and a leather headboard.,Minimalist,Calm/Serene,Natural (Window),Bedroom,TRUE
southwestern_447.jpg,Southwestern,"beige, stone, tan, green","brick, wood, metal, plastic","Natural light from large windows and skylights, warm and inviting",Southwestern design creates a welcoming and relaxed atmosphere,"large stone fireplace, wildflower arrangement in pots on front porch, Native American rugs, wooden armoire","Open layout with hallways leading to bedrooms, large living room at center of home","Southwestern style house features stucco walls and flooring, wooden ceiling beams, stone fireplace, and natural desert landscaping.",Other,Other,Natural (Window),Bedroom,TRUE
southwestern_454.jpg,Modern Minimalist,"beige, light wood, blue accent","concrete, leather, linen",natural soft light from large windows and recessed lighting,calm and airy,"sofa, coffee table, plant, floor lamp, throw pillows",open space with central seating area in front of large window overlooking desert landscape,"Modern interior design showcasing clean lines, neutral colors, and minimalist decor. The space is well-lit by natural light and features a comfortable sitting area for relaxation.",Minimalist,Calm/Serene,Natural (Window),Bedroom,TRUE
southwestern_460.jpg,Modern,"earth tones, neutral whites","stone, wood, metal","soft, warm lighting from natural windows and outdoor lights",modern and serene with a touch of rustic charm,"white sofa, wooden coffee table, stone fireplace, large art piece","open floor plan with central living area, separate dining space, and private bedroom areas","This modern home in Arizona exudes a serene and stylish atmosphere. The stone exterior leads to an open interior filled with neutral colors and natural materials, creating a warm and inviting space that blends the best of contemporary design with rustic elements.",Modern,Calm/Serene,Natural (Window),Bedroom,TRUE
southwestern_463.jpg,Southwestern,"brown, white, red","stone, wood, brick","Warm, ambient lighting from chandelier and candles.",Elegant and rustic with a warm and welcoming atmosphere.,"couches, coffee table, decorative pillows, area rug",Open floor plan with seating area centered around fireplace.,"Southwestern style living room featuring stone walls, wood and brick accents, warm lighting, and comfortable furniture.",Other,Warm/Cozy,Pendant/Chandelier,Bedroom,TRUE
southwestern_470.jpg,modern,"beige, red, brown","wooden floors and walls, cotton linens, leather headboard",warm ambient light from recessed ceiling fixtures,comfortable and inviting,"king size bed, two nightstands with lamps, large window, area rug","central queen size bed flanked by two nightstands, all on beige carpeting",A modern bedroom with a cozy and inviting atmosphere. The room features wooden floors and walls that complement the warm lighting and comfortable cotton linens. A large window offers natural light during the day while recessed ceiling fixtures provide ambient light at night.,Modern,Warm/Cozy,Recessed,Bedroom,TRUE
southwestern_481.jpg,Scandinavian,"white, blue, orange","wood, linen, metal",natural soft light from large windows,calm and airy,"bed, nightstand, pillows, lamp",open space with central bed area,"This is a modern Scandinavian bedroom with an open layout. The color palette consists of white, blue and orange, giving it a bright and cheerful feel. Materials used are wood, linen and metal, contributing to the room's clean and natural aesthetic.",Scandinavian,Calm/Serene,Natural (Window),Bedroom,TRUE
southwestern_484.jpg,Scandinavian,"light wood, blue, white","wood, fabric, brick",natural soft light from large windows,cozy and inviting,"sofa, coffee table, plant, floor lamp, child's bedroom set",open space with central seating area around a wooden dining table,"This image depicts a cozy, modern living room and kitchen combination that offers ample natural lighting and Scandinavian-style furniture.",Scandinavian,Warm/Cozy,Natural (Window),Bedroom,TRUE
southwestern_489.jpg,Lodge,"brown, white, wood","stone, wood, leather",warm ambient light from stone fireplace and recessed ceiling lights,comfortable and cozy,"large stone fireplace, mountain-themed decor, wooden coffee table, leather sofa with pillows, brass chandelier",open concept living and dining area,"This lodge-style living room features a cozy atmosphere with stone walls, wood furniture, and a warm glow from the stone fireplace.",Other,Warm/Cozy,Recessed,Bedroom,TRUE
southwestern_49.jpg,Modern Minimalist,"white, beige, light wood","wood, fabric",natural soft light from large windows,calm and airy,"bed, nightstands, couch, lamps, pillows","spacious room with bed as focal point, flanked by nightstands and couch against the wall, lamps providing ambient lighting.","This modern minimalist hotel room features a neutral color palette of white, beige, and light wood, paired with wooden furniture and fabric textiles. The room is bathed in natural soft light from large windows, creating a calm and airy atmosphere.",Minimalist,Calm/Serene,Natural (Window),Bedroom,TRUE
southwestern_495.jpg,Modern Minimalist,"white, beige, light wood","linen, wood",natural soft light from large windows and bedside lamps,calm and airy,"bed, table, pillows, lamp",open space with central seating area surrounding large bed,"This modern minimalist bedroom features a white and light wood color palette, with linen and wood as the main materials. The room is bathed in natural soft light from large windows and bedside lamps. A large bed is situated on a wooden table accompanied by pillows and a lamp, creating an airy and calming mood.",Minimalist,Calm/Serene,Natural (Window),Bedroom,TRUE
southwestern_500.jpg,Modern,"neutral, wood tones","glass, wood, metal",Ample natural light from large windows with white blinds. Overhead fixture complements vanity lights for bathroom.,Warm and inviting,"freestanding tub, sink with vanity mirror above it, shower with glass doors","Large open space connecting bedroom, sitting area, and bathroom. Bathroom centrally located.","Modern design with neutral tones, wooden accents, and glass elements in bathroom. Ample natural light creates a warm and inviting atmosphere.",Modern,Warm/Cozy,Natural (Window),Bedroom,TRUE
southwestern_505.jpg,Scandinavian,"neutral, bright accents","wood, fabric, glass",Natural sunlight from window,Calm and cozy,"Bed, Coffee Table, Plant, Wooden Sculpture, Area Rug",Open space with central seating area,"A clean and modern bedroom with a neutral color palette, featuring a large bed as the focal point.",Scandinavian,Calm/Serene,Natural (Window),Bedroom,TRUE
southwestern_522.jpg,Industrial Loft,"dark brown, light gray, beige","brick wall, concrete floor, wooden beam ceiling, metal pipes",natural soft light from large windows and recessed lighting,warm and cozy,"couch, coffee table, rug, floor lamp, decorative pillows","open space with central seating area, brick fireplace as focal point","This room features an Industrial Loft style design, with a warm and cozy mood created by the use of materials such as brick walls, concrete floors, and wooden beams on the ceiling. The color palette consists of dark brown, light gray, and beige, creating a harmonious look. Lighting is provided by large windows and recessed lighting fixtures. Furniture includes a comfortable couch, coffee table, rug, floor lamp, and decorative pillows, all arranged around a central seating area in front of a brick fireplace.",Industrial,Warm/Cozy,Natural (Window),Bedroom,TRUE
southwestern_535.jpg,Modern Minimalist,"white, gray, wood","brick wall, oak wood flooring, linen upholstery",natural soft light from large windows and overhead light,calm and airy,"bed, nightstand, lamp, potted plant",open space with central sleeping area,A modern minimalist bedroom design with natural materials and lighting.,Minimalist,Calm/Serene,Natural (Window),Bedroom,TRUE
southwestern_544.jpg,Scandinavian,"light beige, rustic brown, burnt orange","wood, stone, brass",natural light from large windows and floor lamps providing warm ambient lighting,calm and cozy with a touch of rustic charm,"king size bed with colorful patterned bedding, wooden headboard with decorative brass elements, two matching wood side tables with brass accents, two floor lamps providing warm ambient lighting, patterned area rug under the bed","bedroom space designed to be inviting and comfortable, centered around a king size bed",This bedroom combines Scandinavian design principles with rustic elements for a cozy and welcoming atmosphere.,Scandinavian,Calm/Serene,Natural (Window),Bedroom,TRUE
southwestern_549.jpg,Industrial Loft,"brown, tan, cream","wood, metal, leather",industrial-inspired lighting with exposed fixtures and bulbs,bold and edgy,"antler decoration, rustic bed frame, modern bedding, wooden headboard",open and spacious with high ceilings and lofted design elements,"This is a bold and edgy industrial-inspired loft bedroom featuring a rustic wooden bed frame, modern bedding, and a large antler decoration on the wall.",Industrial,Other,Mixed/Other,Bedroom,TRUE
southwestern_556.jpg,Modern,"gray, white, wood","wood, fabric, metal",natural light from window and overhead fixtures,calm and serene,"bed, nightstands, pillows, headboard, wall art, lamps","a bedroom with a large bed, nightstands on both sides of the bed, and wall art above the bed.","A modern bedroom with a serene atmosphere featuring a large wooden bed, a well-lit space with natural lighting, and a minimalistic color palette.",Modern,Calm/Serene,Natural (Window),Bedroom,TRUE
southwestern_589.jpg,Scandinavian,"white, light wood","wood, linen",natural soft light from large windows,calm and airy,"mirror, dresser, shelf, cushion",spacious open room with a central vanity area,"A clean, minimalist bathroom with Scandinavian design elements featuring light wood and linen accents.",Scandinavian,Calm/Serene,Natural (Window),Bedroom,TRUE
southwestern_632.jpg,Modern,"white, gray, beige","glass, wood, fabric",Warm and inviting,Calm and serene,"bed, nightstands, pillows, artwork",Open concept with bedroom separated by glass doors from living area,"This is a modern style room with a warm color palette that includes white, gray, and beige. The space uses materials like glass, wood, and fabric to create a serene mood with warm lighting. In the center of the room is a bed with nightstands on either side, adorned with pillows and artwork on the wall.",Modern,Calm/Serene,Mixed/Other,Bedroom,TRUE
southwestern_66.jpg,Modern Minimalist,"white, beige, light wood","wood, fabric, glass",soft natural light from large window,calm and serene,"bed, side table, lamp, couch, rug",open space with central bedroom area,"A modern, minimalist room featuring soft, natural lighting and a calming atmosphere. The centerpiece of the room is a large bed dressed in white linens, flanked by a side table and lamp, with a comfortable couch and rug providing ample seating space.",Minimalist,Calm/Serene,Natural (Window),Bedroom,TRUE
southwestern_678.jpg,Modern Minimalist,"white, black, wood accents","concrete, wood beams, glass railings",natural light with ceiling lights,calm and airy,"circular sofa, coffee table, outdoor fireplace, large plant, decorative pillows",open space with central fire pit surrounded by seating and furniture,"Modern minimalist backyard with a rustic stone outdoor fireplace, wooden beams on the patio, and a circular sofa facing the fire pit.",Minimalist,Calm/Serene,Natural,Bedroom,TRUE
southwestern_68.jpg,Modern,"white, gray, yellow","wood, fabric, glass",natural light from large windows,calm and sophisticated,"bed, sofa, armchair, area rug, wall art",open space with central seating area,"This modern bedroom design features a neutral color palette, primarily white and gray, accented by yellow. The room is well-lit by natural light coming in from large windows. The material choices include wood for the bed frame and floor lamp, fabric for upholstery, and glass for an accent wall. A cozy sofa and armchair are arranged around a central seating area, which is softened with an area rug featuring geometric patterns. Above the bed, there's a colorful wall art piece that adds a touch of personality to the room.",Modern,Calm/Serene,Natural (Window),Bedroom,TRUE
southwestern_684.jpg,Scandinavian,"white, beige, light wood","wood, fabric, glass",Natural soft light from large windows,Calm and airy,"sofa, coffee table, plant, floor lamp, bookshelves, throw pillows",Open space with central seating area,"This is a cozy living room with a Scandinavian design, featuring white walls and furniture with natural wood accents. The room has large windows allowing plenty of light to enter, creating a calm and airy atmosphere. A comfortable sofa and coffee table form the central seating area, and a plant adds a touch of greenery. To one side of the room is a bookshelf filled with books, while on the opposite side there's a floor lamp providing additional lighting.",Scandinavian,Calm/Serene,Natural (Window),Bedroom,TRUE
southwestern_687.jpg,Modern Southwestern,"beige, earth tones, green","adobe bricks, wooden doors and windows, natural stone","Natural light from large windows and skylights, enhanced by warm recessed lighting.",Warm and inviting with a touch of rustic charm.,"adobe fireplace, wooden door and windows, cacti and succulents, woven rugs",Open concept living space with a separate bedroom wing.,"This modern Southwestern-style house combines earth tones, adobe construction, wooden accents, and natural light to create a warm and inviting atmosphere.",Modern,Warm/Cozy,Natural (Window),Bedroom,TRUE
southwestern_691.jpg,Modern Southwestern,"rustic earth tones, deep reds and browns","natural stone walls, wooden ceiling beams, leather upholstery","warm, ambient light from recessed lights, a fireplace, and natural sunlight coming in through large windows",warm and inviting with a touch of rustic charm,"large sectional sofa with throw pillows, wooden coffee table, vintage-style lanterns on poles, a tall, slender wooden sculpture, two decorative pots",open floor plan with a central sitting area adjacent to the kitchen,"This living room features a warm Southwestern design, blending natural materials and textures with rustic accents.",Modern,Warm/Cozy,Natural (Window),Bedroom,TRUE
southwestern_70.jpg,Modern Minimalist,"brown, beige, grey","leather, wood, steel","warm and cozy, with recessed lighting and a floor lamp",calm and serene,"king-size bed, couch, coffee table, area rug, wall art","open space with central seating area, flanked by side tables","The interior design of a hotel room features a warm and minimalist aesthetic, with natural materials and soft lighting. The layout is open and inviting, with the bed as the focal point.",Minimalist,Calm/Serene,Recessed,Bedroom,TRUE
southwestern_704.jpg,Native American,"brown, red, gold","wood, stone, leather",natural light from skylights and windows,warm and inviting,"long bench, large teepee structure, pillow seating area, weaving display",circular arrangement for communal gathering,"This interior design features an authentic Native American style, using earthy materials like wood and stone to create a warm and inviting space. Natural light floods in from skylights and windows, highlighting the textures of the wooden beams and leather seating. A central teepee structure serves as a focal point for communal gatherings, while a long bench offers additional seating options. The color palette is rich with earth tones, complemented by accents of red and gold. Objects like a large weaving display showcase traditional craftsmanship.",Other,Warm/Cozy,Natural (Window),Bedroom,TRUE
southwestern_717.jpg,Modern Minimalist,"beige, brown, cream","wood, fabric, concrete",Soft and natural light from large windows.,Warm and cozy,"king size bed, large flat screen TV, couch with throw pillows, lamp with wooden base, large area rug","Open space layout with bedroom in front of large windows, providing view of desert landscape.","This is a modern minimalist hotel room with warm beige tones. The space features a king size bed with throw pillows, a large flat screen TV mounted on the wall, and a comfortable couch for relaxation. Wooden accents in the lighting fixtures add to the natural ambiance, while the large area rug provides warmth underfoot. The room's layout opens up to the desert landscape outside, allowing guests to enjoy stunning views of nature.",Minimalist,Warm/Cozy,Natural (Window),Bedroom,TRUE
southwestern_733.jpg,Modern Minimalist,"beige, light brown, brown","wood, cane, wicker, metal",natural soft light from large windows and recessed ceiling lights,calm and serene,"large bed with patterned headboard, wall art of fish, wooden dresser, nightstands with lamps","open space with central focal point, featuring large bed in front of wall art","The room is a serene and modern bedroom with minimalist design elements and natural materials. The color palette consists of neutral tones with wood accents. Lighting comes from recessed ceiling lights and natural light entering through the large windows. The layout features an open space with a central focal point, showcasing the large bed in front of the wall art.",Minimalist,Calm/Serene,Natural (Window),Bedroom,TRUE
southwestern_734.jpg,Southwestern,"light beige, cream, navy blue","wood planks on ceiling and walls, cushioned upholstered seating, brass finishes",Warm ambient light from overhead fixture,Rustic with a touch of luxury,"flat-screen TV mounted on wall, wooden sideboard, vase of flowers, decorative pillows",Lounge area with central seating under large window,"A Southwestern themed living room with wood plank ceiling, comfortable cushioned furniture, a mounted flat screen TV and a cozy fireplace creating an inviting atmosphere.",Other,Luxurious/Elegant,Ambient/Soft,Bedroom,TRUE
southwestern_756.jpg,Southwestern,"earth tones, blue-green hues, bright yellow","adobe brick, wooden beams and ceilings, stone accents","natural light from large windows during the day, and warm artificial lighting at night","inviting, cozy, warm","large potted cactus in center of courtyard, woven outdoor furniture with bright pillows, native stone pathway leading to entrance","courtyard with outdoor seating area leading to a covered patio and entrance, surrounded by desert landscaping","This Southwestern style home features warm earth tones, natural materials, and an abundance of native vegetation. The bright colors contrast with the adobe walls, creating a lively and inviting atmosphere that is both cozy and welcoming.",Other,Warm/Cozy,Natural (Window),Bedroom,TRUE
southwestern_774.jpg,Southwestern,"rust orange, sandstone beige, greenish brown","wood framing and flooring, adobe walls, brass hardware","natural light through sliding glass doors, some artificial ambient light from ceiling lights",cozy and warm,"large windowed bed with wooden headboard, rustic wooden nightstands, two potted cacti, Southwestern area rug","bedroom has large glass doors, a seating area by the window, and is decorated in a Southwestern style",A cozy bedroom with natural lighting and Southwestern-style furnishings.,Other,Warm/Cozy,Natural,Bedroom,TRUE
southwestern_784.jpg,Southwestern,"rusty orange, warm beige, bright red","natural wood, textured fabric, rough stone",Warm and cozy with natural soft light from large windows,"Southwestern style creates a warm, inviting atmosphere","king-size bed with ornate dark wooden frame and rustic blanket, two black lamps on either side of the bed, small wooden bench at foot of the bed",The room has an open layout with a central seating area around the fireplace.,"This cozy Southwestern-style room features a rustic king-size bed, warm colors, and natural lighting that creates a welcoming atmosphere.",Other,Warm/Cozy,Natural (Window),Bedroom,TRUE
southwestern_788.jpg,Modern,"white, navy blue, light gray","wood, fabric, glass","natural light during the day, soft ambient lighting in the evenings",serene and inviting,"sofa, coffee table, area rug, wall art",open floor plan with a bedroom area separate from living space,"A modern and spacious interior design that is both functional and visually appealing, with attention to the use of natural light and neutral color tones.",Modern,Calm/Serene,Natural,Bedroom,TRUE
southwestern_821.jpg,Southwestern,"white, light beige, wood brown","natural wood, adobe, burlap",natural light from windows and skylights,warm and rustic,"bench, pillow on bench, framed painting on wall, wood door",long narrow hallway with doorways at end,"This interior design image portrays a warm Southwestern style, utilizing natural materials and adobe walls to create a rustic atmosphere. The space features a long narrow hallway lined with doorways leading to other rooms, providing an open feeling while maintaining the traditional Southwestern aesthetic.",Other,Warm/Cozy,Natural (Window),Bedroom,TRUE
southwestern_828.jpg,Contemporary,"white, gold, cream","wood, fabric, glass",Soft and warm with natural light from large window,Bright and airy,"bed, sofa, lamp, pillows","Open space with bed as focal point, sofa for seating, lamp for reading or ambiance","This bedroom features a large bed, a cozy sofa, and a warm lighting setup that invites relaxation.",Contemporary,Bright/Airy,Natural (Window),Bedroom,TRUE
southwestern_84.jpg,Modern Minimalist,"blue, white, gray","wood, fabric, metal",natural soft light from large windows,calm and airy,"bed, dresser, chair, rug, wall art","open space with central seating area, bed in front of large window","This image shows a modern minimalist bedroom with a calming blue color palette. The room features a large window allowing natural light to flood the space and create a serene atmosphere. Materials include wood, fabric, and metal, contributing to an elegant yet simple design.",Minimalist,Calm/Serene,Natural (Window),Bedroom,TRUE
southwestern_858.jpg,Mid-Century Modern,"orange, gray, white","wood paneling on walls, linen on bedding, brick fireplace",warm and inviting light from ceiling fixture and sconces,comfortable and cozy,"king-size bed with gray upholstery, large window for natural light, brick fireplace for warmth","well-appointed, spacious bedroom with central focus on bed",This is a cozy mid-century modern bedroom with a king-size bed as the focal point.,Modern,Warm/Cozy,Mixed/Other,Bedroom,TRUE
southwestern_860.jpg,Mid-Century Modern,"beige, navy blue, rust, white","wood, stone, leather, metal",Natural sunlight flooding through large windows,Warm and welcoming with a touch of rustic charm,"vintage wood table, rust-colored armchairs, blue floral throw pillows, antler chandelier",Open concept living space flowing into kitchen area,"A cozy, mid-century modern home with warm colors and materials, featuring an open floor plan that combines the living and kitchen areas.",Modern,Warm/Cozy,Natural (Window),Bedroom,TRUE
southwestern_867.jpg,Modern Minimalist,"white, gray, wood tones","leather, metal, stone",recessed and floor lamps providing soft ambient lighting,"clean, sleek, and inviting","sectional sofa with pillows, large flat-screen TV on wall mount, floor lamp for additional illumination, coffee table for placing drinks or snacks, ornamental fireplace screen",open space with central seating area facing the television,"This modern living room features a minimalist design with clean lines, neutral colors, and functional furnishings that provide comfort and convenience.",Minimalist,Warm/Cozy,Recessed,Bedroom,TRUE
southwestern_876.jpg,Scandinavian,"brown wood, greenery, purple flowers","wood, plastic, metal",natural light from a skylight,calm and serene,"garden beds, planter boxes, fence, birdhouse",arrangement of raised garden beds in rows,"This image showcases a well-organized, Scandinavian-style vegetable garden with a warm color palette and natural lighting. The layout features neatly arranged wooden boxes for growing plants, and the overall mood is peaceful.",Scandinavian,Calm/Serene,Natural,Garden/Outdoor,TRUE
southwestern_881.jpg,Scandinavian,"neutral tones, green accent","wood-plank fence, concrete patio, brick pavers",natural soft light from large windows,calm and airy,"plant, chairs, decorative pillow, potted plant",open space with central seating area,"This is an image of a backyard patio in a Scandinavian style. The color palette consists mostly of neutral tones with green accents, and the design features materials like wood-plank fence, concrete patio, and brick pavers. Lighting comes primarily from large windows that let in soft, natural light. The overall mood is calm and airy. There are plants, chairs, a decorative pillow, and potted plants as main objects in the space.",Scandinavian,Calm/Serene,Natural (Window),Bedroom,TRUE
southwestern_888.jpg,Modern Minimalist,"green, gray, orange","wood, concrete, metal",natural soft light from large windows and an outdoor fountain light,calm and serene,"outdoor sofa set, small patio table, green potted plants, stainless steel fire pit",outdoor space with a central seating area and bordered by a garden bed with flowering shrubs,"This outdoor living space features a modern minimalist design with concrete floors, gray walls, and wooden furniture. It is enclosed in a low fence and has a serene atmosphere created by natural lighting and a water feature.",Minimalist,Calm/Serene,Natural (Window),Bedroom,TRUE
southwestern_894.jpg,Victorian,"red, white, black","wood, linen, velvet",natural soft light from a window with white blinds,elegant and cozy,"bed, nightstands, painting on wall, lamp",space designed around a central bed with flanking nightstands and a painting above the bed,"This Victorian-style room features a red bed with white linens, surrounded by wood accents. A window with white blinds allows natural light to fill the space, creating an elegant and cozy atmosphere.",Other,Warm/Cozy,Natural (Window),Bedroom,TRUE
southwestern_933.jpg,Modern Minimalist,"white, beige, light wood","concrete, fabric, wood",natural soft light from large windows,calm and airy,"bed, chaise lounge, coffee table, floor lamp, plant",modular arrangement with open space,"This is a modern minimalist bedroom design, featuring natural materials and soft lighting to create a calm and airy atmosphere. The room includes a large bed, chaise lounge, coffee table, floor lamp, and a plant for added life.",Minimalist,Calm/Serene,Natural (Window),Bedroom,TRUE
southwestern_949.jpg,Minimalist Modern,"white, gray, wood","glass, steel, concrete",Natural soft light from large windows and recessed ceiling lights,Calm and airy,"bed, couch, chair, plant, floor lamp",Open space with central seating area leading to bedroom,"This modern, minimalist apartment features a clean and bright design with an open layout that includes a bedroom with large windows and recessed ceiling lights, a living room with comfortable seating, and a bathroom with a glass partition wall.",Minimalist,Calm/Serene,Natural (Window),Bedroom,TRUE
traditional_1004.jpg,Modern Minimalist,"beige, white, navy blue","wood, linen, leather",natural soft light from large windows,calm and airy,"sofa, coffee table, bed, bookcase, chair, mirror",open space with central seating area,"A spacious bedroom featuring a minimalist design with neutral colors, natural lighting, and stylish furniture.",Minimalist,Calm/Serene,Natural (Window),Bedroom,TRUE
traditional_104.jpg,Garden/Landscaping,"green, pink, purple","foliage, flowers, mulch",Natural daytime lighting with some shade from trees and shrubs,Cool and refreshing,"trees, shrubs, bedding plants, grass",Winding garden pathway with flower beds on both sides,"A well-maintained, colorful garden with a variety of flowering plants and shrubs.",Garden/Tropical,Other,Natural,Garden/Outdoor,TRUE
traditional_15.jpg,Modern,"white, blue, gray","wood, fabric, metal",Overhead chandelier and natural light from large windows.,Calm and sophisticated.,"bed, nightstand, chaise lounge, plant","Bedroom with sitting area adjacent to the bed, centered around a focal point of a large window.",Unknown,Modern,Calm/Serene,Natural (Window),Bedroom,TRUE
traditional_169.jpg,Southern Country,"white, light blue, dark wood","wood siding, metal roofing, brick chimney",natural light from large windows and covered porch,warm and welcoming,"front door with steps, rocking chair on porch, wooden side table, antler chandelier",split-level design with front porch and upper level bedrooms,"This home is designed in a Southern Country style, featuring a mix of natural materials like wood siding and metal roofing. The color palette consists of whites and light blues, creating a bright yet cozy atmosphere. Large windows allow for an abundance of natural light, while the covered porch adds to the welcoming ambiance. The house's layout consists of a split-level design with ample outdoor space on the front porch and separate bedrooms on the upper level.",Other,Warm/Cozy,Natural (Window),Bedroom,TRUE
traditional_170.jpg,Modern Minimalist,"white, light wood, gray","oak wood, linen, steel",natural soft light from large windows,calm and airy,"king-size bed, side tables, bed bench, framed artwork, lamp","space layout with a central focus on the bed, surrounded by side furniture","A modern minimalist bedroom with a calming color palette and natural lighting, featuring a king-size bed as the centerpiece.",Minimalist,Calm/Serene,Natural (Window),Bedroom,TRUE
traditional_183.jpg,Modern Minimalist,"white, natural wood, neutral accents","vinyl siding, wood trim, steel doors, concrete foundation",bright and natural from multiple windows,warm and welcoming,"flat screen TV, sectional sofa, coffee table, plant, floor lamp",open layout with central living space and bedroom wings flanking it.,"This home features a clean, modern design with minimalistic aesthetics. The color palette is warm and neutral, while the materials used include vinyl siding for durability and natural wood trim for warmth. The house has bright lighting from multiple windows that allow for natural views of the surrounding trees. The open layout creates a welcoming space with a central living area flanked by bedroom wings.",Minimalist,Warm/Cozy,Natural (Window),Bedroom,TRUE
traditional_204.jpg,Organic,"green, brown, orange","wood, stone, metal",Natural light from sky vents and trees above,Calm and earthy,"raised planter beds, vegetable plants, bamboo poles, wooden trellises",Long narrow space with raised beds lining the sides,An organic garden area with wooden structures and raised planters for vegetables.,Other,Calm/Serene,Natural,Garden/Outdoor,TRUE
traditional_216.jpg,Modern Minimalist,"white, black, gray","wood, linen, metal",natural soft light from large windows and floor lamps,calm and airy,"large bed with gray headboard, two matching nightstands, framed artwork above bed, potted plant on left side of bed, floor lamp on right side of bed",open space with central seating area around large bed,"This is a modern minimalist bedroom featuring soft gray and white color tones, wood elements, and natural light from multiple windows.",Minimalist,Calm/Serene,Natural (Window),Bedroom,TRUE
traditional_220.jpg,Modern Minimalist,"white, light gray, blue","leather, wood, metal",natural soft light from large windows,calm and airy,"sofa, coffee table, fireplace, floor lamp, area rug, throw pillows",open space with central seating area,"This modern living room features a minimalist design, with light gray walls and white leather sofas. The blue throw pillows add a pop of color to the space, which is accentuated by the wood fireplace mantel and natural light flooding through the windows. A floor lamp provides additional lighting for cozy evenings.",Minimalist,Calm/Serene,Natural (Window),Bedroom,TRUE
traditional_221.jpg,Scandinavian,"gray, white, black","wood, metal, glass",Natural light from large windows and recessed ceiling lights,Bright and airy,"sofa, coffee table, chairs, plant, cabinet","Open space with a central seating area, flanked by two bedrooms","A modern Scandinavian style house with a minimalist design, featuring light wood and metal materials. The interior is characterized by bright windows, natural light, and sleek furnishings.",Scandinavian,Bright/Airy,Natural (Window),Bedroom,TRUE
traditional_226.jpg,Main design style is Scandinavian,"natural wood tones, white, neutral accent colors","cedar siding, wooden decking, metal railing",Natural light streaming in from the large windows and skylights,"Light, airy, and bright atmosphere","modern couch with wood legs, simple yet stylish coffee table, decorative throw pillows, contemporary area rug",Open floor plan with central seating area on the deck,"Modern Scandinavian style house featuring natural materials and clean lines, creating a bright and welcoming atmosphere.",Scandinavian,Bright/Airy,Natural (Window),Bedroom,TRUE
traditional_276.jpg,Modern Minimalist,"white, gray, blue","wood, linen, silk, metal",natural soft light from large windows,calm and airy,"sofa, coffee table, floor lamp, plant, wicker chair",open space with central seating area,"This modern bedroom features minimalist design, using neutral colors and natural materials to create a serene atmosphere. The room is bathed in soft light from large windows, enhancing the sense of spaciousness. A comfortable sofa anchors the space, with additional seating provided by a cozy wicker chair. The coffee table offers convenient surface for placing drinks or decor items. A tall floor lamp stands ready to provide supplementary lighting if needed. Plants bring life and freshness indoors, while silk materials add luxury touches throughout the space.",Minimalist,Calm/Serene,Natural (Window),Bedroom,TRUE
traditional_289.jpg,Modern Minimalist,"light pink, white, gray","wood, fabric, metal",natural soft light from large windows and ceiling lights,calm and soothing,"crib, bed, dresser, bookcase, lamp",open space with central furniture arrangement centered around crib,"This nursery features a Modern Minimalist design with light pink accents, providing a calm and soothing atmosphere centered around the crib for the child.",Minimalist,Calm/Serene,Natural (Window),Bedroom,TRUE
traditional_294.jpg,Modern Minimalist,"gray, white, natural wood","oak wood, linen, steel",natural soft light from large windows,calm and airy,"wooden four-poster bed, red nightstand, white throw pillows on bed, vintage mirror",open space with central seating area,"The bedroom features a minimalist design with clean lines and simple furnishings. The color palette is neutral, creating an airy feel. The large windows allow for natural light to fill the room, enhancing the calm atmosphere. A four-poster bed serves as the focal point, with a red nightstand adding a touch of color. The vintage mirror adds a unique touch to space.",Minimalist,Calm/Serene,Natural (Window),Bedroom,TRUE
traditional_309.jpg,Modern,"green, white, purple","wood, metal, concrete",sunlight streaming through windows with white trim and frame,calm and serene,"trees, bushes, pathway, large planter",landscaped garden with curved pathways and circular planting beds,This is a modern garden designed to feel peaceful and serene. The use of green plants creates a natural environment while the concrete bench adds a touch of urban sophistication.,Modern,Calm/Serene,Natural,Garden/Outdoor,TRUE
traditional_315.jpg,Modern Minimalist,"beige, light wood, neutral","linen, wood, silk, velvet",soft and natural light from large windows,calm and sophisticated,"bed, nightstand, lamp, chair",large bedroom with a central focal point of the bed,"This is a tastefully designed modern bedroom with minimalist decor. The color palette consists of neutral tones, and the room features linen and wood materials that contribute to its calm and sophisticated atmosphere.",Minimalist,Calm/Serene,Natural (Window),Bedroom,TRUE
traditional_326.jpg,Modern,"white, gray, blue","wood, linen, leather","Soft and natural, with ambient light from recessed ceiling lights.",Calm and serene.,"two twin beds, black bedside tables, framed artwork on wall, wooden bench","Two beds side by side, with a shared wooden bench between them. The room has light wood flooring and is framed by white walls.","This image features two twin beds in a modern style room. With a color palette of neutral tones, materials like wood and linen dominate the space. Soft, natural lighting creates a calm atmosphere. The layout is tidy, with a shared wooden bench between the two beds for added functionality.",Modern,Calm/Serene,Natural,Bedroom,TRUE
traditional_342.jpg,Modern,"white, gray, orange","wood, metal, fabric",natural sunlight coming through windows,spacious and elegant,"four-poster bed, nightstands, lamp, framed artwork","centrally located four-poster bed with nightstands on each side, flanked by large windows","A modern styled bedroom featuring a four-poster bed at its heart, flanked by nightstands, and decorated with artwork on the walls.",Modern,Luxurious/Elegant,Natural (Window),Bedroom,TRUE
traditional_349.jpg,Modern Minimalist,"white, gray, green","oak wood, linen, steel",natural soft light from large windows,calm and airy,"coffee table, pillows, basket, vase",open space with central seating area,"This modern minimalist room features a soothing color palette of white, gray, and green. The light oak wood furniture complements the linen upholstery and steel accents throughout the space. The large windows allow for natural soft light to fill the open space, creating a calm and airy atmosphere. A central seating area is furnished with a coffee table, decorative pillows, a basket, and a vase filled with flowers.",Minimalist,Calm/Serene,Natural (Window),Bedroom,TRUE
traditional_388.jpg,Modern Minimalist,"black, yellow, white","wood, fabric, metal",modern with accent lighting and ambient ceiling lights,"clean, uncluttered, and inviting","bunk beds, desk, bookshelf, bedside table, stuffed bear",compact with functional use of space; the bunk bed maximizes vertical space,"This compact, modern room features a desk for studying and reading, a stuffed animal adding a touch of whimsy, and black-and-yellow color scheme that contributes to the uncluttered feel.",Minimalist,Warm/Cozy,Ambient/Soft,Bedroom,TRUE
traditional_393.jpg,Modern Minimalist,"white, beige, gray","stone veneer, metal siding, glass windows","soft, natural light from large windows and overhead skylights",calm and airy,"large sectional sofa with throw pillows, contemporary coffee table, modern pendant lights, sleek floor lamp, plush rug","open space with central seating area, separate formal living room to the left and den to the right of hallway","This is a modern two-story house with a stone exterior. The interior features a minimalist design with neutral color palette, stone veneer walls, metal siding, large windows and skylights providing ample natural light.",Minimalist,Calm/Serene,Natural (Window),Bedroom,TRUE
traditional_411.jpg,Modern,"dark blue, white, gold","wood, leather, crystal",ambient lighting with accent from chandelier,elegant and inviting,"dining table, sofa, chandelier, vase, rug, pillows",open space with central dining area,"A luxurious modern dining room featuring dark blue walls, a gold chandelier, and elegant leather and wood furniture.",Modern,Warm/Cozy,Pendant/Chandelier,Bedroom,TRUE
traditional_417.jpg,Scandinavian,"blue, white, wood","wood, fabric, glass","bright and airy, with natural light streaming in through large windows","clean, simple, and organized","sofa, coffee table, chair, area rug",open plan living space with central seating area leading to upstairs loft bedroom,"A modern Scandinavian-style interior featuring a bright and open floor plan, minimalist decor, a mix of natural materials, and an emphasis on clean lines and organization.",Scandinavian,Modern/Sophisticated,Natural (Window),Bedroom,TRUE
traditional_420.jpg,Modern Minimalist,"green, beige, blue","wood, fabric, metal",natural soft light from large windows,calm and airy,"sofa, coffee table, plant, floor lamp, chandelier",open space with central seating area,"This modern bedroom features a minimalist design, green walls, beige and blue accents, wood finishes, fabric upholstery, and metal accents. Natural light filters through the large windows, creating a calm and airy atmosphere. The room includes a central sofa flanked by two floor lamps, with additional seating provided by a cozy coffee table. A plant adds life to the space, and a chandelier overhead completes the elegant design.",Minimalist,Calm/Serene,Natural (Window),Bedroom,TRUE
traditional_422.jpg,Modern Minimalist,"white, cream, gray","wood, silk, leather","soft, warm ambient light from multiple sources",calm and sophisticated,"king-size bed, two-seater sofa, side table with lamps, armchair, area rug",open floor plan with a central sitting area,"This modern bedroom features a king-size bed, two seating areas, and ambient lighting that creates a calming atmosphere.",Minimalist,Calm/Serene,Ambient/Soft,Bedroom,TRUE
traditional_430.jpg,Modern,"blue, white, wood","wood, fabric, metal",natural light from the window and ambient indoor lighting,calm and spacious,"bench, hat rack, checkered blanket, pillows",small hallway with a bench for sitting or hanging items,"A small, clean, modern space designed for comfort and functionality.",Modern,Calm/Serene,Natural (Window),Bedroom,TRUE
traditional_431.jpg,Modern Minimalist,"white, beige, wood accent","wood paneling, linen, leather",well-lit with natural light from windows and complemented by overhead lights,calm and spacious,"two-tone wall bed, wood floor, framed pictures on the wall, white lampshades","open space with bed as focal point, flanked by two nightstands","This room features a modern minimalist design with a calming mood created by natural lighting and simple, clean lines.",Minimalist,Calm/Serene,Natural (Window),Bedroom,TRUE
traditional_435.jpg,Modern Minimalist,"white, gray, beige","wood, leather, fabric",natural soft light from large windows and ceiling lights,warm and cozy,"sofa, coffee table, area rug, floor lamp, throw pillows",open space with central seating area and separate reading nook,"This living room features a modern minimalist design with neutral colors, soft lighting from natural sources and ceiling lights, warm materials like wood and leather, and comfortable furnishings.",Minimalist,Warm/Cozy,Natural (Window),Bedroom,TRUE
traditional_45.jpg,Modern Minimalist,"white, grey, beige","wood, linen, silk","soft and ambient, with natural light coming in from the windows",calm and serene,"king-size bed with tufted headboard, matching bench at foot of bed, white shade table lamp with curved base, vase with white flowers on nightstand, framed picture above the bed","large bedroom with a central seating area composed of the bed and bench, flanked by two nightstands with lamps","This modern bedroom features neutral colors, simple yet elegant furnishings, and natural light that creates a peaceful retreat. The tufted headboard and matching bench provide comfort while also adding texture to the room.",Minimalist,Calm/Serene,Natural (Window),Bedroom,TRUE
traditional_452.jpg,Modern Minimalist,"navy blue, white, light gray","wood, fabric, metal",natural soft light from large windows,calm and serene,"queen-size bed, wooden nightstand, floor lamp with white shade, small wooden side table, framed abstract art","bed in center of room, flanked by windows and side tables on either side.","A modern bedroom that balances simplicity and comfort, featuring navy blue walls and a minimalist design with natural light accentuating the space.",Minimalist,Calm/Serene,Natural (Window),Bedroom,TRUE
traditional_456.jpg,Scandinavian,"light wood, white, grey","cedar siding, stone chimney, wooden beam ceiling",Natural light from large windows and skylights,Warm and cozy,"log cabin design, lodge style furniture, rustic decor","Open living space with central seating area, lofted bedrooms above garage",A two-story log cabin house with a warm Scandinavian design and rustic elements.,Scandinavian,Warm/Cozy,Natural (Window),Bedroom,TRUE
traditional_470.jpg,Modern Minimalist,"grayscale, light gray, white","wood paneling, leather, glass",ambient light from ceiling fixture and large windows,calm and sophisticated,"king-size bed, chaise lounge, large area rug, dresser with mirror, floor lamp",open floor plan with separate sitting and sleeping areas,"This is a luxurious, minimalist-style hotel suite featuring grayscale color palette, hardwood paneling, leather upholstery, and sleek modern furnishings.",Minimalist,Calm/Serene,Ambient/Soft,Bedroom,TRUE
traditional_480.jpg,Modern Minimalist,"beige, white, gray","linen, oak wood, velvet",natural soft light from large windows,calm and airy,"bed, dresser, lamp, chair, area rug",open space with central seating area,"This modern bedroom features a minimalist design with a calming atmosphere, characterized by neutral colors and natural materials. The room's soft lighting enhances the serene ambiance. Furnishings include a large bed, a wooden dresser, a floor lamp, a chair, and an area rug.",Minimalist,Calm/Serene,Natural (Window),Bedroom,TRUE
traditional_483.jpg,Modern Minimalist,"white, beige, green accent","wood, brick, concrete, metal","soft, natural light from the windows and outdoor setting",calm and serene,"large wooden table, outdoor chairs, stone planter with flowers, grass lawn",open space with a central stone patio surrounded by garden beds,"This outdoor space is designed in a minimalist modern style, featuring natural materials such as wood, brick and concrete. The color palette is soft, using white, beige, and green accents to create a calm and serene mood. Large wooden table with outdoor chairs creates an inviting space for relaxation or entertaining. The stone patio serves as the centerpiece of the design, surrounded by well-maintained garden beds filled with flowers and plants.",Minimalist,Calm/Serene,Natural (Window),Garden/Outdoor,TRUE
traditional_490.jpg,Scandinavian,"gray, white, blue","wood, glass, metal",Natural sunlight from the large windows and a skylight.,"Bright, airy, and inviting.","sofa, coffee table, armchair, plants, books",Open floor plan with a central living area flanked by bedrooms on both sides.,Unknown,Scandinavian,Warm/Cozy,Natural (Window),Bedroom,TRUE
traditional_501.jpg,Modern,"white, gray, rust","wood, fabric, leather",recessed lighting with warm tone,inviting and comfortable,"bed, sofa, chair, side table, lamp",open floor plan with central bedroom area,"This is a modern bedroom featuring an open floor plan, neutral colors, natural materials, and warm lighting. The room includes a large bed, a comfortable sofa, a stylish chair, side tables for lamps, and a soft carpet to create a cozy atmosphere.",Modern,Warm/Cozy,Recessed,Bedroom,TRUE
traditional_506.jpg,Scandinavian,"white, beige, light wood","oak wood, linen, concrete",soft natural light from large windows,warm and cozy,"sofa, coffee table, plant, floor lamp, couch, pillows, table",open space with central seating area around fireplace,"This Scandinavian-style living room features a warm and cozy atmosphere, with a focus on natural light from large windows. The color palette is neutral, with white, beige, and light wood tones complementing the oak wood furniture. The space is filled with comfortable seating options such as the sofa, couch, and additional pillows, while the coffee table and floor lamp provide functional surfaces to place items on. A plant adds a touch of greenery to the room, creating a welcoming environment.",Scandinavian,Warm/Cozy,Natural (Window),Bedroom,TRUE
traditional_541.jpg,Minimalist,"white, beige, gray","wood, linen, wooden floor",natural soft light from large windows,calm and airy,"bed, dresser, chandelier, window treatments",space with open feel and clean lines,"A modern bedroom with a minimalist design, featuring a large chandelier hanging from the center of the high ceiling.",Minimalist,Calm/Serene,Natural (Window),Bedroom,TRUE
traditional_546.jpg,Modern Minimalist,"white, beige, green accent","wood, linen, cotton",natural soft light from large windows,calm and airy,"queen size bed, nightstand, armchair, area rug, floor lamp",open space with central seating area,"This modern minimalist hotel room is characterized by a light color palette and natural materials. The large windows let in ample soft light, creating an airy atmosphere. The room features a comfortable queen size bed, armchair for relaxation, nightstand for convenience, and floor lamp for additional lighting. The layout centers around a central seating area, making it perfect for guests who appreciate a clean and uncluttered space.",Minimalist,Calm/Serene,Natural (Window),Bedroom,TRUE
traditional_55.jpg,Modern Minimalist,"gray, white, wood accents","cedar siding, glass front door, black shutters",Natural light from large windows and outdoor lights,Warm and welcoming with a touch of elegance,"modern wicker sofa, clean-lined coffee table, living room rug, black metal floor lamp",Open space design with central living area flanked by two bedrooms on either side,"This modern house features a minimalist design with a focus on natural materials and light. The exterior is finished with cedar siding, while the interior includes large windows for ample natural light. A warm and welcoming space, it combines functionality with elegance.",Minimalist,Warm/Cozy,Natural (Window),Bedroom,TRUE
traditional_552.jpg,Scandinavian,"white, natural wood tones, gray","wood paneling, canvas fabric, metal hardware","soft, natural light from large windows and recessed lighting",calm and airy,"bed, nightstand, pillows, seating bench",open space with a central sleeping area flanked by windows,"This interior design showcases a Scandinavian-style bedroom with clean lines and natural materials, creating a calm and airy atmosphere.",Scandinavian,Calm/Serene,Natural (Window),Bedroom,TRUE
traditional_572.jpg,Scandinavian,"white, blue, green","oak wood, fabric, metal",natural soft light from large windows and ceiling lights,warm and cozy,"couch, coffee table, chair, side tables, shelves, pillows",open space with central seating area,"This living room is decorated in a Scandinavian style, featuring a white color palette, oak wood flooring and accents, fabric upholstery, metal accents, and ample natural light. The furniture includes a comfortable couch with pillows, a cozy chair, side tables with lamps, and shelves for decorative items. The layout is open and welcoming, centered around the seating area.",Scandinavian,Warm/Cozy,Natural (Window),Bedroom,TRUE
traditional_576.jpg,Vintage,"dark brown, cream, gold","wood, linen, leather",Warm light from a single wall sconce,Elegant and nostalgic,"brown wooden dresser with gold handles, vintage mirror in an ornate frame, black and white striped towels",Tightly arranged space with a large mirror reflecting the room,"This bathroom is designed in a vintage style, using dark brown wood, cream linens, and gold accents. A wall sconce provides warm light, enhancing the elegant and nostalgic mood of the space.",Traditional/Vintage,Luxurious/Elegant,Mixed/Other,Bedroom,TRUE
traditional_584.jpg,Modern,"white, gray, black","wood, cloth, metal",ambient and accent lighting from recessed LED fixtures and a table lamp,contemporary and sophisticated,"mirrored wardrobe doors, wall-mounted coat rack, decorative pillows on the bench",a narrow hallway with a long mirrored wardrobe and a wooden bench against one wall,"This image showcases a modern interior design style, featuring a minimal color palette of white, gray, and black. The materials used include wood, cloth, and metal, contributing to the contemporary feel. The lighting consists of ambient and accent lighting from recessed LED fixtures and a table lamp. The overall mood is sophisticated and the layout includes a narrow hallway with a long mirrored wardrobe and a wooden bench against one wall.",Modern,Modern/Sophisticated,Recessed,Bedroom,TRUE
traditional_590.jpg,Modern Minimalist,"white, gray, beige","oak wood, linen, leather, silk",natural soft light from large windows and a chandelier over the bed,calm and serene,"queen-size bed, nightstands, coffee table, floor lamp, chaise lounge",modern open concept design with a central seating area,A modern minimalist bedroom featuring natural materials and soft lighting that creates a calm and serene atmosphere.,Minimalist,Calm/Serene,Natural (Window),Bedroom,TRUE
traditional_6.jpg,Modern Minimalist,"white, gray, blue","linen, wool, wood",natural soft light from large windows,calm and airy,"bed, nightstands, ruffled bedding, chaise",open space with central seating area,"This is a modern minimalist hotel room featuring a clean, sleek design with linen, wool and wood materials, soft natural lighting that creates a calm atmosphere.",Minimalist,Calm/Serene,Natural (Window),Bedroom,TRUE
traditional_601.jpg,Modern,"white, gray, pink","wood, linen, glass",natural light from window,calm and serene,"bed, nightstand, shelves, desk","bunk beds with ladder, nightstands between them","This is a modern bedroom with a clean, calming design featuring wood and linen elements. The room has a pink accent color, creating a serene atmosphere.",Modern,Calm/Serene,Natural (Window),Bedroom,TRUE
traditional_624.jpg,Modern Minimalist,"white, beige, light wood","oak wood, linen, concrete",natural soft light from large windows and recessed ceiling lights,calm and airy,"bed, sofa, coffee table, lamp, plant",open space with central seating area under chandelier,"This modern bedroom features a minimalist design, with natural light streaming in through large windows. The color palette is soft and neutral, creating a calm and airy mood. The room's materials include oak wood for warmth, linen for comfort, and concrete for an industrial touch. A chandelier hangs from the vaulted ceiling, adding a touch of elegance to space. The furniture arrangement is designed for easy flow, with a central seating area under the light fixture.",Minimalist,Calm/Serene,Natural (Window),Bedroom,TRUE
traditional_632.jpg,Modern Minimalist,"blue, gray, white","leather, wood, brass",natural soft light from large windows,calm and sophisticated,"sofa, coffee table, floor lamp, pillows, area rug",open space with central seating area,"This living room is designed in a minimalist style, featuring a monochromatic color scheme of blue, gray, and white. The space is filled with leather furniture and brass accents on the fireplace and wall decorations.",Minimalist,Calm/Serene,Natural (Window),Bedroom,TRUE
traditional_643.jpg,Cottage/Rustic,"beige, brown, green","stone, wood, metal",Warm and inviting with soft glow from lantern light,Cozy and welcoming,"wooden door, brick chimney, hanging lantern, stone bench, potted plant","The space is organized around a central outdoor seating area, with the entrance leading to a covered porch. The interior is divided into a kitchenette and a living/sleeping area. There are windows on both sides that provide natural light.","This charming stone cottage has been beautifully designed with a warm and welcoming atmosphere in mind, featuring materials like brick and wood that add to its rustic appeal.",Natural/Rustic,Warm/Cozy,Ambient/Soft,Living Room,TRUE
traditional_659.jpg,Modern,"black, white, gray","wood, fabric, glass","Natural and soft, coming from the windows and adding warmth to the room.",Elegant and sophisticated with a touch of coziness.,"King-size bed, Lamp on bedside table, Area rug underneath bed, Accent pillows, Wall art","Bedroom features a large king-size bed against the wall, with a nightstand beside it. There is an area rug on the floor under the bed. Above the bed, there's a lamp on a table for reading or adding to ambiance.",Unknown,Modern,Modern/Sophisticated,Natural (Window),Bedroom,TRUE
traditional_67.jpg,Scandinavian,"light grey, white, navy blue","cotton, linen, silk",natural light from large windows,calm and serene,"wooden dresser, canopy bed, throw pillows, framed pictures, lampshade",centered around a large canopy bed with wood frame,"This is a cozy and inviting Scandinavian-style bedroom, featuring light colors and natural materials to create a calm atmosphere.",Scandinavian,Calm/Serene,Natural (Window),Bedroom,TRUE
traditional_676.jpg,Modern Minimalist,"white, beige, gray","wood, glass, metal",recessed lighting with warm white bulbs and natural light from windows,calm and serene,"sofa, coffee table, floor lamp, plant, framed artwork",linear hallway with open views to living space and bedroom,"This image depicts a modern minimalist style hallway featuring warm neutral colors, natural light, and thoughtfully selected materials. The layout is designed for easy movement and efficient use of space, while the objects chosen add a touch of personality and comfort to the room.",Minimalist,Calm/Serene,Natural (Window),Bedroom,TRUE
traditional_68.jpg,Modern Minimalist,"white, beige, light wood","wood, linen, glass",natural soft light from large windows and ceiling lights,calm and serene,"bed, nightstands, chairs, couch, area rug",open space with central bedroom area,"This image shows a modern minimalist bedroom design featuring natural light, neutral colors, and clean lines.",Minimalist,Calm/Serene,Natural (Window),Bedroom,TRUE
traditional_699.jpg,Modern Minimalist,"golden tan, cream, white","velvet upholstery, silk accents, wood, marble",warm and soft lighting from sconces on the walls,luxurious and inviting,"king-size bed, two armchairs with gold legs, antique clock on the wall, silk throw over couch",a spacious living area leading into a bedroom suite with an en suite bathroom,"This is a luxurious and elegant living space, featuring high-quality furnishings such as upholstered velvet pieces, a large king-size bed in a separate sleeping area, and an open floor plan that creates a sense of spaciousness.",Minimalist,Warm/Cozy,Ambient/Soft,Bedroom,TRUE
traditional_70.jpg,Modern Minimalist,"white, beige, light wood","oak wood, linen, concrete",natural soft light from large windows,calm and airy,"swing bench, pillows, large windows, door, fence",spacious patio with clear separation to indoor space,"This interior design features a modern minimalist style with neutral colors and natural materials. The spacious patio has a clear separation from the indoor space, creating an airy atmosphere that is accentuated by the large windows allowing soft light to fill the area.",Minimalist,Calm/Serene,Natural (Window),Bedroom,TRUE
traditional_710.jpg,Modern Minimalist,"blue, white, gray","wood, fabric, metal",Warm and inviting with ambient and accent lighting from wall sconces,Calm and serene,"king-size bed, bedside tables, decorative pillows, rug, wall art","A cozy, welcoming space with a focal point at the foot of the bed.",This modern bedroom features a minimalist design with a serene color palette and carefully chosen materials for a warm and inviting atmosphere.,Minimalist,Calm/Serene,Ambient/Soft,Bedroom,TRUE
traditional_740.jpg,Modern Minimalist,"blue, white, grey","wood, cotton, glass",well-lit with natural light,calm and serene,"king size bed, bed frame, ruffled comforter, area rug","open floor plan, centered around the bed",A modern minimalist bedroom with a calming color palette of blues and whites. The space is well-lit by natural light and features a king size bed as the centerpiece.,Minimalist,Calm/Serene,Natural,Bedroom,TRUE
traditional_779.jpg,Romantic Garden,"dark purple, red, white","brick pavers, concrete, metal railing",Natural light from surrounding trees and shrubbery,Romantic and serene,"flower bed, railing, trees",Curved walkway bordered by flower beds and shrubs,"The Romantic Garden is designed with an emphasis on curving pathways, colorful flowers, and natural materials. The garden creates a serene and romantic atmosphere that invites visitors to explore the various plantings and enjoy the beauty of the surrounding nature.",Garden/Tropical,Calm/Serene,Natural,Garden/Outdoor,TRUE
traditional_787.jpg,Modern Minimalist,"light gray, white, navy","wood, linen, leather",natural light from windows and a floor lamp,calm and serene,"bed, nightstand, lamp, framed mirror, books",space designed for comfort and relaxation with a large bed as the focal point.,"This modern minimalist bedroom is designed to provide a calm and serene atmosphere, featuring light wood tones, linen accents, and natural light.",Minimalist,Calm/Serene,Natural (Window),Bedroom,TRUE
traditional_826.jpg,Modern Minimalist,"white, beige, light wood","wood paneling, linen, silk","natural soft light from large windows, complemented by a chandelier",calm and airy,"king-size bed, sofa, coffee table, floor lamp, vase","open space with central seating area, flanked by nightstands and lamps","This modern minimalist bedroom design exudes a calm and airy atmosphere, featuring a king-size bed at the center of an open floor plan. The light wood palette is complemented by a chandelier and large windows that allow natural light to fill the space. A sofa, coffee table, floor lamp, and vase with flowers add warmth and texture to the room.",Minimalist,Calm/Serene,Natural (Window),Bedroom,TRUE
traditional_83.jpg,Modern Minimalist,"light gray, white, dark brown","wood paneling, concrete walls, steel railing",natural soft light from large windows and overhead lights,calm and airy,"gray sofa with pillows, black leather armchair, wood coffee table, floor lamp, decorative vases","open space with central seating area, separated from adjacent rooms by a fireplace","This modern living room features a minimalist design with a light gray color palette. The space is defined by concrete walls and steel railing, while the furniture includes a sofa and leather armchair for comfortable seating. Natural light pours in through large windows, creating an airy atmosphere. A fireplace adds warmth to the room, separating it from adjacent spaces.",Minimalist,Calm/Serene,Natural (Window),Bedroom,TRUE
traditional_837.jpg,Modern Minimalist,"blue, white","wood, linen, steel",natural soft light from large windows,calm and airy,"bed, dresser, cabinet, shelf",small space with efficient furniture arrangement for function and aesthetics,"A compact, modern bedroom with minimalist design elements and an airy feel achieved through the use of blue and white colors and large windows that let in natural light.",Minimalist,Calm/Serene,Natural (Window),Bedroom,TRUE
traditional_839.jpg,Scandinavian,"white, beige, light wood, blue","wood, fabric, metal",natural light from large window,calm and airy,"sofa, coffee table, throw pillows, rug, plant",open space with central seating area,"A cozy Scandinavian style living room with a neutral color palette, featuring a sofa, coffee table, and large window for natural light. The space is inviting and comfortable, perfect for relaxation.",Scandinavian,Calm/Serene,Natural (Window),Bedroom,TRUE
traditional_854.jpg,Scandinavian,"white, gray, black","wood, fabric, metal",natural soft light from large windows,calm and airy,"bed, nightstands, curtains, table lamp",open space with central seating area,"This is a bedroom with a Scandinavian design style, featuring a clean and minimalistic color palette of white, gray, and black. The room is made of wood, fabric, and metal materials, and it has a calm and airy atmosphere from the natural light that comes in through large windows.",Scandinavian,Calm/Serene,Natural (Window),Bedroom,TRUE
traditional_855.jpg,Modern Minimalist,"white, blue, wood","oak wood, plastic, metal",bright and natural light from large windows,clean and serene,"bunk beds, desk, shelving, lamp",open space with central seating area,"A modern, minimalist bedroom designed to maximize natural light and promote a sense of openness through strategic use of light-colored materials and furnishings.",Minimalist,Calm/Serene,Natural (Window),Bedroom,TRUE
traditional_857.jpg,Traditional,"cream, burgundy, gold","linen, wood, silk",Natural light from windows,Elegant and cozy,"canopy bed, chest of drawers, vase with flowers","Bed in corner by window, flanked by nightstands.","This bedroom features a canopy bed dressed in traditional colors of cream and burgundy with gold accents. The room has wood paneling on the walls and linen drapes at the windows. A chest of drawers sits between two nightstands, each adorned with vases containing flowers.",Traditional/Vintage,Warm/Cozy,Natural (Window),Bedroom,TRUE
traditional_878.jpg,Modern Minimalist,"white, gray","linen, wool, wood, metal",ambient light from chandelier and recessed ceiling lights,calm and serene,"bed, nightstands, chandelier, wall art","contemporary bedroom with large bed, flanking nightstands, and chandelier overhead","This modern minimalist bedroom features a neutral color palette, primarily in white and gray. It incorporates natural materials such as linen for the bedding and wood paneling on the wall. The space is bathed in soft light from both recessed ceiling lights and a hanging chandelier. The overall mood of the room is calm and serene, with a focus on clean lines and simplicity.",Minimalist,Calm/Serene,Recessed,Bedroom,TRUE
traditional_883.jpg,Modern Minimalist,"white, light blue, wood","oak wood, linen, steel",natural soft light from large windows and ceiling fan,calm and airy,"king-size bed with wooden headboard, sofa with accent pillows, armchair, end table with lamp, area rug",open space with central seating area around fireplace,"This is a serene and modern bedroom design that utilizes natural light and minimalist decor. The color palette consists of neutral tones, while the materials used are natural wood, linen, and steel to create a warm and inviting atmosphere.",Minimalist,Calm/Serene,Natural (Window),Bedroom,TRUE
traditional_886.jpg,Modern,"white, cream, turquoise","wood, fabric, leather","natural light coming through windows and balcony doors, complemented by soft interior lighting",contemporary and sophisticated,"king-size bed with tufted headboard, large sofa with matching armchairs, coffee table with glass top, floor lamp with adjustable height, area rug on polished wood floor",spacious open layout with central seating area and bedroom section separated by a partial wall,"This luxurious hotel suite features modern design elements, including clean lines, neutral colors, and high-quality materials. The space is bright and inviting, with a comfortable sitting area that overlooks the waterfront city view.",Modern,Modern/Sophisticated,Natural (Window),Bedroom,TRUE
traditional_902.jpg,Modern,"white, light gray","brick, wood",Natural light from the windows and a skylight.,Clean and organized.,"Outdoor seating set, Potted plants, Bicycle leaning against the house, Large mirror on the wall in the entryway, Striped rug on the floor inside",One-level home with a central living area and bedrooms surrounding it.,"Modern residential exterior featuring natural lighting, outdoor furniture and decor, and a clean aesthetic.",Modern,Modern/Sophisticated,Natural (Window),Bedroom,TRUE
traditional_916.jpg,Modern Minimalist,"gray, white, natural wood","wood paneling, metal roofing, stained concrete",bright and natural from large windows and a skylight,"modern, serene, and inviting","sofa with throw pillows, coffee table with magazine rack, large potted plant, flat-screen TV",open concept design with a central seating area flanked by side sections for dining and sleeping,"This modern cabin house features clean lines, natural materials, and ample lighting to create a warm, inviting atmosphere.",Minimalist,Calm/Serene,Natural (Window),Bedroom,TRUE
traditional_926.jpg,Scandinavian,"white, light gray, navy blue","oak wood, linen, brass",natural soft light from large windows,warm and cozy,"sofa, coffee table, plant, floor lamp, rug, throw pillows",open space with central seating area,"This living room is designed in a Scandinavian style, featuring light oak wood walls and flooring, linen upholstery, and brass fixtures. The color palette consists of white, light gray, and navy blue. There's a comfortable sofa flanked by two armchairs arranged around a wooden coffee table, which sits on a plush rug. A plant adds life to the space, and a floor lamp with a curved neck provides adjustable lighting. The room has large windows that bring in ample natural light, creating a bright and airy atmosphere.",Scandinavian,Warm/Cozy,Natural (Window),Bedroom,TRUE
traditional_97.jpg,Modern Minimalist,"white, light blue, dark blue","wood, linen, metal",natural soft light from large windows,calm and airy,"king size bed, two nightstands with lamps, sofa, area rug",open space with central seating area around the bed,"The room features a minimalist design with a king size bed as the centerpiece. The color palette is kept light and neutral, creating an airy feel. Natural light fills the room through the windows and the soft glow of lamps on the nightstands adds warmth to the space. The furniture arrangement allows for a comfortable central seating area around the bed.",Minimalist,Calm/Serene,Natural (Window),Bedroom,TRUE
traditional_984.jpg,Modern,"blue, green, yellow","concrete pavers, wooden planter box, plastic gardening pots",natural light from surrounding trees and sky,calm and peaceful,"raised circular flower bed, wooden trellis support, round metal planter on top of brick wall","circular path leads to raised garden in the center, creating a natural focal point","The modern design features concrete pavers and wooden planter boxes, with a raised circular flower bed at the center. The color palette includes blue, green, and yellow, while the circular layout of the brick walkway leads to this central garden, making it an inviting space for relaxation and connection with nature.",Modern,Calm/Serene,Natural,Bedroom,TRUE
traditional_987.jpg,Classic,"white, beige, gold","wood, fabric, leather",bright and evenly distributed light,formal and elegant,"bed, dresser, chair, desk, painting, mirror",split-level design with central bedroom area,This is a classic designed room with a neutral color palette and an elegant ambiance.,Other,Luxurious/Elegant,Bright,Bedroom,TRUE
traditional_99.jpg,Modern Minimalist,"gray, white, wood","cedar siding, metal roofing, wood paneling",bright and natural light from windows,modern and serene,"flat screen TV, sectional sofa, coffee table, floor lamp",open space with central seating area and separate bedroom wing,"A modern gray siding house with a minimalist interior design, featuring metal roofing, wood paneling, and bright natural light. The open living room connects to a separate bedroom wing through an efficient layout.",Minimalist,Calm/Serene,Natural (Window),Bedroom,TRUE
traditional_992.jpg,Modern Minimalist,"gray, blue, white","wood, fabric, metal",Natural light from large windows and a chandelier with white shades.,Calm and serene,"king size bed, leather chair, large window with drapes, white headboard, framed artwork",Bedroom with a large centerpiece bed flanked by two windows and a leather chair.,"A spacious and stylish modern bedroom with minimal decor, focusing on comfort and natural light.",Minimalist,Calm/Serene,Natural (Window),Bedroom,TRUE
tropical_10.jpg,Modern Minimalist,"yellow, white, red","canvas, wood, glass",bright and natural light from windows,clean and airy,"beds, couch, chest of drawers, table lamps",two beds flanking a central seating area with sofa and coffee table,"This is a modern bedroom with minimalist design. The room features two beds in yellow and red colors, a white couch, a wooden chest of drawers, and a coffee table. Large windows allow natural light to fill the space, creating an airy atmosphere.",Minimalist,Modern/Sophisticated,Natural (Window),Bedroom,TRUE
tropical_113.jpg,Modern,"blue, white, neutral","wood, fabric, glass","A mix of natural and artificial lighting from overhead fans, large windows, and recessed lights.",Warm and inviting.,"sofa with blue throw pillows, wooden coffee table, large area rug, outdoor seating area",Open concept living space connecting to outdoor patio.,Unknown,Modern,Warm/Cozy,Natural (Window),Bedroom,TRUE
tropical_117.jpg,Scandinavian,"light grey, white, brown","rattan, linen, silk",Natural soft light from a large round mirror,Calm and airy,"Bed with white comforter, Two large fluffy pillows, Three red and grey checkered cushions, Rattan headboard, Large round mirror over the bed",Open space with a central seating area featuring the bed,"A cozy Scandinavian-style bedroom with light colors, natural materials and mirrors for brightness.",Scandinavian,Calm/Serene,Natural,Bedroom,TRUE
tropical_119.jpg,Modern Minimalist,"white, blue, wood","oak wood, linen, metal",Natural soft light from large windows,Calm and airy,"bed, nightstand, chair, end table",Open space with central seating area,"This bedroom has a minimalist design, featuring a large bed in the center of the room. The color palette includes white, blue and wood tones. Natural light pours through the windows, creating a serene atmosphere.",Minimalist,Calm/Serene,Natural (Window),Bedroom,TRUE
tropical_140.jpg,Modern Minimalist,light neutral tones,"wood, metal",natural soft light from large windows and a statement chandelier,calm and airy,"sofa with throw pillows, coffee table with decorative trays, large-scale abstract art, floor lamp",open space with central seating area around a statement chandelier and fireplace,"This modern minimalist living room features light neutral tones, wood flooring, metal accents, and large windows that provide ample natural light. The open layout centers on a statement chandelier and fireplace, with comfortable seating arranged around the focal points.",Minimalist,Calm/Serene,Natural (Window),Bedroom,TRUE
tropical_16.jpg,Modern Minimalist,"white, beige, light wood","wood, linen, steel",natural soft light from large windows,calm and airy,"bed, nightstand, sofa, chair, coffee table, floor lamp, plant",open space with central seating area,"The bedroom features a modern minimalist design with neutral colors, wood accents, and natural light from the large windows. The room is decorated with contemporary furniture including a sofa, chair, coffee table, and floor lamp. A plant adds a touch of greenery to the space.",Minimalist,Calm/Serene,Natural (Window),Bedroom,TRUE
tropical_162.jpg,Modern Minimalist,"white, beige, light wood","linen, velvet, brass",Warm ambient lighting from recessed ceiling lights and a floor lamp.,Calm and sophisticated,"white sofa with accent pillows, wooden coffee table, accent table with decorative items, framed artwork above fireplace, felt wool rug",Open space with a central seating area and a fireplace as the focal point.,"This is a tastefully designed living room that combines modern minimalist design principles with cozy, inviting elements.",Minimalist,Calm/Serene,Recessed,Bedroom,TRUE
tropical_165.jpg,Scandinavian,"white, light gray, dark wood","wood, linen, glass",natural soft light from large windows and a chandelier,calm and airy,"king-size bed with gray comforter, two nightstands with lamps, sofa against the wall, coffee table in front of sofa, floor lamp near the couch",open space with central seating area and a fireplace,"This Scandinavian-style bedroom features a calming palette, modern furniture, and natural lighting to create an airy and inviting atmosphere.",Scandinavian,Calm/Serene,Natural (Window),Bedroom,TRUE
tropical_194.jpg,Modern Minimalist,"blue, white, beige","linen, wood, glass",soft natural light from large windows with curtains,calm and airy,"sofa, coffee table, bed, chairs, lamps, plant",open space with central seating area around bed,Unknown,Minimalist,Calm/Serene,Natural (Window),Bedroom,TRUE
tropical_201.jpg,Modern,"blue, white, beige","wood, fabric, metal",ambient from ceiling lights and natural light from windows.,calm and serene,"couch, chair, coffee table, lampshade, pillows",open floor plan with bed at end of room,"A modern, well-lit living space with a blue and white color scheme, wooden furniture, and an open layout.",Modern,Calm/Serene,Natural (Window),Bedroom,TRUE
tropical_206.jpg,Modern Minimalist,"white, light blue, wood accents","linen, wood, metal",natural soft light from large windows and ceiling lights,calm and serene,"king-size bed, wood chest of drawers, small table lamp, floral patterned rug, large framed picture",open space with central seating area centered around a large window,"The room presents a minimalist design with a calming color palette, featuring natural lighting and simple, functional furnishings.",Minimalist,Calm/Serene,Natural (Window),Living Room,TRUE
tropical_212.jpg,Scandinavian,"green, white, wood","stone, grass, plants","Natural light, creating a bright and airy atmosphere",Calm and serene,"cobblestone steps, raised garden bed with plants, small trees","Outdoor space with raised stone path leading to cobblestone steps, garden bed on right side of photo, green grass surrounding area","This image showcases a modern Scandinavian outdoor space with natural materials and lighting. The raised stone path is the focal point, surrounded by lush plants and greenery.",Scandinavian,Calm/Serene,Natural,Bedroom,TRUE
tropical_227.jpg,Modern Minimalist,"white, beige, light wood, blue accent","glass, wood, linen, steel",natural soft light from large windows and ceiling fan,calm and airy,"bed, coffee table, plant, floor lamp",open space with central seating area under skylights,"This modern minimalist bedroom features a soothing color palette of whites, beiges, and light wood, complemented by a calming blue accent. The room is filled with natural light from large windows and a ceiling fan overhead. The space is furnished with a comfortable bed, a cozy coffee table, a plant adding life to the room, and a floor lamp providing soft illumination.",Minimalist,Calm/Serene,Natural (Window),Bedroom,TRUE
tropical_228.jpg,Modern Minimalist,"beige, gray, blue","glass paneled windows and doors, white wicker upholstery, wood floors",natural soft light from large glass-walled room,calm and airy,"white sofa with pillows, round wood coffee table, plant in corner, large area rug, wooden dining table","open space with central seating area, surrounded by windows on all sides","This modern living room combines a minimalist design approach with warm and inviting colors. The large glass walls allow for ample natural light to pour in, creating a bright and airy atmosphere.",Minimalist,Calm/Serene,Natural,Bedroom,TRUE
tropical_234.jpg,Contemporary,"white, blue, wood","wood, fabric, glass",Natural and soft from the large windows above the bed,Calm and serene,"bed, nightstand, lamp, framed artwork",Simple yet luxurious with a king size bed at the center of the room,"This bedroom exudes a sense of tranquility with its modern wood finishes, soft lighting, and simple layout centered around a comfortable king-size bed.",Contemporary,Calm/Serene,Natural (Window),Bedroom,TRUE
tropical_239.jpg,Modern Minimalist,"beige, white, light wood","leather, wood, glass",natural soft light from large windows,calm and airy,"sofa, coffee table, floor lamp, plant, pillows",open space with central seating area,"A modern minimalist living room featuring a neutral color palette, natural lighting, and an open layout.",Minimalist,Calm/Serene,Natural (Window),Bedroom,TRUE
tropical_250.jpg,Modern Minimalist,"white, blue, orange","wood, fabric, glass",natural soft light from large windows,calm and airy,"couch, bed, guitar, vase, pillow, floor lamp",open space with central seating area,"The living room features a modern minimalist style with a color palette of white, blue, and orange. The materials used include wood for the furniture, fabric on the bed and sofa, and glass for the windows that let in natural light. The mood of the space is calm and airy due to the large windows and open floor plan. There's a comfortable couch, bed for lounging or sleeping, guitar and vase as decorative elements, and a floor lamp for additional lighting. A single pillow adds color and texture.",Minimalist,Calm/Serene,Natural (Window),Bedroom,TRUE
tropical_252.jpg,Modern,"red, green, beige","stone, wood, glass",Natural light from large windows and skylights,Bright and cheerful,"flower bed with red flowers, modern front door, large glass window",Front yard of a house with a flower bed in the front yard,"This image shows a modern front yard of a home. The design features a minimalist color palette with red accents, predominantly beige tones for walls and stone floors. Large windows and skylights allow for natural light to fill the space, creating a bright and cheerful atmosphere.",Modern,Bright/Airy,Natural (Window),Bedroom,TRUE
tropical_254.jpg,Modern Minimalist,"white, light blue",oak wood,natural soft light from large windows,calm and airy,"bed, nightstands, lamp, framed artwork",open space with central seating area,"This is a serene and inviting bedroom with minimalistic design, featuring oak wood elements, calming lighting from large windows, and a soothing mood.",Minimalist,Calm/Serene,Natural (Window),Bedroom,TRUE
tropical_277.jpg,Scandinavian,"white, beige, navy blue","wood, linen, silk",natural soft light from large windows and ceiling lights,calm and serene,"bed with wooden headboard, two-tone bedspread in white and navy blue, wooden nightstands with lamps","open space with central seating area, surrounding by two windows and a large wood ceiling","A neatly arranged Scandinavian style bedroom with natural materials and colors, creating a clean and calming atmosphere.",Scandinavian,Calm/Serene,Natural (Window),Bedroom,TRUE
tropical_279.jpg,Scandinavian,"red, white, beige","wood, linen",well-lit by recessed lighting and ceiling fan light,"modern, clean, and comfortable","king bed, nightstands, pillows, artwork",contemporary with a neutral palette and contrasting red accents,"A modern, clean room with a king-size bed as the centerpiece, decorated in soft colors and featuring artwork and nightstands.",Scandinavian,Warm/Cozy,Recessed,Bedroom,TRUE
tropical_286.jpg,Scandinavian,"white, beige, blue accent","wood paneling, linen, natural wood",natural light from large windows and ceiling-mounted lights,calm and airy,"queen size bed, small bed, wooden bench, nightstand with lamp, large framed artwork",split level space with main sleeping area on the upper level and seating area on the lower level,"Bright, airy hotel room featuring a split-level design with Scandinavian color palette and natural light from large windows.",Scandinavian,Calm/Serene,Natural (Window),Bedroom,TRUE
tropical_292.jpg,Beach Resort,"white, blue, red","wood, linen, bamboo",Natural light from large window overlooking ocean,Relaxed and tropical,"bed, nightstand, chest of drawers, seascape painting, sea shell decoration","Open space with bed against wall, nightstand on one side, chest of drawers in corner",This bedroom has a resort-style feel with its ocean views and cozy furnishings.,Other,Other,Natural (Window),Bedroom,TRUE
tropical_312.jpg,Modern Minimalist,"white, light wood, beige","wood paneling on walls and ceiling, modern furniture, neutral tones",natural soft light from large windows and recessed lights in the high vaulted ceiling,calm and airy,"sofa with throw pillows, coffee table with books, floor lamp, modern artwork",open space with central seating area leading to outdoor deck,"This modern interior design features a clean and minimalist style, highlighted by the light wood paneling on walls and ceiling. The neutral tones create a calm atmosphere, enhanced by the natural soft light from large windows and recessed lights in the high vaulted ceiling. The space is furnished with sleek modern pieces, including a comfortable sofa set up for conversation and relaxation. A coffee table holds books, suggesting a cozy reading spot. In addition to these elements, there are artistic touches like framed pictures on the wall and a floor lamp that contributes to the overall design.",Minimalist,Calm/Serene,Natural (Window),Bedroom,TRUE
tropical_313.jpg,Modern Minimalist,"light beige, dark brown, teal","wood, linen, concrete",natural soft light from large windows and overhead fixtures,calm and airy,"sofa with throw pillows, coffee table with decorative items, floor lamp, plants on side tables","open space with central seating area, flanked by side tables and lounge chairs","This is a modern minimalist bedroom featuring natural tones, wood accents, and overhead lighting. The room has a calm and airy atmosphere with a neatly made bed at the center.",Minimalist,Calm/Serene,Natural (Window),Bedroom,TRUE
tropical_340.jpg,Bohemian,"beige, blue, red","wood, cotton, metal","Natural light, warm and inviting.",Eclectic and vibrant.,"beds, bench, surfboard, pillows, ruffled throw blanket","Open floor plan with two beds, a bench in front of each bed, and a surfboard leaning against the wall as decor.",Brightly colored tropical beach-themed room.,Other,Energetic/Vibrant,Natural,Bedroom,TRUE
tropical_341.jpg,Modern Minimalist,"light blue, white, wood","wood, metal, fabric",natural soft light from large windows and skylight,calm and airy,"bed, desk with chair, bookshelf, whiteboard","open space with central seating area, including a bed between two walls","This modern minimalist room features a light blue color scheme with wood accents. The natural soft lighting from the windows and skylight creates a calm and airy atmosphere. The open layout is centered around a seating area featuring a comfortable bed, functional desk with chair, and bookshelf for storage or display of books. A whiteboard adds an element of creativity and organization to the space.",Minimalist,Calm/Serene,Natural (Window),Bedroom,TRUE
tropical_342.jpg,Modern Minimalist,"white, beige, light wood","wood, linen, metal",natural soft light from large windows,calm and airy,"large bed, floor lamp, coffee table, chair, potted plant",open space with central seating area under a canopy bed,"This is a modern minimalist designed space with a white and beige color palette, featuring wood furnishings and linen materials. The lighting in the room is soft and natural from large windows, creating a calm and airy mood. Key objects include a large bed under a canopy, a floor lamp for additional lighting, a coffee table, a chair, and a potted plant to add some greenery.",Minimalist,Calm/Serene,Natural (Window),Bedroom,TRUE
tropical_346.jpg,Modern Minimalist,"white, beige, light wood","wicker, linen, steel",natural soft light from large windows,calm and airy,"sofa, coffee table, floor lamp, chairs, throw pillows",open space with central seating area,"This modern living room features a minimalist design, with neutral tones and natural lighting creating a calm and airy atmosphere.",Minimalist,Calm/Serene,Natural (Window),Bedroom,TRUE
tropical_364.jpg,Modern Minimalist,"light blue, yellow, white","linen, wood, silk",sunlit room with large windows,bright and airy,"bed, nightstands, lamps, pillows, blanket",simple rectangular bedroom layout with open space around the bed,"This is a bright, airy modern minimalist bedroom designed to feel spacious and comfortable.",Minimalist,Bright/Airy,Mixed/Other,Bedroom,TRUE
tropical_373.jpg,Modern,"white, light gray, dark gray","fabric, wood, metal",A mix of natural light coming from the window and soft ambient light from ceiling fixtures.,"Clean, minimalist, and spacious with a touch of warmth provided by the bedding.","bed, nightstands, lamp, chair","A large room with a bed in the center, flanked by two nightstands and a chair at one end. There is also a window on one side of the room that allows for natural light.","This is a modern bedroom with a clean, minimalist design. The color palette is soft, featuring white and gray tones. The materials used are fabric, wood, and metal, giving it an elegant look. There's a large window that lets in plenty of natural light during the day, creating a spacious and airy atmosphere.",Modern,Warm/Cozy,Natural (Window),Bedroom,TRUE
tropical_407.jpg,Mid-Century Modern,"white, beige, light wood","wood paneling, wool carpet, leather upholstery","natural soft light from large windows with wooden blinds, and a recessed ceiling fan.",warm and welcoming,"king-size bed with footboard in center of room, two matching sofas flanking the fireplace, large area rug under coffee table, focal point fireplace between sofas, sisal carpet on floor","open space layout with central seating area around fireplace, and two symmetrical areas for bed and lounge.",This is a spacious and welcoming living room that combines mid-century modern design elements such as wood paneling and leather upholstery with a comfortable and inviting mood.,Modern,Warm/Cozy,Natural (Window),Bedroom,TRUE
tropical_41.jpg,Scandinavian,"blue, white, red","wood, linen, leather","bright and well-lit, with natural light streaming in from large windows.",calm and serene,"bed, bed, nightstand, lamp, pillow, rug","two beds arranged parallel to each other on a wooden floor, with one bed set between two nightstands.",This is a cozy and inviting space that combines Scandinavian minimalism with warm textiles for a soothing atmosphere.,Scandinavian,Calm/Serene,Natural (Window),Bedroom,TRUE
tropical_410.jpg,Scandinavian,"white, light blue, green","wood, linen, glass",natural soft light from large windows,calm and airy,"bed, nightstand, chest of drawers, window treatments, framed pictures",open space with central seating area,"This is a Scandinavian-style bedroom featuring light colors, natural materials, and a minimalist design. The room has a large window that allows for plenty of daylight, creating an airy feel. The layout is open with a central seating area composed of the bed, nightstand, and chest of drawers. The space is accessorized with simple, functional items such as a window treatment and framed pictures on the wall.",Scandinavian,Calm/Serene,Natural (Window),Bedroom,TRUE
tropical_428.jpg,Scandinavian,"white, blue, red","wood, leather, linen","bright and natural, with recessed lighting and floor lamps",calm and organized,"bed, dresser, desk, chair",open layout with bed at one end of the room and desk area near window,"This is a bright, open-concept bedroom featuring Scandinavian design elements. The color palette consists of white walls, blue accents, and red touches in the bedding. Materials used include wood for the furniture and leather for the headboard. Lighting is natural, with recessed lights in the ceiling and floor lamps providing additional illumination. The room has a calm and organized feel, with minimal clutter and carefully chosen decor items such as linens and cushions.",Scandinavian,Calm/Serene,Natural,Bedroom,TRUE
tropical_43.jpg,Coastal Contemporary,"warm beige, navy blue, bright white","stucco, teak wood, natural stone, glass",warm sunset light filtering through large windows and outdoor lighting around pool area,relaxed and inviting,"poolside lounge chairs, outdoor dining table and seating, large palm trees","open floor plan with a central kitchen, living room, and bedroom area that opens to the outdoors through sliding glass doors","This coastal contemporary home features an open floor plan with large windows, stucco walls, teak wood accents, a poolside lounge, and outdoor dining space. The color palette is warm with natural materials like stone and wood complementing the indoor furnishings.",Contemporary,Warm/Cozy,Mixed/Other,Bedroom,TRUE
tropical_441.jpg,Modern Minimalist,"white, navy blue, light wood","linen, metal, natural stone","bright and natural light from the windows, complemented by a few strategically placed floor lamps",airy and sophisticated,"sofa, coffee table, candleholder, plants, woven throw blanket","open concept with a central seating area, bordered by the kitchen to one side and a hallway leading to bedrooms on the other.",This modern minimalist living space features a monochromatic color scheme with white walls and light wood furniture complemented by navy accents. The open layout and bright natural light create an airy and sophisticated ambiance.,Minimalist,Modern/Sophisticated,Natural (Window),Bedroom,TRUE
tropical_446.jpg,Industrial Loft,"light grey, dark wood, white","concrete, steel, wood",bright and airy natural light from large windows,modern and serene,"king-size bed, accent chairs, wood coffee table, floor lamp",open space with central seating area and sliding glass doors leading to patio,"This is a modern, industrial loft designed for serenity and style. The space is characterized by its high ceiling, concrete flooring, and natural light that brightens the room through large windows. The bedroom features a king-size bed with an accent chair, creating a comfortable and stylish living area. Sliding glass doors lead to an outdoor patio where one can enjoy a peaceful view of the ocean.",Industrial,Calm/Serene,Natural (Window),Bedroom,TRUE
tropical_453.jpg,Scandinavian,"white, beige, blue","bamboo, cane, linen",natural soft light from large windows,calm and airy,"bed, wicker basket, plant, floor lamp",open space with central seating area,"The room features a bamboo bed in the center of an open space, surrounded by natural elements like woven furnishings and plants. The lighting is soft and diffused from large windows, creating a calm and airy atmosphere.",Scandinavian,Calm/Serene,Natural (Window),Bedroom,TRUE
tropical_460.jpg,Modern Minimalist,"beige, light wood, gray","wood, linen, glass",ambient lighting with accents from chandelier and floor lamps,calm and airy,"king size bed, bedside tables, sofa, coffee table, area rug",open space with central seating area leading to bedroom and living room,"This modern bedroom features a minimalist design, using neutral colors and natural materials. It has an open layout connecting the bedroom to the living area, creating a sense of spaciousness.",Minimalist,Calm/Serene,Pendant/Chandelier,Bedroom,TRUE
tropical_466.jpg,Modern Minimalist,"white, beige, light wood","leather, linen, glass",natural soft light from large windows,calm and airy,"sofa, coffee table, rug, floor lamp, plant",open space with central seating area,"The room is a modern minimalist bedroom featuring a leather bed, white walls and floors, and linen accents. The lighting is soft, coming in from the large windows. The space is warm and cozy.",Minimalist,Calm/Serene,Natural (Window),Bedroom,TRUE
tropical_467.jpg,Colonial Revival,"white, beige, natural wood","wood siding, wood ceiling, glass windows","Natural light from large windows and doors, supplemented by recessed ceiling lights.",Elegant and welcoming.,"front door, centered porch swing, surround sound system, antique chest","Central entrance hall with large stairwell, leading to upper floor bedrooms.","This colonial revival style home features a classic design with wood siding and ceilings, complemented by a light color palette. The natural light pours in through the windows and doors, creating an elegant and welcoming atmosphere.",Other,Luxurious/Elegant,Natural (Window),Bedroom,TRUE
tropical_471.jpg,Victorian,"white, dark blue, beige","wooden floors and walls, fabric canopy over bed, metal frame on bed","dim light, likely candlelit or low ambient light with soft glow",romantic and elegant,"four poster bed, nightstands with lamps, framed artwork","bed at center with two nightstands flanking it, creating a balanced space","The room has an elegant Victorian style with a four poster canopy bed, wooden floors and walls, a soft color palette of white and dark blue, framed artwork on the walls, and candlelit lighting that creates a romantic atmosphere.",Other,Luxurious/Elegant,Ambient/Soft,Bedroom,TRUE
tropical_474.jpg,Mid-Century Modern,"white, blue, wood accent","stucco, tile flooring, natural wood",bright and airy with natural light from large windows and skylights,welcoming and comfortable,"large window seat, mid-century modern sofa, wood coffee table, potted palm",open concept with a central living area flanked by bedrooms on either side,"The interior design of this house features a Mid-Century Modern style with bright and airy spaces, natural light from large windows and skylights, stucco walls, tile flooring, wooden accents, and a comfortable open concept layout.",Modern,Warm/Cozy,Natural (Window),Bedroom,TRUE
tropical_477.jpg,Mid-Century Modern,"white, blue gray, brown","wood paneling, linen, marble, steel",natural soft light from large windows and ceiling fan lights,warm and cozy with a touch of luxury,"sofa, coffee table, plant, floor lamp, chair, ottoman",spacious open layout with central seating area and windows on three sides providing ample natural light,"This bedroom combines mid-century modern style elements with plush furnishings to create a warm, cozy, and inviting space.",Modern,Warm/Cozy,Natural (Window),Bedroom,TRUE
tropical_496.jpg,Southern Coastal,"white, blue, beige","brick, wood paneling, wicker",natural light from windows and front door,welcoming and serene,"sofa on porch, coffee table in living room, plant near stairwell, framed artwork above fireplace","front entry leading to covered porch, open concept living space with kitchen area adjacent to dining, and upper level bedrooms accessed by stairs","Two-story house features a charming coastal style, with brick facade and wicker accents. The interior is designed for relaxation, with soft lighting and inviting furnishings.",Other,Calm/Serene,Natural (Window),Bedroom,TRUE
tropical_523.jpg,Modern Minimalist,"beige, dark wood, white","wood, fabric, metal",natural soft light from large windows and ceiling fans with lights,calm and airy,"bed, nightstands, coffee table, chairs, sofa",open space with central seating area and bed for a luxurious feel,This room combines modern minimalist design with natural materials to create a calming and elegant retreat.,Minimalist,Calm/Serene,Natural (Window),Bedroom,TRUE
tropical_529.jpg,Bohemian,"white, beige, teal","bamboo, silk, brass",warm and inviting with natural sunlight streaming through the large windows,vibrant and eclectic,"king-size canopy bed, large armchair, lamp, potted plant",open and spacious with high ceilings and a central seating area,"This is a luxurious bohemian living space, featuring a canopy bed at the center, comfortable seating areas, natural lighting, and tropical motifs.",Other,Energetic/Vibrant,Natural (Window),Bedroom,TRUE
tropical_532.jpg,Scandinavian,"white, light wood, blue","wood, linen, glass",natural light from large windows and a chandelier,calm and serene,"king-size bed, coffee table with stool seating, flat screen TV on the wall, floor lamp, framed artwork",an open space design with a raised platform bed and lounge area,"This serene bedroom features Scandinavian-inspired design, with a harmonious color palette of white, light wood, and blue. The room is well-lit from large windows and a chandelier, creating a calm and serene mood. The open layout allows for easy movement, while the raised platform bed adds a modern touch. The space is furnished with a king-size bed, coffee table with stool seating, flat screen TV on the wall, floor lamp, and framed artwork, making it both functional and stylish.",Scandinavian,Calm/Serene,Natural (Window),Bedroom,TRUE
tropical_534.jpg,Modern Minimalist,"light blue, white, teal","wooden bunk beds, white and light blue cushions, white walls, blue patterned wallpaper",natural soft light from large windows,bright and energetic,"wooden bunk beds with ladder, skateboard, roller blades, basketball hoop","space layout that includes two bunk beds with a window between them, a skateboard leaning against the wall, roller blades on the floor near a hoop for a basketball game","A modern, brightly lit bedroom designed for children, featuring blue walls and white cushions on wooden bunk beds. It includes fun outdoor sports equipment such as a skateboard, roller blades, and a basketball hoop.",Minimalist,Bright/Airy,Natural (Window),Bedroom,TRUE
tropical_538.jpg,Scandinavian,"dark green, light beige, natural wood","wood, bamboo, stone",ambient light from lanterns and recessed lighting,relaxed and serene,"wooden bench, pillows, lanterns, wicker table",open patio area surrounding the wooden structure,A tranquil retreat with a Scandinavian design featuring natural materials and calming colors.,Scandinavian,Calm/Serene,Recessed,Bedroom,TRUE
tropical_539.jpg,Modern Minimalist,"gray, white, light wood","wood, leather, glass",natural soft light from large windows and ceiling lights,calm and airy,"king-size bed, two nightstands with lamps, seating area with chairs, coffee table","open space with central seating area, king-size bed to one side, nightstands on either side of bed","Modern bedroom design that combines minimalism and luxury, with a focus on comfort and style.",Minimalist,Calm/Serene,Natural (Window),Bedroom,TRUE
tropical_550.jpg,Scandinavian,"natural wood, beige, white","bamboo, wool, leather",warm soft light with natural light accents,calm and cozy,"bed, seating area, plant, artwork",open space layout with central seating area,"This is a spacious bedroom with a Scandinavian design, featuring natural materials and soft lighting. It has a cozy yet airy feel, with warm tones that create a calm atmosphere.",Scandinavian,Calm/Serene,Natural,Bedroom,TRUE
tropical_553.jpg,Modern,"white, wood, gray","wood, fabric, metal","natural light from a large window, complemented by pendant lights",bright and spacious,"couch, coffee table, bookshelf, framed artwork, throw pillows",open floor plan with central sitting area,"This modern living room features a bright and airy design, with natural light from the large window. The space is decorated with wooden furniture and fabric accents, creating a warm yet sophisticated atmosphere.",Modern,Bright/Airy,Natural (Window),Bedroom,TRUE
tropical_557.jpg,Mid-Century Modern,"brown wood, blue, cream","wood paneling, linen upholstery, concrete walls",warm and inviting with ceiling fan providing natural light,cozy and relaxed,"king-size bed, two nightstands, seating area, large windows",open floor plan with central seating area around fireplace,"This modern bedroom features mid-century design elements such as wood paneling and a king-size bed. The room is bright and open, with linen upholstery that matches the blue color palette.",Modern,Warm/Cozy,Natural,Bedroom,TRUE
tropical_574.jpg,Classic,"dark brown, white, gold","wood, marble, brass",Natural sunlight from large windows.,Elegant and timeless.,"vintage dresser with mirror, wooden bathtub, large floral arrangement","A traditional bathroom layout with a separate shower and tub area, and a vanity sink.",Unknown,Other,Luxurious/Elegant,Natural (Window),Bedroom,TRUE
tropical_579.jpg,Mid-Century Modern,"beige, blue, white","wood, linen, acrylic",soft and warm light from recessed ceiling lights,cozy and inviting,"bed, chair, couch, side table, area rug","open floor plan with bedroom, sitting area, and dining area flowing together seamlessly.","This mid-century modern bedroom offers a cozy retreat with its beige walls, blue accents, wooden flooring, and warm lighting. A large window allows natural light to fill the space, creating an airy atmosphere. The room is furnished with a comfortable chair, a stylish couch, and a functional side table. An area rug ties the space together underfoot, while a mirrored wall adds depth and dimension. Overall, this bedroom is designed for relaxation and comfort.",Modern,Warm/Cozy,Recessed,Bedroom,TRUE
tropical_589.jpg,Scandinavian,"light wood, white, neutral gray","wood paneling, woven textiles, glass",natural soft light from large windows,calm and airy,"king-size bed, wooden bench at foot of bed, floor lamp, throw blanket with Union Jack design",spacious open layout with ample natural light,"This is a cozy and inviting space with a Scandinavian design style, featuring light wood accents and a calming atmosphere.",Scandinavian,Calm/Serene,Natural (Window),Other,TRUE
tropical_596.jpg,Modern Minimalist,"beige, light wood, blue","oak wood, linen, steel",natural soft light from large windows,calm and airy,"bed, nightstand, couch, chair","open space with central seating area, bed on far wall","A modern minimalist room featuring light wood furnishings, steel accents and linen textiles. The open floor plan creates a sense of spaciousness with the large windows offering natural light.",Minimalist,Calm/Serene,Natural (Window),Bedroom,TRUE
tropical_599.jpg,Industrial Loft,"white, concrete, natural wood","glass, metal, wood",naturally lit with large windows,modern and rustic,"freestanding bathtub, minimalist vanity unit, modern pendant lights, large planter with tropical plants",open concept with separation between bedroom/bathroom areas,"Industrial-style bathroom suite that combines modern and rustic elements, featuring a minimalist design with concrete counters and natural wood accents.",Industrial,Modern/Sophisticated,Natural (Window),Bedroom,TRUE
tropical_6.jpg,Scandinavian,"white, blue, beige","wood, linen, brass",natural soft light from large windows,calm and airy,"bed, nightstand, coffee table, armchair, bookshelf",open space with central seating area,Unknown,Scandinavian,Calm/Serene,Natural (Window),Bedroom,TRUE
tropical_60.jpg,Minimalist,"white, light gray","wood, linen, glass",natural light from large windows and recessed ceiling lights,calm and serene,"bed, sofa, coffee table, plant, floor lamp",open space with a central seating area,This is a well-designed modern bedroom that combines minimalist design principles with natural materials to create a calm and serene atmosphere.,Minimalist,Calm/Serene,Natural (Window),Bedroom,TRUE
tropical_608.jpg,Modern Minimalist,"white, beige, green accent","oak wood, linen, concrete, steel",natural soft light from large windows and ceiling fan,calm and airy,"king-size bed, nightstand, framed artwork on wall, floor lamp, chair","open space with central seating area, including a large king-size bed flanked by two nightstands.",A well-lit modern hotel room with minimalist design elements.,Minimalist,Calm/Serene,Natural (Window),Bedroom,TRUE
tropical_611.jpg,Modern,"neutral, white, light wood","wood, fabric, metal",ambient with accent lighting on artwork and wall sconces,comfortable and contemporary,"bed, nightstands, lamps, wall decorations",centered around a large bed in a cozy space,"This modern bedroom features neutral colors with wood accents, creating a comfortable and stylish environment. The design focuses on the large bed as the centerpiece, flanked by nightstands and lamps for functionality and ambiance.",Modern,Warm/Cozy,Ambient/Soft,Bedroom,TRUE
tropical_621.jpg,Modern Minimalist,"beige, wooden accents, white","oak wood, stucco walls, linen fabrics",natural soft light from large windows and ceiling fan,calm and airy,"swing bed, potted plants, wooden doors",open space with central sleeping area,"This is a modern minimalist style room with a calming atmosphere, featuring oak wood floors and stucco walls. The large windows allow natural light to fill the space, while the swing bed in the center offers a unique place to rest.",Minimalist,Calm/Serene,Natural (Window),Bedroom,TRUE
tropical_624.jpg,Scandinavian,"blue, white, wood","oak wood, linen, steel",natural soft light from large windows,calm and airy,"sofa, coffee table, plant, floor lamp, wood-framed bunk beds, two-toned striped cushions","open space with central seating area, bunk beds at top of stairwell","A bright and airy open plan living area with a Scandinavian design style featuring a blue color palette, oak wood and linen materials, natural lighting from the large windows, a calm mood set by the open space and minimalistic decor, with a center sofa and coffee table for seating. The space also includes bunk beds at the top of the stairwell with two-toned striped cushions.",Scandinavian,Calm/Serene,Natural (Window),Living Room,TRUE
tropical_628.jpg,Modern Minimalist,"white, gray, black, blue","wood, fabric, metal, glass",natural soft light from large windows,calm and airy,"bunk beds, white chair, bedside table, lamps, artwork","space is divided with a raised platform, featuring a bunk bed atop a desk area.","The room has a modern minimalist design with neutral colors and simple materials. The lighting comes in from the large windows on one side of the room, creating an airy atmosphere. The furniture includes a raised bunk bed platform, with a white chair and bedside table, accented by artwork and lamps. It has a calm and welcoming mood.",Minimalist,Calm/Serene,Natural (Window),Bedroom,TRUE
tropical_636.jpg,Modern,"blue, beige, white","wood, silk, leather",Bright natural light from a window,Clean and minimalist,"bed, nightstand, desk, chair, framed artwork","A simple bedroom layout with a large bed, nightstand, desk, and chair.",This is a modern bedroom with a monochromatic color scheme that feels clean and minimalist. The bright natural light adds to the spacious feel of the room.,Modern,Modern/Sophisticated,Natural (Window),Bedroom,TRUE
tropical_65.jpg,Modern Minimalist,"white, navy, light wood","wood, cotton, metal",sunny natural light from large windows and ceiling fan lights,bright and airy,"white sectional sofa, blue throw pillows, coffee table with wooden bowl centerpiece, metallic floor lamp, large abstract painting",spacious open layout with central seating area around a coffee table and blue accent pillow on the sofa,"This modern minimalist living room features an airy, bright design with natural light from large windows and ceiling fan lights. The color palette includes white, navy, and light wood, and materials include wood, cotton, and metal. Key pieces of furniture and decor include a sectional sofa, blue throw pillows, coffee table, floor lamp, and abstract painting.",Minimalist,Bright/Airy,Natural (Window),Bedroom,TRUE
tropical_653.jpg,Industrial Loft,"dark brown wood, navy blue, beige","wood, leather, metal",natural and soft light from the windows,modern yet cozy,"canopy bed, accent pillows, throw blanket, vase with flowers, wicker basket",space has a loft style with an open design featuring the canopy bed as the focal point,"This room features a four-poster canopy bed, dark wood furniture, leather accents and is decorated in warm tones of brown and beige. The space is bathed in soft natural light.",Industrial,Warm/Cozy,Natural (Window),Bedroom,TRUE
tropical_658.jpg,Modern Minimalist,"teal green, white, natural wood","oak wood, linen, concrete",natural soft light from large windows overlooking the ocean and mountains,calm and airy,"two-seater sofa with pillows, large coffee table with drinks, potted plant on floor, wicker basket near sofa, floor lamp",open space layout centered around ocean view with sliding glass doors,This modern minimalist living room is designed for relaxation and enjoying the natural beauty of the surrounding landscape.,Minimalist,Calm/Serene,Natural (Window),Bedroom,TRUE
tropical_664.jpg,Modern Minimalist,"neutral tones, natural wood accents","wood veneer, leather upholstery, bamboo flooring",recessed lighting with adjustable dimmers,calm and sophisticated,"sofa, coffee table, floor lamp, rugs, throw pillows","open space with no walls separating the living and dining areas, creating a seamless flow between the two spaces.","This open-concept modern home features a minimalist design with neutral colors, natural materials, and adjustable lighting. The spacious living area includes a plush sofa for relaxation, while the adjacent dining space showcases an elegant coffee table. A floor lamp adds warmth to the room, complemented by bamboo flooring that extends throughout the home. The space's open concept and carefully chosen furnishings create a serene yet stylish environment.",Minimalist,Calm/Serene,Recessed,Bedroom,TRUE
tropical_666.jpg,Scandinavian,"blue, white, red","wood, fabric, linen",natural soft light from large windows,calm and airy,"sofa, coffee table, plant, floor lamp, chair, couch, throw pillows, rugs",open space with central seating area,"This living room is designed in a Scandinavian style, featuring a calming blue color palette on the walls and furniture. The space has ample natural light from large windows that create a serene atmosphere. The room includes a comfortable sofa, a cozy coffee table, a plant for added greenery, and various throw pillows and rugs to add texture and warmth.",Scandinavian,Calm/Serene,Natural (Window),Bedroom,TRUE
tropical_667.jpg,Modern Minimalist,"white, red, dark wood","concrete, natural stone, stainless steel","soft and ambient, with natural light from large windows",calm and serene,"sofa, coffee table, floor lamp, modern artwork, large potted plant","open space with central seating area, surrounded by natural greenery","This modern minimalist living room features a clean and uncluttered design with a mix of neutral and bold colors. The space is anchored by a large sofa and a concrete coffee table, surrounded by natural stone walls and floors. A stainless steel floor lamp adds a touch of elegance, while the red accent pillows add warmth to the room. Large windows invite an abundance of natural light, creating a calm and serene atmosphere.",Minimalist,Calm/Serene,Natural (Window),Bedroom,TRUE
tropical_669.jpg,Modern Minimalist,"white, beige, light wood","oak wood, linen, steel",natural soft light from large windows,calm and airy,"king-size bed, sofa, coffee table, floor lamp, rug",open space with central seating area surrounded by large windows,"This room offers a serene and comfortable atmosphere, with a modern minimalist design that features clean lines, oak wood accents, and light linens. The color palette is soft and neutral, contributing to the overall calm mood of the space.",Minimalist,Calm/Serene,Natural (Window),Living Room,TRUE
tropical_678.jpg,Modern Minimalist,"white, beige, light wood","oak wood, linen, steel","natural soft light from large windows, supplemented by recessed ceiling lights",calm and airy,"king-size bed with linens and pillows, white sofa, coffee table, flat-screen TV mounted on wall, area rug on hardwood floor","open space with central seating area, enclosed by white walls and large windows","This modern, minimalist bedroom features a neutral color palette with oak wood accents, and is filled with natural light. The room includes a king-size bed, white sofa, coffee table, flat-screen TV, and area rug on a hardwood floor.",Minimalist,Calm/Serene,Natural (Window),Bedroom,TRUE
tropical_683.jpg,Modern Minimalist,"light neutral tones, teal accent","wood, metal, fabric",natural soft light from large windows and skylights,calm and airy,"sofa set with colorful pillows, round wood coffee table, hanging chairs, outdoor seating area","open space with central seating area, outdoor extension of living room","This living room design is modern and minimalist, with a calming atmosphere and a mix of neutral tones. The furniture includes comfortable sofas and chairs, complemented by wood elements and colorful accents in teal.",Minimalist,Calm/Serene,Natural (Window),Bedroom,TRUE
tropical_704.jpg,Florida Keys Beach Home,"white, wood beige, blue accent","stucco walls, tile flooring, wooden shutters","Bright and natural, with large windows for sea views","Casual, tropical beach vibe","poolside chaise lounge, palapa-style roofed pergola, blue and white striped pillow",A single story house with open kitchen and living area flowing to the backyard pool and patio.,"This two-bedroom house is designed for a Florida Keys beach vibe, with white walls, wooden shutters, and stucco exterior. The interior showcases bright natural light from large windows, a casual tropical feel, and an open floor plan that flows seamlessly to the outdoor patio and pool area.",Other,Other,Natural (Window),Bedroom,TRUE
tropical_713.jpg,Scandinavian,"light gray, white, black","wood, fabric, plastic",bright and natural from the large windows,calm and serene,"bed, bench, plant, table",open space with a central bedroom area,This is a modern Scandinavian style room that combines simple and natural materials with light colors to create a peaceful and relaxing atmosphere.,Scandinavian,Calm/Serene,Natural (Window),Bedroom,TRUE
tropical_725.jpg,Modern Minimalist,"white, light blue","wood, linen, steel",natural soft light from large windows,calm and airy,"bed, nightstand, sofa, coffee table, plant",open space with central seating area around bed,"A bright and modern bedroom featuring a large bed, wooden flooring, minimalist decor, and natural light.",Minimalist,Calm/Serene,Natural (Window),Bedroom,TRUE
tropical_731.jpg,Modern Minimalist,"white, black, gray","steel frame, white linen, wood paneling",Natural soft light from large windows,Clean and serene,"bed with canopy frame, two matching nightstands, woven area rug",Spacious bedroom with open concept design leading to living room,"A modern minimalist bedroom with a clean, white color palette and steel frame canopy bed. Large windows allow for natural lighting, creating a serene atmosphere.",Minimalist,Calm/Serene,Natural (Window),Bedroom,TRUE
tropical_742.jpg,Scandinavian,"white, red and green floral patterns, neutral tones","silk fabrics, wood accents, velvet pillows","sunlit, creating a bright and welcoming atmosphere",calm and serene,"sofa with throw pillow, patterned window curtains, floral print wallpaper, potted plant on windowsill","well-lit corner of a room, with seating area facing outside for viewing","A cozy, inviting corner of a home decorated in Scandinavian style, featuring floral prints and neutral tones, with a focus on light, comfort and a connection to nature.",Scandinavian,Calm/Serene,Bright,Bedroom,TRUE
tropical_769.jpg,Modern Minimalist,"white, beige, dark blue","wood, fabric, leather",natural light from large windows creating a bright and airy atmosphere,calm and serene,"bed with neutral-colored linens, modern wall art, sleek floor lamp, luxurious throw blanket","spacious bedroom layout with a large bed as the central focus, flanked by decorative elements and furnishings","This is a modern bedroom with minimalistic design, characterized by neutral colors and a clean, uncluttered space.",Minimalist,Calm/Serene,Natural (Window),Bedroom,TRUE
tropical_782.jpg,Scandinavian,"light blue, white, wooden accents","wood, fabric, glass","natural light from large windows, soft and inviting",calm and serene,"daybed with cushions, shelving unit filled with books, small plant on windowsill, floor lamp",open space with bedroom area and reading nook,"This is a bright and airy bedroom featuring a large window, a cozy daybed, and wooden accents that evoke a Scandinavian style. The room's natural lighting contributes to the peaceful atmosphere.",Scandinavian,Calm/Serene,Natural (Window),Bedroom,TRUE
tropical_789.jpg,Scandinavian,"green, white, cream","wood, fabric, metal",bright and soft natural light from windows and ceiling fan,"light, airy, and inviting","wooden sofa, armchair, dresser, coffee table, ruffled bedding, patterned wallpaper",open floor plan with central seating area under decorative curtains and ceiling fan,"A cozy, well-lit Scandinavian bedroom with a green accent color, natural materials, and a comfortable layout.",Scandinavian,Warm/Cozy,Natural (Window),Bedroom,TRUE
tropical_825.jpg,Modern Minimalist,"white, red, orange","wood, cloth, steel",natural soft light from large windows,bright and energetic,"bed, dresser, nightstand, wall mirror, lamp",open space with central seating area,"This is a modern bedroom featuring minimalistic decor, with a color palette that includes white, red and orange. The room is furnished with wood and steel materials, and the lighting comes primarily from large windows. The overall mood of the room is bright and energetic. Key pieces include a bed, dresser, nightstand, wall mirror, and lamp.",Minimalist,Bright/Airy,Natural (Window),Bedroom,TRUE
tropical_828.jpg,Scandinavian,"blue, white, red","wood, linen, silk",soft and warm ambient lighting with a few strategically placed floor lamps,cozy and inviting,"bed, nightstands, lamp, pillows, blanket, area rug",a large bed in the center of a room with two nightstands on either side,"This image showcases a Scandinavian style interior design, featuring a warm and inviting color palette with wood and linen elements. The soft ambient lighting creates a cozy mood, while the large bed and strategically placed floor lamps provide illumination. A few main objects such as the bed, nightstands, lamp, pillows, blanket, and area rug contribute to the overall layout of the space.",Scandinavian,Warm/Cozy,Ambient/Soft,Bedroom,TRUE
tropical_839.jpg,Modern,"white, beige, wood","wood, fabric, glass",natural light from large windows and ceiling fans,bright and spacious,"couches, coffee table, bed, dining table, bar stools","open floor plan with kitchen, dining, living, and bedroom spaces","This modern interior design creates a bright and open space, featuring white and light wood tones with natural materials such as wood and fabric. The large windows allow for ample natural light and the ceiling fans provide additional airflow.",Modern,Bright/Airy,Natural (Window),Bedroom,TRUE
tropical_867.jpg,Coastal,"teal, sandy beige, turquoise","wicker, wood, rattan, cane",Natural light from open windows and ceiling fan lights,Relaxed and tropical,"day bed with throw pillows, bamboo chairs, potted plants, wicker storage boxes","Open living area, separate dining area, and a screened-in porch",A coastal home with an open floor plan that brings in the outdoor sunlight and sea breezes.,Other,Other,Natural (Window),Bedroom,TRUE
tropical_875.jpg,Scandinavian,"white, beige, light wood","wood, linen, brass",natural soft light from large windows and a chandelier,calm and airy,"bed, dresser, chest of drawers, plant, lamp",traditional with furniture against the walls and center of the room open for flow,"The bedroom is a well-lit, cozy space with traditional furnishings that create a serene atmosphere.",Scandinavian,Calm/Serene,Natural (Window),Bedroom,TRUE
tropical_876.jpg,Modern Minimalist,neutral palette of greys and whites,"wood for flooring and furniture, fabric for upholstery",bright with natural light from a large window,"clean, serene and spacious","couch, pillows on the couch, coffee table with decorative objects, potted plant, wall art",open layout with a central seating area,"This is a modern minimalist living room. It features a neutral color palette and a blend of wood materials for warmth. The large window allows for bright natural light to fill the space. There are multiple seating options and decorative objects, creating a spacious and serene atmosphere.",Minimalist,Calm/Serene,Natural (Window),Bedroom,TRUE
tropical_880.jpg,Coral Gables Style,"white, beige, turquoise","wood, porcelain, coral stone","natural light from large windows, complemented by warm LED lighting in ceiling",elegant and serene,"white sofa, wicker coffee table, floor lamp, turquoise accent pillows",formal living room with open concept to adjacent family room,"This interior design showcases a classic Coral Gables style, featuring light-colored materials and an elegant color palette. The living room is well lit by natural sunlight and warm ceiling lights, creating a serene and inviting atmosphere.",Other,Calm/Serene,Natural (Window),Bedroom,TRUE
tropical_883.jpg,Modern,"white, black, orange","concrete, steel, wood",natural light from large windows with sliding doors that lead to a patio,calm and serene,"couches, coffee table, plant, floor lamp, pillows",open space with central seating area surrounded by sliding doors leading to an outdoor patio,"This modern living room features a color palette of white, black, and orange, with concrete flooring and steel accents. The room is designed for relaxation, featuring multiple seating options, including couches, and soft lighting that complements the natural light coming through the large windows.",Modern,Calm/Serene,Natural (Window),Bedroom,TRUE
tropical_904.jpg,Modern Tropical,"green, purple, red","concrete, wood, metal",natural light with some shade from palm trees,vibrant and refreshing,"palm tree, cactus, poolside chairs, outdoor table",a circular lawn with landscaped beds and paths leading to a pool area,"This image depicts an outdoor space designed in a modern tropical style, featuring a vibrant color palette of green, purple, and red. The space is characterized by the use of concrete, wood, and metal materials, with natural lighting enhanced by the presence of palm trees. The overall mood is lively and refreshing, with objects like a palm tree, cactus, poolside chairs, and an outdoor table arranged in a circular lawn layout that leads to a pool area.",Modern,Energetic/Vibrant,Natural,Garden/Outdoor,TRUE
tropical_907.jpg,Scandinavian,"white, beige, navy blue","wood, linen, glass",natural soft light from large windows,warm and cozy,"sofa, coffee table, plant, floor lamp, sea-themed artwork","an open space with a central seating area, flanked by bunk beds on either side.",Unknown,Scandinavian,Warm/Cozy,Natural (Window),Living Room,TRUE
tropical_91.jpg,Modern Minimalist,"beige, light wood, white","wood, linen, metal",natural soft light from large windows,calm and airy,"king-size bed, bedside table, lamp, sofa, area rug",a spacious bedroom with a center seating area created by the sofa and bed.,"This is a luxurious and modern bedroom design, featuring a king-size wooden bed with an intricate headboard, a wooden dresser for storage, a plush sofa in a neutral tone, and large windows that provide ample natural light. The room has a calm and airy feel, highlighted by the use of beige tones and minimalist decor elements.",Minimalist,Calm/Serene,Natural (Window),Bedroom,TRUE
tropical_910.jpg,Modern Minimalist,"off-white, light wood, grey","stucco exterior, wooden ceiling beams, tiles on roof",natural soft light from large windows and exterior lights,bright and energetic,"large sectional sofa, flatscreen TV, dining table, chandelier, fountain",open space with central seating area,"This two-story home features a Modern Minimalist design with off-white stucco exterior, light wood accents, and large windows for ample natural light. The open interior layout includes a spacious living room with a sectional sofa and flatscreen TV, adjacent to an outdoor dining area with a table and chandelier. A central walkway leads to the second floor, which has bedrooms that appear to be inviting and private.",Minimalist,Bright/Airy,Natural (Window),Bedroom,TRUE
tropical_915.jpg,Modern,"white, wood, grey","brick, wood, glass",natural light and artificial lights,comfortable and welcoming,"large white sofa, wooden coffee table, modern lamp, abstract art on the wall, floor plant","open floor plan with a central living area, flanked by bedrooms on either side.","This modern home features an open floor plan with a bright and airy feel, thanks to large windows and glass doors. The interior is warmly lit with both natural light and artificial lights, creating a comfortable and welcoming atmosphere.",Modern,Warm/Cozy,Natural,Bedroom,TRUE
tropical_924.jpg,Modern,"white, blue, gray","wood, linen, metal",soft natural light from the large window above the bed and wall sconces providing additional lighting,calm and inviting,"bed with floral comforter, two framed pictures on the wall, lamp shade over the bedside table lamp, wooden nightstand beside the bed, small plant in a corner of the room","bedroom with a large window providing ample natural light, creating an open and airy atmosphere.","This is a well-designed modern bedroom featuring a clean color palette, contemporary furniture, and a balance between comfort and style.",Modern,Calm/Serene,Natural (Window),Bedroom,TRUE
tropical_925.jpg,Modern Minimalist,"white, red, gray","wood, fabric, metal",natural soft light from large windows and ceiling fans with lights,calm and airy,"bed, nightstands, lamp, pillows",open space with central bed area,"This room is a modern minimalist design with a focus on clean lines and uncluttered spaces. The color palette is simple, featuring white as the primary hue, with accents of red and gray. Materials include wood for the flooring and furniture, fabric for soft touches like bedding and curtains, and metal for fixtures such as the ceiling fan lights. Lighting comes from natural sources like windows, and supplemental lighting from a ceiling fan with integrated LED bulbs. The room has a calm and airy mood, enhanced by the use of large windows that let in plenty of light. Key objects include a bed with wooden bed frames and nightstands on either side for storage or decorative items like books or candles.",Minimalist,Calm/Serene,Natural (Window),Bedroom,TRUE
tropical_931.jpg,Tropical Luxury,"beige, green, blue","wood, silk, glass","soft, warm lighting from lanterns and candles",relaxed and exotic,"day bed with pillows and blankets, decorative palapa roof, lounge chair, framed artwork","outdoor courtyard with open sides, day bed as central focus","This luxurious tropical room features a comfortable day bed under a thatched roof, surrounded by lush greenery. Soft lighting and natural materials create an inviting and relaxed atmosphere.",Garden/Tropical,Other,Ambient/Soft,Bedroom,TRUE
tropical_935.jpg,Moroccan,"white, blue, orange","wood, rattan, brass",warm ambient light from lanterns,vibrant and exotic,"sofa, coffee table, potted plant, lantern, framed artwork",rectangular seating arrangement with cushions and pillows,"This is a vibrant Moroccan-inspired living room, featuring bright colors, traditional furniture designs, and warm lighting.",Traditional/Vintage,Energetic/Vibrant,Ambient/Soft,Bedroom,TRUE
tropical_936.jpg,Modern,"turquoise blue, gold accent, white","canvas print wallpaper, wooden headboard",natural light from window,bright and cheerful,"bed, nightstand, lamp, pillows",two twin beds with nightstands between them,"This bedroom has a modern design with turquoise blue walls, gold accent pattern on the wallpaper and wooden headboard. The room is well lit by natural light from a window. It's filled with bright colors and cheerful vibes.",Modern,Bright/Airy,Natural (Window),Bedroom,TRUE
tropical_937.jpg,Modern Minimalist,"white, orange, yellow","natural wood, canvas, rattan","modern, clean lines and simple fixtures",bright and cheerful,"modern sofa, minimalist coffee table, abstract artwork, large plant",open space with a mix of low and high furniture,"This is an image of a modern minimalist bedroom featuring bright colors, simple lines, and natural materials.",Minimalist,Bright/Airy,Mixed/Other,Bedroom,TRUE
tropical_938.jpg,Moroccan,"blue, white, gold","wood, silk, wicker",natural light from a window,exotic and luxurious,"bed with canopy, seating area with rug, potted plant, hanging lanterns",space divided into sections by partitions,This is a luxurious bedroom that combines traditional Moroccan design elements with modern comfort.,Traditional/Vintage,Luxurious/Elegant,Natural (Window),Bedroom,TRUE
tropical_95.jpg,Contemporary Chalet,"light wood, gray, white","wood panels on walls and ceiling, cotton bedding, velvet sofa","Natural light coming from windows, supplemented by chandeliers",Warm and inviting,"king size bed, wooden armoire, floral accent pillows, area rug",Spacious room with centered seating area in front of large windows,"A cozy, well-lit living space designed to feel like a ski lodge, featuring natural wood elements and warm neutral tones.",Contemporary,Warm/Cozy,Natural (Window),Bedroom,TRUE
tropical_951.jpg,Modern Minimalist,"brown, beige, white","bamboo, leather, silk","soft, warm light from floor lamps and ambient windows",calm and serene,"bed, nightstand, chair, potted plant",modular with a central bed and flanked by chairs and nightstands,"This is an interior design image featuring a modern minimalist style with natural materials, soft lighting, and a calm mood.",Minimalist,Calm/Serene,Ambient/Soft,Bedroom,TRUE
tropical_954.jpg,Modern Minimalist,"white, blue, teal","wood, linen, metal",well-lit room with natural light from windows and ceiling fan,calm and peaceful,"two beds, coffee table, rugs, lamps",open concept bedroom with sitting area,"The room is a modern, minimalist design featuring two beds, a coffee table and rugs to create a comfortable and cozy atmosphere.",Minimalist,Calm/Serene,Natural (Window),Bedroom,TRUE
tropical_96.jpg,Scandinavian,"white, beige, light wood, green accent","wood, linen, metal, plastic",natural soft light from large windows,calm and airy,"sofa, coffee table, plant, floor lamp, pillows",open space with central seating area,"This living room features a Scandinavian design, characterized by light wooden tones and natural materials. The furniture is arranged to create an open, airy feel.",Scandinavian,Calm/Serene,Natural (Window),Bedroom,TRUE
tropical_98.jpg,Modern Minimalist,"beige, white, light wood","linen, wool, steel","natural soft light from large windows, enhanced by floor lamps and table lamps",calm and airy,"bed, sofa, coffee table, lamp, plant",open space with central seating area,"This bedroom is designed in a modern minimalist style, featuring soft neutral colors and natural materials. The room is filled with light from large windows and floor lamps, creating an airy and serene atmosphere.",Minimalist,Calm/Serene,Natural (Window),Bedroom,TRUE
victorian_101.jpg,Contemporary Colonial,"light gray, dark brown, navy blue","wood, brick, vinyl siding",natural light with some artificial lighting highlighting architectural features,welcoming and comfortable,"front door, potted plant, porch swing, outdoor seating area","two-story home with central entrance hall leading to living room and dining area on the first floor, and bedrooms on the second floor","This two-story contemporary colonial house features a welcoming front porch with outdoor seating. The interior design includes light gray walls, dark brown wood flooring, and navy blue accents.",Contemporary,Warm/Cozy,Natural,Bedroom,TRUE
victorian_116.jpg,Mountain Lodge,"wooden brown, copper brown, forest green","stone, brick, wood","Soft, warm interior lighting from recessed lights and natural fireplace glow",Rustic and inviting,"sofa set with pillows, coffee table, area rug, floor lamp","Large, open living area leading to a smaller den space",This spacious mountain lodge features warm tones and natural materials that create a welcoming atmosphere.,Other,Warm/Cozy,Natural,Bedroom,TRUE
victorian_134.jpg,Modern,"white, baby pink, light blue","faux fur, cotton, wood",recessed lighting with soft glow,gentle and inviting,"dresser, baby clothes, stuffed bunny, pink ribbon",organized baby nursery with open shelves for easy access to essentials,"This is a beautifully designed modern nursery with a baby pink and light blue color scheme, featuring soft, inviting materials like faux fur and cotton. The recessed lighting creates a gentle glow throughout the space.",Modern,Warm/Cozy,Recessed,Bedroom,TRUE
victorian_14.jpg,Victorian,"light blue, white, gold","velvet upholstery, wood paneling, marble",Natural light from large windows and ceiling lights,Elegant and welcoming,"twin beds, comfortable sofa, armchair, area rug, decorative vase",Traditional with symmetrical furniture placement,"This is a traditional bedroom with elegant Victorian-style decor. The room features twin beds, upholstered in light blue velvet, complemented by matching armchairs and sofa. Wood paneling provides warmth to the space, while marble elements add an air of sophistication.",Other,Luxurious/Elegant,Natural (Window),Bedroom,TRUE
victorian_142.jpg,Victorian,"dark red, greenish yellow, navy blue","dark wood, velvet, leather","dim, moody with dark greenish light from small sconces and large oil lamps","dark, eerie, mysterious","large canopy bed in center of room, multiple shelves filled with books and knick-knacks, antique desk with oil lamp on top, heavy velvet curtains around bed, large ornate clock mounted on wall","bedroom has dark, overstuffed furnishings, creating a cozy, but potentially claustrophobic atmosphere with multiple levels of decoration and objects around the room.","This is a Victorian-style bedroom filled with rich, dark tones and ornate detailing. The space exudes a mysterious and slightly eerie vibe due to its dim lighting and overwhelming number of books and knick-knacks.",Other,Other,Ambient/Soft,Bedroom,TRUE
victorian_143.jpg,Modern Minimalist,"white, beige, light wood","oak wood, linen, glass",natural soft light from large windows,calm and airy,"bed, nightstand, lamp, book",two beds in a bedroom with a shared nightstand between them,"This room has a simple, clean design featuring light wood and linen accents, providing a serene atmosphere.",Minimalist,Calm/Serene,Natural (Window),Bedroom,TRUE
victorian_151.jpg,Victorian,"dark red brick, white trim, black shutters","brick, wood, glass","Natural light from windows, artificial lights in evenings",Elegant and stately,"front door with stained glass transom window, victorian-style bay window, front porch swing","Main floor has large front room, two bedrooms on second floor, third floor is attic space",This Victorian house has multiple windows allowing for natural light to flood the interior. The brick exterior and white trim give it a classic and elegant look.,Other,Luxurious/Elegant,Natural (Window),Bedroom,TRUE
victorian_153.jpg,Modern Minimalist,"white, beige, light wood, black","steel, glass, velvet, leather",natural soft light from large windows,calm and airy,"sofa, coffee table, plant, floor lamp, throw pillows, area rug, wall art",open space with central seating area,"A modern, minimalist living room featuring a neutral color palette with touches of black accents. Large windows allow natural light to brighten the space, creating a calm and airy atmosphere. The furniture arrangement is centered around a coffee table, creating a central seating area. Throw pillows and an area rug add warmth and comfort to the room, while wall art and a floor lamp provide accent points.",Minimalist,Calm/Serene,Natural (Window),Bedroom,TRUE
victorian_167.jpg,Scandinavian,"gray, pink, beige","wood, fabric, brass","soft and ambient, with a touch of natural light from the window",cozy and inviting,"bed, nightstand, lamp, storage ladder","a well-lit bedroom with a central focal point on the bed, flanked by storage space and nightstands","This is a cozy, Scandinavian-style bedroom with a comfortable pink bed as its centerpiece. The room features warm materials like wood and fabric, complemented by brass accents.",Scandinavian,Warm/Cozy,Natural (Window),Bedroom,TRUE
victorian_184.jpg,Modern Minimalist,"white, beige, light wood","fabric upholstery, wooden frame, silk curtains",warm and soft natural light from chandelier,elegant and sophisticated,"sofa, two-tiered center table, floor lamp, vase of flowers","open space with central seating area, flanked by two side tables","This is a luxurious master bedroom designed in a modern minimalist style. The color palette consists of white, beige and light wood tones, which creates an elegant and sophisticated mood. The room features a wooden frame canopy bed with fabric upholstery, silk curtains, and a two-tiered center table that matches the bed's design. There are side tables on both sides of the bed for convenience, and a floor lamp provides soft lighting. A vase of flowers adds a touch of nature to the space.",Minimalist,Modern/Sophisticated,Natural,Bedroom,TRUE
victorian_206.jpg,Victorian,"blue and white wallpaper, wooden furniture, red accents","silk upholstery, velvet drapery, brass fixtures","low ceiling, candlelit ambiance with gas lamps",opulent and luxurious,"antique wooden bed frame, ornate chest at end of room, brass lamp, large framed painting","single room, with bed as focal point in center, flanked by wall art and antique furniture on either side.","This Victorian-style bedroom is a testament to the extravagance of the era, boasting ornate wooden furniture, blue and white wallpaper, red accents, brass fixtures, silk upholstery, velvet drapery, antique lamp, gas lighting, an ornate chest at end of room, large framed painting, and a bed as the centerpiece.",Other,Luxurious/Elegant,Mixed/Other,Bedroom,TRUE
victorian_213.jpg,Industrial Loft,"white, black, red","brick, metal, wood",natural light from large windows and vaulted ceiling,modern and edgy,"large floor lamp, black leather sofa, red accent chair, industrial style side tables",open space with central seating area and a loft-style bedroom above,"Industrial style loft in the city, featuring white brick walls, black leather furniture, red accents, and large windows that let in natural light.",Industrial,Modern/Sophisticated,Natural (Window),Bedroom,TRUE
victorian_224.jpg,Modern Minimalist,"beige, white, light brown","vinyl siding, fiberglass front door, composite decking",natural light from large windows,bright and airy,"patio furniture, ornamental garden fence, landscaping beds",open space with central seating area,"This modern house design features a neutral color palette and minimalist style, with large windows that allow natural light to flood the interior. The exterior is clad in vinyl siding, complemented by a fiberglass front door. The landscaping includes neatly maintained beds and an ornamental garden fence.",Minimalist,Bright/Airy,Natural (Window),Living Room,TRUE
victorian_231.jpg,Victorian,"grayish blue, dark green, white","wood, metal, glass",Ample natural light from multiple windows and skylight,"Elegant, warm, and inviting","vintage sofa, ornate side tables, victorian-style chandelier, potted plants",Ground floor serves as a living area with separate sitting room; second floor is bedrooms.,"This Victorian house showcases detailed architectural elements and rich, warm colors. The spacious layout and abundant natural light contribute to an elegant and inviting atmosphere.",Other,Warm/Cozy,Natural (Window),Bedroom,TRUE
victorian_253.jpg,Modern Minimalist,"beige, light wood, dark grey","wood, leather, metal",soft and ambient light from recessed ceiling fixtures,warm and inviting,"sofa, coffee table, floor lamp, abstract artwork, decorative pillows","open space with sectional sofa facing fireplace, flanked by tables on both sides",A modern and minimalist living room that exudes warmth with its beige color palette and wood accents.,Minimalist,Warm/Cozy,Recessed,Bedroom,TRUE
victorian_260.jpg,Modern Minimalist,"dark teal, off white, gray","wood, linen, metal",ambient natural light from large window,cozy and inviting,"bed, nightstands, throw pillow, framed artwork","clean lines, symmetrical furniture arrangement","This is a stylish modern bedroom with minimalist design elements, featuring a dark teal accent color against off white and gray backgrounds. The room has wood paneling and metal accents, creating an inviting space for relaxation.",Minimalist,Warm/Cozy,Natural (Window),Bedroom,TRUE
victorian_301.jpg,Traditional,"white, golden brown, off white","silk, velvet, wood",Elegant chandelier in center of room with wall sconces on either side,Luxurious and Elegant,"king size bed, large canopy bed, two nightstands, lounge chair",Large master bedroom with a sitting area.,"This is a Traditional style interior featuring luxurious materials such as silk and velvet. The color palette consists of white, golden brown, and off white, creating an elegant atmosphere. The room is illuminated by an elegant chandelier in the center with wall sconces on either side providing additional lighting. The layout includes a large king size bed, a canopy bed, two nightstands, and a lounge chair for relaxation.",Traditional/Vintage,Luxurious/Elegant,Pendant/Chandelier,Bedroom,TRUE
victorian_320.jpg,Bedroom,"blue, white, gray","wood, fabric, metal",Natural light from large windows,Luxurious and serene,"bed, nightstands, chair, dresser",Large bedroom with sitting area facing the water view,"This is a luxurious bedroom featuring a king-size bed, nightstands on either side, a comfortable chair, and a dresser, all arranged around a central sitting area with large windows offering a stunning water view.",Other,Calm/Serene,Natural (Window),Bedroom,TRUE
victorian_324.jpg,Mid-Century Modern,"gold, blue, white","wooden floors, velvet drapery, brass fixtures",layered lighting with chandeliers and wall sconces,grand and luxurious,"large ornate mirror above bed, gold and white chandelier, velvet chaise lounge","formal layout with a large bed at center, flanked by seating areas","A grand master bedroom with mid-century modern design elements, rich gold accents, and luxurious materials.",Modern,Luxurious/Elegant,Pendant/Chandelier,Bedroom,TRUE
victorian_328.jpg,Modern Minimalist,"light blue, white, beige","wood, velvet, glass",natural soft light from large windows,calm and airy,"sofa, coffee table, plant, floor lamp, throw pillows, books",open space with central seating area,"This living room features a modern minimalist design with a focus on light blue, white, and beige colors. Natural wood elements complement the velvet upholstery, while glass surfaces reflect the soft lighting from large windows that provide a view of trees outside.",Minimalist,Calm/Serene,Natural (Window),Bedroom,TRUE
victorian_330.jpg,Scandinavian,"beige, light wood, white","linen, wood, glass",bright natural light from large windows,calm and airy,"bed, nightstand, pillows, area rug, wreath",open space with central bed placement,"This is a bright, calming bedroom with a Scandinavian style design. The space features wooden walls and flooring, linen textiles, and natural lighting that brings a sense of openness and tranquility.",Scandinavian,Calm/Serene,Natural (Window),Bedroom,TRUE
victorian_340.jpg,Modern,"gray, black, white","leather, wood, metal",recessed ceiling lights and floor lamps,"modern, clean, and luxurious","sofa with patterned throw pillows, modern-style coffee table, floor lamp, large potted plant",modular sofa and sectional seating around central area,"This modern bedroom features a large bed as the centerpiece, flanked by patterned pillows and a chaise lounge for additional seating. The room is decorated in a monochromatic color scheme with grays, blacks, and whites, accented by touches of metallic hardware. Recessed ceiling lights provide ambient lighting, while floor lamps add a cozy ambiance to the space.",Modern,Modern/Sophisticated,Recessed,Bedroom,TRUE
victorian_344.jpg,Modern Minimalist,"gray, white, blue","leather, silk, glass",soft and ambient with natural light,sophisticated and serene,"bed, table, chair, lamp","open floor plan, centered on the bed","A luxurious bedroom designed in a modern minimalist style with gray and white colors, leather and silk textiles, and soft ambient lighting creating a serene atmosphere.",Minimalist,Calm/Serene,Natural,Bedroom,TRUE
victorian_355.jpg,Modern Minimalist,"white, beige, light wood","tile, porcelain, stainless steel",bright and natural light from ceiling fixture,clean and crisp,"pedestal sink, towel rack, wooden cat bed",space arranged with sink on wall opposite toilet,"A modern bathroom with minimalist design featuring a white color scheme, tile walls and floor, stainless steel fixtures, and natural lighting.",Minimalist,Modern/Sophisticated,Natural,Bedroom,TRUE
victorian_391.jpg,Modern Minimalist,"blue gray, white, wood tones","gray shingles, stone foundation, metal railing",well-lit with natural light from large windows and skylights,modern yet warm and inviting,"white sofa, black coffee table, indoor plants, outdoor seating","open floor plan with central living room area, flanked by bedrooms on both sides","This two-story house features a modern design with clean lines and minimalistic decor, while maintaining a warm atmosphere through the use of natural light and wood tones.",Minimalist,Warm/Cozy,Natural (Window),Bedroom,TRUE
victorian_409.jpg,Vintage,"brown, gold, white","wood, silk, velvet",Luxurious with chandeliers and sconces,Elegant and opulent,"leather armchair, ornate coffee table, silk throw pillows, antique mirror",Formal seating arrangement with central focus on fireplace,"This is a grand living room designed in the vintage style. It features an opulent color palette, rich materials, and luxurious lighting.",Traditional/Vintage,Luxurious/Elegant,Pendant/Chandelier,Bedroom,TRUE
victorian_42.jpg,Modern Minimalist,"white, blue","wood, fabric",natural soft light from large windows,calm and cozy,"bed, nightstand, frame, mirror",large open space with a central bed area,"This modern minimalist room features muted tones, primarily white and blue, along with wood and fabric materials. The soft lighting from large windows creates a calm and cozy atmosphere, while the large open space is accentuated by a central bed area framed by nightstands and mirrored walls.",Minimalist,Calm/Serene,Natural (Window),Bedroom,TRUE
victorian_432.jpg,Scandinavian,"white, light wood, blue","wood, linen, glass",natural soft light from large windows,calm and cozy,"bed, sofa, coffee table, bookshelf, rug, framed picture",open space with central seating area,"This is a serene Scandinavian-style bedroom featuring white walls, light wood furniture, and a blue accent color. The room has large windows allowing natural light to fill the space, creating a calm and cozy atmosphere. Key pieces in the room include a comfortable sofa for sitting or sleeping, a coffee table for placing drinks or books, and a bookshelf filled with various items. There's also a rug on the floor for added warmth and texture.",Scandinavian,Calm/Serene,Natural (Window),Bedroom,TRUE
victorian_481.jpg,Belle Epoque,"beige, floral prints, gold tones","silk fabric, velvet upholstery, hardwood floors",luxurious chandelier hanging from high ceiling with white walls reflecting light,elegant and opulent,"four-poster canopy bed, ornate floral wallpaper, silk drapery at windows",formal bedroom suite with sitting area,"An ornately designed bedroom suite, featuring high ceilings and a luxurious chandelier, with elegant floral prints and gold tones creating an opulent atmosphere.",Other,Luxurious/Elegant,Pendant/Chandelier,Bedroom,TRUE
victorian_485.jpg,Colonial,"brick red, white, light gray","brick, stone, wood",Natural light from large windows and skylights,Elegant and stately,"front door with arched window, large front window above entryway, stone chimney, ornate wooden doors, wooden shutters on side windows","Front entrance with welcoming porch, formal living room to left, dining room adjacent to kitchen at back of home. Guest bedroom above garage.","A large two-story house with a classic brick facade and multiple rooflines, offering a spacious yet elegant interior.",Other,Luxurious/Elegant,Natural (Window),Bedroom,TRUE
victorian_487.jpg,Scandinavian,"blue, white, beige","wood, fabric",natural soft light from large windows,warm and cozy,"sofa, coffee table, plant, floor lamp, dollhouse",open space with central seating area,"This bedroom features a Scandinavian style design with a light blue, white and beige color palette. Materials include wood and fabric that create a warm and cozy atmosphere. Large windows allow natural soft light to enter the room. The layout includes an open space design with central seating area.",Scandinavian,Warm/Cozy,Natural (Window),Bedroom,TRUE
victorian_5.jpg,Victorian,"black, dark brown, white","wood, brass, fabric","dim, with chandelier providing primary light source",opulent and luxurious,"canopy bed, crystal chandelier, ornate mirror, vintage desk",central canopy bed flanked by two nightstands with lamps on either side,"A luxurious Victorian-style bedroom featuring a canopy bed, intricate wallpaper, a crystal chandelier, and ornate furnishings.",Other,Luxurious/Elegant,Pendant/Chandelier,Bedroom,TRUE
victorian_507.jpg,Victorian,"blue, white, gold","silk, wood, velvet","chandelier and ceiling lights provide soft illumination, enhancing the ornate atmosphere.",elegant and luxurious with a touch of antiquity.,"sofa, chair, armchair, dresser, mirror",a central hallway leads to a large bedroom with a separate sitting area.,Unknown,Other,Luxurious/Elegant,Pendant/Chandelier,Bedroom,TRUE
victorian_520.jpg,Modern Minimalist,"white, gray, wood, silver","wood, fabric, glass, steel",natural light coming from windows and ambient lighting from wall sconces,calm and serene,"bed, nightstand, desk, armchair, vase",open concept with living room and bedroom combined into one space,"This modern minimalist hotel room features a monochrome color palette, natural lighting, and carefully chosen materials to create a serene environment.",Minimalist,Calm/Serene,Natural (Window),Bedroom,TRUE
victorian_523.jpg,Modern,"white, neutral grays, navy blue","wood, glass, stone, metal",recessed lighting and floor lamps provide ample illumination.,Warm and inviting.,"sofa, coffee table, plant, floor lamp, throw pillows","Open concept with central seating area, adjacent to kitchen.","This modern living room features a neutral color palette, wood accents, and comfortable furnishings for a warm and welcoming atmosphere.",Modern,Warm/Cozy,Recessed,Bedroom,TRUE
victorian_527.jpg,Modern,"white, gray, orange","wood, fabric, metal",well-lit with natural light from large windows and floor lamps,modern and minimalist with a touch of color,"sofa, coffee table, plant, floor lamp, vase, throw pillows",open space with central seating area and an L-shaped sofa,"This modern living room features a clean and uncluttered design with a colorful orange accent. The large windows allow for ample natural light to fill the space, creating a warm and inviting atmosphere.",Modern,Modern/Sophisticated,Natural (Window),Bedroom,TRUE
victorian_529.jpg,Industrial,"dark brown, black, white","leather, wood, metal",dark ambient lighting with accent spotlights on artwork,elegant and opulent,"canopy bed, vintage side table, overstuffed armchair, antique dresser",open-concept with canopy bed as focal point,"A luxurious and opulent interior design featuring dark woods, leather, and accents of gold on a spacious open floor plan. The space is highlighted by vintage pieces and an elaborate canopy bed in the center.",Industrial,Luxurious/Elegant,Ambient/Soft,Bedroom,TRUE
victorian_536.jpg,Scandinavian,"blue, white, gold","wood, linen, silk",warm soft light from white lampshades,serene and inviting,"bed, dresser, vase with flowers, pillows",open space centered around bed and flanked by matching nightstands,"This bedroom is a serene Scandinavian-inspired space, featuring a blue and white color scheme, wooden furniture, linen fabrics, and a soft lighting ambiance that creates an inviting atmosphere for rest and relaxation.",Scandinavian,Calm/Serene,Ambient/Soft,Bedroom,TRUE
victorian_543.jpg,Rococo,"dark blue, golden yellow, red accents","velvet fabrics, brass hardware, marble elements",dramatic chandeliers and candlelit ambiance,elegant and luxurious,"ornate bed frame with canopy, richly decorated end tables, luxurious velvet chair","grand entryway leading to central focal piece, the ornate bed","The interior design exudes a lavish and opulent atmosphere, featuring luxurious textures, rich colors, and intricate decorative elements.",Other,Luxurious/Elegant,Pendant/Chandelier,Bedroom,TRUE
victorian_562.jpg,Victorian,"blue-gray, white, gold","wood, glass, stone",Natural light from windows during daytime and warm indoor lamps in the evening.,"Elegant and inviting, with a touch of regality.","ornate wooden staircase, large wooden dining table, fine art on walls, grandfather clock","Grand entrance leading to central foyer with sweeping staircase, flanked by parlors and drawing rooms. Guest bedrooms are upstairs.","A grand Victorian mansion exuding opulence and sophistication, designed for entertaining guests or royalty.",Other,Warm/Cozy,Natural (Window),Bedroom,TRUE
victorian_563.jpg,Modern Minimalist,"light beige, navy blue, white","natural wood, linen, leather",Warm and soft ambient light from recessed lighting and sconces,Calm and serene with a touch of elegance,"king-size bed, two nightstands, artwork, area rug",Open concept space with sleep area separated from sitting area by a small wall,"A cozy and stylish modern bedroom that balances simplicity with sophistication, creating an inviting atmosphere for rest.",Minimalist,Calm/Serene,Recessed,Bedroom,TRUE
victorian_565.jpg,Scandinavian,"white, blue, red, green","wood, metal, glass",natural soft light from large windows and decorative candles,warm and inviting,"sofa, chair, coffee table, plant, mirror, candleholder",open space with central seating area featuring a mirror above a dresser with candles on either side,"This is a Scandinavian-style living room, featuring a warm color palette of white, blue, red and green. The room has a mix of wood, metal and glass materials with soft natural lighting from large windows and decorative candles. There are comfortable seating options including a sofa and chair surrounding the central coffee table. A plant adds to the cozy feel, and a mirror above a dresser serves as an elegant backdrop for a collection of candles on either side.",Scandinavian,Warm/Cozy,Natural (Window),Bedroom,TRUE
victorian_567.jpg,Victorian Eclectic,"light green, off-white, dark gray","wood siding, vinyl windows, metal roofing",natural and soft artificial lighting,formal and elegant,"ornate doorway with wreath, large potted plant, vintage bench, floor-to-ceiling windows","split into different sections for public areas, private rooms, and servants' quarters","This large Victorian Eclectic house features an elegant mix of materials and colors. The exterior is sided in light green wood with white trim, topped by a dark gray metal roofing. Inside, off-white walls with white wainscoting meet at the center underneath a chandelier in the formal dining area. The living room boasts a large vintage bench and potted plant, while a wooden staircase leads to the bedrooms. An ornate doorway decorates the entrance to this stately home.",Other,Luxurious/Elegant,Natural,Bedroom,TRUE
victorian_58.jpg,Modern,"white, gray, wood","brick, stone, hardwood",Natural light from windows and skylights.,Elegant and contemporary.,"large sofa, coffee table, potted plant, floor lamp, staircase, outdoor seating","Open floor plan with a center living area, flanked by bedrooms on either side, and outdoor patio at the rear.","A luxurious modern home with clean lines and natural materials, featuring a spacious open layout for comfort and style.",Modern,Luxurious/Elegant,Natural (Window),Bedroom,TRUE
victorian_585.jpg,Minimalist,"beige, light wood, cream","linen, wood, leather",natural soft light from large windows,calm and airy,"bed, bed frame, lamp, decorative pillows, flowers, sofa chair",modern bedroom with clean lines and a focus on simplicity,"This minimalist bedroom design features an all-neutral color palette, natural lighting, simple materials, and carefully chosen furniture to create a serene and uncluttered environment.",Minimalist,Calm/Serene,Natural (Window),Bedroom,TRUE
victorian_596.jpg,Scandinavian,"white, grey, blue","wood, fabric, metal",Natural light flooding in through the large windows.,"Calm and peaceful, with a touch of luxury.","two-toned sofa, coffee table, floor lamp, wooden side tables, large abstract painting","The space is designed with an open floor plan. The beds are placed against the curved wall, facing a central seating area.","This Scandinavian-style bedroom features two large windows that offer stunning views of a river and a forest, creating a serene atmosphere.",Scandinavian,Calm/Serene,Natural (Window),Bedroom,TRUE
victorian_61.jpg,Modern Minimalist,"black, beige, gold","leather, fabric, wood",dimmable recessed ceiling lights,luxurious and intimate,"large screen TV, sofa, coffee table, framed artwork, floor lamp",semi-circle arrangement of seating with focal point towards large screen TV,"A modern minimalist living room with a luxurious and intimate atmosphere, featuring black leather sofa, beige accent pillows, a gold framed artwork, wood coffee table, dimmable recessed ceiling lights, and a floor lamp. The space is arranged in a semi-circle pattern around the large screen TV, creating an inviting seating area for relaxation.",Minimalist,Luxurious/Elegant,Recessed,Bedroom,TRUE
victorian_641.jpg,Modern Minimalist,"gray, white, wood, beige","wood, linen, velvet",soft overhead lighting complemented by wall sconces,calm and serene,"king-size bed, headboard, sofa, coffee table, area rug","a neutral color palette creates a sense of calm in the space, with a large bed as the focal point and a sofa placed for conversation or reading. An area rug adds warmth underfoot, while wall sconces provide soft lighting that complements the overhead light.","This modern minimalist master bedroom features a neutral color palette, wood accents, and simple yet elegant furnishings to create a calm and serene atmosphere.",Minimalist,Calm/Serene,Ambient/Soft,Bedroom,TRUE
victorian_646.jpg,Victorian,"white, gold, red, green","velvet, silk, wood, glass",dimmable chandelier with white shades,elegant and opulent,"twin beds, chaise lounge, armchair, table lamp",bedroom layout with a separate sitting area,"This Victorian-style bedroom is designed to convey elegance and luxury, featuring intricate floral patterns on the walls and bedding. The colors are rich yet balanced, with gold accents throughout. Lighting is soft and ambient, creating an inviting atmosphere that reflects the sophisticated tastes of its occupants.",Other,Luxurious/Elegant,Pendant/Chandelier,Bedroom,TRUE
victorian_647.jpg,Victorian,"green and white, gold accents","upholstery fabric, wood, silk",subtle chandelier lighting,elegant and luxurious,"canopy bed, sofa, dresser, lamp",circular arrangement around focal point of bed,"This room is a testament to opulence with its intricate wallpaper, ornate furnishings, and careful color coordination.",Other,Luxurious/Elegant,Pendant/Chandelier,Bedroom,TRUE
victorian_65.jpg,Traditional,"beige, white, gold","wood, silk, velvet",Dimmable chandelier and natural light from windows,Elegant and sophisticated,"four-poster bed with canopy, wooden armoire, upholstered armchair, large area rug","Bedroom featuring a large, king-size bed as the focal point in the center of the room, flanked by two nightstands and an armchair on either side. Wooden armoire behind the bed. Large area rug underfoot.","This bedroom has been designed with a traditional style in mind, featuring a large king-size bed with a canopy as the central focus. The color palette is soft and neutral, consisting of beige, white, and gold tones to create an elegant and sophisticated atmosphere. The materials used include wood for furniture and upholstery, silk and velvet for drapery, and a large area rug on the floor to unify the space.",Traditional/Vintage,Modern/Sophisticated,Natural (Window),Bedroom,TRUE
victorian_657.jpg,Colonial,"brown, white, black","wood, stone, brick",Natural sunlight with additional outdoor lighting for evening ambiance.,Elegant and inviting with a touch of sophistication.,"sofa, coffee table, chairs, potted plants","Central entryway with living room, dining room, and kitchen on the first floor, and bedrooms on the second floor.","A two-story Colonial house with a stone chimney, set in a rural landscape featuring a large lawn and outdoor furniture for relaxation.",Other,Warm/Cozy,Natural,Bedroom,TRUE
victorian_66.jpg,Modern Minimalist,"white, beige, light wood","oak wood, linen, concrete",natural soft light from large windows,calm and airy,"bed, nighstand, framed artwork, plant","spacious bedroom with central sleeping area, flanked by windows","This modern minimalist bedroom features an open layout with a large window that lets in natural light. The color palette is soft and neutral, creating a calming atmosphere, while the oak wood furnishings bring warmth to space.",Minimalist,Calm/Serene,Natural (Window),Bedroom,TRUE
victorian_666.jpg,Modern Minimalist,"white, gold, light wood","oak wood, linen, cane, brass","natural soft light from large windows, enhanced by two chandeliers",calm and airy,"queen-sized bed with neutral linens, wooden nightstand with a lamp on it, two framed paintings above the bed, wooden bench at foot of bed, wooden chest at end of bed","spacious room with long, narrow layout featuring a window to one side and an open hallway leading to other rooms","A serene modern minimalist bedroom with clean lines, neutral tones, and natural materials.",Minimalist,Calm/Serene,Natural (Window),Bedroom,TRUE
victorian_680.jpg,Scandinavian,"white, light wood, beige","wood, linen, glass",natural soft light from large windows,calm and airy,"wood dresser, bathtub, mirror, towel rack, soap dispenser",space with a bathroom area separate from the rest of the room,"This is a well-designed, clean and minimalist bathroom that uses wood tones and linens for a calming atmosphere.",Scandinavian,Calm/Serene,Natural (Window),Bedroom,TRUE
victorian_686.jpg,Scandinavian,"beige, natural wood tones, light grey","wood siding, stained glass windows, brickwork",Natural soft light from large arched windows,Warm and cozy,"sofa with throw pillows, traditional wood coffee table, stone fireplace, vintage chandelier",Open space with central seating area and side doorway to stone patio,"This cozy Scandinavian style home features natural materials and colors, creating a warm and inviting atmosphere.",Scandinavian,Warm/Cozy,Natural (Window),Bedroom,TRUE
victorian_694.jpg,Industrial Loft,"white, beige, green accent","wooden beams and slats, exposed brick, metal, canvas","soft, diffused light from a row of high windows",calm and serene,"bench with throw pillows, wooden shelves, plant, vintage metal clock",long narrow space with seating area at end,This interior design creates a peaceful atmosphere in an urban loft-style setting.,Industrial,Calm/Serene,Ambient/Soft,Bedroom,TRUE
victorian_699.jpg,Victorian,"white, dark green, gray","brick, wood, stained glass","natural light from large windows, supplemented by central chandelier",formal and grand,"couch, coffee table, grandfather clock, dining table, potted plant","spacious with formal living room, dining room, and second floor bedrooms","A large Victorian-style home featuring ornate woodwork, a brick exterior, and stained glass windows.",Other,Other,Natural (Window),Bedroom,TRUE
victorian_727.jpg,Modern Minimalist,"black and white, navy blue, gold","brass fixtures, leather headboard, velvet bedding","natural soft light from large windows, with elegant chandelier as focal point",luxurious and sophisticated,"king size bed, sofa, coffee table, floor lamp, area rug",space is designed for comfort with a central seating area flanked by windows,"This luxurious modern hotel suite features a king size bed, leather headboard, elegant brass fixtures, and a spacious seating area overlooking the city skyline.",Minimalist,Modern/Sophisticated,Natural (Window),Bedroom,TRUE
victorian_730.jpg,Modern Minimalist,"white, beige, light wood","oak wood, linen, concrete",soft natural light from small windows above the stairs and wall sconces,calm and minimalistic,"stair railings, wall sconces, small decorative pillows","a simple, straight-up staircase with a narrow hallway leading to the front door","This space is designed for function and simplicity, with a focus on uncluttered minimalism.",Minimalist,Calm/Serene,Natural (Window),Bedroom,TRUE
victorian_74.jpg,Classic,"dark red, beige, dark brown","wood, velvet, silk",soft ambient lighting with a chandelier above the bed,opulent and luxurious,"king-size bed, armchair, luxury carpet, ornate side tables","furniture arranged symmetrically around a central point, forming a balanced and inviting space",A classic and lavishly decorated master bedroom suite with plush furnishings and elegant lighting.,Other,Luxurious/Elegant,Pendant/Chandelier,Bedroom,TRUE
victorian_752.jpg,Scandinavian,"white, light wood, beige","wood, glass, stainless steel",natural soft light from large windows and chandelier,bright and energetic,"large mirror, chandelier, kitchen island, cabinetry","open space with central seating area, kitchen island between the bedroom and living room","A Scandinavian-style home featuring light wood tones, stainless steel appliances, a large mirror over the sink, chandelier lighting in the dining area, and an open layout that connects the kitchen to the bedroom.",Scandinavian,Bright/Airy,Natural (Window),Bedroom,TRUE
victorian_755.jpg,Victorian,"red, white, black","wood, metal, glass",Natural light and warm interior lighting,Warm and inviting,"vintage sofa, antique chair, vase with flowers, grandfather clock","Front hallway, parlour, kitchen, dining room, and bedrooms on the second floor","A classic Victorian home with a vibrant red exterior and white trim around the windows. The interior is decorated in traditional Victorian style, featuring wood paneling, stained glass windows, and ornate trim.",Other,Warm/Cozy,Natural,Bedroom,TRUE
victorian_768.jpg,Modern,"black, white, red","wood, fabric, plastic",dimmable overhead lights with adjustable color temperatures,modern and eclectic,"bunk beds, bookshelf, shelving unit, nightstands","two sets of bunk beds with desk areas underneath, each area flanked by bookshelves and nightstands","A modern and eclectic room featuring two sets of bunk beds with built-in desks beneath, topped off with a shelving unit. The room is colorful, with black walls and furniture accented in red.",Modern,Modern/Sophisticated,Ambient/Soft,Bedroom,TRUE
victorian_77.jpg,Modern Minimalist,"white, gray, beige","wood, fabric, metal",natural soft light from large windows,calm and inviting,"bed, nightstand, chair, table, couch",well-defined spaces with symmetrical arrangement,"A modern bedroom with a minimalist design, featuring neutral colors and simple yet elegant furnishings.",Minimalist,Calm/Serene,Natural (Window),Bedroom,TRUE
victorian_773.jpg,Modern,"gray, white, natural wood","wood, marble",Natural light coming through windows above staircase and large window at end of hallway,Calm and modern,"stair railings, vintage-style runner, decorative pillows",Straight and narrow hallway with open area under stairs,"This interior design incorporates a modern style, using gray tones to create a calm and contemporary space. The wood accents add warmth to the otherwise neutral palette. Natural light from large windows provides a bright and airy atmosphere.",Modern,Calm/Serene,Natural (Window),Bedroom,TRUE
victorian_789.jpg,Eclectic,"rich dark brown, gold accents, deep red","dark wood paneling, heavy drapes, velvet fabrics",Dim lighting from elegant chandeliers and wall sconces,Luxurious and opulent,"King-size bed with ornate headboard, Victorian style sofa, grandfather clock, antique desk",Intimate and cozy space with a central seating area,"The interior design of this room features an eclectic mix of styles, rich in dark wood tones and luxurious fabrics. The chandelier provides the main light source, contributing to the elegant and opulent mood of the space.",Other,Luxurious/Elegant,Pendant/Chandelier,Bedroom,TRUE
victorian_81.jpg,Modern Minimalist,"blue, white, wood","wool fabric, linen, oak wood",natural soft light from large windows and a floor lamp,calm and airy,"bed, nightstand, chair, couch, vase with plant, ruffled pillows",open space with central seating area centered around a bed and nightstand,"The room is designed in a modern minimalist style, with a calming blue and white color palette, soft materials like wool and linen, and natural light from large windows. The layout features an open space centered around a comfortable seating area, which includes a bed, nightstand, chair, and couch.",Minimalist,Calm/Serene,Natural (Window),Bedroom,TRUE
victorian_810.jpg,Colonial,"white, beige, green, blue","brick, wood, stone, glass","Warm and cozy, with a mix of overhead and ambient lighting from chandeliers and wall sconces.","Homely and inviting, creating a comfortable atmosphere for relaxation or entertaining guests.","dining table, chairs, sofa, area rug, bookshelf","A traditional home layout with a central hallway, living room adjacent to the kitchen, and bedrooms above.","This colonial-style home is characterized by its spacious rooms, warm lighting, use of natural materials like brick and wood, and classic furniture that combines comfort with style.",Other,Warm/Cozy,Pendant/Chandelier,Bedroom,TRUE
victorian_816.jpg,Modern Minimalist,"gray, white, dark wood","stone cladding on exterior and interior walls, dark wood floors, large windows with frosted glass","ambient lighting from recessed ceiling fixtures, with accent lighting under cabinets for focal areas.","calm and cozy, with an emphasis on clean lines and uncluttered spaces","sofa with throw pillows, modern coffee table, large floor lamp, stone sculpture in garden",an open floor plan with a central living area that flows into the kitchen and dining space.,"A modern minimalist lake house, featuring stone cladding and large windows for natural light. The design focuses on clean lines, uncluttered spaces, and an emphasis on texture through stone and wood elements.",Minimalist,Calm/Serene,Recessed,Bedroom,TRUE
victorian_820.jpg,Contemporary,"beige, gray, red","wood, fabric, leather",Warm and ambient lighting from wall sconces and table lamps.,Inviting and comfortable living room atmosphere.,"couches, sofa with throw pillows, accent chairs, ottoman, coffee table, rug, bookshelf",L-shaped couch arrangement for conversation and viewing of television set in a corner.,A cozy and inviting living room featuring warm lighting and comfortable seating areas.,Contemporary,Warm/Cozy,Ambient/Soft,Bedroom,TRUE
victorian_83.jpg,Modern Minimalist,"golden brown, cream, burgundy","leather, velvet, wood",well-lit with natural light coming in from the large windows and additional floor lamps providing soft ambiance,luxurious and warm,"king size bed, leather headboard, side tables with lamps, large mirror, chandelier",open floor plan with king-size bed as a central feature in the room,"This bedroom features a modern minimalist design with a luxurious and warm ambiance. The space is well-lit, predominantly in neutral colors like golden brown and cream with accents of burgundy. Materials include leather upholstery on the headboard and furnishings, velvet textiles for comfort, and wood elements for a touch of natural warmth. The room includes a king-size bed as a focal point, surrounded by side tables and lamps for added lighting, and a large mirror with chandelier above it to enhance the space.",Minimalist,Warm/Cozy,Natural (Window),Bedroom,TRUE
victorian_831.jpg,Vintage Victorian,"beige, white, gold","velvet, silk, mahogany wood",natural light from a large window,opulent and sophisticated,"chandelier, vintage sofa, antique dresser, ornate wallpaper",elaborate design with intricate molding and high ceiling,"This interior space exhibits an elegant Victorian design, characterized by lavish materials like velvet and mahogany wood. Natural light illuminates the sophisticated decor, enhancing the opulent feel of the room.",Traditional/Vintage,Modern/Sophisticated,Natural (Window),Bedroom,TRUE
victorian_84.jpg,Scandinavian,"cream, beige, light wood","silk upholstery, wood paneling on walls, white linen drapes",natural light from large windows and soft ambient lighting from chandeliers,calm and serene,"large sofa, coffee table with decorative items, tall floor lamps, silk throw pillows","open space with central seating area, surrounding by walls of paneling and built-in shelving","This is a luxurious and elegant living room featuring Scandinavian design elements such as light wood tones, silk upholstery, and natural light. The space is filled with comfortable seating options including a large sofa, accented by decorative items on the coffee table and throw pillows. The layout is centered around a central seating area, surrounded by walls of paneling and built-in shelving for storage and display.",Scandinavian,Calm/Serene,Natural (Window),Bedroom,TRUE
victorian_861.jpg,Scandinavian,"white, grey, blue","wood, linen, glass",natural light from windows,calm and cozy,"bed, nightstand, plant, mirror",two separate beds with nightstands between them,"The room has a Scandinavian design with clean lines and natural light, creating a calm and cozy atmosphere.",Scandinavian,Calm/Serene,Natural (Window),Bedroom,TRUE
victorian_863.jpg,Scandinavian,"blue, white, gray","wood, linen, silk",natural soft light from large windows,warm and cozy,"queen-size bed with floral pillows, vintage dresser, antique wooden chest, framed artwork on wall",open space with central seating area,"A beautifully designed room with a Scandinavian style featuring soft colors, natural materials and lighting that creates a warm, cozy atmosphere. The furniture includes a large bed adorned with floral pillows, a vintage dresser, an antique wooden chest, and framed artwork on the wall.",Scandinavian,Warm/Cozy,Natural (Window),Bedroom,TRUE
victorian_867.jpg,Modern Minimalist,"pink, white",wood,natural soft light from large windows,calm and airy,"couch, dresser, seat, chandelier",open space with central seating area,"This is a modern minimalist interior designed to create a calm and airy atmosphere, featuring pink walls, white accents, and natural light from large windows. The room includes a couch for seating, a dresser for storage, a small chair for an additional seat, and a chandelier hanging from the ceiling.",Minimalist,Calm/Serene,Natural (Window),Bedroom,TRUE
victorian_869.jpg,Modern Minimalist,"white, gray, beige","wood, metal, fabric",natural soft light from large windows,calm and serene,"sofa, coffee table, dresser, mirror, chair",open space with central seating area,"A modern minimalist design featuring a white color palette, natural lighting, and an open layout that creates a calm and serene atmosphere.",Minimalist,Calm/Serene,Natural (Window),Bedroom,TRUE
victorian_871.jpg,Modern Minimalist,"blue, yellow, gray","wood, fabric, metal","soft, warm light from wall sconces and a large window",cozy and inviting,"sofa, armchair, coffee table, fireplace, artwork",open plan with seating area in front of fireplace,"This living room features a minimalist design, with a focus on clean lines and a neutral color palette. The blue sofa is paired with yellow throw pillows for a pop of color, while the gray armchair complements the space. Wood accents are visible throughout, from the coffee table to the wall sconces, adding warmth to the room. A large window allows natural light in, and the fireplace provides cozy ambiance.",Minimalist,Warm/Cozy,Ambient/Soft,Bedroom,TRUE
victorian_890.jpg,Modern,"beige, blue, wood","wicker, leather, wood",natural light from windows,calm and relaxed,"couch, side table, pillows, decorative wall art","space arranged with seating centered around focal point, flanked by side tables","This living area is designed in a modern style with warm tones and natural materials. The couch is surrounded by wicker elements for texture and comfort, while the wooden table adds a touch of rustic charm.",Modern,Calm/Serene,Natural (Window),Bedroom,TRUE
victorian_915.jpg,Minimalist,"white, gray","concrete, wood",subdued overhead lighting,monochromatic and simple,"bed, dresser, chair, mirror",open space with bed facing corner of room,"A minimalist bedroom with a monochromatic color scheme, simple furniture, and an open floor plan.",Minimalist,Other,Mixed/Other,Bedroom,TRUE
victorian_929.jpg,Traditional Victorian,"light green, golden brown, white","wood, glass, marble","warm and ambient lighting, with a central chandelier",luxurious and elegant,"large dresser with mirror above it, ornate bathtub, high backed bench","room divided into sections, each designed for specific activities","This is a classic Victorian-style bathroom, designed to be both functional and luxurious. The color palette is warm and inviting, with wooden accents that add an elegant touch. The lighting fixtures are ornate, contributing to the overall opulence of the space.",Traditional/Vintage,Luxurious/Elegant,Pendant/Chandelier,Bedroom,TRUE
victorian_96.jpg,Scandinavian,"green, blue, beige","wood, linen, brass",natural light from large windows,cozy and inviting,"sofa, coffee table, area rug, throw pillows",open space with central seating area around fireplace,"This is a Scandinavian-style living room with a cozy atmosphere. The color palette includes green, blue, and beige accented by brass elements. Wood furniture is complemented by linen upholstery. Large windows allow for natural light to fill the space, creating a warm and inviting environment.",Scandinavian,Warm/Cozy,Natural (Window),Bedroom,TRUE
