"filename","style","color_palette","materials","lighting","mood","objects","layout","summary"
"coastal_0.jpg","Modern","dark blue, white, wood","wood, fabric, metal","natural light from windows","contemporary and minimalistic","bookshelf, plants, vases, books, bowl","open space with shelving unit along wall","The interior design features a dark blue shelving unit with books, vases, and plants, creating a contemporary and minimalistic feel. The material palette includes wood for the bookshelf, fabric, and metal accents."
"coastal_1.jpg","Modern Minimalist","white, beige, black","tiles, wood, metal","soft, natural lighting","calm and airy","tub, table with plant, bottle of lotion, hand towel on bar, vase with flowers","clean lines, minimalistic design","A modern, clean bathroom featuring a tub, natural lighting, and minimal decor."
"coastal_10.jpg","Scandinavian","white, gray, navy","stainless steel, marble, wood","The kitchen is well lit with natural light from the windows.","Calm and minimalistic","cooker, sink, refrigerator, shelves, cabinets","A clean, open floor plan with a separate area for dining or cooking.","This kitchen combines modern appliances and furniture with minimalistic design elements to create a serene atmosphere."
"coastal_100.jpg","Scandinavian","blue, white, wood","natural wood, linen, brass","soft, natural light from windows above sink","clean, serene, and modern","kitchen island, subway tile backsplash, stainless steel faucet","small galley kitchen with central island","A clean, modern Scandinavian-style kitchen with a central island and white subway tiles."
"coastal_102.jpg","Modern Minimalist","white, beige, light wood","oak wood, linen, concrete","natural soft light from large windows","calm and airy","dining table, chairs, lamps, wine rack, plants","open space with central seating area","Modern minimalist dining room featuring light wood and white tones, a large window allowing for natural light, a comfortable lounge chair, chic lamping, and a wine rack for added sophistication."
"coastal_103.jpg","Modern Minimalist","white, beige, black","glass block tile, stainless steel fixtures","bright and evenly distributed","clean and serene","shower head, shower caddy, bath mat, sink vanity","angular space with no door","A modern, minimalist bathroom featuring a glass block tile wall and stainless steel fixtures."
"coastal_104.jpg","Scandinavian","white, beige, light wood","wood, marble, stainless steel","natural soft light from large windows and recessed ceiling lights","bright and airy with a warm touch","bar stools, center island, dining table, kitchen hood","open space with central seating area around kitchen island and dining table","This modern kitchen features a Scandinavian design with natural materials, bright lighting, and an open layout that connects the living space."
"coastal_106.jpg","Modern Minimalist","white, gray","wood, fabric, glass","natural soft light from large windows","calm and airy","sofa, coffee table, lamp, couch, chair","open space with central seating area","This modern minimalist living room features a white and gray color palette, with wood flooring and fabric upholstery. The layout has an open feel with a central seating arrangement that includes a sofa, coffee table, chair, and couch."
"coastal_107.jpg","Modern","gray, green, yellow","wood, metal, glass","Natural light filtering through the trees and plants.","Peaceful and serene.","staircase, doorway, trees, bushes","Open space leading to another area with steps made of stone pavers.","A modern, open courtyard entrance featuring a doorway made of wood and metal with natural light illuminating the space."
"coastal_108.jpg","Modern","white, black, gray","brick, wood, fabric","natural and ambient lighting from multiple sources","warm and inviting","modern sofa with cushions, rectangular coffee table, flat-screen television, large wreath, contemporary floor lamp","open concept living room with seating area centered on rug","This modern living room combines rustic and contemporary elements, offering a warm and inviting atmosphere. The space is filled with soft textures and materials such as brick, wood, and fabric, and features a mix of neutral and monochromatic colors."
"coastal_109.jpg","Modern Minimalist","white, beige, navy blue","metal, wood, fabric","soft natural light from a large window","calm and serene","black metal bed frame, red patterned blanket, blue pillow, white sham, worn leather armchair","an open space with minimal furniture, centered around a large window","This bedroom combines modern minimalist design with soft colors and natural lighting to create a serene and calm atmosphere."
"coastal_11.jpg","Scandinavian","light gray, beige, natural wood","wood, linen, metal, glass","bright and natural light from large windows and skylights","calm and airy","white refrigerator, stainless steel sink, potted plant, modern pendant lights","open space with a central kitchen island","This modern kitchen design features a Scandinavian style with a light gray palette, natural wood accents, and stainless steel appliances. The room is well-lit by large windows and skylights, creating an open and airy atmosphere."
"coastal_110.jpg","Modern Minimalist","white, gray, black","tile, concrete, stainless steel","well-lit with bright white lights and dark shadow areas","clean and sleek, with a sense of luxury","shower caddy, shampoo holder, toothbrush holder","small space layout maximizing functionality","A small modern bathroom designed for efficiency and style."
"coastal_111.jpg","Modern Minimalist","white, beige, light wood","oak wood, linen, glass","natural soft light from large windows","calm and airy","sofa, coffee table, plant, floor lamp","open space with central seating area","This living room features a modern minimalist design with a neutral color palette, oak wood flooring, linen and glass materials. Large windows allow for natural light to brighten the space, creating a calm and airy atmosphere. The room is furnished with a sofa, coffee table, plant, and floor lamp."
"coastal_112.jpg","Modern Minimalist","white, gray, wood","steel, marble, leather","soft, natural light with accents of recessed lighting and chandelier","calm and serene","sofa, coffee table, flat screen TV, floor lamp, plant","open concept layout with a central seating area","This modern living room features a minimalist design with a clean, white color palette. The space is accented with wood and steel materials, creating an elegant yet cozy atmosphere. The open concept layout enhances the feeling of spaciousness."
"coastal_113.jpg","Modern Minimalist","white, gray, black","glass shower enclosure, marble flooring, wood cabinetry","overhead recessed lighting and a wall sconce","clean, minimalistic, spa-like","shower caddy, towel rack, soap dispenser","an L-shaped layout with shower on one side and sink and vanity area on the other side","This modern bathroom features a glass shower enclosure, wood cabinetry, marble flooring, and minimalistic design elements."
"coastal_114.jpg","Modern Minimalist","black, white, brass","wood, glass, metal","natural soft light from large windows","calm and airy","cabinet, sink, mirror, vase","open space with central seating area","This is a modern bathroom design that focuses on minimalism and clean lines, featuring a color palette of black, white, and brass. The materials used are wood for the cabinet and countertops, glass for the backsplash and shower enclosure, and metal for the faucets and towel rack. Natural light fills the space, creating a calm and airy atmosphere."
"coastal_115.jpg","Scandinavian","white, natural wood","wood paneling, stone tile, blue velvet","sunlit with natural light filtering through ceiling vents","calm and inviting","bench, cabinet, coat rack, framed artwork","long hallway leading to storage spaces","A long, light-filled hallway with minimalist design elements and storage space."
"coastal_116.jpg","Modern","white, gray, light blue","wooden planks, linen, metal","natural and ambient lighting with additional track lighting","comfortable and inviting","couch, coffee table, sectional sofa, floor lamp, throw pillows","open floor plan with a central focus on the entertainment area","This modern living room features an open floor plan, white and gray color palette, wooden accents, and comfortable seating. Natural light streams in through the large windows, creating a bright and airy atmosphere."
"coastal_117.jpg","Modern Minimalist","white, beige, light wood, blue","oak wood, linen, glass, steel","natural soft light from large windows with ceiling chandelier","calm and airy","sofa, coffee table, plant, floor lamp, large artwork on wall","open space with central seating area, surrounded by large windows and chandelier hanging from ceiling","This modern minimalist living room has a light color palette with natural wood accents and white linens. The furniture is arranged around a central coffee table on an oak wood floor. Lighting is soft, coming in through the large windows and complemented by a chandelier hanging from the ceiling."
"coastal_12.jpg","Modern Minimalist","white, beige, light wood","oak wood, linen, stainless steel","bright and natural light from large windows","clean and airy","washer, dryer, towel rack, laundry basket, iron and ironing board","small laundry room with washer-dryer combo","This is a small, modern laundry room that features minimalist decor with oak wood and white accents. The room has a bright, airy feel due to the large windows, which also allow for natural light. The space includes a washer-dryer combo, as well as essential laundry equipment such as a towel rack, laundry basket, and ironing board."
"coastal_120.jpg","Scandinavian","white, blue, wood, green","wood, linen, metal, stone","natural light from windows and glass doors, with soft ambient lighting","calm and inviting, with a touch of rustic charm","sofa, coffee table, plant, floor lamp, dining table","open layout with a central seating area, leading to the waterfront","This Scandinavian-style home features a calm and inviting atmosphere with natural wood tones and blue accents. With its open floor plan, it is designed for easy flow and connection to the outdoor space."
"coastal_121.jpg","Modern","white, wood tones, grey","wood, leather, metal, fabric","mixed lighting with both natural and artificial sources","warm, inviting and cozy","couch, coffee table, potted plant, flat screen TV, bookshelves","open concept living space with a central seating area","A modern living room featuring wood accents, leather upholstery, metal fixtures, and neutral tones for a warm and inviting atmosphere."
"coastal_124.jpg","Modern","white, gray","wood, linen","natural light from large windows and ceiling lights","cozy and inviting","sofa, armchair, coffee table, fireplace, rugs, artwork","open space with a central seating area","This is a modern living room with an open layout that emphasizes comfort and style. The color palette is neutral, featuring white and gray tones which create a calm and inviting atmosphere. Natural light fills the room through large windows, enhancing the cozy feel. Wood and linen materials add warmth and texture to the space. The seating area consists of a sofa and an armchair with plush cushions, providing ample comfort for relaxation or entertaining guests. A fireplace serves as a focal point and adds a touch of elegance. The coffee table holds decorative items such as a plant, contributing to the room's welcoming ambiance. Finally, artwork adorns the walls, adding personality and visual interest."
"coastal_125.jpg","Modern Minimalist","white, beige, wood, blue","glass, concrete, wood, fabric","Natural light from large windows, supplemented by pendant lights and floor lamps.","Calm and sophisticated with a touch of rustic warmth.","sofa, coffee table, plant, floor lamp, woven rug","Open plan with a central seating area that includes a sofa, coffee table, and floor lamp. A rug adds warmth to the space and anchors the arrangement.","This modern living room combines minimalist design principles with natural materials like concrete, wood, and glass, enhanced by soft lighting and subtle decorative touches."
"coastal_127.jpg","Modern Minimalist","gray, black, white","wood, leather, metal","natural soft light from large windows","calm and airy","sofa, coffee table, plant, floor lamp, abstract artwork","open space with central seating area around a wooden dining table","The living room features a modern minimalist style with a gray and black color palette, wooden floors, leather upholstery, and metal accents. The centerpiece is a large abstract artwork on the wall, and a coffee table is positioned to be used by people seated on a sofa or chairs around a wooden dining table. Natural light from large windows creates a calm and airy atmosphere."
"coastal_128.jpg","Modern Minimalist","white, beige, light wood","wood, fabric, stainless steel","bright and airy","calm and serene","dining table, chairs, grill, sink","open space with kitchen bar connected to covered outdoor area","This modern minimalist interior features a neutral color palette, mainly wood accents, and a clean design that feels calm and serene. The dining area is adjacent to the grill, creating an open and airy atmosphere."
"coastal_129.jpg","Modern Minimalist","white, gray, gold","tile, brass, marble, wood","natural soft light from large windows","calm and airy","bathtub, shower, double vanity, cabinet, sink, toilet, towels","small space with efficient use of square footage","This bathroom combines a modern minimalist design with a warm and inviting color palette. The tile walls and brass fixtures give it a sophisticated look, while the white wood cabinet adds a touch of nature. Large windows let in soft natural light, creating a calm and airy atmosphere. The efficient layout includes a bathtub, shower, double vanity, toilet, and storage cabinets, making the most of the limited space."
"coastal_130.jpg","Scandinavian","white, beige, light wood","marble, brass, wood","natural soft light from large windows","calm and airy","vanity, mirror, potted plant, soap dispenser, vase","compact and functional with minimal clutter","This bathroom design is a harmonious blend of clean lines, natural materials, and an inviting color palette that creates a relaxing atmosphere."
"coastal_132.jpg","Modern Minimalist","white, light wood","stainless steel, natural stone, brass","recessed lighting with ambient string lights","spacious and serene","kitchen island, bar stools, large potted plant, modern pendant lights","L-shaped with open kitchen area leading to dining room and living space","This modern kitchen features a minimalist design with neutral colors, natural materials, and carefully chosen lighting to create a serene and spacious atmosphere."
"coastal_133.jpg","Modern Minimalist","white, gray, wood accents","porcelain, glass, metal","well-lit with natural light from a window","calm and serene","toilet, shower enclosure, sink, vanity mirror, soap dish","efficient and functional layout with separate spaces for each fixture","This modern minimalist bathroom is designed to be both practical and aesthetically pleasing, featuring clean lines and neutral colors that create a peaceful atmosphere."
"coastal_134.jpg","Modern Minimalist","white, beige, light wood","stainless steel, oak wood, marble","soft ambient light from recessed ceiling lights","open and airy with a touch of elegance","sofa, coffee table, floor lamp, dining table, sink","a spacious L-shaped layout with an open kitchen and living area, connected by wooden flooring","This contemporary home features a clean, minimalist design that incorporates natural materials and sleek fixtures to create a comfortable and stylish space."
"coastal_135.jpg","Modern Minimalist","white, blue, teal","wood, linen, brass","natural soft light from large windows","calm and airy","sofa, coffee table, floor lamp, bed, curtains","open space with central seating area","This is a modern minimalist bedroom design that focuses on natural light and soothing colors. The room features a neutral color palette of white, blue, and teal, complemented by wood and linen materials for a warm and cozy feel. Large windows let in soft natural light, creating a calm and airy mood. The layout includes an open space with a central seating area and a bedroom separated from the living area by curtains."
"coastal_136.jpg","Modern Minimalist","beige, light wood, natural grey","oak wood, linen, steel","natural soft light from large windows","calm and airy","sofa, coffee table, plant, floor lamp","open space with central seating area, featuring a patio door leading to an outdoor deck","This interior design features a modern minimalist style with soft and neutral color tones. The space has oak wood floors, linen upholstery, and steel accents, creating a warm yet sleek atmosphere. Large windows let in natural light, while a patio door provides an easy connection to the outdoor deck for additional living space."
"coastal_137.jpg","Modern","blue, white, beige","wood, fabric, stone","Bright, natural light from large windows and a skylight.","Energetic and inviting.","blue sofa, lounge chair, stone coffee table, wooden side table, abstract painting","Open-concept living room with separate seating area.","This modern living room features a bright and airy design, incorporating blue and white accents to create a cheerful atmosphere. The large windows and skylight allow natural light to fill the space, while the stone coffee table and wooden side table add warmth and texture to the room."
"coastal_138.jpg","Modern","white, light blue, brass","wood, stainless steel","well-lit by multiple windows and recessed lighting","clean, bright, and inviting","island with bar stools, modern range hood, colorful vases","spacious galley layout with a large island in the center","This modern kitchen features an open design with light wood cabinets and clean lines, complemented by a color palette that includes white, light blue, and brass. Stainless steel appliances add to the sleek look of the space."
"coastal_14.jpg","Modern Minimalist","navy blue, white, natural wood","dark wood, cork flooring, brass hardware","layered with ambient, task and accent lighting","calm and sophisticated","modern blue bookshelves, white office chair, wood table, brass desk lamp","linear open space with central focus on work area","A stylish modern workspace featuring dark wood accents, minimalist furnishings and an elegant color scheme."
"coastal_140.jpg","Modern Minimalist","white, gray, black","wood, marble, stainless steel","Natural soft light from large windows","Calm and airy","dishwasher, stove top oven, sink, shelf, potted plant","Kitchen with an open floor plan, connecting to a dining area.","A clean and modern kitchen with white cabinets, wood countertops, and sleek appliances."
"coastal_141.jpg","Scandinavian","white, beige, light wood","wood, fabric","natural soft light from large windows","calm and airy","sofa, coffee table, plant, floor lamp, dining table, chairs, bookshelf","open space with central seating area","This is a Scandinavian-style interior design with a calming and airy atmosphere. The color palette consists of light wood, white, and beige tones that complement the natural light from the large windows overlooking the ocean. The space features oak wood flooring, fabric upholstery, and an open layout designed for socializing and relaxation."
"coastal_143.jpg","Modern Minimalist","white, beige, light wood","oak wood, linen, concrete","natural soft light from large windows","calm and airy","couch, coffee table, plant, floor lamp, stone wall","open space with central seating area","This is a modern minimalist living room designed for comfort and style, featuring oak wood flooring, linen upholstery, and stone walls that provide a warm natural backdrop to the open plan layout."
"coastal_144.jpg","Scandinavian","white, beige, light wood","oak wood, linen, concrete","soft natural light from large windows","warm and cozy","sofa, coffee table, plant, floor lamp","open space with central seating area","This is a modern Scandinavian living room with oak wood walls, linen upholstery and concrete flooring. The room features a large circular rug centered around a wooden table surrounded by cushioned chairs. There are floor-to-ceiling windows offering soft natural lighting that enhances the cozy atmosphere."
"coastal_145.jpg","Coastal Cottage","soft blue, white, wood tones","wood paneling, stone flooring, canvas wall art","Natural light from large windows and a chandelier hanging from the ceiling","Warm, inviting and coastal-inspired","distressed wood console table, beige woven area rug, coastal photography print on canvas, wooden bench","Open space with a central seating area defined by the console table and a neutral area rug.","This coastal-inspired living room features a soft blue color palette, natural light from large windows and a chandelier, distressed wood paneling and flooring, coastal wall art, and comfortable seating areas to create a warm, inviting atmosphere."
"coastal_146.jpg","Modern Minimalist","navy blue, white, gray","fabric upholstery, wood paneling, metal hardware","ambient and task lighting with soft white lamps and warm LED strip lighting on headboard","calm and serene","king-size bed, sofa, coffee table, floor lamp, round woven rug","bedroom with a central layout focused on the bed, flanked by seating on either side.","This modern minimalist bedroom features a king-size bed with wooden paneling and fabric upholstery, set against white walls. The space is complemented by a sofa and a round woven rug under a large window for natural light."
"coastal_147.jpg","Modern Minimalist","beige, white, natural wood","natural wood, marble, brass","soft overhead lighting and natural window light","calm and serene","bathroom sink with brass faucet, large potted plant, decorative mirror on wall, natural wood bathroom cabinet","clean, modern lines in a small space","This bathroom combines minimalist design principles with clean lines and natural materials to create a calming, serene atmosphere."
"coastal_149.jpg","Modern Minimalist","white, gray, wood","stainless steel, wicker, stone","natural soft light from large windows","calm and airy","sofa, coffee table, plant, floor lamp, vase with flowers","open space with central seating area and surrounding lounge","This outdoor living space is designed in a minimalist style, featuring stainless steel appliances such as an oven and refrigerator. Natural stone floors are complemented by wicker furniture cushions for a comfortable seating area. Large windows allow plenty of natural light to illuminate the space, creating a calm and airy atmosphere that encourages relaxation."
"coastal_15.jpg","Modern Minimalist","gray, white, light wood","wood paneling on cabinets and walls, stainless steel appliances","well-lit with natural light from skylights and large windows, complemented by recessed ceiling lights","clean, modern and bright","center island, wooden stools around the island, contemporary pendant lighting over the island","spacious open layout with island at center of kitchen serving as focal point","This is a modern kitchen with a minimalist design, featuring wood paneling on cabinets and walls to create a warm yet sleek ambiance. The space is well-lit by natural light from skylights and large windows, complemented by recessed ceiling lights. The center island serves as both a cooking surface and a casual dining area, with contemporary pendant lighting overhead."
"coastal_150.jpg","Modern Minimalist","white, gray, brass","oak wood, stainless steel, glass","recessed lighting and under-cabinet LED strip lights","airy, modern, and luxurious","hanging pendant lights, freestanding stove top, large-scaled wall art","open floor plan with central kitchen island","This kitchen combines a modern minimalist design aesthetic with luxurious materials, creating an airy and elegant space that is both functional and stylish."
"coastal_151.jpg","Modern Minimalist","blue, white, gray","wood, concrete, glass","natural soft light from large windows","calm and airy","sofa, coffee table, plant, floor lamp, chair, couch","open space with central seating area, surrounded by outdoor stone patio","This modern minimalist living room combines a calming blue color palette with natural wood and glass materials to create an airy and spacious feel. The space is bathed in soft light streaming through large windows onto the wooden floor. The central seating area features a sofa, coffee table, plant, and floor lamp for relaxation and entertainment, while the outdoor stone patio extends the living space."
"coastal_153.jpg","Modern Minimalist","white, natural wood, light gray","wood, linen, steel","bright and natural light","calm and serene","vase with yellow flowers, white potted plant, white shoe on a tray, magazine on a coffee table, small white stool","open space with clean lines and simple furnishings","This is an interior design image that features a modern, minimalist style with natural wood accents and light gray walls. The room has bright natural lighting that creates a calm and serene atmosphere. There are several small pieces of furniture, such as a white stool, a magazine rack, and a coffee table with a vase holding yellow flowers. A potted plant adds a touch of greenery to the space."
"coastal_155.jpg","Scandinavian","white, grey, navy","wood, marble, brass","natural soft light from large windows and recessed ceiling lights","calm and serene","large mirror, his-and-hers vanity sinks, freestanding bathtub, wooden towel rack","spacious with a central focus on the double sink area","This modern bathroom features Scandinavian design elements, such as white cabinetry and marble countertops. Natural light floods the space through large windows and is complemented by recessed ceiling lights. The color palette is neutral yet luxurious with wood accents. The double sink vanity area is flanked by a large mirror, while the centerpiece of the room is a freestanding bathtub."
"coastal_156.jpg","Modern Minimalist","light blue, white, gray","wood, cotton, linen","soft and warm ambient light with a hint of natural light coming in from the windows","cozy, inviting, and serene","bed, nightstand, sofa, plants, rugs","sleek and streamlined with a focus on simplicity and functionality","This bedroom features minimalist design elements such as a low-profile bed, clean lines in the furniture, and a color scheme that promotes relaxation and tranquility."
"coastal_158.jpg","Minimalist","white, black, gray","steel, glass, wood","natural soft light from large windows","calm and airy","bathroom vanity, bathtub with glass enclosure, shower stall with glass doors, wooden toilet paper holder, large round mirror above vanity, small round wall mirrors, faux plant on top of cabinet, modern style sink faucet","open space layout with shower and bathtub in same area separated by glass partition","This minimalist bathroom features a clean, modern design with steel accents, large windows for natural light, and a calm atmosphere. The color palette is simple yet stylish with a mix of white, black, and gray materials."
"coastal_159.jpg","Modern Minimalist","white, light wood, navy","wood, fabric, metal","natural soft light from large windows and recessed ceiling lights","calm and airy","bed, nightstand, table lamp, window seat","open space with central seating area and natural light accentuating space and furniture","This modern minimalist bedroom features a white-toned color scheme with wood and fabric materials, creating a calm and airy atmosphere. The large windows and recessed ceiling lights provide soft, natural light that fills the room."
"coastal_160.jpg","Modern","white, blue, gray","glass block wall, tiles on bathroom walls and floor, metal fixtures","Recessed lighting provides even illumination throughout the space","Bright and clean","large mirror above sink, bath tub with clear glass door, white towel rack, toilet","L-shaped bathroom layout with a separate shower stall","This modern bathroom features clean lines and materials, a color palette that includes white, blue, and gray, and a glass block wall that adds texture while maintaining privacy."
"coastal_161.jpg","Modern Minimalist","white, gray, wood accent","oak wood, linen, concrete, steel","natural soft light from large windows and recessed lighting","calm and airy","sofa, coffee table, floor lamp, area rug, framed artwork","open space with central seating area, surrounded by shelves and bookcase","This modern living room is designed to feel spacious and inviting, with a minimalist color palette that focuses on neutral tones and natural wood accents. The space features ample lighting from the large windows and recessed lights, creating a warm and airy atmosphere. The furniture arrangement includes a comfortable sofa facing a central coffee table, surrounded by shelving and bookcase filled with books and decorative items."
"coastal_162.jpg","Modern Minimalist","white, beige, light wood","oak wood, glass, linen","recessed lighting above mirrored cabinets and a large window","calm and bright","large mirrors, freestanding vanity sinks, white marble countertops, metal bathroom fixtures","a symmetrical, open design with a central sink area flanked by cabinets on both sides and a large window above","This modern bathroom is designed with clean lines and minimalistic elements in mind. It features oak wood accents that complement the natural light from the large window, creating a bright and serene atmosphere."
"coastal_165.jpg","Modern Minimalist","light blue, cream, dark gray","tile, brass fixtures","Natural light from a window above the bathtub, supplemented by two small lights on the wall","Calm and relaxing","shower, bathtub with faucet and shower head, tiled walls","A compact bathroom with a stand-alone bathtub and a separate glassed-in shower area.","This bathroom is designed in a modern minimalist style, featuring light blue tile on the walls and cream fixtures that contrast with dark gray accents. The space is illuminated by natural light from a window above the bathtub and supplementary lights on the wall. The layout includes a stand-alone bathtub and a separate shower area in a glassed-in enclosure."
"coastal_166.jpg","Modern Minimalist","white, gray, silver","wood, metal, glass","natural light from large windows, with recessed ceiling lights","calm and airy","kitchen island, stainless steel sink, dishwasher, refrigerator","spacious L-shaped kitchen with center island, large windows above sink for natural light","This modern minimalist kitchen features a clean and elegant design with white and gray color tones. Materials like wood, metal, and glass add texture and sophistication to the space, while recessed ceiling lights provide brightness. The large windows above the sink fill the room with natural light, contributing to a calm and airy atmosphere."
"coastal_168.jpg","Modern","white, gray, brass","wood, glass, metal","well-lit with natural light and recessed LED lights","sleek, clean, and inviting","large island, modern chairs, contemporary rugs, stainless steel appliances","open floor plan with central kitchen island","This modern kitchen design features a bright, clean palette with white and gray colors, natural wood accents, brass fixtures, and stainless steel appliances. The open layout includes a large island that provides ample counter space and seating for dining or casual gatherings."
"coastal_17.jpg","Modern Minimalist","light beige, white, brass","wood, marble, cork","recessed lighting with ambient spotlighting","clean and serene","two-toned freestanding sink, rectangular mirror, round wall sconces, brass towel rack","linear arrangement of vanity, mirrors and accessories on the left, with a backsplash behind","This is a modern minimalist bathroom design featuring a light beige color palette with brass accents, set against a clean, serene atmosphere."
"coastal_170.jpg","Modern Minimalist","white, gray","wood, fabric","natural soft light from large windows","calm and airy","sofa, coffee table, lamp, bed, rug, table, chair","open space with central seating area","A modern minimalist bedroom with a calming and airy atmosphere, featuring a neutral color palette of white and gray, natural lighting, wood accents, and minimalistic furnishings."
"coastal_171.jpg","Scandinavian","white, beige, light wood","oak wood, linen, glass","natural soft light from large windows","calm and airy","sofa, coffee table, plant, floor lamp","open space with central seating area","This living room is designed in a Scandinavian style, featuring light wood tones, linen textiles, and glass elements. The large windows allow natural light to fill the space, creating an airy atmosphere. The central sofa and coffee table serve as focal points around which other furnishings are arranged, including a floor lamp and a plant for a touch of nature."
"coastal_172.jpg","Modern Minimalist","light gray, beige, white","wood, fabric, glass","natural soft light from large windows, supplemented by ceiling fans and indoor lighting","calm and airy","sofa, coffee table, floor lamp, plant, woven throw rug","open space with central seating area, bordered by windows on two sides","This modern living room features a minimalist design with neutral colors and natural lighting. The space is open and airy, with a variety of textures and materials used in the furnishings."
"coastal_173.jpg","Modern Minimalist","white, orange, blue","wood, fabric, plastic","natural soft light from large windows","calm and airy","couches, tables, chairs, vases","open space with central seating area",""
"coastal_174.jpg","Modern Minimalist","white, gray, wood","marble, brass, glass","natural light from window and recessed ceiling lights","calm and elegant","bathroom vanity with marble top, freestanding bathtub, wall-mounted mirror, wooden stool","small rectangular space with separate areas for bathing, dressing and storage","This modern bathroom features a minimalist design with gray accents and wood elements that create a serene atmosphere."
"coastal_175.jpg","Mid-Century Modern","light blue, cream, green accent","wood paneling, velvet upholstery, brass finishes","Natural soft light from large windows and a hanging metal chandelier","Warm and inviting","mid-century style sofa, coffee table with glass top, wicker basket, floor lamp","Open space with central seating area, flanked by doors on either side leading to outdoor areas","This interior combines mid-century modern design elements with a fresh and airy color palette, creating a warm and inviting atmosphere. The space is well-lit through large windows and a hanging chandelier, while the wood paneling and velvet upholstery give it a touch of sophistication."
"coastal_176.jpg","Modern","gray, white, beige","wood, fabric, metal","natural and diffused light from windows","calm and serene","bed, nightstand, lamp, rug, pillows","bedroom with bed at center of space, flanked by nightstands on either side","This is a modern bedroom featuring neutral colors and simple yet elegant furnishings, creating a calming atmosphere."
"coastal_177.jpg","Contemporary Coastal","blue-gray, white, natural wood","tile flooring, distressed wood beams, linen upholstery","bright natural light with a view of the ocean","relaxed and inviting","off-white sectional sofa, wood coffee table with glass top, large indoor plant, wicker armchair","open concept layout with seating area facing large windows offering ocean views","The coastal style of this room combines modern furnishings with natural elements to create a bright, inviting space with an ocean view."
"coastal_178.jpg","Modern Minimalist","white, blue","linen, wood, concrete","natural soft light from large windows","calm and airy","bed, wicker headboard, throw pillows, white bedding","space layout with bed as the focal point","This image showcases a modern minimalist bedroom design, featuring a monochromatic color scheme and natural lighting. The room has a serene atmosphere with its linen materials and wooden accents, while the concrete elements give it an industrial touch."
"coastal_179.jpg","Modern Minimalist","white, gray, black","marble, glass, stainless steel","natural light from large windows, supplemented by recessed lighting","clean and serene","large mirror, sink vanity, shower stall, towel rack","rectangular space with central sink area flanked by shower on one side","This modern bathroom features clean lines, a neutral color palette, and sleek materials. The large mirror enhances the sense of space, while the marble vanity adds an elegant touch."
"coastal_18.jpg","Scandinavian","white, red, blue","wood, fabric, metal","natural light from windows","clean and spacious","bed, nightstand, storage bench, bookshelf, rope ladder, paddle","spiral staircase leading to bunk beds with steps on each side","This room is designed in a Scandinavian style, with white and red colors creating a warm yet bright space. The spiral staircase leads to two sets of bunk beds, one with a ladder and the other with wooden steps, both providing access to additional storage benches at the top."
"coastal_180.jpg","Modern Minimalist","white, blue, wood accent","wood, metal, glass","natural soft light from large windows and pendant lights","bright and energetic with a touch of calmness","stainless steel refrigerator-freezer combo, island with built-in seating, large floor vase with flowers, modern pendant lights","open space with central island and additional workspace around it","This kitchen combines modern minimalism with a touch of warmth through wood accents, giving it a bright yet cozy atmosphere."
"coastal_183.jpg","Modern Minimalist","white, beige, light wood","oak wood, linen, steel","natural soft light from large windows and ceiling lamps","calm and airy","king-size bed, nightstands with lamps, wood bench, large mirror","open space design with a defined sleeping area separate from seating or working space","This image shows an interior design of a minimalist and modern style, featuring light-colored natural wood tones, linen textiles, and steel elements. The room is illuminated by natural light and ceiling lamps, creating a calm and airy atmosphere. The primary furniture includes a king-size bed with a wooden headboard, nightstands with lamps, and a bench for seating or storage."
"coastal_184.jpg","Shingle Style","blue gray, white, navy blue","cedar shake siding, white trim, black shutters","natural sunlight streaming through the windows","welcoming and cozy","rocking chair on porch, wreath on front door, outdoor grill","a spacious yard with a large deck in front of the house, creating an outdoor living area that extends into the garden.","A classic New England-style home with multiple windows, a welcoming porch swing, and a well-appointed exterior."
"coastal_185.jpg","Scandinavian","white, beige, light wood","wood, stone, glass","bright and natural light from large windows","calm and airy","sofa, coffee table, plant, floor lamp","open space with central seating area","A Scandinavian-style home with a light beige color palette, featuring wood and stone materials, bright natural lighting, calm and airy mood from large windows, open floor plan with central seating area."
"coastal_186.jpg","Modern","blue, white, wood","wicker, wood, leather","bright natural light from large windows and skylights","calm, inviting and relaxed","lounge chairs, coffee table, floor cushions, potted plants","open layout with outdoor furniture integrated into the space, creating a seamless flow between indoors and outdoors.","This open-concept living room design is a modern take on a Florida room, featuring wicker furniture that's both stylish and comfortable, set against a backdrop of lush tropical foliage."
"coastal_187.jpg","Modern Minimalist","blue, white, wood","fabric upholstery, natural wood finishes, metal frame construction","soft, natural light from large windows","modern and inviting","dark blue sectional sofa with pillows, wood coffee table, area rug under seating, plant, floor lamp, abstract wall art","open floor plan with centralized seating area leading to sliding glass doors","This living room features a modern minimalist style, with clean lines and neutral tones. The color palette is predominantly blue and white, creating a calm yet sophisticated atmosphere. Materials used include fabric upholstery for comfort, natural wood finishes for warmth, and metal frame construction for a contemporary touch. Lighting comes from the large windows, casting soft, natural light throughout the space. The room is furnished with a dark blue sectional sofa adorned with pillows, a wooden coffee table, an area rug to anchor the seating arrangement, a plant to bring in some greenery and freshness, a floor lamp for additional lighting, and abstract wall art for visual interest."
"coastal_189.jpg","Modern Minimalist","white, grey, navy blue","wood paneling, linen, wool","Soft overhead lighting with warm, dimmable LED bulbs","Serene and inviting","large bed, accent tables, blue throw blankets, white floor lamp","Open space layout with two large beds on either side of room","This modern hotel room features a minimalist design with natural materials, soft lighting, and serene color palette to create an inviting atmosphere."
"coastal_19.jpg","Modern Minimalist","white, beige, light wood","oak wood, linen, concrete, steel","natural soft light from large windows","calm and airy","large mirror, wooden countertop, white sink, potted plant","open space with central seating area","This is a modern minimalist bathroom design. The color palette consists of white, beige and light wood tones. Materials used are oak wood for the cabinets, linen for the towels, concrete and steel elements. Lighting is provided by large windows allowing natural soft light into the space. The mood conveyed is calm and airy. Key objects in the room include a large mirror, wooden countertop with white sink, and a potted plant adding a touch of greenery. The layout is open with a central seating area."
"coastal_190.jpg","Modern Minimalist","gray, white, wood accents","wood paneling, metal trim, marble countertops","modern with recessed lighting and pendant lamps over table","warm and inviting","dining room table, 6 chairs, potted plants","open floor plan with dining area adjacent to living space","This modern kitchen has a minimalist design, featuring gray walls, white cabinetry, and wood accents. It is well-lit by recessed lighting and pendant lamps over the table. The layout is open with the dining area adjacent to the living space for easy interaction."
"coastal_191.jpg","Modern Minimalist","white, gray, gold","marble, glass, brass","natural soft light from large windows","calm and serene","freestanding tub, large mirror, gold faucet, potted plant, vase with flowers","spacious bathroom with a clear delineation between shower and bathtub areas","This modern bathroom features clean lines, neutral colors, and a luxurious feel."
"coastal_192.jpg","Modern","white, gray, black","wood, glass, metal","natural light from a large window above the bar area","cozy and inviting","barstools, wine rack, kitchen island, potted plants","U-shaped layout with open kitchen and bar area","A modern kitchen with a sleek black cabinet, stainless steel refrigerator, and white countertops. The bar area has a wine rack and barstools for cozy gatherings."
"coastal_193.jpg","Modern Minimalist","white, blue, gray","glass, wood, metal","natural light from windows and recessed ceiling lights","calm and airy","sofa, coffee table, stool, console table, vase with flowers","open plan layout with kitchen, dining, and living spaces flowing together","This modern minimalist space features a neutral color palette with white walls, gray flooring, and blue accents. The open floor plan connects the kitchen, dining, and living areas, creating a bright and airy atmosphere."
"coastal_194.jpg","Modern Minimalist","beige, natural greens, dark wood","wood, fabric, concrete, brass","Natural soft light with large glass windows and outdoor lights","Bright and airy","L-shaped sofa, round wicker coffee table, large indoor plant, wooden floor lamp","Open space with central seating area, leading to outdoor pool and covered patio","A modern minimalist living space with a bright and airy feel, featuring natural materials and lighting."
"coastal_195.jpg","Modern Industrial","white, brass, green","wood, metal, marble","recessed lighting with brass fixtures, and a large window that provides natural light","modern yet warm and welcoming","wicker bar stools, wooden kitchen island, cubist artwork","open-plan layout with a central island for casual dining or gathering","This modern industrial kitchen features sleek lines, natural materials, and a neutral color palette that creates a warm and inviting space."
"coastal_196.jpg","Modern Minimalist","light blue, white, natural wood","concrete, glass, brass","overhead recessed lighting and a wall sconce","clean, bright and spacious","bathroom sink with double faucets, recessed medicine cabinet, towel racks on both sides of the sink","a long vanity with a mirror above and shelves below, flanked by two towel racks","This modern bathroom has a clean and minimalist design, featuring natural wood elements for warmth, light blue walls that create a bright atmosphere, and materials like concrete, glass, and brass adding touches of luxury."
"coastal_197.jpg","Modern Minimalist","white, beige, light wood","oak wood, linen, concrete","natural soft light from large windows and ceiling lights","calm and airy","sofa, coffee table, plant, floor lamp, chairs","open space with central seating area, flanked by decorative elements such as vases, mirrors, and artwork","This is a modern minimalist living room that exudes a calm and airy vibe. The color palette consists of neutral tones that create a serene atmosphere. The space is designed with functionality in mind, providing ample seating and surfaces for relaxation and socializing."
"coastal_198.jpg","Modern Minimalist","white, light wood","wood, metal, glass","Natural light from a large window with slats and recessed ceiling lights.","Bright and airy","stair railings, large windows, white walls","Open space with central stairwell leading to upper levels.","Modern minimalist design featuring white walls, light wood accents, and natural light from large windows."
"coastal_2.jpg","Modern Minimalist","white, beige, light wood","oak wood, linen, concrete, steel","natural soft light from large windows","calm and airy","sofa, coffee table, plant, floor lamp","open space with central seating area around dining table and kitchen island","This is a modern and minimalist home interior, featuring light wood tones, neutral colors, and natural light. The design combines the practicality of an open plan layout with clean lines and contemporary furnishings."
"coastal_200.jpg","Modern Minimalist","white, beige, light wood","oak wood, linen, steel","natural soft light from large windows","calm and airy","cabinet, countertop, bar stool, kitchen sink","open space with central kitchen island","This modern minimalist kitchen features white cabinetry, light wood countertops, and steel appliances. The large windows allow for ample natural light to enter the room, creating a calm and airy atmosphere."
"coastal_201.jpg","Modern","white, gray, wood, brass","steel, glass, fabric, leather","natural light from large windows and skylights, complemented by recessed lighting","airy and spacious with a touch of luxury","couches, coffee table, plant, rug, vase","open concept with kitchen area in the background","Modern living room with neutral tones, sleek materials, and a touch of luxury, featuring large windows and skylights that fill the space with natural light."
"coastal_202.jpg","Scandinavian","white, beige, wood","wood, leather, linen","natural soft light from large windows","warm and cozy","couch, coffee table, plant, floor lamp","open space with central seating area, divided by a stairwell","A Scandinavian-style interior design creates a warm and cozy atmosphere with natural lighting, white walls, wood accents, leather furniture, and a linen sofa."
"coastal_203.jpg","Modern","neutral, cream, wood","glass, brass, wood","Natural light from large window","Serene and spacious","Toilet paper holder with toilet paper on roll, Tall glass bottle with pump dispenser on sink counter, Metal framed mirror over vanity, Potted plant in corner of room, Vase with flowers on vanity counter","Small bathroom with toilet and sink in close proximity, separate space for vanity","This modern-style bathroom features a neutral color palette with cream walls and wood accents. The glass materials add to the spacious feel of the room."
"coastal_204.jpg","Scandinavian","white, light blue, beige, green","wood, linen, woven rattan, natural stone","Natural soft light from large windows","Calm and airy","queen-size bed, nightstand with lamp, sofa, area rug, floor lamp","Open space with central seating area under large window","Clean, minimalistic design in a coastal style featuring light wood tones and natural elements."
"coastal_206.jpg","Modern Minimalist","white, beige, blue, green","wood, fabric, metal, glass","natural soft light from large windows","calm and airy","couch, coffee table, chairs, potted plants, lamp","open space with central seating area","This is a cozy and modern living room with minimalistic design elements, featuring a white sofa, natural light, wooden chairs and coffee table, green accents, and plants."
"coastal_207.jpg","Modern Minimalist","white, black","wood, steel","natural soft light from large windows","modern and sleek with a touch of coziness","sofa, coffee table, plant, floor lamp","open space with central seating area, and cabinets on the sides for storage","This interior design presents a modern minimalist style with a focus on functionality and clean lines. The color palette consists of black and white with accents of wood and steel. Large windows let in natural light that brightens the space. The layout is open, allowing for easy movement and conversation flow."
"coastal_208.jpg","Scandinavian","white, blue, gray","wood, linen, glass","natural soft light from large windows","calm and airy","bed, nightstand, pillow, blanket, window","open space with central seating area","The room is designed in a Scandinavian style, featuring light wooden walls and floors. The color palette consists of white, blue, and gray tones. Natural sunlight streams through the large windows, creating a calm and airy atmosphere. The bed has a simple design with linen sheets and blankets for comfort. A nightstand with a lamp provides convenience. A window allows views of the outdoors while contributing to the room's brightness."
"coastal_209.jpg","Modern Minimalist","white, gray, wood","oak wood, stainless steel, linen","natural soft light from large windows and under-cabinet lights","calm and airy","sofa, coffee table, plant, floor lamp","open space with central seating area and island","A modern kitchen with a warm, inviting atmosphere featuring oak wood and stainless steel elements."
"coastal_21.jpg","Modern","white, gray, wood","tile, glass, brass","recessed lighting and a wall sconce provide brightness in the space","clean, modern and inviting","large shower with glass doors, white sink and countertops, wooden towel rack","open layout with tiled flooring","A spacious modern bathroom featuring clean lines, minimalistic design elements and a warm color palette."
"coastal_210.jpg","Modern Minimalist","white, blue, grey","wood, fabric, glass","natural soft light from large windows and recessed lighting in ceiling","calm and airy","sofa, coffee table, plant, floor lamp, rug","open space with central seating area, flanked by large windows","This is a modern minimalist living room featuring white and blue color tones, wood flooring, fabric upholstery, and floor-to-ceiling windows that fill the space with natural light."
"coastal_211.jpg","Bunk Bed","white, blue, red","wood, fabric","natural sunlight through window","functional and cozy","bunk beds, stairs, pillows","vertical space utilization","This is a functional room with two bunk beds and stairs leading to the upper level."
"coastal_212.jpg","Modern","light grey, white, wood","glass tiles, brass hardware, marble countertop","bright natural light from windows and recessed lighting fixtures","clean, serene, modern","white towel bars on glass tiles, bathroom sink with brass fixtures, vase of fresh flowers","wall-mounted bathroom sink flanked by a large window and recessed lighting under countertop","Modern bathroom design featuring minimalist style, clean lines, and natural materials."
"coastal_214.jpg","Modern Minimalist","white, light wood","brass, glass, natural fibers","Recessed lighting and natural sunlight","Clean, uncluttered and serene","lamp with white shade, small abstract artwork, simple glass vase with sticks and pebbles","Simplicity of space with minimal furniture and decorative elements","A modern, minimalist living room that emphasizes clean lines and uncluttered surfaces."
"coastal_215.jpg","Modern Minimalist","white, beige, light wood","oak wood, linen, concrete","natural soft light from large windows","bright and energetic","island with countertop bowl, hanging pots for herbs or cooking utensils, stools at the island for seating, shelves holding neatly arranged kitchen items, baskets under the hanging pots","open space with central work area","A modern minimalist kitchen design with a warm and bright atmosphere, featuring wooden materials, natural light, and functional island seating."
"coastal_216.jpg","Scandinavian","white, beige, green accent","oak wood, linen, concrete","natural soft light from large windows","calm and airy","cabinet, plants, blue cushions, framed artwork, floor lamp","open space with central seating area","This living room is designed in a Scandinavian style, featuring light wood tones, linen accents and green plants. The open floor plan emphasizes the use of natural light and creates a calm and airy atmosphere, perfect for relaxation."
"coastal_217.jpg","Scandinavian","white, beige, light wood","oak wood, linen, concrete","natural soft light from large windows","calm and airy","bed, dresser, table lamp, chair","open space with central seating area","A clean, minimalist bedroom with a focus on natural light and simplicity."
"coastal_218.jpg","Modern Minimalist","light blue, white, brown","wood, stainless steel, glass","natural soft light from large windows","calm and airy","kitchen island, stools, cabinets, potted plant","open space with central seating area","This kitchen features a clean, minimalist design with light blue walls and a variety of wood tones. The open layout and natural light create a serene atmosphere."
"coastal_219.jpg","Vintage","blue, white, turquoise","linen, wood, silk","Natural light from large windows with sheer curtains","Cozy and inviting","Queen-size bed with ornate headboard, Antique armoire, Vintage sofa, Coffee table with books","Bedroom layout featuring a large canopy bed as focal point","The room has an old-world charm with vintage furniture and blue accents, creating a cozy atmosphere."
"coastal_22.jpg","Scandinavian","white, beige, light wood","wood, fabric","natural soft light from large windows","calm and airy","sofa, coffee table, plant, floor lamp, cushion with blue stripes","open space with central seating area","The living room features a Scandinavian design, incorporating natural light and light wood tones to create a calm and airy atmosphere. The open layout encourages social interaction and the wooden furniture complements the overall style."
"coastal_222.jpg","Scandinavian","light wood, white, blue","wood, linen, glass","soft natural light from large windows","calm and airy","desk, chair, potted plant, lamp","organized workspace with separate sitting area","This Scandinavian-style home office features a desk with two chairs and a large window, creating a serene and natural atmosphere for working."
"coastal_224.jpg","Modern","neutral tones","wood, fabric, metal","natural light from windows and ceiling lights","clean, bright, and inviting","couches, coffee table, tv, bookshelves, floor lamp","open living space with seating area facing fireplace","This modern living room features a neutral color palette, ample natural light, and comfortable seating arranged around a central focus."
"coastal_225.jpg","Modern Minimalist","white, beige, light wood","wood paneling, leather, brass","natural soft light from large windows and ceiling light","warm and cozy","sofa, coffee table, plant, floor lamp","open space with central seating area around the fireplace","This living room features a modern minimalist design with clean lines, neutral colors, and natural materials. The wood paneling creates a warm atmosphere, while the ceiling light provides additional illumination. A large window allows for an abundance of natural light to fill the space."
"coastal_226.jpg","Scandinavian","white, beige, light wood","oak wood, linen, concrete","natural soft light from large windows","calm and airy","white shelving unit, decorative vase, framed artwork, stack of books, potted plant","open space with central seating area","This interior design features a Scandinavian style, characterized by a minimalistic approach with a calming and airy mood. The color palette is simple yet warm, predominantly white with accents of beige and light wood. The materials used include oak wood for the shelves, linen for a cozy touch, and concrete for an industrial feel. The lighting is natural, softly illuminating the space through large windows. Objects displayed on the shelf are minimal yet functional, including a decorative vase, framed artwork, stack of books, and potted plant."
"coastal_227.jpg","Modern Minimalist","white, silver, black","stainless steel, glass, wood","Natural light from large windows in back of kitchen, complemented by under-cabinet LED strip lighting","Clean and sophisticated","kitchen island, built-in refrigerator, stainless steel double sink","Open space with kitchen island as focal point, flanked by perimeter countertops","This modern kitchen features a clean and minimalist design with a palette of white, silver, and black, complemented by stainless steel appliances. The open layout is enhanced by the large windows in back that allow for natural light to fill the space."
"coastal_228.jpg","Modern Minimalist","white, gray, light wood","oak wood, steel, linen","natural soft light from large windows","calm and airy","sink, vanity mirror, toilet, washbasin","small space with compact layout","The bathroom is designed in a modern minimalist style, featuring oak wood floors and white walls. The color palette is simple, consisting of gray and light wood tones. The space is lit naturally by large windows that allow for soft, diffused lighting. The compact layout includes a small sink with vanity mirror and a toilet, providing functionality in a limited space."
"coastal_229.jpg","Modern","blue, green, white","wood, metal, glass","Natural sunlight from large windows and skylights, with under-cabinet lighting for cooking area.","Clean, fresh, and inviting, with a slight touch of rustic charm.","outdoor grill, outdoor table and chairs, potted plants","Open space with kitchen island at center, providing separation between indoor and outdoor areas.","This modern kitchen design offers a stylish and functional outdoor cooking and dining area that seamlessly integrates with the indoors."
"coastal_23.jpg","Modern Minimalist","light gray, navy blue, white","oak wood, brass hardware, stainless steel appliances","overhead track lighting with additional under-cabinet lights","calm and serene","modern kitchen cabinets, quartz countertops, kitchen island, stainless steel refrigerator","compact and efficient with maximized storage in wall-mounted cabinets","A modern, minimalist kitchen with a color palette of light gray and navy blue, featuring oak wood cabinetry and brass hardware. The space is well lit and provides a calm atmosphere."
"coastal_230.jpg","Modern Minimalist","black brick wall, gray couch, white walls","brick wall, wooden beams, metal fixtures","natural soft light from large windows","calm and airy","sofa, coffee table, plant, floor lamp, vase, pillows","open space with central seating area","This is a modern minimalist living room with a black brick wall, gray couch and white walls. The room features wooden beams on the ceiling and metal fixtures. A floor lamp provides soft lighting along with natural light coming in from large windows. The color palette includes black for the brick wall, gray for the couch, and white for the walls. The overall mood is calm and airy."
"coastal_231.jpg","Modern Minimalist","white, light wood, blue accent","oak wood, linen, steel","bright and airy","light and open","bunk beds, storage unit, duck figurine, potted plant","space divided into two bunk rooms with a shared bathroom in between","This modern bunk room design features an open floor plan, a light wood color palette, and minimalist decor. The space is brightly lit by natural sunlight streaming in from the large windows, creating a welcoming and airy atmosphere."
"coastal_232.jpg","Modern","gray, white, brass","marble, stainless steel","recessed lighting with under-cabinet LED strip lights","clean and elegant","bar stools, island, range hood","L-shaped design with open kitchen counter, island in center","This modern kitchen features a clean, minimalist design with gray and white accents. The space is well-lit by recessed lighting and under-cabinet LED strip lights, which provide both task and ambient lighting. The kitchen includes a large island that serves as a central gathering spot for the L-shaped layout. Materials such as marble countertops and stainless steel appliances contribute to the sleek and sophisticated look of this space."
"coastal_233.jpg","Modern Minimalist","green accent, beige, natural wood","cork tile backsplash, white subway tiles, white oak cabinets","bright and even lighting with recessed fixtures","modern and clean","white kitchen island, high-rise faucet, minimalist barware","linear layout with central bar area flanked by storage cabinets","This is a modern minimalist kitchen design that features a mix of materials, including cork tile on the backsplash and white oak for the cabinets. The color palette includes beige, natural wood accents, and green to create a contemporary look with clean lines and sleek appliances."
"coastal_234.jpg","Modern","white, gray, beige","wood paneling, leather upholstery, steel railings","large windows and ceiling lights provide ample natural light, accentuated by the warm glow of recessed lighting","comfortable and inviting","white sofa, wooden coffee table, flat-screen TV on wall mount, framed artwork on walls, floor lamp","great room with open kitchen area, featuring a vaulted ceiling that adds an airy feel to space","This modern living and dining room combines comfort with sleek design, using neutral tones and natural materials to create a welcoming atmosphere."
"coastal_235.jpg","Modern Minimalist","white, beige, light wood, blue","wood, fabric, metal","natural soft light from large windows","calm and airy","bed, bookshelf, swing, chair, basket","open space with central seating area and surrounding furniture","A modern, minimalist bedroom featuring a white crib, swing, bookshelf, and wicker basket. The room is illuminated by soft natural light."
"coastal_236.jpg","Modern Minimalist","white, light wood, gray","wood, fabric, glass","natural soft light from large windows","calm and airy","sofa, coffee table, plant, floor lamp","open space with central seating area","This living room features a minimalist modern style with light wood accents, natural lighting from the large windows, and a calm atmosphere."
"coastal_237.jpg","Modern Minimalist","white, gray, brass","stainless steel, marble, wood","Natural soft light from large windows on both sides of kitchen","Bright and airy with a touch of elegance","large island for seating, modern stove, barstools, vase with flowers","Open space with central seating area around the island, and kitchen bar lined along one wall.","This modern minimalist kitchen combines stainless steel appliances, marble counters, wood cabinets, and natural light to create an airy and elegant space."
"coastal_238.jpg","Modern Minimalist","white, light wood","wood, metal, glass","natural soft light from large windows and ceiling lights","calm and airy","sofa, coffee table, floor lamp","open space with central seating area featuring ocean view","The interior design of this space is a modern, minimalist approach focused on clean lines, natural light, and a calming atmosphere. The color palette consists of white walls, light wood accents, and metal and glass materials for a sleek and contemporary look. The seating area features two lounge chairs facing the ocean view, creating a comfortable space to relax and enjoy the scenery."
"coastal_239.jpg","Scandinavian","white, blue, wood","oak wood, linen, concrete, steel","bright and natural light from large windows","calm and airy","bookshelves, desk with chair, tv, storage cubes","open space with central seating area under sloped ceiling","A modern Scandinavian style home office featuring light wood furnishings, a white color palette, and bright natural lighting."
"coastal_24.jpg","Modern","white, light blue, natural wood","porcelain, glass, stainless steel","natural light from large windows and overhead lights.","clean and spacious","modern freestanding tub, double vanity sink, wooden toilet paper holder","open space with large mirror over double sink, freestanding tub against wall.","A modern and elegant bathroom with a spacious layout, clean lines, and natural materials."
"coastal_241.jpg","Modern Minimalist","light gray, white, natural wood","natural wood, linen, glass","ambient light with accent from floor lamp and wall sconces","calm and serene","queen-size bed with linens in a neutral color, white armchair, wooden coffee table, woven basket weave headboard, wall art or wallpaper with subtle design, floor lamp for ambient lighting, plant for a touch of greenery","bedroom layout that is spacious and open, with the bed as the focal point.","This modern minimalist bedroom features a calming color palette, natural materials, and a serene atmosphere."
"coastal_246.jpg","Modern Minimalist","white, light wood, gray","oak wood, fabric upholstery, steel, concrete","natural soft light from large windows, with additional accent lighting highlighting architectural features","calm and airy","sofa, coffee table, dining table, plant, floor lamp","open space with central seating area, featuring a staircase leading to second floor living spaces","This modern interior design creates an open and airy feel, with ample natural light accentuated by strategic lighting. The neutral color palette of white, light wood, and gray is complemented by the warmth of oak wood and fabric upholstery. An inviting central seating area anchors the space, with a staircase leading to second floor living spaces."
"coastal_247.jpg","Modern","white, gray, wood","stainless steel, quartz, walnut","ambient and accent lighting with warm white tones","modern, sleek and contemporary","island, oven, sink, stove, dishwasher, bar stools","open kitchen layout with center island","This modern kitchen features a mix of white, gray, and wood tones, along with stainless steel appliances and quartz counters, creating a sleek and contemporary feel."
"coastal_248.jpg","Scandinavian","navy blue, white, brass","glass, wood, tile","natural light from large windows, supplemented by recessed lights in the ceiling","calm and bright","white bathroom sink with silver faucet, white marble bathtub, white toilet, black and gold towel rack","open layout with large mirror above double vanity","A modern bathroom in a Scandinavian style, featuring navy blue walls, white fixtures, and glass tile. The space is well lit by natural light and has a minimalist, uncluttered design."
"coastal_249.jpg","Industrial Loft","black, white, wood","metal, fabric, leather","Natural soft light from large windows and floor lamps.","Industrial chic with a touch of bohemian flair.","black metal bed frame, white fur throw blanket, plant on top of the headboard, floor lamp, wooden bench","Open space layout with central seating area and plants on either side of the room. The bed is placed in a corner for an efficient use of space.","This modern loft-style bedroom features metal furniture, natural lighting, and bohemian decor."
"coastal_25.jpg","Modern Minimalist","white, grey, wood accents","oak wood flooring, linen upholstery, leather, glass","ambient and task lighting with a mix of natural and artificial sources","calm and serene","king size bed, sectional sofa, mid-century modern armchair, modern floor lamp, abstract artwork","open plan with separate sleeping and living areas","This modern minimalist bedroom and living room blend seamlessly, creating a harmonious open layout. The neutral color palette and simple furnishings contribute to the serene atmosphere."
"coastal_250.jpg","Modern Minimalist","light gray, white, natural wood","wood, linen, brass","Natural soft light from large windows, with additional floor lamps for ambient light","Calm and serene","sofa, coffee table, floor lamp, large mirror, plant","Open space with central seating area in front of large windows, flanked by two beds on either side against the walls.","The room is a modern, minimalist design with natural tones and materials. The open layout features a comfortable central seating area in front of large windows, flanked by two beds on either side for a sense of symmetry and balance."
"coastal_252.jpg","Scandinavian","blue-green, white, natural wood","wood, glass, stainless steel","bright and even light from recessed lights and pendant fixtures","modern and inviting","bar stools, kitchen island, potted plants, oven","open kitchen with central island for seating and preparation space","The image showcases a modern Scandinavian-style kitchen with a calming blue-green color palette, featuring materials like wood and stainless steel. The layout is open, with an emphasis on bright lighting and a central island for seating and preparation."
"coastal_253.jpg","Modern Minimalist","beige, light wood, navy","oak wood, linen, concrete","natural soft light from large windows and recessed ceiling lights","calm and airy","sofa, coffee table, plant, floor lamp, round cushioned ottoman","open space with central seating area in front of a large fireplace","A modern minimalist living room designed for comfort and relaxation, featuring natural materials and soft lighting that creates a warm atmosphere."
"coastal_254.jpg","Modern Minimalist","white, beige, light wood","oak wood, marble, brass","natural soft light from large windows and ceiling lights","warm and cozy","white oven, stainless steel refrigerator, copper cookware, plush towels","open space with central island and surrounding seating area","This kitchen is a modern minimalist design that features white cabinetry, beige backsplash, light wood accents, and brass fixtures. The oak cabinets add warmth to the space, which is illuminated by soft natural light coming from large windows and ceiling lights. The island serves as a central point for cooking and dining while surrounding seating invites social interaction."
"coastal_255.jpg","Modern Minimalist","white, blue, gray","fabric upholstery, smooth wood, natural stone","soft ambient lighting with floor lamps and table lamps","calm and sophisticated","white sofa, coffee table with decorative items, floor length mirror, modern wall art","open layout with central seating area around fireplace","This living room exudes a modern minimalist style with its clean lines, neutral color palette, and thoughtful placement of furniture and decor."
"coastal_256.jpg","Modern","white, gray, blue","wood, fabric, metal","Natural light from large windows.","Calm and airy.","bed, couch, chair, coffee table, plant","Open space with central seating area.","This modern bedroom features a king-sized bed, a comfortable couch and chair for seating, a coffee table as a central gathering place, and a plant that adds a touch of nature to the room."
"coastal_257.jpg","Modern","white, light wood","stainless steel, wood","recessed lighting with accent spotlights above countertops and island","bright, clean, and modern","kitchen island in center of room, modern pendant lights, white marble countertops","open concept design with kitchen island providing additional seating for dining","A modern kitchen with a bright palette, sleek stainless steel appliances and fixtures, and stylish wood accents."
"coastal_258.jpg","Industrial","dark wood, grey, blue","metal, glass, wood","industrial style light fixtures","edgy and modern","plant, blue vase, coffee table, round mirror, metal shelf","modern open concept design with a central focus on the bookshelf","This space features a contemporary industrial design with a dark wood bookshelf as the focal point, complemented by blue accents and modern light fixtures. The room has an edgy yet sophisticated feel, blending metal, glass, and wood materials."
"coastal_259.jpg","Modern","light grey, beige, dark wood","wood paneling, natural stone, steel frame on window","recessed lighting and natural light from the large windows","calm and contemporary","sofa set, large coffee table, flat screen TV, decorative bowl on the side table","open floor plan with a seamless transition between indoor and outdoor spaces","This is a modern living room that features a sleek design, neutral colors, and a great deal of natural light. The space has a cozy feel to it while maintaining a contemporary aesthetic."
"coastal_26.jpg","Modern Minimalist","white, gray, blue","linen, velvet, cashmere","natural soft light from large windows and chandelier","calm and airy","king-size bed, tufted ottoman, chandelier, large window","open space with central seating area","This is a modern minimalist room with white, gray, and blue color tones. The materials include linen, velvet, and cashmere, which give the space a luxurious feel. Natural light from large windows floods into the room, creating a calm atmosphere. Key pieces in the space are a king-size bed with a tufted ottoman at its foot, a statement chandelier, and a large window for views of the outdoors."
"coastal_260.jpg","Modern Minimalist","white, light blue, wood tones","concrete, steel, marble, natural wood","bright and airy with natural light from large windows","modern, relaxed and serene","sofa set, coffee table, floor lamp, bookshelf, plant","open space layout with a central area for seating","The interior of this modern house features minimalistic design with white walls and light blue accents. Concrete, steel and wood materials are used to create a calm and serene atmosphere."
"coastal_261.jpg","Modern Minimalist","white, gray, wood","oak wood, glass, marble","Natural soft light from large windows","Calm and airy","sofa, coffee table, potted plant, floor lamp","Open space with central seating area around dining table","This modern minimalist kitchen features a light wood finish, oak wood flooring, and large windows that allow natural light to fill the room. The color palette is composed of white walls, gray cabinets, and wood accents throughout. The layout includes an open space with a central seating area around a wooden dining table surrounded by four chairs."
"coastal_262.jpg","Modern Minimalist","white, light wood, black accents","oak wood, linen, steel","natural soft light from large windows and ceiling lights","calm and airy","desk with laptop, swivel chair, floor lamp, plant, coffee table","open space with central desk area surrounded by shelving and seating","This is a modern minimalist office space with light wood tones, black accents, and steel elements. The room features large windows for natural light and a contemporary open floor plan that includes a desk area, coffee table, plant, swivel chair, and shelving."
"coastal_263.jpg","Scandinavian","light blue, white, gold","silk, wool, wood","soft, natural light from windows","calm and serene","couch, coffee table, plant, floor lamp, pillows","modern open floor plan with central seating area","Scandinavian-style living room featuring soft lighting, warm gold accents, and a calming atmosphere."
"coastal_264.jpg","Modern Minimalist","white, light wood","oak wood, linen, steel","natural soft light from large windows and recessed LED lights","calm and airy","sofa, coffee table, floor lamp, flat screen TV, woven basket on coffee table","open space with central seating area, flanked by floor-to-ceiling windows offering panoramic views of water and greenery.","This modern minimalist living room exudes a serene atmosphere through its clean lines, neutral color palette, and strategically placed lighting. The oak wood flooring brings warmth to the space, while the white sofa and woven basket on the coffee table add texture and comfort. Recessed LED lights provide soft illumination, enhancing the overall calming ambiance."
"coastal_265.jpg","Scandinavian","white, light grey, wood","wood, linen, glass, silk","The room has a soft, natural light from the large window.","calm and serene","bed, bedside table with lamp, wooden bench at foot of bed, woven basket on wooden bench, framed art above the bed","The room has a simple and clean layout, with a central bed as the focal point.","This Scandinavian-style bedroom features minimalistic design elements and a serene atmosphere through its use of natural materials and light colors."
"coastal_267.jpg","Modern Minimalist","white, light wood","oak wood, carrara marble","soft natural light with a large window and recessed lighting","calm and luxurious","freestanding bathtub, white vanity, blue accent pillow, sconces","a long hallway leading to a bathroom with his-and-her sinks and a large tub","This modern bathroom features minimalist design, warm wood tones, and soft lighting for a serene and luxurious feel."
"coastal_268.jpg","Modern","beige, gray, wood","oak wood, leather, brass","well-lit with natural light from windows and ceiling fixtures","comfortable and cozy","sofa, armchair, coffee table, wooden bookshelf, fireplace","open concept with sitting area facing television","This living room is designed in a modern style, featuring warm beige and gray tones with wood accents. The space utilizes natural lighting and oak wood construction to create a comfortable and inviting atmosphere."
"coastal_269.jpg","Scandinavian","white, black, natural wood","oak wood, marble, stainless steel","soft, natural light from large windows","calm and airy","kitchen island, hanging pendant lights, wicker basket, wooden cutting board","open space with a central cooking area leading to a dining space","This modern kitchen combines neutral colors and natural materials, creating a bright and spacious environment that is both functional and inviting."
"coastal_27.jpg","Scandinavian","white, light blue, gray","wood, metal, glass","recessed ceiling lights and pendant lights over island","calm and modern","island, barstools, coffee maker, potted plants, vases","open concept kitchen with breakfast bar in center of room","The kitchen features a Scandinavian design style, utilizing white and light blue cabinets for a minimalist look. The island provides additional workspace and seating. Metal appliances contrast with wooden countertops, contributing to the overall modern feel of the space."
"coastal_272.jpg","Modern Minimalist","beige, gray, white","marble, brass, leather","ambient lighting complemented by task lighting around mirrors","clean, elegant and spacious","elephant sculpture, double sinks, large mirrors, towel rack","his-and-hers vanity with separate storage spaces","A modern bathroom design featuring a minimalist style, with a clean color palette and high-quality materials."
"coastal_274.jpg","Modern Minimalist","gray, white, beige","fabric upholstery, wooden slats for the ceiling","recessed lighting with a warm, soft glow","calm and cozy","gray sofa, white throw pillows, beige blanket draped over the armrests, white shag area rug, wooden coffee table","open space with a central seating arrangement under the wooden slat ceiling","This living room is a modern, minimalist space that combines neutral colors with natural materials to create a calm and cozy atmosphere."
"coastal_275.jpg","Modern Minimalist","white, light wood, blue accent","oak wood, linen, steel","natural soft light from large windows, with ceiling fans adding a tropical touch","calm and airy","dining table with chairs, bar area with stools, large island with double ovens, wine fridge","open space with central seating area, including a bar area and dining table within reach of the kitchen island","This modern kitchen combines minimalist design elements with tropical accents, creating a serene and inviting atmosphere."
"coastal_276.jpg","Modern Minimalist","light wood, white, gray","steel, stone, wood","natural soft light from large window","calm and airy","sink, cabinets, towel, mirror, shelf","small space with efficient layout","This bathroom combines a minimalist style with modern fixtures, creating an inviting and calming atmosphere."
"coastal_277.jpg","Modern Minimalist","white, light wood, gray","wood, glass, fabric","natural soft light from large windows and recessed lights","modern, contemporary, clean","sofa, coffee table, flat-screen TV, decorative artwork, floor lamp","open space with central seating area featuring a large sofa and coffee table","This modern living room combines minimalist design elements with natural light to create a contemporary, open space that feels both stylish and comfortable."
"coastal_28.jpg","Scandinavian","white, blue, tan","wood, linen, metal","Natural light from large windows","Bright and airy","sofa, coffee table, plant, floor lamp, woven basket chair","Open space with central seating area","This room has a Scandinavian design with a focus on simplicity and natural light. The color palette includes white, blue, and tan tones, complemented by wooden furniture and linen upholstery. Large windows let in plenty of light, creating an airy and bright atmosphere. The seating area features a sofa and coffee table with a plant as the centerpiece, adding a touch of green to the space. A woven basket chair provides additional seating. The wooden floor adds warmth to the room."
"coastal_283.jpg","Modern","blue, white, silver","porcelain, stainless steel, acrylic","well-lit with soft, ambient lighting from recessed LED fixtures","clean and sleek","shelf, sink, toilet paper holder, shower curtain","compact bathroom layout with a single sink, white wall tiles, and silver fixtures","This modern bathroom combines blue walls, a clean white and silver color scheme, porcelain and stainless steel fixtures, and well-lit ambiance to create a sleek and stylish space."
"coastal_284.jpg","Modern Minimalist","white, gray, light wood","brick, glass, stainless steel","natural soft light from large windows and recessed ceiling lights","calm and airy","pool, outdoor furniture, large potted plants, modern fireplace, vintage rugs","open space with central seating area around fire pit and poolside lounging area","This house features a modern minimalist design with clean lines and an open layout, highlighted by white walls, gray accents, and light wood elements. The outdoor living spaces include a large swimming pool, various seating areas for relaxation and entertainment, and well-maintained landscaping."
"coastal_286.jpg","Scandinavian","white, light gray, soft blue","wood, linen, metal","natural soft light from large windows","calm and airy","bunk beds, chair with dog, shelving unit, area rug","open space with central seating area","A cozy Scandinavian-style room featuring two bunk beds, a comfortable chair for the dog, and large windows that let in soft light. The color palette is light and airy, and materials like wood and linen add warmth."
"coastal_287.jpg","Scandinavian","white, gray, wood accents","wood, linen, leather","bright and natural with large windows","calm and inviting","sofa, coffee table, armchair, flat screen TV, bookshelf","open concept with living room flowing into kitchen area","This modern Scandinavian-style living space combines a minimalist aesthetic with warm, natural tones and light wood accents. A bright and airy atmosphere is achieved through the use of large windows and a neutral color palette that features whites and grays as the main backdrop for cozy touches like leather seating and linen upholstery."
"coastal_289.jpg","Modern","white, gray, wood","oak wood, porcelain, metal","Natural light from a large window","Calm and elegant","Wall sconce, Black and white patterned rug, Glass bottles of soap and lotion, Flower arrangement in a potted plant, Towel ring on the wall","Small bathroom with sink and vanity set against brick wall","A modern bathroom with wood cabinets, natural light, and a calming atmosphere."
"coastal_29.jpg","Contemporary","blue, beige, brown","tile, metal, wood","bright and modern lighting fixtures","clean, sleek, and minimalistic","showerhead, shower curtain, soap dish","small bathroom with shower stall and counter space","This bathroom is designed in a contemporary style, featuring blue tilework, wood elements, metal accents, and a minimalistic mood. It has bright lighting fixtures, a small shower area with a curtain, and a soap dish on the countertop."
"coastal_290.jpg","Minimalist","gray, white, orange","wood, fabric","moderate natural light from windows and ceiling fan","calm and serene","bed, bookshelves, pillows, side table, lamp","split-level design with upper level dedicated to sleeping area and lower level dedicated to reading and relaxation","This is a serene bedroom featuring minimalist design, wood materials, white accents, and orange details. The room is illuminated by natural light filtering through windows and the ceiling fan. The space has been designed for comfort and functionality with a split-level layout that separates sleeping from relaxation areas."
"coastal_292.jpg","Modern Minimalist","white, grey, black","glass, leather, metal","natural soft light from large windows","calm and airy","sofa, coffee table, plant, floor lamp","open space with central seating area","This modern living room features a minimalist design with a monochromatic color palette, primarily white and grey tones. The space is defined by clean lines and surfaces, predominantly in glass and metal materials. The lighting is soft and natural, coming from large windows that frame views outside. In the center of the room, there's a seating area with a sofa and coffee table, complemented by a leather armchair and floor lamp. Additional decor includes potted plants for a touch of greenery."
"coastal_294.jpg","Modern Minimalist","neutral tones, white, gray","wood, leather, metal","natural light from floor-to-ceiling windows and recessed lights","calm and serene","sectional sofa, cabinet with built-in entertainment system, floor lamp, area rug","open concept living space with no barriers between rooms","This modern minimalist interior design features a neutral color palette, natural lighting from large windows and recessed lights, with an emphasis on clean lines and understated elegance."
"coastal_295.jpg","Scandinavian","white, gray, green","glass, marble, brass","natural soft light from large windows","calm and airy","bathroom sink, shower door, plants, mirror","small room with separate shower area and vanity","This bathroom features a Scandinavian design with a minimalist color palette, primarily white. Materials include glass for the shower door, marble for the countertops, and brass fixtures. The lighting is soft and natural, contributing to a calm atmosphere. Key objects in the room include a bathroom sink, separate shower area, mirror, and plants to add life."
"coastal_296.jpg","Scandinavian","grayish blue, white, wooden tones","tiled walls, porcelain, natural wood","Natural light from a large window","Clean and modern, with a touch of rustic charm","freestanding tub, built-in sink vanity, hanging towel rack, basket weave rug","Long rectangular space divided into functional zones","A stylish bathroom with a Scandinavian design, featuring tiled walls and natural wood accents."
"coastal_297.jpg","Modern","white, light wood, gold accents","marble, brass, glass","ambient light from ceiling fixtures and wall sconces","serene and luxurious","mirror above sink, wooden vanity, plants in vases on countertop","small space with narrow alcove, sink area occupies corner of room","This modern bathroom is designed for functionality and luxury, featuring a marble vanity and gold accents, as well as plants that add a touch of nature. The large mirror above the sink reflects light from ceiling fixtures and wall sconces, creating an inviting atmosphere."
"coastal_299.jpg","Modern","red, yellow, blue","wood, clay, metal","bright and natural","vibrant and cheerful","flower vase, painting, plant, decorative pillow","simple, minimalist arrangement with focus on vivid colors","This interior design exudes a modern, color-filled space that is both visually striking and inviting."
"coastal_3.jpg","Modern Minimalist","white, light wood, black","oak wood, leather, fabric, glass","soft, ambient lighting with warm tones from recessed ceiling lights","contemporary and inviting","sofa, coffee table, floor lamp, area rug, hanging art","open floor plan with central focus on seating area, surrounded by windows and large sliding glass doors for connection to outdoor spaces.","This is a modern and minimalist living room with a neutral color palette of white, light wood, and black. The room features oak wood floors and ceilings, a leather sofa set around a fabric coffee table, a floor lamp providing soft lighting, and warm tones from the recessed ceiling lights. An area rug adds texture underfoot, and hanging art contributes to the contemporary feel of the space."
"coastal_30.jpg","Modern Minimalist","light beige, wood accents, greenery","oak wood, linen, steel","natural soft light from large windows","calm and airy","shelving unit with storage baskets, stretching equipment, potted plant, wooden yoga blocks, sports ball","open space with central seating area","This is a well-organized and minimalist studio. The shelving unit has various baskets for storage, the stretching equipment indicates it's used for fitness or yoga activities, and the natural light creates an open and inviting atmosphere."
"coastal_300.jpg","Modern","gray, white, blue","wood, linen, glass","modern chandelier and ambient lighting","sophisticated and relaxing","bed, sofa, coffee table, wall art","open layout with bed as centerpiece","This is a modern, open-concept bedroom with a gray palette featuring wood, linen, and glass materials. The room is illuminated by a chandelier providing ambient lighting that complements the sophisticated atmosphere."
"coastal_302.jpg","Modern","white, gray, dark brown","wood, leather, glass","Natural light from large windows and chandelier with multiple lights.","Warm and inviting.","dining table, chairs, mirrors, lamp","Open space with a central seating area around the dining table.","Modern dining room with natural light and warm tones, featuring wood and leather materials."
"coastal_303.jpg","Modern","white, light wood, blue","oak wood, linen, glass","natural soft light from large windows and ceiling lights","calm and modern","shelf with drinkware and decorative items, bar cart with drinks, potted plant","open kitchen space with bar area adjacent to living room","This interior design features a modern style with clean lines, light wood accents, and natural materials. A shelf in the corner of the kitchen holds drinkware and decorative items while a bar cart nearby has an assortment of cocktails ready to enjoy. The room is open and airy, with plenty of windows allowing for soft natural light that complements the calm and modern mood."
"coastal_304.jpg","Minimalist","gray, white, black","tile, wood, concrete","Natural light from a large window above the sink.","Calm and serene","sink, toilet, window, countertop","Small bathroom with an open layout.",""
"coastal_305.jpg","Modern Minimalist","white, blue, brown","wood, fabric, glass","natural soft light from large windows","calm and airy","sofa, coffee table, plant, floor lamp, wicker chair","open space with central seating area and defined dining space","This living room has a modern minimalist design, featuring a color palette of white, blue, and brown. The room is well-lit by natural soft light from large windows that give a calm and airy mood to the space. Key furniture pieces include a sofa, coffee table, wicker chair, plant, and floor lamp."
"coastal_306.jpg","Modern Minimalist","white, black, beige","wood, metal, glass","bright and well-lit with recessed lighting and pendant lights above the island","bright and airy","island with built-in seating, stainless steel appliances, modern bar stools","open plan layout with a centralized kitchen area",""
"coastal_307.jpg","Modern Minimalist","white, blue, beige","wood, linen, cashmere","natural soft light from large windows and ceiling lights","calm and airy","sofa, coffee table, plant, floor lamp","open space with central seating area","The interior design features a modern, minimalist style with white walls and beige cushions on the blue sofa. Natural light floods the room from large windows and ceiling lights, creating a calm and airy atmosphere. The living room is furnished with a coffee table, a plant, and a floor lamp. Wood elements and linen textiles add warmth to the space."
"coastal_308.jpg","Modern Minimalist","light grey, white, wood accents","cedar shingles, glass railings, steel beams","subtle overhead recessed lighting and under-cabinet LED strip lights","warm and inviting with a touch of elegance","modern sectional sofa, minimalist glass coffee table, contemporary abstract art, sleek floor lamp","open concept with a central kitchen island and seating area that flows into the living room","This modern minimalist interior design features a warm and inviting atmosphere with subtle lighting, light wood accents on cedar shingles, a mix of contemporary and abstract art pieces, and a central kitchen island with a glass coffee table in the middle. The layout is open and flowing from the kitchen to the living room."
"coastal_309.jpg","Scandinavian","white, beige, light wood","wood paneling, fabric upholstery, brass accents","well-lit with a mixture of natural light and ambient lighting","warm and inviting","sofa, coffee table, floor lamp, artwork, plant","open plan with a central seating area","This is a modern Scandinavian living room, characterized by a neutral color palette and natural materials. The space features an open floor plan that leads the eye towards the television wall at the far end of the room."
"coastal_31.jpg","Modern","black, white, brass","wood, marble, concrete, metal","natural light from large windows and recessed ceiling lights","calm and serene","mirror, countertops, sink, chandelier, vase","long narrow space with vanishing point mirror reflecting room depth","This is a modern bathroom design featuring a black and white color scheme, marble countertops, wooden elements, and large windows that allow for natural light to brighten the space."
"coastal_310.jpg","Scandinavian","blue, white, wood","wood, metal, glass","bright and natural light, with a central pendant light","airy and spacious","kitchen island, white chairs, blue cabinets, yellow flowers","an open kitchen and dining area with an L-shaped layout for seating and counter space","This kitchen combines modern and minimalist design elements, creating a bright, airy, and spacious atmosphere. The blue cabinets add a pop of color against the white countertops, while the wooden elements bring warmth to the space. The pendant light hangs from the high ceiling, providing ample natural light that illuminates every corner."
"coastal_311.jpg","Scandinavian","gray, white, natural wood","wood, linen, glass","soft and natural light from windows with curtains","calm and organized","sofa, dining table, chairs, floor lamp, vase","open space layout with central dining area and side seating areas","This image depicts a modern Scandinavian-style living room and dining area, featuring gray furniture, white walls, wood accents, and natural lighting. The mood is calm and organized, with soft textures and a clean layout that maximizes space."
"coastal_312.jpg","Scandinavian","beige, white, light wood","wood paneling, cotton, leather","natural soft light from large windows","calm and airy","sofa, coffee table, plant, floor lamp","open space with central seating area","This Scandinavian-style living room features a calming beige color palette, light wood accents, and natural lighting from the windows. The layout consists of an open space with a central seating area anchored by a comfortable sofa. Decor includes wooden paneling on the walls, cotton textiles, and leather elements for a cozy atmosphere."
"coastal_313.jpg","Modern Minimalist","white, gray, wood accents","stainless steel appliances, light wood cabinetry, marble countertops","natural soft light from large windows and recessed ceiling lights","spacious, clean and airy","kitchen island with seating, dining table for six, potted plant, stainless steel range hood","modern L-shaped kitchen with dining area adjacent to living room","This modern minimalist kitchen features a clean and airy design, with stainless steel appliances and light wood cabinetry. The space is well-lit by natural light from windows and recessed ceiling lights. A large island serves as both additional counter space and seating area for dining, while the adjoining dining table accommodates six guests. The design includes a marble kitchen countertop that adds elegance to the space."
"coastal_314.jpg","Scandinavian","white, wood, green","wood, linen, metal","natural soft light from large windows","calm and airy","sofa, storage bench, wicker basket, bed, wooden dresser","open space with central seating area","This is a clean, simple bedroom design that feels open and inviting. The room features a storage bench at the foot of the bed, providing functionality without cluttering the space. The large window allows for plenty of natural light to fill the room, while the neutral color palette creates a calm atmosphere."
"coastal_315.jpg","Modern Minimalist","white, beige, blue","wood, linen, glass","bright and natural light from large windows","calm and serene","king-size bed, bed bench, coffee table, floor lamp, area rug","open space with central seating area, featuring a king-size bed flanked by nightstands","This minimalist modern bedroom design creates a calm and serene atmosphere using natural light from large windows, a neutral color palette of white, beige, and blue, and sleek wood and glass materials."
"coastal_316.jpg","Modern Minimalist","light beige, white, neutral gray","wood, leather, glass","natural soft light from large windows","calm and airy","sofa, coffee table, plant, floor lamp, chair","open space with central seating area","A modern, minimalist living room with natural lighting, a neutral color palette and minimal decor."
"coastal_317.jpg","Modern Minimalist","white, gray, blue","wood, metal, fabric","bright and natural, from large windows overlooking water","airy and calm","couch, coffee table, nightstand, artwork, plants","open floor plan with central seating area near a large window with view of water","This modern bedroom features a minimalist design, with gray and blue tones complementing the wood and metal materials. The layout is open, focusing on natural light from large windows that overlook water, creating a calm and airy mood."
"coastal_318.jpg","Modern Minimalist","white, blue, red, gray","wood, linen, metal, leather","natural light filtering through large windows and a soft glow from lamps","bright and energetic","two beds, nightstands, lamps, poster","two beds placed side by side against the wall, nightstands on either side with a single lamp on each","A well-lit and spacious bedroom featuring two beds in a modern minimalist style."
"coastal_319.jpg","Modern Minimalist","white, gray","leather, linen, wood","natural light from large windows","calm and serene","sofa, coffee table, plant, potted plant, vase, books","open space with central seating area and surrounding decorative elements","The room has a modern minimalist design with clean lines and simple furnishings, creating a calm and serene atmosphere through its use of light-colored materials like leather and linen. The large windows let in natural soft light that brightens the space while emphasizing the simplicity of the interior decor."
"coastal_32.jpg","Modern","gray, beige, black","wood, brick, metal","natural light from large windows and ceiling lights","modern and inviting","sofa, coffee table, floor lamp, plant, vase","open space with central seating area surrounding fireplace","A modern living room featuring a warm and inviting atmosphere with a neutral color palette, natural lighting, and comfortable seating arranged around a central fireplace."
"coastal_320.jpg","Modern Minimalist","light blue, cream, black","concrete, wood, brass","natural soft light from large windows","calm and airy","freestanding bathtub, large mirror, two floor lamps, plush towels, indoor plants","open space with central bath tub for relaxation","This modern, minimalist bathroom features a light blue color palette with concrete walls and floor, wood accents, and a large mirror that reflects the outdoor view. The room is well-lit by natural sunlight coming through the large windows, creating a calm and airy atmosphere. Furnishings include a freestanding bathtub in the center for relaxation, two floor lamps for ambiance, and indoor plants to add a touch of greenery. The overall style is clean, contemporary, and inviting."
"coastal_322.jpg","Scandinavian","blue, white, tan","wood, fabric, tile","natural soft light from large windows","calm and airy","window treatments, shower curtain, towel rack, bathtub","bathroom with separate tub and shower areas","This Scandinavian-style bathroom features a soothing blue color palette, natural wood elements, and white window treatments that allow plenty of light to pour in. The combination of wood and fabric gives the space a warm yet refreshing feel, while the separate tub and shower areas make it both functional and relaxing."
"coastal_323.jpg","Modern Minimalist","white, light wood","stainless steel, oak wood","natural soft light from large windows, complemented by recessed LED lights","calm and airy","island with counter space for food preparation, sleek stainless steel appliances including oven, microwave, and dishwasher, modern pendant lights hanging from ceiling, white subway tile backsplash above the island, large windows with blinds for privacy and light control","open space with central kitchen island as focal point, flanked by countertops on two sides for storage and workspace","This modern minimalist kitchen features a clean and airy design with a neutral color palette and high-quality materials such as oak wood and stainless steel. The abundance of natural light from the large windows creates an inviting atmosphere, while the sleek appliances and pendant lights add to the contemporary feel."
"coastal_325.jpg","Scandinavian","white, blue, wood","oak wood, linen, steel","soft and warm, with natural light from large windows","calm and airy","sofa, coffee table, plant, floor lamp, artwork","open space with central seating area, flanked by side tables","A Scandinavian style living room with a neutral color palette, natural lighting, and simple furnishings."
"coastal_326.jpg","Scandinavian","white, beige, light wood","oak wood, linen, concrete","natural soft light from large windows and recessed ceiling lights","warm and cozy","island with barstools, dining table, plants, chandelier, sofa","open space with central seating area, including island for eating or casual socializing.","This kitchen features a Scandinavian design style with neutral tones and natural materials. The open layout promotes warmth and comfort while the large windows allow for plenty of natural light to brighten up the space."
"coastal_328.jpg","Modern Minimalist","white, beige, light wood","glass, wood, linen","natural soft light from large windows","calm and airy","round wooden table, round wicker stool, tall plant in glass vase, floor lamp","spacious room with central round table surrounded by seating area","This modern minimalist interior design creates a serene and inviting atmosphere through the use of natural light, simple furniture pieces, and a harmonious color palette."
"coastal_329.jpg","Scandinavian","white, beige, light wood","cedar siding, stone foundation, vinyl windows","natural soft light from large windows","calm and airy","wooden sofa, wicker coffee table, plant in corner of room, wooden stair railing","open space with central seating area and surrounding outdoor stone wall","Scandinavian style home featuring a light wooden color palette, cedar siding, vinyl windows, wood furniture, and an open layout with ample natural light."
"coastal_33.jpg","Modern Minimalist","white, gray, blue","steel, marble, wood","well-lit with recessed and pendant lights","bright and inviting","stainless steel appliances, white cabinets, bar stools, flowers","open space kitchen with island in center and bar area in front of sink","This modern kitchen is designed with a minimalist approach, featuring clean lines and neutral colors. The space is brightly lit and welcoming, combining both functionality and style."
"coastal_330.jpg","Modern","light beige, dark gray, black","wood, fabric, metal","ambient and natural light","spacious and inviting","sofa, coffee table, floor lamp, artwork, rugs","open concept with kitchen and living area connected","This modern space features an open floor plan, blending the kitchen and living areas into one seamless space. The color palette is neutral, creating a warm and inviting atmosphere. Wood elements add texture and warmth to the room, while black accents provide contrast. A large window allows for plenty of natural light, which enhances the overall brightness of the space."
"coastal_331.jpg","Modern Minimalist","white, dark gray, wood, light wood","concrete, wood, glass, steel","Natural light from large windows and skylights","Calm and airy","sofa, coffee table, plant, floor lamp, modern artwork","Open space with a central seating area and a separate living room in the rear","This modern home features clean lines, minimalist decor, natural lighting from numerous windows, and a warm yet airy atmosphere."
"coastal_332.jpg","Modern","blue, white, beige","wood, metal, fabric","Natural light from a window and ambient light fixtures.","Calm and elegant.","sink with bowl faucet, mirror above sink, vase of flowers on counter","Small space with mirror reflecting the room back.","Modern bathroom design with a monochromatic color scheme and stylish fixtures."
"coastal_333.jpg","Scandinavian","white, gray, beige","wood, linen, metal","bright and natural light from large windows","calm and airy","couches, coffee table, plants, floor lamp","open space with a central seating area","This is a modern and bright Scandinavian-style living room with a neutral color palette, natural lighting from large windows, and a comfortable open layout."
"coastal_334.jpg","Modern","white, beige, light wood","concrete, wood, metal","Natural light from large windows and skylights.","Airy and spacious with a relaxed atmosphere.","sofa, chair, coffee table, pool, chaise lounge","Open floor plan with a pool area and outdoor seating.","Modern interior design featuring a large pool overlooking the water, complete with comfortable furniture and a relaxed atmosphere."
"coastal_335.jpg","Modern","neutral gray, bright yellow, muted green","wooden cabinets, silver metal handles, white marble counters","natural light from a large window and overhead recessed lights","modern and open","stainless steel appliances, contemporary wooden bar stools, large kitchen island","an L-shaped layout with the island serving as a divider","This modern kitchen features sleek lines, neutral gray tones and pops of bright yellow. The space is well-lit and organized around an L-shaped island."
"coastal_338.jpg","Modern Minimalist","white, dark grey, light wood","stainless steel, wood, stone","natural soft light from above cabinets and under cabinet lighting","calm and organized","kitchen island, backsplash with geometric pattern, modern kitchen sink","open concept layout with galley-style appliances","This modern kitchen features minimalist design elements, a cohesive color palette of white and light wood tones, and stainless steel appliances."
"coastal_34.jpg","Scandinavian","white, grey, natural wood","wood planks on ceiling and walls, metal piping, glass tiles","soft, natural light from large windows","bright and airy","sofa with white throw pillows, wood coffee table, floor lamp, plants","open space with central seating area and kitchen bar","This modern Scandinavian living room combines a neutral color palette with natural wood accents to create a bright, airy space with an open layout. The furniture arrangement centers around the sofa for conversation, while the wood coffee table and floor lamp provide functional elements that add warmth. Large windows allow for abundant natural light, enhancing the room's spacious feel."
"coastal_341.jpg","Modern Minimalist","white, gray, wood","marble, oak wood, stainless steel","ambient light from recessed ceiling fixtures","calm and serene","bathtub, wooden bench, floor lamp, framed artwork","linear arrangement of bathroom elements with freestanding bathtub as focal point","This modern minimalist bathroom features a soothing color palette and luxurious materials for a tranquil sanctuary."
"coastal_342.jpg","Scandinavian","white, beige, light wood","wood, glass, metal","Natural soft light from large windows.","Calm and airy with a touch of rustic charm.","sofa, coffee table, rug, framed artwork, wine glasses, bottle","Open space with central seating area around a kitchen island.","Scandinavian-style interior with light, airy design elements and rustic touches, focusing on natural wood and metal accents."
"coastal_343.jpg","Modern","dark blue, light gray, white","wood, glass, stainless steel","well-lit space with natural and artificial light sources","clean, sleek, and contemporary","kitchen island, built-in oven, sink, backsplash, wine glasses","open kitchen design with ample counter space and storage","This is a modern kitchen design featuring dark blue cabinetry, a light gray backsplash made of subway tiles, and stainless steel appliances. The color palette is simple yet elegant, with natural wood accents adding warmth to the space."
"coastal_344.jpg","Modern Minimalist","white, beige, light wood","wood, fabric, metal","natural soft light from large windows and recessed ceiling lights","calm and airy","white sectional sofa, wooden coffee table, stainless steel range hood, flat screen TV, abstract art on the wall","open concept with a large central seating area and an island in the kitchen","This is a modern minimalist living space with a light color palette, natural materials, and a focus on clean lines and functional design."
"coastal_345.jpg","Modern Minimalist","white, light wood, gray","oak wood, stainless steel, marble","natural soft light from large windows with frosted glass","calm and airy","center island, dining table, modern chairs, minimalist artwork","open space with central seating area around center island and dining table","This modern kitchen combines minimalism with a warm, inviting atmosphere. The color palette is soft and neutral, allowing the oak wood to be the star of the show. Stainless steel appliances add a sleek touch while marble countertops provide elegance. Natural light from large windows creates a bright space that feels open and airy."
"coastal_346.jpg","Modern Minimalist","white, beige, wood","concrete, glass, metal","sunlight from a large window","calm and serene","sink, shelf, towel, soap dispenser","compact with efficient use of space","This is a modern, minimalist bathroom with clean lines and a focus on natural light. The color palette is neutral with accents of wood, providing a warm and inviting atmosphere."
"coastal_347.jpg","Scandinavian","white, beige, light wood","wood, fabric","bright and natural light from skylights","clean, modern, and bright","bench, pillow, hat, purse, boots","narrow hallway with a bench and mirror at the end","A simple and minimalist Scandinavian-style entryway featuring a wooden bench, woven purse and hat hanging on hooks, bright lighting from skylights, and a mirror at the end of the hall."
"coastal_348.jpg","Modern","blue, white, green","wood, metal, fabric","Natural light from large windows and ceiling fan, supplemented by indoor LED lights.","Calm and airy with a touch of modern elegance.","sofa, coffee table, swinging bench, potted plant, floor lamp","Open space design with central seating area for conversation, flanked by seating on either side, and a covered porch beyond.","This modern living room design is characterized by clean lines and a harmonious blend of natural and man-made elements. With its color palette that mixes cool blues with warm greens and white, the space feels both vibrant and serene."
"coastal_349.jpg","Modern Minimalist","white, beige, wood","oak wood, linen, stainless steel","natural soft light from large windows","calm and airy","dining table, chairs, kitchen island, cooktop","open space with central seating area","A modern minimalist kitchen and dining room that combines warm neutral tones with stainless steel appliances and natural light."
"coastal_35.jpg","Scandinavian","white, light blue, beige","wood, fabric, metal","natural soft light from large windows","calm and airy","sofa, coffee table, plant, floor lamp","open space with central seating area","This is a well-lit, cozy living room with Scandinavian design elements. The color palette is neutral and natural, featuring white, light blue, and beige tones. Wooden furniture adds warmth to the space, while fabric upholstery brings texture and comfort. The layout emphasizes a central seating area that encourages conversation and relaxation."
"coastal_350.jpg","Scandinavian","white, beige, light wood","oak wood, linen, concrete","bright and airy natural light from large windows and glass doors","calm and inviting","kitchen island, wooden dining table with wicker chairs, large potted plant, stainless steel cookware","open space design with kitchen and dining room flowing seamlessly together","This Scandinavian-style kitchen and dining room feature a warm and inviting color palette, with natural light streaming in from large windows and glass doors. The open layout allows for easy movement between the spaces and promotes social interaction. The kitchen island provides additional workspace, while the wooden dining table surrounded by wicker chairs adds a touch of rustic charm."
"coastal_351.jpg","Modern","gray, green, blue","stone, wood, metal","natural and artificial lighting creating a warm atmosphere","relaxed and luxurious","pool with water feature, grass lawn, poolside seating area, outdoor kitchen, fire pit","a large backyard pool with an outdoor living area featuring a grill, bar, and fire pit surrounding it.","This modern backyard design features a luxurious swimming pool with a water feature surrounded by a grass lawn, creating a relaxed and inviting atmosphere."
"coastal_353.jpg","Modern","white, gray, beige","glass, wood, leather","bright and natural, with plenty of light coming through the large windows","spacious and airy","white sectional sofa, modern coffee table, floor lamp, plants in decorative pots","open floor plan with an emphasis on a seamless transition from the living room to the outdoor space","This modern, spacious living room is designed to optimize both interior and exterior views of the water."
"coastal_354.jpg","Modern Minimalist","white, wooden accents","oak wood, steel","soft and diffused overhead lighting with under-cabinet illumination","open, airy, and contemporary","kitchen island, modern oven and refrigerator, wooden bar stools, sleek cookware","open plan with kitchen leading to dining area","This modern kitchen combines minimalist aesthetics with functional design, featuring an open layout that facilitates interaction and connectivity between spaces."
"coastal_355.jpg","Modern","gray, black, white","metal, stone, wood","recessed lighting with spot lights above the mirror and vanity lights under the cabinets","clean, elegant, and sophisticated","modern double sink vanity, rectangular frameless mirror over the vanity, cabinets with integrated lighting below","a small rectangular bathroom with a central focus on the double vanity","This modern bathroom features a minimalist design with a clean, sophisticated look."
"coastal_356.jpg","California Coastal","white, light blue, beige","cedar shake, stone, metal","Natural sunlight during daytime and outdoor lighting for evening use.","Calm, inviting, and comfortable.","poolside seating area with chaise lounges and umbrellas, outdoor pool, manicured lawn","The main living space opens up to the outdoor seating area with a large sliding glass door.","This house features an open floor plan that leads from the interior living spaces to the outdoor patio. The design combines indoor comforts with outdoor amenities, creating a relaxing environment."
"coastal_357.jpg","Modern Minimalist","navy blue, cream, wood tones","dark wood, white linen, silk-like textiles","warm glow from hanging lanterns and recessed lighting","chic and inviting","wood dining table with candles, large area rug, lounge chair, decorative pillows","open space with a central lounge seating area near floor-to-ceiling windows overlooking ocean view","This modern minimalist oceanfront living room combines a chic and inviting atmosphere with warm lighting from hanging lanterns and recessed lights, while the navy blue walls and wood tones add elegance to the space. The open layout with large windows brings in natural light during daytime hours, while the central lounge seating area near the rug offers a cozy spot for relaxation at night."
"coastal_359.jpg","Modern Minimalist","white, beige, light wood, green accent","oak wood, linen, concrete, steel","natural soft light from large windows","calm and airy","bed, sofa, coffee table, plant, floor lamp","open space with central seating area","This room features a modern minimalist design with an emphasis on natural light, neutral colors, and simple furnishings. The bed is the focal point, centered in the open space and surrounded by linen upholstered walls and oak wood flooring. A sofa is positioned opposite the bed for conversation or relaxation, while a coffee table provides a surface for a plant, books, or drinks. A floor lamp adds warmth and ambiance to the room."
"coastal_36.jpg","Scandinavian","white, light blue, gray","glass, brass, porcelain","natural soft light from large windows","calm and serene","bath tub, double sink vanity, mirror, towel rack, freestanding shower","long narrow space with central focus on bathroom fixtures","A serene Scandinavian-style bathroom featuring a large tub, double vanity, and a freestanding shower, set against the backdrop of an ocean view."
"coastal_360.jpg","Modern Minimalist","white, blue, gray","wood paneling, leather upholstery, glass","Natural soft light from large windows and ceiling light fixture.","Calm and airy, with a touch of luxury.","sofa, coffee table, chandelier, large area rug","Open space with central seating area. The living room is adjacent to the dining room through an open doorway.","This modern, minimalist living and dining room features a neutral color palette with wood paneling on the walls and leather upholstery on the furniture. A large chandelier provides ambient lighting, while natural sunlight streams in from the windows, creating an airy atmosphere. The space is well-lit and inviting, providing both relaxation and sophistication."
"coastal_361.jpg","Scandinavian","white, beige, light wood, navy blue","wood paneling on walls and ceiling, linen upholstery, leather accents","natural soft light from large windows and skylights, complemented by floor lamps and a chandelier.","calm and airy","white sofa, coffee table with decorative items, floor lamp, potted plant","open space with central seating area, featuring a fireplace that anchors the room.","This Scandinavian-style living room is designed for comfort and relaxation, with natural materials and soft lighting creating an inviting atmosphere."
"coastal_362.jpg","Modern Minimalist","white, beige, light wood","oak wood, linen, concrete","natural soft light from large windows and recessed lighting","calm and airy","sofa, coffee table, plant, floor lamp","open space with central seating area around fireplace","This living room is a modern minimalist space that features an oak wood mantel, large windows allowing for natural light to flood in, and a neutral color palette. The sofa, coffee table, plant, and floor lamp are arranged around the central focal point of the fireplace, creating a welcoming and cozy atmosphere."
"coastal_363.jpg","Modern Minimalist","white, blue accents","stainless steel, wooden cabinets, quartz countertop","natural soft light from large windows","calm and airy","black bar stools, vase with yellow flowers, black kitchen island, metal range hood","open space with central seating area and black bar stools along a kitchen island","This modern minimalist design features clean lines, neutral tones, and natural lighting. The use of metallic finishes contrasts nicely with the wooden cabinets, while the quartz countertop adds texture to the space."
"coastal_364.jpg","Modern","white, light gray, wood","glass, concrete, wood","natural light from large windows and recessed lighting","bright and airy","sofa, coffee table, dining table, chairs, lamp","open space with central seating area under large window overlooking ocean","This is a modern style interior design featuring a light color palette, natural materials, and open concept layout. The space has a bright and airy atmosphere."
"coastal_365.jpg","Scandinavian","light wood, white, beige","wood, metal, glass","natural soft light from large windows","bright and airy","kitchen island, cabinets, stools, oven","open space with central seating area near kitchen island","This Scandinavian style kitchen features a light wood color palette, modern cabinetry and metal appliances. The layout is open and bright, with ample counter space and storage. A wooden dining table accompanied by stools is at the heart of the kitchen, creating a cozy and inviting atmosphere."
"coastal_366.jpg","Modern","white, gray, black","marble, brass, wood","Natural light from a large window, complemented by recessed ceiling lights.","Calm and clean.","round mirror with black frame, white marble countertops, black faucets, wooden towel rack","Long narrow space with a large mirror, sink area, and storage cubbies along the wall.","This modern bathroom has clean lines and minimalist design elements, creating a serene and functional space."
"coastal_367.jpg","Modern Minimalist","blue, white, beige","wood, metal, fabric","bright and even natural light from large windows","calm and sophisticated","sofa, coffee table, bookshelf, plant, floor lamp","open space with central seating area","This modern minimalist living room features clean lines, a blue and white color palette, wood flooring, metal accents, fabric upholstery, and large windows that provide ample natural light. The bright and even illumination creates a calm and sophisticated atmosphere."
"coastal_368.jpg","Scandinavian","white, beige, black","tiles, wood, brass","natural soft light from the large window","calm and airy","sink, countertop, mirror, plant","an L-shaped layout with a walk-in shower at one end of the bathroom, and a sink counter with mirror above it at the other end.","This is a sleek and modern bathroom design featuring an all-white color scheme with black accents. The space includes a walk-in shower on one side, and a vanity area with a large mirror above the sink on the opposite wall."
"coastal_369.jpg","Modern Minimalist","gray, white, black","glass shower door, marble floor tiles, stainless steel towel racks","bright and clean with recessed lighting in the ceiling","clean, bright, and inviting","modern bathroom sink, large mirror above the vanity, wall-mounted toilet","efficient use of space with a long counter and recessed shower area","This modern bathroom features minimalistic design elements, clean lines, and a contemporary color palette. The layout is practical and well-organized."
"coastal_371.jpg","Modern Minimalist","white, light wood","metal, wood, glass","natural soft light from large windows","calm and airy","island with bar stools, hanging pendant lights, white potted plants, modern kitchen faucet, stainless steel refrigerator","open space with central seating area and island","This modern minimalist kitchen features a light wood color palette, metal and wood materials, soft natural lighting, and an open layout. The island serves as a focal point for dining and additional workspace."
"coastal_372.jpg","Modern","white, gray, blue","glass, marble, metal","natural light from window and ceiling lights","clean and spacious","shower stall, bath tub, tile flooring, white towel","single person shower with clear glass enclosure","The bathroom is designed in a modern style, featuring a clean and spacious layout. Glass materials are used for the shower stall and enclosure, providing a sleek and unobstructed view of the interior. The color palette includes white, gray, and blue tones that complement the marble flooring and metal fixtures."
"coastal_373.jpg","Modern Minimalist","white, navy blue, silver","linen, wood, glass","soft, warm glow from recessed lighting and bedside lamps","elegant, luxurious, serene","king size bed with tufted headboard, matching side tables, framed artwork, floor length curtains","centered arrangement featuring a king-size bed and two side tables flanking the bed","This modern, minimalist bedroom is centered around a luxurious king-size bed with tufted headboard. The color palette includes white, navy blue, and silver, complemented by linen, wood, and glass materials. Recessed lighting provides a soft, warm glow, while bedside lamps add ambient light. Framed artwork adds personality to the space, and floor length curtains offer privacy. The layout is centered around the bed with two side tables flanking it."
"coastal_374.jpg","Scandinavian","white, beige, light wood","wood, fabric","natural light through windows, complemented by LED lights on shelves and desk","calm and organized","white office chair, office desk with laptop and printer, shelving unit filled with storage containers, decorative canvas print, potted plant on windowsill","open concept workspace with shelves and desk as focal points","This is a modern, Scandinavian-style office space that combines functionality with minimalist design. The room is dominated by white and light wood tones, creating a serene atmosphere. The use of natural light and LED lights enhances the feeling of calmness while also promoting productivity. A potted plant adds a touch of greenery to the space."
"coastal_375.jpg","Modern Minimalist","white, grey, wood accents","wood paneling, leather upholstery, steel railings","recessed and floor lighting, soft ambient glow from ceiling lights","modern yet warm, elegant yet inviting","built-in wall unit with entertainment system, large area rug, hanging wall art","open concept living and dining room with built-in bar on lower level","This modern minimalist loft design combines wood accents, leather upholstery, and steel railings to create a warm yet elegant atmosphere. A large area rug anchors the space, while built-in wall unit provides entertainment options. The open concept layout features a spacious living room with adjacent dining area below."
"coastal_376.jpg","Modern Minimalist","white, light wood","wood, stainless steel","natural soft light from large windows","calm and airy","range hood, oven, refrigerator, coffee maker, cutting board, kitchen island","open space with central cooking area and ample countertops for food preparation","This modern kitchen design features clean lines, minimalistic decor, and a calming white palette. The use of wood adds warmth to the space, while stainless steel appliances provide a touch of industrial chic. The central cooking area allows for ease of movement and interaction with others in the room."
"coastal_377.jpg","Modern Minimalist","white, beige, light wood","wood, linen, leather","soft, warm, and diffused natural light from large windows","calm and peaceful","bed, nightstand, end table, chair, coffee table, bookshelf","open-concept with a central seating area around the bed","A modern, minimalist bedroom featuring a monochromatic color scheme with natural light from large windows."
"coastal_378.jpg","Modern Minimalist","white, beige, light wood","oak wood, linen, concrete, steel","natural soft light from large windows","calm and airy","sofa, coffee table, plant, floor lamp","open space with central seating area","This modern living room features a minimalist design with a neutral color palette, oak wood furniture, linen textiles, and concrete accents. The space is well-lit by natural light from large windows, creating a calm and airy atmosphere."
"coastal_379.jpg","Scandinavian","white, light gray, beige","linen, wool, wood","natural soft light from large windows","warm and cozy","bed, nightstand, sofa, lamp, plant","open space with central seating area","A spacious bedroom with a Scandinavian design style featuring light gray and white linens, wooden furnishings, and natural light from large windows that create a warm and cozy atmosphere."
"coastal_38.jpg","Modern","white, gray, wood","concrete, glass, wood","natural light from large windows with white curtains","bright and airy","bar stools, high counter with bar stools along it, wine rack, bottles on the counter","open space leading to a covered deck with ocean view","A modern kitchen with a bright and airy feeling, featuring an open layout that leads out to a large deck for entertaining. The color palette is neutral with wood accents complemented by the natural light from the windows."
"coastal_380.jpg","Modern Minimalist","white, blue, orange","wood, linen, steel","natural soft light from large windows and floor lamps","calm and airy","bed with pillows, dresser with mirror, plant on a table, framed picture on the wall","a bedroom layout with a central sleeping area flanked by storage and decorative items","This modern minimalist bedroom features a clean, simple design with natural lighting that creates a calm and airy atmosphere."
"coastal_382.jpg","Modern Minimalist","white, beige, light wood","oak wood, linen, concrete","natural soft light from large windows","calm and airy","sofa, coffee table, plant, floor lamp","open space with central seating area","A spacious, modern dining room featuring minimalistic design elements, an oak wood-based color palette, and a calm atmosphere."
"coastal_383.jpg","Modern Minimalist","white, gray, black","stainless steel, glass, white painted wood","bright and energy-efficient LED lighting with recessed cannels","clean, bright, and organized","modern washer and dryer set, black countertops, hanging baskets for laundry, under-cabinet lighting","linear layout with appliances in a row and storage above","This laundry room is designed to be both functional and stylish, with modern fixtures and ample storage space."
"coastal_384.jpg","Scandinavian","dark blue, white, light wood","oak wood, porcelain, stainless steel","soft and natural light with a wall-mounted round mirror above sink","calm and sophisticated","round wall mirror, sink vanity with wood handles, wood toiletry holder","efficient use of space with built-in storage under the sink","This modern bathroom design features a dark blue wall, natural light from a round mirror above the sink, and efficient storage options."
"coastal_385.jpg","Modern Minimalist","white, light gray, navy","wool carpeting, linen drapes, wood paneling","well-lit space with natural light from large windows and ceiling lights","calm and airy","bed, two nightstands, floor lamp, sofa, coffee table","open space with central seating area","This modern bedroom features a minimalist design with monochromatic color palette, creating an airy and serene atmosphere. The room is well-lit, with natural light coming through the large windows and supplementary ceiling lights. A comfortable bed serves as the focal point of the space, which is furnished with two nightstands and a cozy sofa for relaxation. The wood paneling adds warmth to the otherwise cool color scheme, while the wool carpeting provides softness underfoot."
"coastal_386.jpg","Modern Minimalist","light blue, white, wood accent","woven fabric, oak wood, glass","natural soft light from large windows, complemented by floor lamp and pendant lights","calm and airy","white sofa, coffee table with books, plant on window sill, floor lamp","open space with central seating area, bordered by windows and walls","This room features a modern minimalist style with light blue walls, white and wood accents. The color palette is complemented by the woven fabric on the sofa and wooden elements throughout. Natural light from the large windows creates a calm and airy atmosphere, enhanced by floor lamps and pendant lights."
"coastal_388.jpg","Modern Minimalist","beige, white, natural wood","tile, glass, metal","bright and evenly lit with recessed lighting","calm and relaxing","shower caddy, bath mat, soap dish, towel rack","square shower stall with glass surround and corner shelf","Modern minimalist bathroom design focusing on simplicity and functionality."
"coastal_389.jpg","Modern Minimalist","white, black, gray","wood, glass, stainless steel","natural light from windows, complemented by under-cabinet lights","clean and streamlined","coffee maker, toaster, kettle, blender","linear space with kitchen appliances along one wall and countertop workspace on other side","The kitchen has a sleek, modern design featuring a minimalist color palette and functional appliances. The layout is designed for efficiency and ease of movement."
"coastal_391.jpg","Modern Minimalist","white, light wood, gold accents","stainless steel appliances, marble countertops, wood cabinetry","bright and airy with natural light coming from a window above the stove","clean, sleek, and uncluttered","gas range, double sink, wooden cutting board, stainless steel knife set","open kitchen with an island in the center","This modern minimalist kitchen is characterized by clean lines, light wood accents, and stainless steel appliances that give it a bright and airy feel. The open layout allows for easy movement while cooking and entertaining."
"coastal_392.jpg","Modern","white, light grey, navy","wood, fabric, metal","natural light from large windows and well-lit spaces with modern fixtures","clean, bright, and spacious","sofa, coffee table, lamp, area rug, potted plant","open floor plan with high ceiling, staircase to second floor, and open kitchen area","This modern two-story home features a clean design with neutral colors, natural lighting, and sleek furnishings."
"coastal_393.jpg","Modern","gray, white, gold","marble, wood, metal","ambient lighting from recessed ceiling fixtures and vanity lights.","Elegant and serene","large mirror with gold frame over marble countertop, potted plant in corner of room, vase with flowers on bathroom counter, metal wall sconces on either side of mirror, white towels stacked neatly next to each other","Bathroom layout featuring a large vanity area, corner plant and a mirror above a marble sink and countertop.","A modern bathroom with elegant design elements and a soothing color palette of grays and whites."
"coastal_394.jpg","Modern Minimalist","white, beige, light wood","wood, fabric, brass","natural soft light from large windows","calm and airy","sofa, coffee table, plant, floor lamp","open space with central seating area","This is a modern living room with a minimalist design featuring a neutral color palette, natural lighting from large windows, and wood and fabric materials. The layout has an open feel with a central seating area and clean lines that contribute to the calming atmosphere."
"coastal_395.jpg","Modern","white, navy, wooden accent","porcelain, glass, metal","recessed lighting with adjustable bulbs and a decorative chandelier","clean, bright, and inviting","oval-shaped mirror, sink basin, artwork of birds on wall","long counter with a narrow space for bathroom essentials","This image showcases a modern bathroom with clean lines, a navy accent color, and well-chosen lighting that creates a bright atmosphere."
"coastal_396.jpg","Modern","beige, white, blue","wood, fabric, glass","natural and warm, with a mix of ambient and task lighting","cozy and inviting","sofa, chair, coffee table, bookshelf, plant","open concept living area with kitchen and dining room visible in the background","This modern living room is designed with a cozy, inviting ambiance, featuring wood floors, beige and white upholstery, blue accents, and warm lighting. The open layout connects to other areas of the home, creating a sense of spaciousness."
"coastal_397.jpg","Modern Minimalist","white, gray, beige","wool, linen, cork","bright and natural light from windows","calm and serene","two beds, nightstand with lamp, wicker basket","two beds placed side by side with a nightstand between them","This is a modern, minimalist bedroom with two beds that share a serene and calm atmosphere."
"coastal_4.jpg","Modern Minimalist","white, brown, black","tiles, brushed nickel fittings, wood veneer","natural soft light from large windows and recessed lighting","calm and airy","mirror, sink with counter, shower/tub combination, toilet","small, open space with central vanity area and tiled shower/tub","This modern bathroom features a minimalist design with a palette of white, brown, and black. The materials used include tiles on the walls, wood veneer cabinetry, and brushed nickel fittings. Natural light is abundant due to large windows allowing for soft illumination in the space. The bathroom is equipped with essential fixtures such as a mirror, sink with countertop, shower/tub combination, and toilet."
"coastal_40.jpg","Modern Minimalist","white, gray, marble","marble, glass, steel","bright and natural light from large windows","calm and serene","standalone tub, large marble countertops, floating glass shelves, modern chandelier","linear and open space with central focus on standalone tub","This bathroom combines modern design with minimalist aesthetics, featuring large marble surfaces, floating glass elements, and bright natural light that accentuate the clean lines and spacious feel of the room."
"coastal_402.jpg","Modern Minimalist","white, blue, wooden accents","leather, linen, wood","natural soft light from large windows and ceiling lights","calm and airy","sofa, coffee table, fireplace, potted plant, floor lamp","open space with central seating area and fireplace as focal point","This living room features a minimalist design with clean lines, neutral tones, and natural light. The sofa and coffee table are arranged around the fireplace, creating a cozy atmosphere."
"coastal_403.jpg","Modern Minimalist","white, gray, wood tones","light wood, brass, leather","Natural light from windows and overhead recessed LED lights","Modern, clean, and serene","white-framed wall-mounted shelving unit with books, gray leather sofa with wooden legs, brass floor lamp in corner, black leather ottoman, green plant on window sill","Open space layout with central seating area and bookcase along wall, flanked by staircases leading to upper level.","The modern minimalist living room features a clean white color palette, light wood materials and brass accents. Large windows allow for ample natural light, creating a serene atmosphere."
"coastal_404.jpg","Modern Minimalist","white, blue, wood","stainless steel appliances, wood cabinets, quartz countertops","natural soft light from large windows and recessed lights on the ceiling","bright and airy","stove top oven, dishwasher, sink, backsplash","open space with central kitchen island and seating area","This modern, minimalist kitchen combines stainless steel appliances with a natural wood cabinetry and quartz countertops to create a bright and spacious feel. Recessed lights in the ceiling add to the well-lit atmosphere while large windows let in ample natural light. The backsplash adds an interesting visual element, complementing the open space layout."
"coastal_405.jpg","Modern Minimalist","white, beige, light wood","wood, fabric, leather","natural soft light from large windows","calm and airy","bed, sofa, coffee table, plant, floor lamp","open space with central seating area","This is a modern bedroom with a minimalist design, featuring a neutral color palette and natural lighting. The room includes a comfortable bed, a cozy sofa, a stylish coffee table, and decorative elements like a plant and floor lamp."
"coastal_406.jpg","Modern Minimalist","white, gray, navy","glass shower door, tiled flooring and walls, white countertops","soft overhead lights complemented by vanity lights above mirror","clean and spacious with a touch of elegance","floor-mounted toilet paper holder, large vase on back of commode, shelf inside shower","efficient, compact space layout with sink vanity adjacent to shower stall and commode next to it","This bathroom design is a modern take on minimalism, featuring clean lines, neutral colors, and efficient use of space."
"coastal_407.jpg","Modern Minimalist","white, gray, blue","linen, wood, leather","bright and airy","calm and peaceful","bed, nightstands, lamps, artwork","open space with white walls and minimal decorations","This is a modern bedroom that utilizes a neutral color palette to create a serene atmosphere. The room features a large bed with gray pillows, flanked by two nightstands holding lamps. White walls accentuate the simplicity of the space, while minimal decorations like artwork add character without overwhelming the room."
"coastal_408.jpg","Modern","blue, white, gray","wood, glass, metal","well-lit with natural light from the window","modern and stylish","blue mirror, shelf with dishes, sink area, wooden cabinets, vase with flowers","efficient workspace with designated areas for sink, mirror, and storage","This is a modern kitchen design that incorporates stylish blue accents, natural wood elements, and efficient use of space."
"coastal_409.jpg","Scandinavian","white, light blue, natural wood","linen, wood, wicker","soft, natural light from a large window","calm and airy","white twin beds, light-colored dresser, green potted plant, small stool with white cushion, white lamp on a black pole","two separate beds facing each other, flanking a central area with a stool and table.","This bedroom has a clean, bright Scandinavian style. The color palette is light and airy, with natural materials such as wood and linen. The room features two white twin beds that are neatly made up. Between the beds sits a light-colored dresser with drawers for storage. On one side of the room there's a small stool with a cushion and a white lamp on a black pole, providing soft lighting in the evenings. A green potted plant adds a touch of nature to the space."
"coastal_41.jpg","Scandinavian","light gray, white, gray","wood, linen, glass","natural soft light from large windows","calm and serene","bed, dresser, window seat, side table","open space with central seating area","This room is designed in a Scandinavian style, featuring a neutral color palette of white and light gray walls, wood floors, and linen drapes. The bed is the focal point, positioned near large windows that let in soft natural light. A side table holds lamps for additional lighting at night. The layout centers around the seating area in front of the window seat, creating a cozy and inviting atmosphere."
"coastal_410.jpg","Scandinavian","neutral tones, bright accents","natural wood finishes, white and soft grays, metal for hardware","well-lit with natural light, enhanced by recessed lighting and a large window above the sink.","bright, airy, clean","open shelving with decorative items, stainless steel appliances, a single potted plant","an L-shaped kitchen with a small island and countertop seating","A modern, Scandinavian-style kitchen with an open floor plan featuring natural wood finishes, metallic accents, and ample lighting from above the sink and windows."
"coastal_412.jpg","Modern","blue, gray, white","wood, metal, marble","natural light from large windows and recessed lights","bright and welcoming","refrigerator, oven, dishwasher, sink, counters, bar stools","U-shaped kitchen with island in center","This modern kitchen features blue and gray tones, natural wood cabinets, a marble countertop, and large windows that let in plenty of light."
"coastal_413.jpg","Modern Minimalist","light grey, white, natural wood","light wood for walls and cabinetry, linen for upholstery, brass for hardware","Natural light flooding in from large windows creates a bright and airy space.","Modern, minimalist living room with warm accent colors for a calm and inviting atmosphere.","sectional sofa, coffee table with storage baskets, plant on the floor, flat-screen TV on the wall","Open plan with a central seating area between two windows, flanked by cabinetry and shelving for storage and display.","This modern living room features a minimalist design with warm accents to create a calm and inviting space."
"coastal_414.jpg","Rustic Cottage","white, blue, grey","wood, stone, metal","natural light from windows and ceiling skylights","warm, inviting, cozy","sofa, coffee table, kitchen island, dining table, kitchen cabinets","open plan design with kitchen and living room connected","This interior space combines rustic elements with modern functionality, creating a cozy cottage-style atmosphere that is both inviting and comfortable."
"coastal_417.jpg","Modern Minimalist","white, light gray, dark blue","white subway tiles, stainless steel appliances, white oak wood","natural soft light from large windows","calm and airy","modern washer/dryer set, small blue and white patterned rug, simple white kitchen cabinetry","open space with centralized work area","This modern minimalist laundry room features a clean, bright design with monochromatic color scheme and natural light. It is equipped with stainless steel appliances for easy maintenance and a white oak wood floor that adds warmth to the space."
"coastal_418.jpg","Modern","white, gray, brass","wood, leather, metal","natural sunlight","clean and sophisticated","bookshelf, vase, books, framed art, candle holder","rectangular shaped room with open layout","The room is a modern space that features white walls, gray accents and brass fixtures. The bookshelf is filled with various decor items including books, vases and framed art. A candle holder adds a touch of warmth to the sophisticated setting."
"coastal_419.jpg","Modern Minimalist","white, gray, navy blue","velvet upholstery, linen draperies, wood paneling","subdued overhead light with additional table lamps","sophisticated and quiet","king-size bed, two couches, coffee table, floor lamp","L-shaped seating arrangement around central fireplace","This bedroom combines modern design elements with a minimalist approach, featuring soft velvet upholstery in neutral tones of white and gray. Wood paneling adds warmth to the space, while linen draperies contribute texture and depth. The room is well-lit by subdued overhead lighting, complemented by additional table lamps. A king-size bed sits at one end of an L-shaped arrangement of furniture around a central fireplace, creating a cozy and intimate atmosphere."
"coastal_42.jpg","Scandinavian","white, light wood, gray, blue","wood paneling, woven baskets, leather, brass","Bright natural light from large windows and recessed lighting.","Calm and airy, with a touch of modern elegance.","sofa, coffee table, floor lamp, plant, books","Open space with a central seating area featuring a sofa flanked by two armchairs. A wood-paneled entertainment wall houses a television and is bookended by built-in shelves.","This Scandinavian-style living room features a warm, light-filled space with a mix of natural materials and contemporary furnishings."
"coastal_420.jpg","Scandinavian","white, grey, natural tones","linen, wood, wool","bright and airy from large windows","calm and serene","bed, sofa, armchair, plant, area rug","open space with a bedroom area near windows","A neat, airy bedroom in a Scandinavian style featuring neutral tones and natural materials."
"coastal_421.jpg","Modern Minimalist","white, light wood, dark gray","oak veneer, marble countertops, brushed nickel hardware","natural soft light from large windows and recessed ceiling lights","calm and airy with a touch of elegance","modern range hood, large ceramic bowl, slim, tall floor lamp, white marble countertops, tall vase with dried branches","kitchen area open to dining and living spaces through a large sliding door","This kitchen features a modern minimalist design with oak cabinetry, white countertops, and a sleek marble backsplash. Soft natural light illuminates the space, creating an airy yet elegant atmosphere."
"coastal_422.jpg","Modern Minimalist","white, blue, wood","wood paneling, stainless steel, stone","natural soft light from large windows and under-cabinet lights","clean, bright, spacious","island with bar stools, sleek kitchen appliances, potted herbs","open space with central work triangle","This modern kitchen features a clean and minimalist design with neutral tones and wood accents. Large windows allow natural light to fill the space, creating a bright atmosphere. The island with bar stools provides additional seating and functionality while maintaining a streamlined look."
"coastal_423.jpg","Modern Minimalist","white, light wood","oak wood, silver appliances","bright and even natural light from windows","clean and serene","wooden countertop, stainless steel oven and stove, dish rack, decorative plates","open kitchen with breakfast bar","The kitchen is a modern, minimalist space featuring light wood accents and a clean design. The white color scheme contributes to the bright and serene atmosphere. The wooden countertop provides ample workspace for food preparation, while the stainless steel appliances add a touch of contemporary style. A breakfast bar offers casual dining options."
"coastal_424.jpg","Modern Minimalist","black, gray, white","wood, metal, fabric","natural light from large windows","modern and sleek","couch, coffee table, bookcase, potted plant","open space with a central seating area",""
"coastal_425.jpg","Scandinavian","white, beige, light wood","oak wood, linen, concrete","natural soft light from large windows","calm and airy","sofa, coffee table, plant, floor lamp","open space with central seating area","This is a modern, minimalist living room with a Scandinavian influence. It features an open floor plan, centered around a white sofa and coffee table. The oak wood floors add warmth to the space, complemented by linen textiles. Concrete elements bring a touch of industrial style, while large windows allow for ample natural light. A plant adds a touch of greenery, enhancing the calming atmosphere."
"coastal_426.jpg","Minimalist Modern","gray, white, black","marble, brass, wood","Recessed lights, vanity light over sink","Clean and serene","sink, cabinet, mirror, soap dispenser","Vanity unit with marble countertop and metal frame.","A modern bathroom vanity area featuring a clean and elegant design with minimal clutter."
"coastal_427.jpg","Modern Minimalist","white, gray, wood","oak wood, linen, steel","natural soft light from large windows","calm and airy","king size bed, sofa, coffee table, floor lamp, plant","open space with central seating area, featuring a king size bed with wooden headboard flanked by two nightstands.",""
"coastal_428.jpg","Scandinavian","blue, white, wood","oak wood, linen, steel","natural soft light from large windows","calm and airy","dining table, chairs, couches, sideboard, vases","open space with central seating area","Scandinavian-style dining room with a bright and airy atmosphere, featuring blue and white patterns on chairs and couches, oak wood table, large windows for natural light, and simple, clean lines in the furniture and decor."
"coastal_429.jpg","Modern Minimalist","white, black, brass","wood, stainless steel, glass","Overhead LED lighting with ambient pendant lights","Clean and serene","open kitchen bar with high stools, modern range hood, built-in refrigerator","Open space with island, seating along one wall, and countertops on adjacent walls","A sleek, modern kitchen design featuring a minimalist color palette with wood and stainless steel accents."
"coastal_43.jpg","Modern","white, beige, steel","cabinets, tile backsplash, stainless steel appliances","bright and even lighting with recessed ceiling lights","clean and bright","washer and dryer set, white towels, black washing machine detergent, white laundry baskets","narrow galley layout with utilities at end of countertops","This is a modern laundry room with cabinets, appliances, and clean white surfaces that create a bright and functional space."
"coastal_430.jpg","Modern Minimalist","white, light wood","oak wood, concrete","soft ambient light from recessed ceiling lights","bright and airy","stainless steel refrigerator, quartz countertop, wooden kitchen island, white subway tile backsplash","open kitchen with central island, seating area by large window","This modern minimalist kitchen features a bright and airy feel with ample natural light coming through the large windows. The open layout includes a central kitchen island for seating and dining. Materials include oak wood cabinets, concrete countertops, and stainless steel appliances."
"coastal_431.jpg","Modern","blue, gold, beige","stainless steel, wood, leather","Recessed lighting with under-cabinet LED lights and pendant lights above countertop island","Contemporary with a touch of luxury and warmth","kitchen island, stainless steel refrigerator-freezer combo, built-in oven and range, stainless steel microwave","U-shaped kitchen layout with large center island, providing ample workspace and seating around the perimeter of the room.","This modern kitchen combines functionality and style with its sleek blue cabinets and gold fixtures. The wood accents add warmth to the space, while the stainless steel appliances provide a contemporary touch."
"coastal_432.jpg","Modern Minimalist","light grey, white, dark wood","tile, glass, marble","soft, warm lighting from a recessed ceiling track light","calm and serene","freestanding bathtub with large showerhead, double sink vanity, towel rack","open floor plan with separate areas for bathroom and dressing room","This modern bathroom features a minimalist design with clean lines and natural materials. The color palette is neutral, with soft lighting creating a calm and serene atmosphere."
"coastal_433.jpg","Modern Minimalist","white, light wood, blue accent","wood, linen, glass","natural soft light from large windows, complemented by a modern chandelier","calm and airy","dining table, bench, plant, abstract art","open space with central seating area featuring an L-shaped arrangement of furniture","This is a modern minimalist dining room, characterized by the use of natural materials and soft lighting. The color palette is neutral yet accented with blue, while the layout creates a sense of openness with central seating. The dining table is surrounded by chairs, a bench provides additional seating or display space, and decorative elements like plants and artwork add character to the room."
"coastal_434.jpg","Modern","white, stainless steel, wood","oak wood, metal, glass","Natural light from large windows and recessed ceiling lights","Calm and contemporary","island, stainless steel appliances, bar stools, potted plant","Open kitchen with central island, flanked by seating area and refrigerator","Modern residential kitchen featuring wood cabinetry, stainless steel appliances, and a central island for dining or additional workspace."
"coastal_436.jpg","Modern Minimalist","white, light wood","wood, cane, glass, brass","natural soft light from large windows","calm and airy","sofa, coffee table, plant, flat screen TV, floor lamp","open space with central seating area around television and glass coffee table","A modern living room designed for comfort and functionality, with a minimalistic style that incorporates wood accents and ample natural light."
"coastal_437.jpg","Modern Minimalist","white, gray, beige","wood, fabric, metal","sunlit through large windows, with some natural light coming in from the ceiling lights","cozy and inviting","white sofa, gray armchair, coffee table, framed print on wall, plants","open floor plan with a central focus around the seating area","This modern living room has a minimalist design featuring neutral colors, natural lighting, and a mix of wood, fabric, and metal materials. The space is cozy and inviting, with comfortable seating arranged around a coffee table in front of a framed print on the wall."
"coastal_438.jpg","Modern","white, navy blue, wood accents","stainless steel, glass, wood, natural stone","bright natural light from large windows","clean, contemporary and inviting","kitchen sink, wood bowl, vase with flowers, black countertop stove","open layout with island in center of room for added functionality","This modern kitchen design features a clean, minimalistic color palette with wood accents that warm up the space. The large windows let in plenty of natural light and create an inviting atmosphere. The stainless steel appliances are sleek and complement the dark countertops while the wooden bowl adds a touch of rustic charm to the room."
"coastal_439.jpg","Modern","white, black, gray","tile, steel, wood","ambient and accent lighting from recessed and wall fixtures","clean and contemporary","bathtub, shower stall, sink, cabinet","open space with central bathtub, flanked by sink on one side and cabinet on the other","This modern bathroom features a clean and minimalist design with tile walls and floor, a steel bathtub, and black and gray accents throughout. Recessed lighting provides ample illumination, while a wall-mounted sink and a small cabinet offer storage options."
"coastal_44.jpg","Scandinavian","white, light blue, navy","wood paneling on walls and ceiling, linen bedding and throw pillows","natural soft light from large windows","calm and airy","beds, nightstands with lamps, chairs, large framed artwork on wall","open space with central seating area near bed","A serene Scandinavian-inspired bedroom, featuring a large bed with linen and throw pillows, flanked by nightstands with lamps. The room is well lit with natural light coming from the windows, creating a calm and airy atmosphere."
"coastal_440.jpg","Coastal Cottage","blue and white, beige, teal","wood, linen, seashell","natural soft light from large windows","calm and airy","cozy chairs, white-framed artwork, greenery","open space with central seating area","This coastal cottage style living room features a calming blue and white color palette, teal accents, a cozy sitting area, natural light from the large windows, and a touch of greenery."
"coastal_441.jpg","Scandinavian","yellow, black, white","tile, marble, wood","natural soft light from large windows and recessed ceiling lights","calm and airy","bathroom vanity, mirror with geometric pattern, sink faucets, soap dispenser","long narrow space with central sink area","A bathroom with a Scandinavian style featuring a geometric mirror and tile walls, giving off a calm and airy vibe."
"coastal_442.jpg","Modern Minimalist","light gray, dark gray, white","wood, leather, metal","natural soft light from large windows and recessed ceiling lights","calm and airy","sofa, coffee table, plant, floor lamp, wine rack","open space with central seating area","A modern minimalist living room featuring a light color palette, primarily wood and leather materials, soft natural lighting, and contemporary furniture."
"coastal_443.jpg","Scandinavian","white, wooden tones, teal","light wood, natural stone, metallic finishes","Natural lighting from a skylight and overhead lights, creating a warm and bright ambiance.","Bright and airy with a cozy feel.","kitchen island with wooden countertop, metallic range hood, stainless steel appliances, dining table with wicker chairs","Open plan design connecting the kitchen, dining, and living areas, creating a seamless flow for entertaining.","This modern Scandinavian-style kitchen and living area feature light wooden finishes, metallic accents, and a warm color palette that creates a welcoming and bright atmosphere."
"coastal_444.jpg","Modern Minimalist","white, beige, gray","wood, linen, glass","natural soft light from large windows","calm and airy","sofa, coffee table, plant, floor lamp, bed, chairs","open space with central seating area","This modern minimalist bedroom combines neutral colors, natural materials, and soft lighting to create a calm and airy atmosphere. The large windows allow for ample natural light, enhancing the spacious feel of the room. The layout centers around the sofa, which is positioned in front of the windows, providing an excellent vantage point for enjoying the view outside. A coffee table sits nearby, and a plant adds a touch of greenery to the space. The bed and chairs are arranged in a way that invites conversation and relaxation."
"coastal_445.jpg","Traditional","white, blue, green","wood, linen, glass","well-lit with a combination of natural light and ambient lighting","comfortable and inviting","dining table, chairs, cabinet, artwork","open plan dining area leading to living room","This is a cozy and inviting dining room with a traditional design featuring wood paneling, blue accents, and natural light."
"coastal_447.jpg","Scandinavian","dark grey, light grey, black","wood, leather, fabric","natural soft light from large windows, enhanced by ceiling lights","calm and airy","sofa, coffee table, floor lamp, plant, artwork","open space with central seating area, adjacent to stairs","A modern Scandinavian living room that is bright and airy, featuring wood floors, leather accents, and a contemporary style."
"coastal_448.jpg","Modern Minimalist","white, beige, dark wood","oak wood, linen, steel","natural soft light from large windows","calm and airy","sink, mirror, towel bar, wooden ladder, soap dispenser","space organized around sink and mirror, with wooden ladder on one side and towel bar opposite","This bathroom design is a modern minimalist space featuring light wood elements, neutral colors, and natural light. The sink is placed under a large mirror with a circular wreath frame, creating a focal point for the room. A wooden ladder beside the sink adds storage functionality, while the towel bar on the opposite wall provides convenience."
"coastal_449.jpg","Scandinavian","blue and white, light wood","wood paneling, fabric upholstery","natural light streaming in from windows","bright and airy","sofa, coffee table, lounge chair, area rug","open floor plan with central seating area","Spacious and inviting Scandinavian-style living room featuring a blue and white pattern, light wood accents, natural lighting from windows, and comfortable seating options."
"coastal_45.jpg","Modern Minimalist","white, light wood, gray","glass, wood","natural soft light from large windows and overhead lights","calm and serene","sofa, coffee table, plant, floor lamp, throw blanket","open space with central seating area and a view of the water","A contemporary coastal living room with large windows, white walls, and natural materials."
"coastal_451.jpg","Modern Minimalist","light blue, white, dark wood","wood, steel, glass","bright and airy with natural light from large windows","open and spacious","kitchen island, metal pendant lights, potted plant, modern range hood","L-shaped layout with kitchen island at the center of the space","This modern kitchen features a light blue color scheme, white cabinetry, dark wood countertops and accents. The stainless steel appliances and pendant lights add to the sleek design, while ample natural light fills the space with a bright and open atmosphere."
"coastal_453.jpg","Scandinavian","dark blue, light gray, white","wood, metal, glass","soft and natural light from recessed ceiling lights","calm and minimalist","gas range, ventilation hood, refrigerator, dishwasher, sink, cabinet doors","efficient work triangle with appliances grouped around center island","This kitchen features a modern Scandinavian design, characterized by its dark blue cabinets and light gray countertops. The space is well-organized with a focus on functionality and efficiency, using natural light to create a calm and uncluttered atmosphere."
"coastal_454.jpg","Modern Minimalist","white, gray, blue","wood, fabric, metal","bright and even lighting from several sources","calm and organized","couch, coffee table, armchair, side table, throw blanket","open space with central seating area surrounding a fireplace","This is a modern, minimalist living room with a neutral color palette and clean lines. The layout emphasizes open space and functionality, while the materials are simple yet stylish."
"coastal_457.jpg","Modern Minimalist","white, neutral gray, blue accent","wood paneling, leather upholstery, glass doors, metal railings","bright and airy with natural light from large windows","cozy and inviting","large sofa, dining table, floor lamp, modern coffee table, abstract art piece","open space with central seating area facing waterfront views","This modern minimalist living room features a neutral color palette, wood paneling and leather upholstery, with large windows offering stunning waterfront views."
"coastal_458.jpg","Mid-Century Modern","light blue, white, beige","porcelain, marble, brass","natural light from skylights and windows creating a bright atmosphere","clean, organized, and inviting","freestanding bathtub, his and hers sinks, walk-in shower with rain shower head","linear layout with separate areas for bathroom and dressing room","This bathroom is designed in a mid-century modern style with a color palette of light blue, white, and beige. The materials used are porcelain for the bathtub, marble on the walls, and brass fixtures throughout. Natural light floods into the space from skylights and windows, creating a bright and inviting atmosphere. The layout is linear with separate areas designated for bathing and dressing, featuring his and hers sinks and a walk-in shower with a rain head."
"coastal_46.jpg","Modern","white, black, gray","wood, metal","bright and airy with lots of natural light","modern, bright and clean","sofa, coffee table, plant, floor lamp","open floor plan with a view to the backyard","This modern interior features a mix of wood and metal materials, creating a bright and clean space. The open floor plan leads to the backyard, making this house feel very spacious."
"coastal_460.jpg","Modern Minimalist","white, gray","marble, brass","recessed lighting and a central chandelier","elegant and serene","freestanding bathtub, double vanity sinks, large mirrors, floor lamp","a symmetrical layout with central tub and two mirrored walls","A modern bathroom with elegant design elements, including a freestanding tub, double vanity sinks, large mirrors, marble counters, and floor lamp."
"coastal_461.jpg","Scandinavian","blue-gray, white, brass","tile, wood, metal","recessed and under-cabinet lights","clean, minimalist, airy","shower curtain, soap dish, tub faucet, bath mat","angular space with corner shower and bathtub in same area","A modern bathroom with a minimalist design, incorporating tile walls and flooring, wood accents, brass fixtures and under-cabinet lighting."
"coastal_462.jpg","Modern Minimalist","light gray, dark gray, white","glass, steel, marble","natural soft light from large windows and recessed ceiling lights","calm and airy","freestanding shower, white toilet, white sink with silver faucet, built-in shelves, floor mat","rectangular layout with shower and bathroom fixtures adjacent to each other","This is a modern, minimalist bathroom featuring glass walls for the shower, marble tiles, and steel fixtures. The color palette is light gray, dark gray, and white, creating a calm and airy atmosphere."
"coastal_463.jpg","Modern Minimalist","white, gray, black","stainless steel appliances, wooden cabinets, white marble countertops","natural soft light from large windows and overhead lights","bright and energetic","large island with bar stools, modern pendant lights, stainless steel appliances, white marble backsplash","open space with central seating area around the kitchen island","This modern minimalist kitchen features a mix of clean lines, neutral colors, and stainless steel appliances. The large windows allow for plenty of natural light to fill the space, creating an energetic and inviting atmosphere."
"coastal_464.jpg","Minimalist Modern","blue, white, natural wood","oak wood, linen, concrete, brass","natural soft light from large windows","calm and airy","white sink with brass faucet, dark wooden bathroom vanity, tall slender vase with branches, woven towel on ring, wooden-framed mirror above sink","narrow space with efficient use of vertical storage and decorative elements","A modern bathroom features a minimalist design with clean lines and natural materials, creating an airy and calming atmosphere."
"coastal_465.jpg","Mid-Century Modern","white, beige, light wood","brass, glass, marble, wood","natural soft light from large windows with brass sconces","warm and inviting","oversized mirrors, freestanding bathroom vanity, modern wood cabinetry, brass fixtures","linear layout with central sink vanity","This image showcases a modern, warm-toned bathroom that combines natural materials and brass accents to create a cozy yet sophisticated atmosphere."
"coastal_466.jpg","Contemporary","white, beige, light wood","oak wood, linen, glass","Natural soft light from large windows","Warm and inviting","sofa, coffee table, wicker basket, floor lamp","Open space with central seating area","A warm and welcoming living room featuring a contemporary style, with neutral tones creating a serene atmosphere."
"coastal_467.jpg","Modern Minimalist","white, beige, gray","oak wood, marble, brass","natural soft light from large windows","calm and serene","sinks, vanity mirrors, towel racks, soap dispenser","two sinks side by side, vanity lights above each sink","This modern bathroom features a minimalist design with clean lines and neutral colors, creating a serene atmosphere. The oak wood cabinets provide a warm touch to the space."
"coastal_468.jpg","Modern Minimalist","white, light blue, beige","oak wood, linen, glass","natural soft light from large windows","calm and airy","wooden bench with storage, rectangular mirror, large glass vase on console table, white ceramic lamp, abstract art","small space with open concept design","This room features a modern minimalist design, creating an airy and calm atmosphere through its simple lines and neutral color palette. The wooden bench with storage adds functionality to the room while maintaining a sleek appearance. Large windows provide natural light, enhancing the feeling of openness. The rectangular mirror above the console table extends the perception of space, while the abstract art adds a touch of personality and warmth."
"coastal_469.jpg","Modern Minimalist","white, neutral grays, dark wood accents","oak wood, linen, metal, rattan","natural soft light from large windows and recessed ceiling lights","calm and airy","sofa, coffee table, plant, floor lamp, large framed mirror","open space with central seating area, flanked by shelving units","This modern minimalist living room features a neutral color palette and natural lighting, creating a calm and airy atmosphere. The space is furnished with a sofa facing a coffee table, with a plant adding a touch of nature. Flanking the seating area are two shelving units filled with decorative items, which provide an organized yet minimalistic feel."
"coastal_47.jpg","Modern Minimalist","blue, white, light wood","oak cabinetry, marble countertops, stainless steel appliances","bright overhead fixtures with additional natural light from large windows","modern and clean, with a touch of warmth from the wood accents","stainless steel double oven, wooden shelving, black metal faucet, white porcelain sink","an L-shaped layout with the kitchen island at its center","This modern, minimalist kitchen features a clean design with blue cabinetry and marble countertops. The space is well lit with natural light from windows above the island, which serves as both a cooking area and a breakfast bar. The steel appliances are sleek and functional, and the wooden accents add warmth to the space."
"coastal_471.jpg","Modern Minimalist","light wood, white, black","wood, concrete, glass","soft and diffused natural lighting from a large window","calm and clean","sink, mirror with black frame, cabinet with wood front and metal handle, black soap dispenser, wood towel rack with a woven black towel on it, potted plant, vase with flowers","small bathroom layout featuring a sink and vanity area, mirror, cabinet, and decorative items","The design of the bathroom is modern minimalist, characterized by light wood, white, and black color tones, with natural wood materials complementing concrete countertops."
"coastal_472.jpg","Modern Minimalist","white, gray, navy","oak wood, steel, linen","natural soft light from large windows and recessed lights","calm and airy","bar stools, kitchen island with stools, dining table, countertops, wine rack","open space with central bar area, flanked by dining and living areas","This interior design showcases a modern minimalist style with clean lines and a neutral color palette. The open concept layout creates an airy atmosphere, while the use of natural light enhances the spacious feel. Materials include oak wood for warmth, steel for a sleek touch, and linen for texture. The bar area features stools, offering a casual dining experience that extends to the central kitchen island with its own seating."
"coastal_473.jpg","Modern Minimalist","grey, white, brown","oak wood, marble, brass","recessed lighting with natural light from windows","modern and serene","double sink vanity, framed mirrors, metal towel racks","double-width counter with two sinks, flanked by two vanity lights and a large window above","A modern bathroom design with a minimalist aesthetic, featuring oak wood cabinets and marble countertops, complemented by brass fixtures."
"coastal_474.jpg","Modern","blue, white","glass, leather, steel","Natural light from floor-to-ceiling windows and glass sliding doors with ocean view","Light and airy with a touch of elegance","dining table, sofa set, vase with flowers","Open concept living space with island bar, connected to outdoor balcony overlooking ocean","This modern living room features an open floor plan that connects seamlessly with the outdoors, creating a serene and stylish environment."
"coastal_477.jpg","Modern","white, beige, light wood","oak wood, linen, concrete","natural soft light from large windows and chandelier above table","cozy and inviting","white sofa with decorative pillows, large area rug under table, framed art on walls, crystal chandelier hanging over table","open concept with large dining table in center of room, flanked by two white chairs, leading into adjacent living and sitting areas","This modern dining space features a soft color palette, hardwood flooring, and a cozy atmosphere."
"coastal_478.jpg","Modern Minimalist","white, black, grey","metal, fabric, wood","bright and even overhead lights","calm and orderly","beds, shelves, lockers, trash cans","linear rows of beds with shared lockers","Modern minimalist design in a dormitory style layout. The use of white and black for the color palette, metal for the materials, and overhead lights for the lighting creates a clean and orderly environment."
"coastal_479.jpg","Modern Minimalist","white, green","wood","natural soft light from large windows","calm and airy","bathroom sink, cabinet, mirror, towel rack","single bathroom vanity with mirror above and cabinet below","This is a modern bathroom design with a clean, minimalist style featuring shades of white and green. The space is well-lit by natural light coming through the window, creating a calm and airy atmosphere."
"coastal_48.jpg","Modern Minimalist","light blue, white, wood","glass, tile, stone","natural soft light from large windows","calm and airy","bathtub, shower curtain, towel, soap dispenser, plant","small bathroom with bathtub against wall","A serene and modern bathroom featuring a light blue tiled wall, glass fixtures, natural light, and wood accents."
"coastal_480.jpg","Scandinavian","white, light wood, gray","wood paneling, linen, metal hardware","natural soft light from large windows and overhead skylights","calm and airy","sofa, coffee table, dining table, chairs, plant","open space with central seating area, leading to a kitchen on the right side of the image","A Scandinavian style open floor plan interior features a light wood palette, linen and metal accents, and natural sunlight streaming through large windows and overhead skylights."
"coastal_481.jpg","Modern Minimalist","blue, white, wood","wood, leather, glass","natural soft light from large windows","calm and airy","sofa, coffee table, floor lamp, plant, bookshelf","open space with central seating area","This living room features a minimalist design, with a neutral color palette that includes shades of blue, white, and wood. The room is illuminated by natural light from the large windows, creating a calm and airy atmosphere. The furniture includes a comfortable sofa, a cozy coffee table, a floor lamp providing additional lighting, and a bookshelf filled with books for relaxation or intellectual stimulation. The space is arranged in an open layout centered around the seating area, fostering social interaction and making the room feel inviting."
"coastal_482.jpg","Modern Minimalist","light gray, neutral beige, dark wood","dark stone, white walls, oak flooring","recessed lighting with ambient and task lighting","contemporary, warm, and inviting","white sofa, blue armchairs, wooden coffee table, flat-screen TV, stone fireplace","open floor plan with living area and seating in front of a stone fireplace","The living room features a warm and modern design, with a minimalist color palette, oak floors, a large stone fireplace, and recessed lighting."
"coastal_483.jpg","Scandinavian","gray, white, black","wood, linen, leather","The room is lit by natural light coming through a large round window that offers a view of the ocean.","calm and serene","two beds, a sofa with two chairs, a wooden side table, a floor lamp, a small rug, indoor plants","The room features a large round window at one end, framing a panoramic view of the ocean. A curved bench is positioned under the window, and beyond it, there's a seating area with two chairs and a sofa facing out to the water.","This Scandinavian-style bedroom offers a calm and serene atmosphere with its gray color palette, natural lighting, and views of the ocean. The room is furnished with two beds, a curved bench under a large round window, a sofa with two chairs, a side table, a floor lamp, and indoor plants."
"coastal_484.jpg","Modern","white, light wood, gray","oak wood, glass, marble","natural soft light from large windows and recessed ceiling lights","bright and airy","sofa, coffee table, flat screen TV, kitchen island","open space with central seating area and separate kitchen zone","This modern interior design features a bright and open living room connected to the kitchen. The color palette is neutral, with white as the dominant tone, complemented by light wood accents and gray for contrast. Materials include oak wood floors and walls, along with glass panels that allow natural light to fill the space. The layout is designed for easy movement between areas, and includes a kitchen island that provides additional counter space."
"coastal_485.jpg","Maritime","blue, white, wood","metal, fabric, glass","bright and airy, natural light from many windows","nautical and playful","boat bed frame, wooden ladder, marine-themed bedding, ship model","cozy and personalized room layout","This maritime-themed room is designed with a nautical boat bed as the centerpiece, complemented by wooden ladder and marine decor. The color palette includes blue, white, and wood tones, creating a seaside atmosphere."
"coastal_486.jpg","Modern Minimalist","white, navy blue, soft pink","wood, fabric, metal","natural soft light from large windows and ceiling lights","calm and airy","large dining table, mid-century modern chairs, blue sofa with patterned throw pillows, vintage floor lamp, framed artwork on walls","open space design with central seating area and ample natural light","This modern minimalist living room features a mix of contemporary furniture, soft pastel colors, and natural lighting to create a calm and airy atmosphere."
"coastal_487.jpg","Modern Minimalist","white, beige, light wood","cotton, linen, glass","natural soft light from large windows","calm and airy","sofa, coffee table, plant, floor lamp, rugs","open space with central seating area","This is a well-lit, modern bedroom with a simple color palette and minimalist design. The room features a large window allowing natural light to fill the space, creating an airy atmosphere. There are several decorative elements such as plants, rugs, and lamps that add warmth without cluttering the space."
"coastal_488.jpg","Scandinavian","white, beige, light wood","oak wood, linen, wicker","natural soft light from large windows","calm and airy","bed, sofa, coffee table, plant, rugs","open space with central seating area","This is a Scandinavian-style bedroom featuring white walls, beige and light wood tones, oak wood floors, linen textiles, wicker headboard, natural lighting, and a calm atmosphere."
"coastal_49.jpg","Scandinavian","white, blue, gray","wood, linen, metal","bright and airy with natural light","calm and serene","beds, bookshelves, pillows, books, plant","spacious room with two beds separated by bookshelves","A tranquil bedroom with a Scandinavian design theme, featuring white walls, blue accents, wooden furniture, and ample natural light."
"coastal_490.jpg","Modern Minimalist","white, gray, black","wood, fabric, leather","well-lit with natural light from large windows and ceiling lights","calm and sophisticated","bookshelves, couches, area rug, vases","open space with central seating area, flanked by bookshelves on both sides","A modern minimalist living room featuring white and gray tones, a variety of textures and materials, and an open floor plan that creates a sense of spaciousness and sophistication."
"coastal_491.jpg","Modern Minimalist","white, beige, light wood","wood, linen","natural soft light from large windows","calm and airy","couch, coffee table, plant, floor lamp","open space with central seating area","The interior features a Modern Minimalist style with clean lines and a neutral color palette. The use of natural light creates an airy atmosphere, while the wooden staircase adds warmth to the space."
"coastal_492.jpg","Modern Minimalist","white, gold, light wood","wood, stone, glass","bright and natural light from the large windows","airy and spacious","island, barstools, kitchen cabinetry, vase with greenery","open layout with kitchen island and bar stools surrounding it.","A modern minimalist style kitchen with a white palette, wood accents, and bright natural light. The space is open and airy with an island for seating and storage."
"coastal_493.jpg","Modern Minimalist","grey, white, tan","linen, wood, glass","soft and warm from recessed lighting and floor lamp","calm and soothing","king-size bed with white linens, white chaise lounge, black and white print wall art, beige throw blanket on couch","traditional master bedroom layout with separate seating area","The interior design of this space is a modern minimalist take on a classic master bedroom, featuring neutral colors, luxurious linens and a comfortable seating area for relaxation."
"coastal_494.jpg","Modern Minimalist","white, beige, light wood","wood, linen, leather","Natural soft light from large windows and floor lamps","Calm and airy","sofa, coffee table, plant, floor lamp, throw blanket","Open space with central seating area, defined by a rug","This modern living room is designed for comfort and style, featuring a neutral color palette and natural materials. Large windows allow plenty of light to fill the space, while the clean lines and minimal decorations create a serene atmosphere."
"coastal_496.jpg","Modern","white, gray, blue","wood, fabric, metal","Natural light from large windows, supplemented by overhead fixture and floor lamps.","Calm and comfortable.","couch, coffee table, side tables, rug, potted plant, artwork","Open space with central seating area flanked by side tables and a rug for definition.","This is a modern living room that combines a mix of neutral colors and textures, featuring wood elements and comfortable seating options. The layout is designed to be open yet inviting with a central seating arrangement surrounded by side pieces."
"coastal_497.jpg","Scandinavian","blue, white, wood","wood, linen, concrete, metal","natural soft light from large windows","calm and airy","couch, door, bench, plant","open space with central seating area","This interior design image showcases a Scandinavian style with wooden siding, natural lighting from windows, and a calm atmosphere."
"coastal_498.jpg","Modern Minimalist","white, light gray, green","wood, linen, glass","bright and natural from surrounding windows","calm and serene","couch, coffee table, chairs, plants","spacious and open with seating around central area","This is a modern minimalist living room featuring neutral colors, natural materials, and ample lighting. The space is designed to be calm and inviting with a focus on comfortable seating and lush greenery."
"coastal_499.jpg","Modern Minimalist","white, gray, stone","wood, leather, metal, brick","natural soft light from large windows","calm and airy","sofa, coffee table, floor lamp, plant, wicker basket","open space with central seating area","This modern living room combines a minimalist design style with elements of rustic charm, featuring large windows that fill the space with natural light and a comfortable sofa for relaxation."
"coastal_50.jpg","Modern","neutral tones, warm accents","hardwood flooring, leather upholstery","layered lighting with recessed lighting and floor lamps","contemporary and inviting","sectional sofa, coffee table, floor lamp, rugs, cushions","open concept living space with separate dining area","A modern living room featuring a neutral color palette, hardwood flooring, leather upholstery, and an open concept layout that integrates the living and dining spaces."
"coastal_500.jpg","Modern Minimalist","white, beige, light wood","cabinetry, marble countertops, wooden flooring","natural soft light from large windows","bright and airy","kitchen island, sub-zero refrigerator, stainless steel range hood, modern pendant lights","open space with central kitchen island","This modern kitchen is designed for ease of use and aesthetics, featuring marble countertops, wooden flooring, and sub-zero appliances."
"coastal_501.jpg","Scandinavian","white, beige, light wood, green accent","oak wood, linen, concrete, steel","natural soft light from large windows","calm and airy","sofa, coffee table, plant, floor lamp","open space with central seating area","This is a beautifully designed Scandinavian-style kitchen that incorporates warm wood tones, natural lighting, and functional furniture to create a cozy yet airy atmosphere."
"coastal_502.jpg","Modern Minimalist","white, light wood","wood, tile, metal","bright and natural light with two wall-mounted sconces","clean and spacious","shower caddy, bath mat, white towels","linear layout with shower on left and toilet to the right","This is a modern bathroom that combines minimalist design principles for functionality and style."
"coastal_503.jpg","Modern Minimalist","white, light wood","wood, linen, concrete","natural soft light from large windows","calm and airy","sofa, coffee table, plant, floor lamp","open space with central seating area","A modern minimalist living room with a light color palette, featuring wood and linen materials, natural soft lighting, a calm mood, and a spacious layout centered around a comfortable sofa."
"coastal_504.jpg","Modern Minimalist","white, beige, light wood","oak wood, linen, concrete","natural soft light from large windows","calm and airy","bed, nightstand, seating area with rugs, lamp, bookshelf","spacious open living area","This minimalist bedroom features a white oak wood headboard, beige linens, and light wood furniture. The natural light from large windows creates a calming atmosphere. A seating area with rugs adds a cozy touch to the space."
"coastal_505.jpg","Modern","white, beige, light wood","marble, wood, metal","well-lit with natural light coming in from a window","clean and bright","sink, mirror, towel rack, toiletries","small, compact space designed for functionality","This bathroom features a marble sink, wood-framed mirror, towel rack, and toiletries, all arranged in an efficient layout within a white-walled space that is well-lit with natural light."
"coastal_506.jpg","Modern Minimalist","black and white, natural tones","marble, wood, metal","natural soft light from window above sink","calm and serene","vintage-style faucet, marble sink, textured wallpaper, woven basket","narrow space with long vanity","A modern, minimalist bathroom with black and white design elements and natural materials like marble and wood."
"coastal_508.jpg","Scandinavian","white, blue, beige","wooden floor, linen upholstery, wood paneling on wall","bright and natural light from large windows overlooking water","calm and serene","white sofa with pillows, large wooden coffee table, blue vase on table, plant in corner, abstract art","open space layout with central seating area near water view","This living room is styled in a Scandinavian manner, featuring a bright and airy atmosphere with natural light from large windows. Materials include wooden elements and linen upholstery, creating a cozy yet contemporary feel. The color palette consists of white, blue, and beige tones to maintain the room's calm and serene mood. Furniture includes a comfortable white sofa with cushions, a coffee table for functional use, decorative elements like art and a plant, which adds life to space. Overall, the living room is designed for relaxation and enjoying the water view."
"coastal_509.jpg","Modern","white, gray, blue","glass, concrete, metal","bright and well-lit bathroom with recessed lighting","clean, sleek, and modern","free-standing bathtub, large shower with glass door, built-in shelves for toiletries","open layout with walk-in shower and bathtub","A modern bathroom design featuring a minimalist approach with clean lines, gray tones, and natural light."
"coastal_51.jpg","Modern Minimalist","white, beige, light wood","oak wood, linen, steel","well-lit with recessed lighting and pendant lights above the island","modern yet cozy","island cooktop range, wood cabinets, modern chairs, decorative plants","open layout with island counter in center of kitchen area","The interior design features a modern, minimalist style with clean lines and neutral color palette. The space is well-lit with recessed lighting and pendant lights above the island cooktop range. Materials include oak wood cabinetry and steel appliances. The kitchen is furnished with contemporary chairs and has decorative plants adding a touch of nature to the space."
"coastal_510.jpg","Scandinavian","green, white, natural wood","wood, linen, crystal","bright and natural light from large windows","calm and airy","dining table, chairs, vase with flowers, framed artwork","open space with central dining area and surrounding living spaces","This is a bright, open-concept home with a Scandinavian design style. The color palette is simple with natural green accents, white walls, and warm wood tones. Materials used include oak wood, linen, and crystal chandeliers. Natural light fills the space from large windows. The mood of the room is calm and airy. Objects in the space include a dining table with chairs, a vase with flowers on the table as a centerpiece, and framed artwork on the wall. The layout is open and welcoming, with all seating areas surrounding the central dining area."
"coastal_512.jpg","Modern Minimalist","light gray, white, dark wood","tile, brick, stainless steel","Recessed lighting with spotlighting on specific elements.","Contemporary and sleek, with a touch of rustic warmth from the brick wall.","sink, mirror, cabinets, shower curtain, towel","Small space with efficient use of vertical space for storage.","This modern bathroom balances a minimalist aesthetic with functional design and thoughtful decorative elements."
"coastal_514.jpg","Modern","blue-gray, beige, white","glass tile, stainless steel fixtures","bright and natural light from wall-mounted lights and shower glass","clean, modern, and airy","tiled wall, curved shower rod, modern towel rack","wall-mounted tile creates a seamless look with the rest of the bathroom","This bathroom features modern design elements such as geometric tiles on the walls and stainless steel fixtures, creating a bright and clean atmosphere."
"coastal_515.jpg","Modern","navy blue, white, copper","wood, linen, leather, metal","soft and natural light, accentuated by strategic window placement","calm and sophisticated","bed with wooden headboard, two-tone wool blanket, coffee table, floor lamp, woven throw rug","organized and symmetrical, with a bed at the center flanked by side tables","This modern bedroom features a dark color palette and natural materials, creating a serene and stylish retreat."
"coastal_516.jpg","Scandinavian","white, beige, blue","oak wood, marble, stainless steel","natural soft light from large windows","calm and airy","bathtub, sink, basket, potted plant, mirror","space is divided into functional areas with a central tub","The bathroom has a modern Scandinavian design with natural materials and soft lighting, creating a tranquil atmosphere."
"coastal_517.jpg","Scandinavian","white, blue, wood","wood, linen, wicker","natural soft light from large windows","calm and airy","bed, nightstand, side table, framed artwork, rug","open space with central seating area underneath a green wall","A Scandinavian-style bedroom with a large bed placed in the center of an open space, flanked by wooden nightstands and framed artwork on the walls. The room features white linens, blue accents, a wicker side table, and rugs that add warmth to the bright and airy atmosphere."
"coastal_518.jpg","Modern","white, gray, black","fabric upholstery, wood paneling, metal frame","large windows allowing natural light, with supplemental overhead and table lamps","clean and serene","king size bed, bedside tables, framed artwork, area rug","open floor plan with separate seating area and sleeping quarters","This is a modern hotel room featuring a king-size bed, large windows for natural light, and a clean, serene atmosphere."
"coastal_519.jpg","Modern Minimalist","beige, gray, black","oak wood, leather, steel","natural soft light from large windows and recessed lighting in the ceiling","calm and airy","sofa, coffee table, floor lamp, plant, bookshelf","open space with central seating area and ample natural light","This living room features a modern minimalist design with clean lines, neutral colors, and an open layout that maximizes natural light."
"coastal_52.jpg","Modern Minimalist","white, beige, gray, blue","brick, wood, concrete, metal","Natural soft light from large windows and a chandelier.","Calm and airy with a touch of rustic charm.","sofa, coffee table, floor lamp, vase, plant","Open space with central seating area and fireplace as focal point.","A modern minimalist living room featuring a brick wall, wood floors, concrete accents, and natural lighting that creates an airy atmosphere."
"coastal_520.jpg","Modern Minimalist","white, black, brown","wood, concrete, glass","natural soft light from large windows","warm and cozy","dining table, chairs, kitchen island, shelving unit, vase with flowers","open space with central seating area","A modern minimalist kitchen and dining area featuring white walls, black accents, wood flooring, concrete countertops, large windows for natural light, a central dining table surrounded by chairs, and various decor elements including a vase with flowers."
"coastal_522.jpg","Modern","white, beige, light wood","wood, marble, glass","Natural light from windows, with warm and ambient overhead lights.","Elegant and sophisticated.","dining table, chairs, sideboard","Open floor plan with kitchen in the background, flowing to living room space.","The interior design combines modern aesthetics with a warm color palette and elegant furnishings."
"coastal_523.jpg","Modern Minimalist","white, light wood","wood, glass","natural light from windows and recessed lights","clean and serene","two mirrors, two sinks, vase with greenery","linear arrangement of sinks and vanity, with wood and glass materials creating a cohesive look","This is a modern bathroom design that features a minimalist style with light wood and glass materials. The space includes two mirrors on the wall above two sinks, creating a symmetrical layout. A vase of greenery adds a touch of color and life to the room."
"coastal_524.jpg","Mid-Century Modern","beige, light wood, white, marble","granite, wood paneling, marble, gold accents","Natural light from large windows and recessed ceiling lights","Elegant and timeless","freestanding bathtub, his-and-hers vanities, large framed mirror, plush bath mat","Spacious master suite with separate shower and tub areas","This spacious mid-century modern bathroom features a marble floor, wood paneling on the walls, his-and-hers vanities, a large freestanding bathtub, and a plush bath mat for a luxurious and timeless feel."
"coastal_526.jpg","Modern Minimalist","white, gray, green","tile, metal, wood","natural soft light from large windows and ceiling lights","calm and airy","bathtub, sink vanity with mirror, vanity light, cabinet, shower head","space is organized around a central sink and mirror area, with the bathtub positioned near large windows for natural light. The tile wall adds texture to the room.","This bathroom features a modern minimalist design with a calming mood created by the use of neutral colors and the flowing layout that leads to the large windows."
"coastal_528.jpg","Minimalist","white, neutral, wood accents","tile backsplash, brass fixtures, marble tub, wood vanity","natural light from window and pendant lights","clean and serene","freestanding tub with plant on top, hanging light fixture, wooden stool, large potted greenery","open layout with tub centered in room and vanity to one side","This bathroom features a minimalist design with clean lines, natural wood accents, and ample natural light. The space is open and uncluttered, providing a serene and relaxing atmosphere."
"coastal_529.jpg","Modern Minimalist","gray, white, black","wood, stainless steel, marble","overhead track lighting with warm white bulbs, and soft ambient light from under-cabinet LED strips","contemporary and clean","white shelving units, black countertops, marble backsplash, stainless steel faucet","U-shaped layout with island as the focal point","This modern minimalist kitchen features a monochromatic color scheme, clean lines, and sleek finishes. The black countertops provide a striking contrast to the white shelving units and marble backsplash. Overhead track lighting illuminates the space while under-cabinet LED strips add soft ambient lighting. The U-shaped layout with an island as the focal point creates an efficient workspace."
"coastal_53.jpg","Scandinavian","black, white, wood","wood, metal","bright and natural light from large windows","cozy and inviting","sofa, coffee table, armchair, wooden shelves, vase","open space with a central seating area","The interior design of this home has a Scandinavian style, characterized by its use of black and white for a modern and minimalist feel. The space features wooden elements, giving it a warm yet contemporary vibe. Large windows allow for natural light to fill the room, creating a bright and inviting atmosphere."
"coastal_530.jpg","Modern Minimalist","white, gray, black","wood, fabric, metal","natural light from windows and ceiling lights","calm and serene","bed, nightstand, lamp, headboard","two beds next to each other with nightstands in between","The room has a modern minimalist design, featuring two gray upholstered beds against a white wall. The color palette is neutral, consisting of white, gray and black tones. Materials used include wood for the bed frames and headboards, fabric for the bedding and curtains, and metal for lamp bases. Lighting in the room comes from ceiling lights and natural light entering through windows. A calm and serene mood is achieved through the use of soft colors and minimal decor."
"coastal_532.jpg","Modern Minimalist","white, beige, light wood","oak wood, linen, concrete, steel","natural soft light from large windows","calm and airy","sofa, coffee table, plant, floor lamp","open space with central seating area around fireplace","This living room exudes a modern minimalist vibe with its sleek lines, neutral color palette, and simple yet stylish design elements. The open layout promotes an airy feel, enhanced by the natural light streaming in from large windows. The central seating area is anchored around a cozy fireplace, creating a warm and inviting atmosphere. The use of oak wood, linen, concrete, and steel adds a touch of elegance and sophistication to space."
"coastal_533.jpg","Modern Minimalist","white, light wood, black, blue","wood, glass, brick","natural light from large windows and ambient indoor lights","calm and airy","sofa, coffee table, floor lamp, plant, chairs","open space with central seating area","This modern cabin design emphasizes clean lines, minimalistic decor, and a warm atmosphere, featuring wooden accents, glass for brightness, and a cozy sitting area."
"coastal_534.jpg","Classic Colonial","white, beige, dark brown","cedar shake siding, white trim, wooden flooring","Natural light from windows and front door, complemented by interior lights.","Elegant and welcoming with a touch of timeless charm.","front door with columns, centered porch for relaxation, large window above the porch","A symmetrical layout with a central staircase leading to the second floor.","This classic colonial house exudes an elegant, welcoming charm, with its use of traditional materials and thoughtful design elements."
"coastal_535.jpg","Modern","white, beige, wood","oak wood, linen, metal","natural soft light from large windows","bright and energetic","sofa, coffee table, plant, floor lamp","open space with central seating area","This modern interior features a warm, inviting atmosphere. The color palette is neutral yet bright, and the large windows let in natural light that brightens up the room. Wood elements are seen throughout the decor, contributing to a cozy feel while maintaining a contemporary look. Furniture includes comfortable seating options and functional items like a coffee table and floor lamp. The layout of the space is open with a central focus for seating and easy movement throughout."
"coastal_536.jpg","Modern Minimalist","white, light wood","oak wood, cabinetry, metal","bright and natural light from large windows","calm and spacious","center island with bar stools, wood cabinetry, backsplash with subway tile","open space with central seating area","This modern kitchen features a minimalist design, with clean lines and bright natural light. The wood materials add warmth to the space, while the center island provides a functional bar area for casual dining or conversation."
"coastal_537.jpg","Scandinavian","white, light wood, gray","wood, glass, metal","Natural light from window above sink","Clean, bright and airy","sink with double faucets, washer/dryer combo unit, small hanging basket, large picture frame","Open kitchen layout with window above sink for natural light","A bright, modern Scandinavian-style kitchen with a large window above the sink, providing ample natural light to the space."
"coastal_538.jpg","Scandinavian","white, black, wood","wood paneling, slate tiles, brass accents","Natural light from floor to ceiling windows and soft ambient lighting","Bright, open, and airy with a touch of coziness","sectional sofa, modern coffee table, minimalist fireplace, modern chairs","Open layout with central seating area and built-in bar","Scandinavian style house with a focus on brightness and airy, open spaces, featuring a modern design with natural materials and soft lighting."
"coastal_539.jpg","Scandinavian","white, gray, green","wood, wicker, linen","natural soft light from large windows and ceiling fan lights","calm and serene","queen size bed with white comforter, wooden nightstands, wooden chair and ottoman, potted plant on table, white area rug","open space with central seating area under large windows","This is a cozy, modern-style living room featuring a bedroom suite at one end, comfortable seating around the fireplace, and plenty of natural light."
"coastal_540.jpg","Modern Minimalist","white, beige, gray, light wood","glass block, concrete tile, brushed nickel","recessed lighting and wall sconces","calm and relaxing","freestanding bathtub, shower enclosure with glass door, large towel rack, tub accessories","square footage with separate tub/shower area","This bathroom is designed for functionality and minimalism, featuring a freestanding bathtub as the centerpiece."
"coastal_541.jpg","Modern Minimalist","white, gray, blue","wood, linen, metal","bright and natural with large windows allowing for ample sunlight","calm and airy","sofa, coffee table, lamp, plant, vase","open space with a focal point from the fireplace","This living room features a modern minimalist design, characterized by a neutral color palette and the use of wood, linen, and metal materials. The large windows allow for bright and natural light to fill the space, creating a calm and airy atmosphere. The furniture includes a comfortable sofa positioned around a coffee table with a lamp on top, adding both function and style to the room."
"coastal_542.jpg","Modern Minimalist","white, light wood","tiles, stainless steel","bright and inviting from overhead lights","calm and serene","shower, tiled floor, tub, toiletries","single piece bathroom with corner tub","This is a well-lit, modern bathroom featuring minimalistic design elements such as tiles and stainless steel fixtures."
"coastal_543.jpg","Modern Minimalist","white, dark grey, light blue","oak wood, glass, stainless steel","natural soft light from large windows","calm and airy","sofa, coffee table, plant, floor lamp","open space with central seating area","This modern minimalist interior design features a calming color palette of white, dark grey, and light blue, with materials such as oak wood, glass, and stainless steel. Large windows allow for natural soft lighting, creating a calm and airy atmosphere. The space includes a sofa, coffee table, plant, and floor lamp in the central seating area."
"coastal_544.jpg","Modern","white, gold, marble","wood, porcelain, brass","natural light with warm overhead lights","clean and luxurious","sink, vanity mirror, soap dispenser, tissue box holder, potted plant","bathroom vanity area with a clear space on one side for movement","The bathroom vanity features a marble countertop, gold fixtures, and white walls, creating a luxurious and modern feel."
"coastal_545.jpg","Modern Minimalist","white, light wood, light blue","concrete, wood, linen","Natural soft light from large windows and a high vaulted ceiling","Calm and airy with a touch of natural warmth","white sofa, coffee table, plants, high back wicker chairs","Open space with central seating area under vaulted ceiling","Modern patio living space with a minimalist design featuring light wood and linen furniture, natural lighting from large windows, and a cozy yet contemporary feel."
"coastal_548.jpg","Modern","black, white, gray","stainless steel, glass, wood","well-lit with recessed lighting and under-cabinet lights","modern and sleek","kitchen island, bar stools, black hanging lamps, stainless steel kitchen appliances","open concept with barrier-free flow to dining area","This modern kitchen features a contemporary design, with a focus on clean lines and black accents, creating a stylish and functional space."
"coastal_549.jpg","Modern","gray, white, wood","stainless steel, cork, glass","Natural light from large windows and pendant lights over the island.","Clean, contemporary, and inviting with a hint of rustic warmth","bar stools, kitchen island, sink, potted plant","Open kitchen space with a central island and perimeter countertops.","This modern kitchen combines sleek design elements with natural materials for a warm and inviting atmosphere."
"coastal_55.jpg","Modern","white, metallic gray","stainless steel","bright and evenly distributed with recessed lighting","clean, minimalistic and modern","washing machine, dryer, white folding table","linear arrangement with washing machines side by side in front of white folding table.","This laundry room features a clean and minimalistic design, with stainless steel appliances and a bright color scheme. The space is organized around two washing machines placed next to each other, with a white folding table between them for convenience."
"coastal_550.jpg","Modern","white, gray, wood","oak wood, stainless steel, glass","recessed and pendant lights providing ample illumination","clean, sleek, and inviting","island with bar stools, modern range hood, stainless steel backsplash","spacious galley kitchen with open shelving above the island","This modern galley kitchen is sleek and stylish, featuring a blend of wood elements and stainless steel appliances. The ample natural light from the windows enhances the brightness and spacious feel of the room."
"coastal_551.jpg","Modern","white, neutral, wood accents","stone, leather, metal","Warm and inviting from ambient light and warm glow of the fireplace","Calm and relaxed","couch, coffee table, fireplace, outdoor umbrella","Open floor plan with a central sitting area","This cozy living room combines modern design elements with rustic textures and materials, creating an inviting space for relaxation."
"coastal_553.jpg","Scandinavian","white, beige, gray","wood, metal","natural light from windows and ceiling lights","cozy and inviting","cabinet, coffee machine, glassware, plant, books","open layout with shelving against wall","This kitchen features a Scandinavian style design, characterized by white and neutral tones, wood accents, and modern furnishings. Natural light fills the space, creating a warm and welcoming atmosphere."
"coastal_554.jpg","Modern Minimalist","white, beige, light wood","oak wood, linen, steel","natural soft light from large windows","calm and airy","bed, nightstand, drawer unit, chair","open space with central seating area","The bedroom features a minimalist design with a light color palette, oak wood accents, and steel frame headboard. Large windows allow for natural light to flood the room, creating an airy atmosphere. The nightstands are made of light wood, complementing the oak wood in the drawer unit. The bed is surrounded by ample seating area with a chair nearby."
"coastal_556.jpg","Modern Minimalist","white, black, green accents","cedar wood siding and beams, white trim, concrete front steps","natural soft light from large windows and recessed ceiling lights","modern, spacious, and inviting","potted plants, mid-century modern style chairs, large abstract artwork on the wall","open space with central seating area around fireplace","This two story house features a modern minimalist design with a focus on clean lines, natural materials, and large windows that let in an abundance of light."
"coastal_557.jpg","Modern Minimalist","neutral tones, blue accent","natural wood, leather, stainless steel","recessed lighting with soft ambient glow","contemporary and serene","modern sofa set, sleek coffee table, decorative wall art, floor lamp","open floor plan with central island in dining area","This modern kitchen and living room are characterized by clean lines, neutral tones, and minimalist design."
"coastal_559.jpg","Industrial Loft","white, gray, wood","wood, brass, stainless steel, glass","natural soft light from large windows and pendant lights","warm, cozy, inviting","dining table with chairs, island with countertop stools, kitchen island with countertop and faucet, oversized kitchen window, stainless steel refrigerator and oven","open concept layout with central seating area","This is a spacious, well-designed loft kitchen featuring an industrial style with white cabinetry, stainless steel appliances, and wood accents. The space has a cozy vibe due to the large windows allowing in natural light, pendant lights for ambient lighting, and a central seating area perfect for family meals or entertaining guests."
"coastal_56.jpg","Modern Minimalist","white, beige, light wood","oak wood, linen, concrete","natural soft light from large windows","calm and airy","sofa, coffee table, plant, floor lamp, fireplace","open space with central seating area","A modern minimalist living room featuring a clean, airy design with soft lighting and natural colors, centered around a cozy fireplace."
"coastal_560.jpg","Modern Minimalist","white, light wood, blue","oak wood, steel, glass","natural soft light from large windows","calm and airy","kitchen island, modern pendant lights, stainless steel refrigerator, white subway tile backsplash","open space with central kitchen island and seating area","This modern minimalist kitchen features an open layout with a central island, providing ample room for cooking and dining. The color palette is neutral with white cabinets, light wood accents, and blue backsplash tiles that complement the stainless steel appliances."
"coastal_563.jpg","Modern Minimalist","white, black, silver","oak wood, brass, leather","natural soft light from large windows","calm and airy","sofa, coffee table, plant, floor lamp, vase, cushion","open space with central seating area around window-lined walls","This modern minimalist living room features a white sofa, black and silver accents, oak wood furniture, and brass accents. The natural soft light from the large windows creates a calm and airy atmosphere."
"coastal_565.jpg","Modern","white, beige, light gray","linen, wood, leather","well-lit with recessed lighting and floor lamps","modern, elegant, and inviting","large sectional sofa, coffee table in front of the sofa, rectangular area rug under the coffee table, flat screen television mounted above the coffee table, floor lamp with a white shade next to the sectional sofa","open concept space with an L-shaped sectional sofa creating two cozy spaces","This modern living room features neutral tones, contemporary furnishings, and a mix of textures that create a warm and inviting atmosphere."
"coastal_566.jpg","Modern Minimalist","white, beige, light wood","linen, wood, metal","natural soft light from large windows and ceiling light","calm and airy","king-size bed, potted plant, large round mirror, floor lamp, black armchair","open space with central seating area","This is a modern minimalist bedroom. The color palette consists of whites, beiges, and light wood tones. Materials used in the space are linen for the beds, wood for the walls, and metal for the ceiling fixture. The room has large windows that let in soft natural light and black armchair near the center creating a cozy seating area. A potted plant adds life to the space while the floor lamp provides additional lighting."
"coastal_567.jpg","Modern","white, gray, black","wood, glass, stainless steel","well-lit with natural light from large windows","clean and sophisticated","modern kitchen island, black bar stools, hanging pendant lights, white marble countertops","open plan with central island","A modern kitchen design featuring a large island, black bar stools at the counter, white marble countertops and pendant lighting hanging from the ceiling."
"coastal_568.jpg","Scandinavian","white, grey, green, wood","oak wood, marble, linen, steel","natural soft light from large windows and skylights","calm and airy","kitchen island, sofa, dining table, coffee table, potted plants","open space with central seating area and kitchen island","This Scandinavian-style kitchen combines natural light, calming colors, and functional furniture for a welcoming and modern look."
"coastal_57.jpg","Scandinavian","white, light wood","oak wood, marble","bright and natural light from a large window","clean, minimalistic, and airy","large mirror, double sink vanity, wooden towel rack","linear arrangement with vanity at center","A modern Scandinavian-style bathroom with a large mirror over the double sink, wooden elements, and natural light."
"coastal_570.jpg","Modern Minimalist","white, light blue, beige","oak wood, linen, glass","natural soft light from large windows and overhead skylight","calm and airy","dining table with bench seating, living room sofa, coffee table, floor lamp, plant","open space with central dining area, flanked by living room seating on both sides","This modern minimalist kitchen and living space features a light-filled design with a palette of white, light blue, and beige accents. The materials include oak wood, linen, and glass, creating a warm yet uncluttered atmosphere. The layout is open, with the dining table centrally placed between seating areas in the kitchen and living room."
"coastal_571.jpg","Industrial Loft","white, wood brown, copper","wood planks, metal shelving, canvas bins","mixed, with ambient light from recessed ceiling lights and accent lighting from wooden lantern fixtures","modern, functional yet homey","bench, shelving units, storage baskets, wooden skiff boat decor","industrial-style open shelving with bench seating underneath, creating a visually interesting and practical space for storage and display.","This loft-style room combines industrial elements like exposed wooden planks and metal shelving with functional furniture like a bench and bins. The space is bright yet cozy due to the mixed lighting scheme, and features a unique decor piece in the form of a wooden skiff boat."
"coastal_573.jpg","Modern","white, wood tones, navy","wool rugs, leather upholstery, wood paneling","natural light from large windows and overhead lighting","warm and inviting","sofa, coffee table, fireside chair, area rug, decorative pillows","open concept with fireplace as central focal point","This modern living space features a cozy atmosphere with warm wood tones, plush seating options and natural light that enhances the inviting ambiance."
"coastal_574.jpg","Scandinavian","light wood, white, gray","wood, textiles, natural stone","Natural light from large windows and white walls reflecting light","Light, airy, and bright","couches with cushions, wooden chairs, coffee table, floor lamp","Open plan layout with a large window providing a view of the beachfront","This is a modern, Scandinavian-style living space with a focus on light wood tones, soft textiles, and natural materials. The open layout and large windows bring in ample natural light, creating a bright and airy atmosphere."
"coastal_575.jpg","Scandinavian","white, gray, blue","wood, leather, fabric","natural soft light from large windows","calm and airy","sofa, coffee table, plant, floor lamp, bed, seating area","open space with central seating area",""
"coastal_577.jpg","Modern Minimalist","white, gray, light blue","glass, tile, stainless steel","bright and natural light from a large window","clean, sleek, and modern","freestanding tub, shower head with clear glass door, single blue vase with flowers","angular layout with tub adjacent to shower area","This modern bathroom features a minimalist design with clean lines and natural lighting. The tile wall adds texture, while the stainless steel fixtures lend an industrial touch."
"coastal_578.jpg","Scandinavian","white, light wood, blue","wood, tile, steel","natural soft light from large windows","calm and airy","bench, shelf, plant, cabinet","open space with central seating area","Scandinavian design, featuring light wood tones, steel accents, and a bright, airy open floor plan. The room includes a bench, shelf, plant, cabinet, and large windows that allow for ample natural light."
"coastal_579.jpg","Modern Minimalist","blue, white, wood","wood, linen, stainless steel","bright and airy with natural soft light from large windows","calm and serene","bed, nightstand, floor lamp, ruffled bedspread, blue pillows","open space design with centered bed for emphasis","A modern minimalist bedroom with a calm and serene atmosphere, featuring a blue color palette, natural lighting, wood accents, linen materials, and a simple layout focusing on the central bed."
"coastal_58.jpg","Modern Minimalist","white, beige, light wood","wood, linen, steel","natural soft light from large windows","calm and airy","dining table, chairs, pink sofa, bookshelf","open space with central seating area","The interior design features a modern minimalist style with a palette of white, beige and light wood tones. The space is accented with metal for a sleek contrast. Sunlight from the large windows creates a bright, airy atmosphere."
"coastal_580.jpg","Modern Minimalist","white, beige, light wood","stainless steel, wood, tile","soft white under-cabinet lighting and recessed ceiling lights","clean, bright, and inviting","oven and range top, kitchen island, sink, wine rack","U-shaped design with perimeter cabinetry","This modern kitchen features a minimalist color palette with light wood, white, and beige tones. The space is illuminated by soft ceiling lights and under-cabinet lighting. Stainless steel appliances contrast with the wood, while stools at the island provide extra seating. A wine rack is conveniently built into the design."
"coastal_581.jpg","Modern Minimalist","white, gray, wood tones","light wood, stainless steel appliances, linen-look countertops","bright and soft natural light with recessed lighting","clean, spacious and airy","open shelving, island with seating, modern pendant lights, stainless steel appliances","open concept design with flow between kitchen and dining room","Modern minimalist kitchen with clean lines, wood tones, and natural lighting."
"coastal_583.jpg","Scandinavian","white, light wood, blue accent","wood panels, linen, glass","natural light from large windows with white blinds","calm and spacious","bed, nightstands, floor lamp, pink armchair","open floor plan with bedroom in back corner of house","This is a bedroom with Scandinavian design featuring white linens, light wood accents and large windows for natural light."
"coastal_584.jpg","Eclectic","white, wooden tones, black accent","wood siding, stone foundation, glass windows and doors","A mix of natural light, soft ambient lighting and statement chandeliers","Warm and inviting","large central fireplace, reclaimed wood coffee table, vintage rug, antique chest","Open floor plan with multiple seating areas","This eclectic design showcases a blend of materials and styles, creating a warm and welcoming atmosphere. The open layout encourages interaction between spaces."
"coastal_585.jpg","Modern Minimalist","white, beige, light wood","oak wood, linen, glass","natural soft light from large windows","calm and airy","cabinet, countertop, sink, floor lamp","linear arrangement with open space","A modern minimalist bathroom with white cabinetry, a light wood floor, and ample counter space for storage."
"coastal_586.jpg","Modern Minimalist","white, light wood","glass cabinet doors, white paint, brushed metal shelf supports","natural soft light from large windows","calm and airy","sofa with throw blanket, coffee table with books, floor lamp, potted plant","open space with central seating area","This living room features a minimalist design with white walls and cabinets, and a light wood floor. Large glass doors allow for natural light to fill the space, creating a calm and airy atmosphere. A sofa with a throw blanket provides comfortable seating, while a coffee table with books offers a place for relaxation. A potted plant adds a touch of nature and color to the room. The open layout and central seating area make this living room feel spacious and welcoming."
"coastal_59.jpg","Scandinavian","white, beige, gray","wood, marble, metal","soft ambient lighting from recessed and pendant lights","airy, bright, and welcoming","kitchen island with bar stools, stainless steel appliances, marble countertops","U-shaped layout with open concept between kitchen and dining area","This Scandinavian-style kitchen and living space features a neutral color palette, natural materials, and soft lighting that create an airy and inviting atmosphere."
"coastal_590.jpg","Modern Minimalist","white, gray, blue","stainless steel, marble, wood","soft, recessed lighting with ambient light from overhead fixtures","clean and serene","island with stools for seating, modern pendant lights, kitchenette appliances, modern barstools","open floor plan with a central island separating the kitchen from the living area","This modern minimalist kitchen and dining space features a clean and serene atmosphere, highlighted by stainless steel appliances, gray stone counters, white cabinetry, and wood accents. The open layout connects the kitchen to the living room, while an island with barstools acts as a casual seating area."
"coastal_591.jpg","Modern","black, white, brass","wood, marble, metal","overhead light fixture with additional accent lighting around mirror","neutral and balanced","mirror, toilet paper holder with decorative item on top, sink cabinet with towels, floor lamp","small space layout with sink area adjacent to toilet for efficient use of space","This is a small modern bathroom design with a neutral color palette and a mixture of materials including wood, marble, and metal. The lighting includes overhead fixtures and additional accent lighting around the mirror. Objects include a decorative toilet paper holder, a sink cabinet with folded towels, and a floor lamp."
"coastal_592.jpg","Modern Minimalist","blue, white, gold","wood, metal, glass","warm and soft lighting from built-in sconces and recessed ceiling fixture","calm and serene","freestanding vanity, wooden cabinet, vase of flowers","space designed for efficient use with a focus on clean lines and functionality.","A modern bathroom space with a blue color scheme, featuring a freestanding sink in a wood cabinet against a blue wall, gold fixtures, and a vase of flowers adding a touch of nature."
"coastal_594.jpg","Modern","navy blue, white, natural wood","marble, steel, wood","overhead lighting with recessed fixtures and a wall sconce above the mirror","clean and modern","large rectangular mirror, double vanity bathroom sink, towel holder on right side","long narrow space with counter on left, double vanity in center, and towel rack on right","This bathroom is designed in a modern style, featuring a navy blue color scheme, natural wood elements, marble counters, steel fixtures, and a clean, sleek aesthetic."
"coastal_598.jpg","Modern","gray, white, natural wood","marble, stainless steel, wood","recessed ceiling light fixtures","clean and sleek","double vanity mirrors, shelves for decorative items, potted plant","dual sink setup with floating shelves above","The bathroom features a modern design with gray and white colors, marble countertops, recessed ceiling lighting, and floating shelves for decorative items. The double vanity mirrors provide ample space for two people to use the sink simultaneously."
"coastal_599.jpg","Modern Minimalist","white, light gray, navy blue","wood, leather, silk","natural soft light from large windows","calm and airy","sofa, coffee table, floor lamp, large area rug, decorative pillows","open space with central seating area, fireplace acting as a divider between spaces","This modern living room features neutral colors and minimalist design elements, creating an airy and calming atmosphere."
"coastal_6.jpg","Scandinavian","white, natural wood, soft pastels","wood, plaster, linen","Natural light from large windows and pendant lights.","Calm and airy with a touch of rustic charm.","lounge sofa, wood-burning fireplace, dining table, wicker side table","Open floor plan with central seating area and dining space.","This Scandinavian-style living space is characterized by light wood tones, natural materials, a cozy fireplace, and ample natural light."
"coastal_60.jpg","Scandinavian","white, beige, light wood","wood, linen, brass","soft natural light from large windows and recessed ceiling lights","calm and bright","bench seat with throw pillows, bookshelves, dining table, floor lamp, area rug","spacious, open floor plan with seating area near windows","A Scandinavian-style room with a bright and airy feel featuring natural lighting and simple furniture arrangements."
"coastal_600.jpg","Scandinavian","white, light wood","wood, linen","natural light from windows","calm and minimalist","wicker baskets, cabinets, plant, towel rack","open space with central sink area","A modern, minimalistic bathroom with white cabinets and wicker elements."
"coastal_601.jpg","Modern Minimalist","white, gray, wood","oak wood, metal hardware, fabric upholstery","well-lit with natural light from a large window above the sink area","calm and bright","kitchen island with counter space, bar stools at the island, wine rack in background, sink, backsplash","open concept layout with a view into adjacent dining area","This kitchen features a modern minimalist design with oak wood cabinetry and gray countertops, providing ample storage and workspace. The open floor plan creates a bright atmosphere that connects the kitchen to the dining area."
"coastal_603.jpg","Modern Minimalist","white, blue, wood","oak wood, linen, steel","soft natural light from large windows","calm and airy","sofa, coffee table, plant, dining table, chairs, floor lamp","open space with central seating area around dining table","A modern minimalist kitchen and living area with a warm white palette, oak wood accents, and natural lighting that creates a calm and airy atmosphere."
"coastal_604.jpg","Scandinavian","white, gray, wood","oak wood, linen, cork","bright with a mixture of natural and artificial light","warm, inviting and well-organized","blue wooden cabinets, white hanging pendant lights, gray wool area rug, light wood dining table, bamboo steamer basket with pink flowers","open concept kitchen and living room with an island in the center for dining","This image showcases a stylish and modern open-concept home, featuring Scandinavian design elements such as wooden cabinets and linen accents. The space is well-lit with natural light coming through large windows, complemented by hanging pendant lights, creating a warm and inviting atmosphere. There's a gray wool area rug on the floor, adding texture to the space, and a dining table in the center of an island for easy access and conversation. The blue wooden cabinets and white linen give it a contemporary feel while maintaining a cozy touch through the bamboo steamer basket with pink flowers."
"coastal_605.jpg","Scandinavian","white, beige, light wood","wood, linen, metal","natural soft light from large windows and a skylight","calm and airy","white armchair, wicker basket, large potted plant, black metal railings, colorful throw pillows","open space with central seating area","A cozy Scandinavian living room featuring a white armchair, wicker basket, and large potted plant. Black metal railings add contrast to the otherwise light-toned interior."
"coastal_606.jpg","Modern","white, gray, blue","cedar shingles, glass, metal","bright and natural, with a mix of ambient, task, and accent lighting","relaxed and luxurious","pool table, outdoor seating, modern sofa set, flat-screen TV","open floor plan with a central living area and a poolside bar, connected by sliding glass doors.","The interior features a contemporary design with modern furniture and finishes, creating a luxurious and relaxed atmosphere. The open layout allows for easy flow between the indoor living space and the outdoor swimming pool."
"coastal_607.jpg","Modern Minimalist","white, dark gray, brass","marble, glass, steel","natural soft light from large windows with black trim","calm and airy","sink vanity with mirrors, towel rack, plant in white pot, faucet with gold hardware","small rectangular space with a vanity against one wall","This modern bathroom features a marble sink vanity with a sleek design, a towel rack for storage, and a plant that adds a touch of nature. The color scheme is minimalist with white walls, dark gray trim on the windows, and brass fixtures."
"coastal_608.jpg","Modern Minimalist","white, gray, wood","wood paneling, leather, linen","natural soft light from large windows","calm and airy","sofa, armchair, coffee table, floor lamp","open space with central seating area","This is a modern minimalist bunk room interior. The color palette consists of white, gray, and wood. The main materials used are wood paneling for the walls, leather for the chairs, and linen for the bedding. There are large windows allowing natural light to flood in, creating a calm and airy atmosphere. The furniture includes a sofa, armchair, coffee table, and floor lamp."
"coastal_609.jpg","Modern Minimalist","white, gray, blue","wood, leather, metal","bright and natural light from multiple windows and overhead lights","clean, crisp, and inviting","sofa, coffee table, vase with flowers, floor lamp, dining chairs","open concept with kitchen island in center of room, flanked by seating areas.","This modern and minimalist interior design features a neutral color palette with white walls and gray accents. The space is filled with natural light from multiple windows and overhead lights. Materials include wood for the flooring and furniture, leather for some seating, and metal for decorative elements like candle holders."
"coastal_61.jpg","Modern","white, gray, wood","stainless steel appliances, quartz countertops, oak cabinets","well-lit space with natural light coming from large windows and kitchen island lighting","clean, bright, and modern","kitchen island, range hood above stove, stainless steel refrigerator freezer, backsplash","efficient galley layout with ample counter space for food preparation and a dining table in an adjacent area","This is a modern kitchen featuring contemporary fixtures and appliances, efficient use of space, and a clean color palette."
"coastal_610.jpg","Modern Minimalist","navy blue, white, teal","wood paneling on walls and ceiling, white bunk bed frame, blue accent pillows","well-lit space with natural light from windows","calm and clean","bunk beds, white lampshade on lamp, small clock on wall, teal throw blanket","narrow room with white frame bunk beds along one wall, window above bed for natural light","This is a modern minimalist design with a blue color scheme. The space utilizes wood paneling for a warm touch on the walls and ceiling, while the white bunk bed frame keeps the room clean and bright."
"coastal_611.jpg","Modern Minimalist","white, cream, light wood","linen, wood, glass","soft and warm with natural light","calm and relaxed","couches, coffee table, potted plant, floor lamp","open space layout with central seating area flanked by windows","This is a bright, open living room with minimalist furniture and a serene atmosphere."
"coastal_612.jpg","Modern Minimalist","white, gray, wood","bamboo, linen, wood","natural soft light from large windows","calm and airy","queen-sized bed, side tables, floor lamp, throw blanket, bedding","four poster bed in corner of room with sitting area nearby","This bedroom features a modern, minimalist design with a color palette of white and wood tones. The room is adorned with bamboo accents, linen sheets, and large windows that provide soft, natural light. The four poster bed is the focal point of the space, while side tables hold essential items. A floor lamp offers additional illumination, and a throw blanket adds warmth. The sitting area nearby invites relaxation."
"coastal_613.jpg","Modern Minimalist","white, red, green","cloth, wood, concrete","bright and airy with a pop of color from decorative lights","spacious and relaxed","sofa, coffee table, chair, woven rug, wall art","open floor plan","This modern, minimalist room features a spacious open floor plan with a colorful rug and woven coffee table. The red accents on the pillows add a pop of color to the otherwise neutral palette."
"coastal_614.jpg","Modern","white, gray, navy blue","wood, concrete, glass","recessed lighting with a warm tone","modern and inviting","kitchen island, dining table with chairs, pendant lights, decorative vase","open concept kitchen/dining area with built-in seating","This is a modern, inviting kitchen and dining space that combines a minimalist design with warm materials. The color palette is neutral with pops of navy blue, the lighting creates a warm atmosphere, and the layout encourages conversation and socializing."
"coastal_615.jpg","Modern Minimalist","white, blue, dark wood","marble countertop, brass fixtures, reclaimed wood","recessed lighting and natural light from large window","calm and serene","large bathroom mirror, blue vanity units, bottle of perfume","sleek L-shaped counter with ample storage space","This modern minimalist bathroom features a monochromatic color palette, primarily in shades of blue and white. The marble countertop adds an elegant touch to the design, while the reclaimed wood accents provide warmth and texture. The brass fixtures contribute a subtle sheen that complements the natural light from the large window. The sleek L-shaped counter offers ample storage space for bathroom essentials."
"coastal_617.jpg","Modern Minimalist","white, neutral gray, wood accents","oak wood, fabric upholstery, metal frame","well-lit with natural light from windows","calm and organized","wooden desk, bookshelf, floor lamp, office chair","open space with a central desk area, flanked by bookshelves on either side","A modern, minimalist home office designed for a calm and organized workspace with natural lighting."
"coastal_618.jpg","Modern Minimalist","white, gray, navy","wood, metal, fabric","bright and airy, with natural light from windows","clean, crisp, and serene","beds, dressers, lamps, chairs","two beds side by side, with desk area between them","This is a modern and minimalist bedroom design that features white and gray color tones with navy accents. The room includes two beds, a dresser, lamps, chairs, and a desk area for workspace."
"coastal_619.jpg","Scandinavian","blue, white, wood","wood, leather, brass","natural light from large windows and overhead track lighting","calm and bright","desk, chair, plant, bookshelves","open layout with desk and chair in front of bookshelves, creating a defined workspace","A modern Scandinavian home office featuring blue walls, wooden bookshelves filled with personal touches and natural lighting that creates a bright and calm atmosphere."
"coastal_62.jpg","Modern","light blue, white, dark wood","wood, stainless steel, marble","recessed lighting and under-cabinet LED strip lighting","bright, clean, and inviting","large island with seating for four, range hood over stove, stainless steel refrigerator, wall-mounted flat screen TV","modern galley kitchen with open dining area","This modern kitchen features a contemporary color palette of light blue and dark wood, with stainless steel appliances and marble counters. The design emphasizes clean lines and a bright atmosphere, while the center island serves as both additional workspace and seating for dining."
"coastal_620.jpg","Modern Minimalist","light blue, gray, white","glass block, brushed steel, marble","recessed lighting with warm white bulbs","serene and spacious","wall-mounted vanity lights, framed artwork, blue accent rugs","long narrow space with central fixture","This bathroom combines a modern minimalist design with sleek materials and warm lighting for a serene and spacious feel."
"coastal_622.jpg","Modern","gray, white, blue","wood, metal, glass","Natural and artificial light mix, with pendant lights adding ambient warmth.","Clean and contemporary feel with a touch of rustic charm from the wood elements.","island, bar stools, backsplash tiles, oven","Open-concept space leading to an inviting dining area, with kitchen island providing a functional workspace.","This modern kitchen blends functionality and style with clean lines, a neutral color palette, and natural materials."
"coastal_623.jpg","Modern Minimalist","light gray, white, navy blue","wood, glass, metal","natural soft light from large windows","calm and airy","sofa, coffee table, plant, floor lamp","open space with central seating area","A modern minimalist living room that combines natural elements with sleek, functional furnishings."
"coastal_624.jpg","Scandinavian","white, beige, light wood","oak wood, linen, leather","bright and airy from large windows and ceiling lights","calm and cozy","sofa, coffee table, plant, floor lamp, bookshelf, wooden chairs","open space with central seating area","This is a spacious, open-concept living room featuring Scandinavian design elements, with a neutral color palette and natural materials. The large windows allow for ample light to fill the space, creating an airy atmosphere. There's a central seating area with a sofa and coffee table, flanked by a wooden chairs on either side. A floor lamp provides additional lighting, and a bookshelf offers storage for books and decorative items. The room is warmly lit and has a cozy feel."
"coastal_625.jpg","Modern Minimalist","white, light wood, light blue","glass mirror, wooden bathroom vanity, marble countertop","natural soft light from large window","clean and serene","bathroom vanity, hanging wall mirror, small vase with flowers","narrow space with central sink area","This bathroom features a minimalist design with a focus on clean lines and natural materials. The light wood vanity contrasts with the white countertop, while the large mirror above it reflects light from a nearby window, creating a bright and serene atmosphere."
"coastal_626.jpg","Modern Minimalist","blue, white, gray","maple wood, glass, stainless steel","natural soft light from large windows","calm and airy","sink, oven, dishwasher, fridge","open space with central island","This modern minimalist kitchen features clean lines, an uncluttered aesthetic, and calming blue accents. The space is well-lit by natural light from the windows and highlighted by stainless steel appliances."
"coastal_627.jpg","Modern Minimalist","teal blue, white, gray","tile, wood, glass","bright and airy, with natural light entering through a window","calm and serene","shelf above toilet, tissue roll holder on wall, decorative fish statue","narrow bathroom space with toilet positioned against one wall","The bathroom features a minimalist design, utilizing teal blue tile and white fixtures. A wooden shelf provides storage above the toilet, while a decorative fish statue adds a touch of personality to the space."
"coastal_629.jpg","Modern Minimalist","white, beige, light wood","wood, metal, glass","natural soft light from large windows","clean and bright","cabinet, dishware, kitchen countertop","open space with central kitchen island","Modern minimalist design with a clean, open layout featuring a cabinet displaying dishware against the backdrop of the kitchen area."
"coastal_63.jpg","Modern","white, blue","wood, glass, stainless steel","Natural light from large windows with white trim, complemented by under-cabinet LED lights.","Clean and bright, with a touch of homeliness due to the wood elements.","modern oven, stainless steel refrigerator, wooden kitchen island, high-rise range hood","Open concept layout with clear division between cooking and dining areas, featuring a central work triangle.","This modern kitchen has an elegant color scheme with white walls and blue accents, high-quality materials such as wood for the cabinetry and glass counters, a well-planned layout that maximizes space, and carefully selected appliances and decor items to create a stylish yet functional environment."
"coastal_630.jpg","Classic Coastal","beige, white, natural wood","cedar shake siding, stone cladding, glass block accents","Natural light from multiple windows and sliding glass doors, accentuated by soft interior lighting","Elegant yet welcoming","sofa with matching armchairs, coffee table with decorative items, area rug on hardwood floor, built-in bookcase, framed art on the walls","Open concept living space with a clear delineation between kitchen and dining area, leading to screened porch in back","This two-story home combines classic coastal design elements with open and airy spaces that make it feel both elegant and inviting."
"coastal_631.jpg","Modern","white, beige, brown","leather, wood, silk","recessed ceiling lights and floor lamps","calm and sophisticated","king-size bed, armchair, side tables with lamps, large window treatments","spacious layout with a central focus on the bed, flanked by armchairs and side tables","A serene modern bedroom suite featuring high-quality materials and furnishings that create an inviting and tranquil atmosphere."
"coastal_632.jpg","Modern Minimalist","light gray, dark gray, white","cedar siding, stone, metal","natural soft light from large windows and a skylight","calm and spacious","front door, potted plant, outdoor chair, mailbox, rock garden","split-level with the front door leading into an open living area","A modern minimalist home design featuring light gray siding, large windows for natural lighting, a stone and wood exterior, and a potted plant to bring in some greenery."
"coastal_634.jpg","Modern Minimalist","white, gray, blue","wood, linen, metal","natural soft light from large windows","calm and airy","sofa, coffee table, plant, floor lamp, cushion","open space with central seating area","This modern minimalist living room features a calm and airy atmosphere, with a focus on natural light and clean lines. The color palette is neutral with pops of blue, while materials include wood, linen, and metal. Furniture includes a comfortable sofa around a coffee table, a floor lamp for ambient lighting, and a plant to bring life into the space."
"coastal_635.jpg","Modern Minimalist","white, gray, navy","stainless steel, wood, glass","well-lit with recessed lighting and pendant lights above the island","clean and crisp","kitchen island, stools at the counter, suspended pendant lights, wooden cabinetry","open concept layout with a central island","This kitchen combines functionality with sleek design, featuring wood and stainless steel elements for a modern feel."
"coastal_638.jpg","Modern","white, black, gray","tiles, wood, metal","ambient lighting with accent lights","clean and sleek","bathtub, shower, sink, countertop","modern bathroom layout with open shower space","This is a modern bathroom design featuring clean lines, tile surfaces, black and white accents, and an open shower design."
"coastal_639.jpg","Modern Minimalist","dark blue, light gray, white","stainless steel appliances, wood cabinets, glass shelves","bright and even overhead lighting, with under-cabinet lights on counters","clean and sleek","modern kitchen island, stainless steel refrigerator, gas stove top, modern range hood","open layout with central cooking area, and a large center island for dining and gathering","This modern kitchen features dark blue cabinets, light gray countertops, and sleek stainless steel appliances. The space is open and well-lit, providing a clean and minimalist look."
"coastal_64.jpg","Modern Minimalist","white, neutral gray, blue accent","wood, metal, glass","Natural sunlight through skylights and windows.","Clean, spacious, and serene.","kitchen island, modern kitchen cabinetry, sleek metal appliances, glass pendant light","Open concept with seamless flow from kitchen to living room.","This modern kitchen features a clean and minimalist design, with natural sunlight streaming in from skylights and windows. The color palette is neutral, featuring shades of white and gray, accented by blue elements. Materials are simple yet sophisticated, including wood for the cabinets, metal for the appliances, and glass for lighting fixtures. The layout seamlessly connects the kitchen to the living room, creating a sense of openness and spaciousness."
"coastal_640.jpg","Scandinavian","white, beige, light wood","wood paneling, linen upholstery, marble countertop","natural soft light from large windows and ceiling lights","calm and airy","sofa, coffee table, plant, floor lamp","open space with central seating area surrounding fireplace","A spacious Scandinavian-style living room features light wood paneling, linen upholstered furniture and a marble countertop, creating a calm and airy atmosphere."
"coastal_641.jpg","Modern Minimalist","beige, white, light wood","oak wood, linen, steel","natural soft light from large windows and overhead recessed lights","calm and airy","couch, coffee table, area rug, floating shelves, potted plant","open space with central seating area, flanked by floating shelves","This modern living room features a neutral color palette and minimalist design, enhancing the calming atmosphere with ample natural light."
"coastal_644.jpg","Scandinavian","white, navy blue, light wood","marble, brass, leather","bright and evenly distributed","elegant and serene","clawfoot bathtub, freestanding vanity, white candles, modern wall art","split layout with separate areas for bathroom and bedroom","Modern Scandinavian-style bathroom featuring elegant fixtures, a marble backsplash, and a calm color palette that is both visually appealing and relaxing."
"coastal_645.jpg","Modern Minimalist","white, light wood","oak wood, stainless steel","natural soft light from large windows and recessed LED lighting","calm and airy","kitchen island, modern bar stools, white countertops, wooden cabinetry, potted plant","open space with central kitchen island for dining and cooking","This is a modern minimalist kitchen design with an emphasis on natural light, oak wood accents, and a clean aesthetic."
"coastal_646.jpg","Modern Minimalist","white, natural wood, grey","oak wood, linen, glass","natural soft light from large windows, with overhead recessed lighting","calm and airy","white hutch, wicker basket, wooden magazine rack, canvas storage bins","open space with central seating area, featuring a wooden cabinet with multiple shelves for display and storage.",""
"coastal_647.jpg","Modern Minimalist","white, beige, light wood","oak wood, linen, concrete, steel","natural soft light from large windows","calm and airy","island with stools, backsplash, vase on island, open cabinets for display","an L-shaped layout featuring a central island with seating and a back wall that houses the sink.","This kitchen features a clean, modern design with ample space and natural light. The color palette is neutral, using wood elements for warmth and concrete for a contemporary touch. Large windows bring in soft light, creating a calm and airy atmosphere. An island with stools serves as a central gathering spot, surrounded by open cabinets that showcase decorative items. The backsplash adds a unique design element to the space."
"coastal_649.jpg","Modern Minimalist","black, white, green","concrete, glass, wood","bright and airy with natural light from the window","clean and serene","modern toilet, sleek sink, potted plant","small, efficient space with monochromatic color scheme","This modern bathroom features a minimalist design with contrasting black and white elements. The use of concrete, glass, and wood creates a clean and contemporary feel. Natural light from the window brightens up the space and enhances its serene atmosphere."
"coastal_650.jpg","Scandinavian","white, grey, wood","stainless steel, wood, stone","Soft, natural light from large windows","Warm and welcoming","island with bar stools, kitchen cabinets, vases with flowers, sink, oven","Open space with central island and seating area","This kitchen combines a Scandinavian design style with warm colors and natural materials, creating an inviting atmosphere."
"coastal_651.jpg","Modern Minimalist","white, gray, wood","wood, steel, glass","natural soft light from large windows","calm and airy","shelf, open door, cans of food, wall","narrow storage space with shelving","This image shows a minimalist modern pantry. The design uses natural light to create an open and inviting feel, featuring wood and steel materials for a warm yet contemporary look."
"coastal_652.jpg","Modern Minimalist","white, gray, wood","stainless steel, glass, wood, fabric","bright natural light from ceiling windows and pendant lights","spacious, airy, and clean","island with bar stools, oven built into kitchen cabinetry, large bowl of fruit on island, open shelving for spices and cookware, stainless steel appliances","long, narrow layout with open kitchen to dining area","This modern minimalist kitchen features a bright, airy design with stainless steel appliances, white cabinetry, and open shelving for a clutter-free appearance."
"coastal_654.jpg","Modern Minimalist","white, beige, wood","oak wood, linen, concrete","ambient lighting from overhead fixture and wall sconces","calm and airy","bed, sofa, wooden coffee table, potted plant, floor lamp","modestly sized room with central seating area and bed alcove","This modern minimalist interior features a calming palette of white, beige, and wood tones, with oak wood, linen, and concrete materials. The room has ample natural light from the large window and overhead fixture, creating an inviting and airy atmosphere."
"coastal_655.jpg","Modern Minimalist","white, grey, blue","wood, metal, fabric","natural soft light from large windows","calm and airy","desk, chair, plant, lamp","compact workspace with a desk positioned by a window","This modern minimalist home office features a compact workspace, with a desk and chair by a large window that allows for natural light. The color palette is neutral, with white and grey walls, blue accents, and wood and metal materials used for the furniture. A plant adds a touch of greenery to the space."
"coastal_656.jpg","Modern Minimalist","white, grey, blue","wood, leather, linen","natural soft light from large windows and a modern chandelier","calm and serene","bed, nightstand, sofa, lamp","open space with central seating area and bed for resting","A modern minimalist bedroom that balances clean lines and natural light with inviting comfort."
"coastal_657.jpg","Scandinavian","light blue, white, dark gray","wood, fabric, metal","bright and airy","calm and relaxed","couch, coffee table, floor lamp, vase with flowers, bookshelf","open concept living space with large windows and a vaulted ceiling","This is a Scandinavian-style living room that uses a light blue color palette, featuring wood paneling on the walls and floors. The room has a high ceiling with a white ceiling fan and bright windows allowing natural light to fill the space. A large sectional couch anchors the room, accompanied by a dark gray armchair. A floor lamp stands in front of the window, adding depth to the seating arrangement. Wood bookshelves flank the fireplace, showcasing personal items and books. The overall atmosphere is one of calmness and relaxation."
"coastal_658.jpg","Modern","white, black, brown","tile, wood, brass","overhead lighting with ambient option","clean and minimalistic","round mirror, toothbrush holder, shower caddy, plants","linear design with functional spaces","The bathroom is a modern space with clean lines, using neutral colors to create a calming atmosphere."
"coastal_659.jpg","Scandinavian","white, light wood, beige","wood, linen, marble","bright and airy from large window above mirror","calm and clean","mirrored vanity with towel rack, white porcelain sink, wooden cabinetry","well-lit space with a central focus on the bathroom vanity","This is an image of a bright and airy bathroom designed in a Scandinavian style. The room features wood accents, linen textures, and marble countertops to create a calm and clean atmosphere."
"coastal_66.jpg","Modern Minimalist","white, light wood, bronze","stainless steel, wood veneer, marble","natural soft light from above cabinets","clean and bright","oven, cabinet doors, dishwasher, backsplash","open kitchen layout with island countertop","This image showcases a modern, minimalist kitchen design featuring a monochromatic color palette, stainless steel appliances, and an open floor plan that allows for easy movement."
"coastal_660.jpg","Scandinavian","white, light wood, blue accent","stainless steel, oak cabinetry, glass","bright and airy","modern and clean","dining table, chairs, kitchen island, hanging light","open concept with island in middle","This kitchen is a modern, Scandinavian space with a bright color palette and stainless steel appliances. The layout is open, featuring an island in the center which serves as both a food prep area and additional seating."
"coastal_661.jpg","Modern Minimalist","navy blue, light gray, brass","wood veneer on walls and furniture, marble on floors and surfaces, textured woven fabrics","natural light from floor-to-ceiling windows and additional recessed lighting","clean, elegant, serene","white sofa with decorative pillows, black wooden coffee table, brass side tables, modern abstract art","open floor plan with clean lines and minimal furniture placement","This modern living room showcases a simple, elegant design with a color palette of navy blue, light gray, and brass. The space is illuminated by natural light from large windows and additional recessed lighting. The layout is uncluttered, featuring a white sofa adorned with decorative pillows, a black wooden coffee table, sleek side tables, and minimalistic furniture pieces."
"coastal_663.jpg","Modern Minimalist","grayscale, white, light wood","oak wood, linen, steel","recessed lighting throughout the room, with ambient lights and dimmable spotlights highlighting specific features.","calm and airy","sofa, coffee table, wine rack, bookshelf, floor lamp","open space with central seating area, flanked by two large glass doors and a built-in cabinet.","This is a modern minimalist room that combines open space with tasteful design elements. The color palette is kept neutral with shades of grayscale, white, and light wood to create an inviting atmosphere. Oak wood provides warmth to the room, while steel accents add a contemporary touch. Recessed lighting provides ambient light throughout, and dimmable spotlights highlight specific features such as the wine rack and bookshelf. The large glass doors offer natural light and views of the surroundings, while the built-in cabinet provides functional storage."
"coastal_664.jpg","Industrial Loft","gray, white, brick red","concrete, leather, steel","overhead track lighting with spot lights highlighting brick columns","modern and rustic","white sofa, dark brown leather armchair, large area rug, coffee table, steel frame desk","open space with dark gray flooring, white walls, and brick columns framing the seating area","This open loft-style living room is a modern industrial space featuring concrete and leather elements, track lighting with spotlights on the exposed brick columns, and a comfortable seating arrangement centered around a coffee table."
"coastal_665.jpg","Scandinavian","white, orange, blue","tile backsplash, wooden towel rack, ceramic tiles on the floor, brushed nickel fixtures","natural soft light from large windows","calm and airy","white sink with silver faucet, freestanding white bathtub, large open mirror over the sink, colorful towels hanging on a wooden rack","bathroom has a simple layout with a vanity unit under a large window, shower next to the bathtub and toilet adjacent to it.","This modern bathroom features a bright color palette, natural light, and minimalist design elements."
"coastal_666.jpg","Scandinavian","white, light blue, wood","wood, linen, metal","natural soft light from large windows","calm and airy","dining table, chairs, potted plant, window seat cushions","open space with central seating area","This is a Scandinavian-style kitchen and dining area, featuring light blue walls and natural wood accents. The room has an open layout, creating a spacious and airy feel. Seating includes a large wooden table surrounded by black chairs, and a cozy window seat with cushions."
"coastal_667.jpg","Scandinavian","white, light blue, wood, silver","wood, linen, cotton, leather","soft and natural light from large windows","calm and serene","four-poster bed, sofa, coffee table, lounge chair, floor lamp, woven area rug","open space with central seating area, featuring a large four-poster bed surrounded by furniture","This is a modern and inviting bedroom with a Scandinavian design, featuring natural materials such as wood and linen, soft lighting from windows, and comfortable seating options."
"coastal_669.jpg","Scandinavian","blue, white, beige","oak wood, linen, acrylic","natural light from a large window","calm and airy","bed, nightstand, lamps, artwork","space with bed as centerpiece, flanked by nightstands and lamps","A Scandinavian-style bedroom with a calm atmosphere, featuring natural lighting and minimalist design elements."
"coastal_67.jpg","Modern Minimalist","white, black, beige","wood, leather, stone, metal","warm and cozy, with soft natural light from large windows","inviting and comfortable","sofa, coffee table, plant, floor lamp","open space with central seating area around fireplace","This living room has a modern minimalist design featuring a neutral color palette, natural wood elements, and soft lighting. The open layout allows for a comfortable and inviting atmosphere."
"coastal_670.jpg","Modern Minimalist","blue-gray, white, light wood","leather upholstery, wood flooring, white walls","soft natural light from large windows and recessed lighting in ceiling","calm and serene","gray sofa, blue and white patterned throw pillows, large flat-screen TV, wooden coffee table","open space with central seating area surrounding fireplace","This modern living room features a minimalist design, characterized by blue-gray upholstery and white accents, which contribute to the serene atmosphere. The open layout and centerpiece fireplace create a warm and inviting space."
"coastal_671.jpg","Modern","blue, white, brass","tile, wood, glass","recessed and natural light","clean and bright","sink, shower, cabinet, soap dispenser, plant","efficient use of space with vanity area next to shower","This modern bathroom design incorporates a soothing color palette, materials that have a luxurious feel, and efficient layout. The recessed lighting creates a bright atmosphere while the large window allows for natural sunlight to fill the space. A wooden vanity provides storage, while the shower has a glass door for a streamlined look."
"coastal_672.jpg","Scandinavian","light wood, white, beige","wood, linen, metal","natural light from large windows with white panels","bright and airy","modern sofa, oak cabinets, floor lamp, plant on shelf, books","open space with central seating area flanked by cabinets","This room combines modern and Scandinavian design elements, creating a bright and inviting space with clean lines and natural materials."
"coastal_673.jpg","Modern","white, blue","wood, fabric","bright and natural","spacious and clean","bed, nightstand, desk, chair","small room with bunk beds","This modern bedroom features a minimalist design with white walls, blue accents, and wood and fabric materials. The space is illuminated by bright natural light from multiple windows, creating an open and airy atmosphere. Key objects include a bed, nightstand, desk, and chair."
"coastal_675.jpg","Modern Minimalist","white, blue, gray","wood, metal, natural fibers","bright and natural light from large windows","calm and airy","sofa, coffee table, plant, floor lamp","open space with central seating area around hanging swing bench","This modern minimalist living room features a clean, bright atmosphere with a focus on natural light and simple furnishings. The central seating arrangement includes a comfortable sofa and coffee table set in front of large windows that let in ample light. A wooden floor lamp and green plant add warmth to the space, while the blue and white color palette gives it a fresh and serene feeling."
"coastal_676.jpg","Scandinavian","white, gray, black, wood","wood, fabric, metal, marble","Natural light from multiple windows creating a bright and airy atmosphere.","Calm and cozy, with a focus on comfort.","sofa, coffee table, walls decorated with large stones, modern chairs with wood frames, floor lamp with adjustable height","Open floor plan with a central seating area near the fireplace.","This living room features a Scandinavian design with a cozy, comfortable atmosphere. The space is decorated in neutral colors, primarily white and gray, highlighted by wood accents. Multiple windows allow for an abundance of natural light to fill the room, creating a bright and airy ambiance. The stone walls add a touch of rustic charm, while the modern furniture pieces bring a contemporary edge to the space. The layout is open and inviting, with seating centered around the fireplace."
"coastal_677.jpg","Modern","blue-grey, white, brass","stainless steel, glass, wood","natural light from large window","bright and airy","double sink with faucet, coffee maker, cutting board, knives","galley layout with central island","Modern kitchen design featuring stainless steel appliances, wood cabinetry, and a double sink set against a backdrop of natural light from large windows."
"coastal_679.jpg","Modern Minimalist","white, beige, light wood","wood, linen, wicker","natural soft light from large windows","calm and airy","bed, coffee table, plant, floor lamp, pillows","open space with central seating area","This is a modern, minimalist bedroom design. The color palette is neutral and soft with white, beige, and light wood tones, complemented by natural materials such as wood and linen. Large windows allow for ample natural light to fill the space, creating a calm and airy atmosphere. Key elements in this room include a comfortable bed, a stylish coffee table, a lush plant, and a floor lamp with a natural wicker design that adds warmth and texture to the space."
"coastal_680.jpg","Modern Minimalist","white, beige, light wood","oak wood, linen, steel","natural soft light from large windows","warm and cozy","sofa, coffee table, plant, floor lamp","open space with central seating area","This living room has a modern minimalist design, featuring a soothing color palette of white, beige, and light wood. The room is filled with oak wood furniture and linen accents, creating a warm and inviting atmosphere. Natural light floods the space through large windows, enhancing the cozy ambiance. A central seating area anchors the layout, with a sofa positioned around a coffee table for easy access. Accent pieces like plants and floor lamps add touches of elegance to this tastefully decorated living room."
"coastal_681.jpg","Modern Minimalist","white, light wood, beige","oak wood, linen, metal","natural soft light from large windows and recessed ceiling lights","calm and airy","vanity with mirror, double sink, freestanding bathtub, cabinet with shelves","open space with central vanity area flanked by sinks, tub to one side of room","A spacious and contemporary bathroom with minimalist design featuring oak wood accents and a calm color scheme."
"coastal_682.jpg","Modern Minimalist","white, light wood, beige","stainless steel, glass, wood","natural soft light from large windows","bright and energetic","kitchen island with seating, hanging pendant lights, large kitchen backsplash, potted plant","open space with central seating area around kitchen island","This is a modern kitchen with a minimalist design. The color palette consists of white, light wood, and beige tones, complemented by stainless steel, glass, and wood materials. The bright natural light from large windows creates an energetic atmosphere. Key objects in the space include a kitchen island with seating, hanging pendant lights, a spacious backsplash, and a potted plant adding a touch of greenery."
"coastal_684.jpg","Modern Minimalist","white, gray, wood accents","steel, marble, stone, wood","large windows allow for ample natural light","calm and serene","modern sofa, crisp white coffee table, clean glass vases, textured area rug","open space with central seating area, leading to dining room","This modern minimalist living space features a neutral color palette and natural materials, creating a serene and calming atmosphere."
"coastal_685.jpg","Minimalist Modern","light wood, white, black","oak wood, stainless steel, marble","natural soft light from large windows and recessed lights","modern and clean","cabinets, ladder, mixer, coffee maker, cookbooks, spice rack","organized with cabinets for storage, ladder to access upper shelves, mixer for food preparation, and coffee maker for convenience. Cookbooks are arranged neatly on a shelf below the spice rack.","This kitchen is designed with clean lines and minimal decorations, making it functional while maintaining a modern aesthetic."
"coastal_686.jpg","Modern Coastal","blue, tan, green","wood, metal, fabric","natural light from large windows and ceiling fan heating system","cozy and relaxed","large outdoor fireplace, wicker chairs, dining table, tiki bar","outdoor patio space with central seating area overlooking ocean","This coastal modern setting is designed for relaxation and enjoyment of the seaside environment, featuring a warm color palette of blues and tans, natural materials like wood and fabric, and an outdoor fireplace that complements the beautiful ocean view."
"coastal_687.jpg","Modern","white, light gray, brass","oak wood, marble, cane, leather","natural soft light from large windows","warm and inviting","bar cart with shelves, liquor bottles, vintage glassware, metal bar stools","spacious open kitchen area with central island for entertaining","This modern kitchen design showcases an elegant and functional space, featuring a large island with built-in wine storage and a bar cart for serving drinks. The use of neutral tones and brass accents adds warmth to the room, while the natural light enhances the inviting atmosphere."
"coastal_689.jpg","Scandinavian","white, beige, wood","oak wood, linen, concrete","natural soft light from large windows","calm and airy","couch, coffee table, chair, artwork","open space with central seating area around a fireplace","The interior design of this living room exudes a warm, inviting atmosphere, characterized by a Scandinavian style that emphasizes minimalism and natural light. The color palette is soft and neutral, complemented by the rich tones of the oak wood flooring and white walls. The furniture includes a comfortable couch, a functional coffee table, and a stylish chair that adds an accent touch with its wooden frame. A fireplace serves as a central focal point around which the seating area is arranged, providing a cozy gathering spot for relaxation or conversation."
"coastal_69.jpg","Scandinavian","white, blue, wooden accents","oak wood, linen, metal handles","natural soft light from large windows","bright and inviting with a hint of sophistication","black metal desk, woven basket on shelves, plants in white pots, wooden side table","open space with central seating area flanked by tall storage units and windows above","A bright, open-concept room featuring Scandinavian design elements such as light wood finishes, linen textiles, and a clean color palette of white, blue, and wooden accents. The space is illuminated by natural sunlight streaming in from large windows."
"coastal_692.jpg","Modern Minimalist","white, light gray, black","stainless steel, glass, wood","bright and even natural light with a few strategically placed pendant lights","clean and serene","kitchen island, dining table, oven, sink","an open floor plan with kitchen and dining room flowing seamlessly into each other","This kitchen features a sleek modern design with stainless steel appliances, a black countertop, and an island in the center that serves as both a prep area and seating. The space is open and bright with a minimalist color scheme of white and gray, emphasizing clean lines and surfaces."
"coastal_694.jpg","Modern Minimalist","white, wood, brass","light wood, marble, stainless steel","natural soft light from large windows","calm and airy","large mirrors, floating sink, freestanding bathtub","open space with central vanity area","A modern bathroom with minimalist design elements, clean lines, and a mix of natural materials."
"coastal_695.jpg","Modern","white, gray, brass","stainless steel appliances, wood cabinetry, marble countertops","Natural light from ceiling lights and windows, creating a bright atmosphere.","Clean and sleek with a touch of warmth due to the wood accents.","white range hood, stainless steel refrigerator, wooden kitchen island, brass pendant lights, plants","Open layout with a central kitchen island that doubles as a breakfast bar.","This modern kitchen features an elegant design with clean lines, warm wood accents, and high-quality materials."
"coastal_696.jpg","Modern Minimalist","white, gray, navy","wood, fabric, leather","natural soft light from large windows","calm and airy","bed, nightstands, area rug, pillows","open space with central seating area around bed","This is a modern minimalist bedroom design with neutral colors, natural materials, and a calm atmosphere. The room features a large bed as the centerpiece, surrounded by wooden furniture and accented with gray and navy textiles."
"coastal_697.jpg","Scandinavian","white, gray, light blue","wood, linen, silk","natural soft light from large windows","calm and airy","king-size bed, wicker chair, floor lamp, throw blanket","open space with central seating area, enclosed by the four-poster bed","This modern Scandinavian bedroom features a calming color palette of white and gray, accented with light blue textiles. The room is filled with natural materials like wood and linen, and the lighting is soft and airy due to the large windows. The layout includes a central seating area enclosed by the four-poster bed, which creates an open feeling in the space."
"coastal_698.jpg","Contemporary","white, beige, gray","fabric, wood, glass","Natural light from large windows and ceiling fan","Warm and welcoming","couch, coffee table, end tables, area rug","Open concept with a central seating area","This living room features a neutral color palette, comfortable furniture, and natural lighting to create a warm and inviting atmosphere."
"coastal_699.jpg","Industrial","black, white, metallic","steel, brass, glass","modern track lighting with adjustable fixtures","clean and edgy","industrial style sofa, metallic coffee table, large potted plant, steel and wood side table, antler-style wall decor","a modern loft with an open floor plan, featuring a seating area near large windows","This modern industrial interior design showcases a monochromatic color scheme with metallic accents, and utilizes natural light from the large windows to create a clean and edgy atmosphere."
"coastal_7.jpg","Mid-Century Modern","white, beige, light wood, green accent","oak wood, linen, concrete, steel","bright and welcoming, with ample natural light from the large windows.","warm and inviting","sofa, coffee table, plant, floor lamp, chandelier, fireplace","open floor plan, with a central seating area leading to an adjacent dining space.","This well-designed house offers a warm and inviting atmosphere, featuring mid-century modern design elements such as oak wood walls and linen upholstery, complemented by natural light from the large windows."
"coastal_70.jpg","Modern","beige, blue, white","wood, metal, glass","ambient and accent lighting, with a soft glow from recessed lights","spacious and elegant","couches, coffee table, chairs, sconces","open concept living and dining areas leading to kitchen","This is a modern interior design of a living space that combines functionality with style, featuring neutral colors and materials for a warm and inviting atmosphere."
"coastal_700.jpg","Modern Minimalist","white, gray, blue","wood, fabric, glass","ambient light from recessed ceiling lights, soft glow from floor lamps","modern and serene","couch, coffee table, end tables, floor lamp","open space with central seating area around television","This is a modern, minimalist living room with a soothing color palette and sleek furniture. The space features wood flooring, white walls, and a mix of gray and blue accents. A gas fireplace anchors the room, creating a warm and cozy atmosphere. Recessed ceiling lights provide ambient lighting, while floor lamps add soft glow for evening relaxation."
"coastal_701.jpg","Modern","white, gray, navy","wood, glass, metal","Recessed lighting and natural light from windows","Elegant and serene","bar stools, large island in center of room, hanging pendant lights, vase with flowers on countertop, backsplash tile","Open concept with separate areas for cooking and dining","This modern kitchen is designed to be a space for both preparation and socializing, with the center island providing additional seating and storage options."
"coastal_702.jpg","Scandinavian","blue, white, wood","wood paneling, linen upholstery, natural wood flooring","ambient light from ceiling fixtures and natural light from windows","light, airy, and cozy","couch, coffee table, plant, wine bottle, picture frame","open floor plan with living area adjacent to kitchen","This Scandinavian-style interior design features a cozy living room with blue and white hues, wood paneling, natural light from large windows, and an open layout that creates a bright, airy atmosphere."
"coastal_703.jpg","Scandinavian","white, gray, navy","wood, linen, brass","natural soft light from large windows","calm and airy","king-size bed, wooden bench, pillows with throw blanket, woven basket on floor, vase with flowers","spacious open area with central seating arrangement","A serene and elegant bedroom design, featuring a king-size bed dressed in neutral tones, wooden accents, and soft lighting that creates a calm atmosphere."
"coastal_704.jpg","Minimalist","white, gray","tile, wood","bright and natural from windows","clean and serene","shower caddy, plants, towel rack","open space with simple layout","This bathroom features a minimalist design with white tiles, gray accents, and wood elements. The open shower area leads to a small vanity with a towel rack and plants adding a touch of greenery."
"coastal_706.jpg","Scandinavian","light gray, white, blue","wood, linen, glass","natural soft light from large windows and ceiling lights","calm and airy","bed, sofa, coffee table, area rug, floor lamp","open space with central seating area, bed to one side of room, and large windows providing views.","This is a modern Scandinavian-style interior featuring light gray tones, white accents, wooden floors and furniture, linen textiles, and natural window lighting that creates a calm and airy atmosphere."
"coastal_709.jpg","Modern Minimalist","white, gray, black","marble, brass, glass","natural soft light from large windows with sheer curtains","calm and airy","sink, vanity mirror, soap dispenser, vase with flowers, tray of skincare products","clean lines and a symmetrical layout, with the vanity mirror centered over the sink and the tray of skincare products to one side.","A modern bathroom with a minimalist design that uses clean lines, neutral colors, and brass fixtures to create an airy and spacious atmosphere."
"coastal_71.jpg","Modern Minimalist","white, beige, light wood","oak wood, linen, concrete","natural soft light from large windows","calm and airy","sofa, coffee table, plant, floor lamp","open space with central seating area","This modern minimalist interior features an open floor plan, a neutral color palette, and natural lighting. The design includes oak wood floors, linen upholstery, and concrete surfaces."
"coastal_711.jpg","Scandinavian","light beige, white, blue","wood, glass, linen","bright and natural light from large windows","calm and airy","round table, chair, desk, large picture frame","circular room with central seating area","This Scandinavian-style interior design features a light beige color palette, natural materials like wood and glass, and large windows that bring in bright light. The room has a round table at the center, flanked by chairs, with a large picture frame adding an artistic touch to the space."
"coastal_712.jpg","Coastal Cottage","light blue, cream, dark wood","wood, linen, wicker","natural light from windows and overhead skylight","inviting and relaxed","sofa with cushions, coffee table with decorative tray, potted plant, fireplace","open floor plan with fireplace as focal point","This coastal cottage living room is characterized by light blue and cream tones, wood accents, and a comfortable layout that encourages relaxation."
"coastal_713.jpg","Modern Minimalist","white, gray, blue","wood, metal, fabric","natural soft light from large windows","calm and airy","bed, nightstand, chair, shelving unit","open space with central seating area","This bedroom features a modern minimalist design with a light color palette, including white walls and gray carpets. The room is furnished with wooden beds and nightstands and metal chairs, with fabric accents adding warmth to the space."
"coastal_715.jpg","Modern Minimalist","white, light wood","oak wood, metal","natural soft light from large windows","calm and airy","kitchen island, bar stools, potted plant, vase with flowers","open space kitchen with central island","A modern minimalist kitchen with natural light, oak wood accents, and a large island for gathering and meal preparation."
"coastal_717.jpg","Modern Minimalist","white, black, brown","wood, glass, steel","good natural light from windows and ceiling light fixture","clean, bright, and uncluttered","cabinet with shelves for storage, black washer and dryer set, bamboo laundry baskets","small efficient space with maximized storage and appliances close to one another","This modern, minimalist laundry room is designed with efficiency and style in mind. The use of white and black creates a clean, sleek look, while the wood accents add warmth. Natural light from windows illuminates the space, highlighting the functional yet stylish fixtures."
"coastal_719.jpg","Scandinavian","teal blue, off-white, cream","wood plank ceiling, beige and white striped wallpaper, rustic wooden beams","natural soft light from large windows","calm and airy","king size bed, nightstands, lamp, floor rug","space is organized with the king-size bed as a focal point, flanked by nightstands on either side","The room has a cozy yet minimalist Scandinavian design featuring a teal blue color palette and a large window that brings in natural light."
"coastal_72.jpg","Modern","black, white, wood","stainless steel, natural wood, glass","recessed lighting with dimmable LED strips, and under-cabinet lighting for kitchen","bright and modern with a touch of rustic charm","stainless steel refrigerator, kitchen island with countertop stove, wooden butcher block countertop, hanging pendant lights, vintage-style coffee maker","an L-shaped kitchen layout with a central island for seating and bar-style stools at the end of the counter.","This modern kitchen is bright and welcoming, featuring stainless steel appliances, wood cabinetry, and a rustic touch with a butcher block island. A mix of black and white accents adds to the contemporary feel."
"coastal_720.jpg","Scandinavian","white, wooden, light blue","tile, brass, linen","well lit with natural light from a large window","calm and airy","round mirror, modern sink, two towels on rack, vase of flowers, small plant","bathroom with sink in front of large mirror above countertop","This bathroom features a minimalist and bright design, with a Scandinavian influence. The space is well lit by natural light and has a clean, modern look with brass fixtures and wood elements."
"coastal_721.jpg","Modern Minimalist","white, grey, wood accents","oak wood, glass, metal","natural soft light from large windows","bright and energetic","dining table, chairs, potted plant, kitchen island, hanging lights","open space with central seating area around dining table, kitchen island in background","This modern home features a bright and open layout with minimalist design elements. The color palette is kept neutral with white and wood accents complementing the oak wood flooring. Light pours in from large windows, creating a warm and inviting atmosphere."
"coastal_722.jpg","Modern","red, white, green","wood, glass, metal","Natural light from the front door, enhanced by wall sconces on either side.","Warm and welcoming.","red front door, white railing, black mailbox, porch lamp, clay flower pot","A simple and clear entrance way, centered around the red front door with a white railing.",""
"coastal_723.jpg","Modern Rustic","white, light wood, navy blue","brick, wood, metal, fabric","natural light from large windows and ceiling lights","warm and inviting","sofa, coffee table, area rug, fireplace, potted plant","open floor plan with central seating area by fireplace","This modern rustic living room features a neutral color palette of white, light wood, and navy blue. The space is filled with natural materials like brick, wood, metal, and fabric. Large windows let in plenty of natural light during the day, while ceiling lights provide cozy ambiance at night. The centerpiece of the room is a warm fireplace, which sits under a chandelier above a plush sofa. An area rug adds texture to the space, and a coffee table holds drinks for conversation. A potted plant brings in a touch of greenery, while a vase on the coffee table completes the room's decor."
"coastal_724.jpg","Modern Minimalist","white, gray, blue","wood, fabric, leather","natural light from large window and black ceiling fan","clean, bright, and contemporary","bed, nightstand, lamp, couch, artwork","open space with bed as central focus","This is a modern bedroom with a minimalist design, featuring a clean color palette of white, gray, and blue. The room has wooden flooring, leather headboard, and black ceiling fan that provide natural light during the day."
"coastal_725.jpg","Modern Minimalist","white, beige, light wood","oak wood, linen, steel","natural soft light from large windows","calm and airy","sofa, coffee table, floor lamp","open space with central seating area","This is a serene modern bedroom featuring a minimalistic design, light wooden accents, and natural light streaming in through large windows that overlook the ocean."
"coastal_727.jpg","Modern Minimalist","white, gray, navy","wood, glass, metal","soft and even overhead lighting, complemented by a small window for natural light","clean, organized, and serene","white refrigerator, modern range hood, white dishwasher","kitchen in an L-shape with refrigerator and oven facing the counter, sink to one side of that corner","This modern kitchen design focuses on clean lines, minimal decoration, and a neutral color palette, creating a space that feels both open and inviting."
"coastal_728.jpg","Modern Minimalist","neutral tones of white and cream","stainless steel appliances, oak wood cabinets","natural light from skylights above kitchen island","bright and airy with a minimalist aesthetic","large kitchen island, modern pendant lights, stainless steel french press","open layout with an L-shaped countertop and island in the center","This modern, minimalist kitchen features a neutral color palette and stainless steel appliances. The open layout includes a large kitchen island, pendant lights, and an L-shaped countertop for efficient space use."
"coastal_729.jpg","Modern Minimalist","white, light gray, black","stainless steel, marble, glass","soft and diffused ambient light from recessed ceiling lights.","clean, sleek, and contemporary.","kitchen island with bar stools, modern-style kitchen cabinetry, quartz countertops, stainless steel appliances","open space with central kitchen island for seating","This modern kitchen features a minimalist design with clean lines, neutral colors, and stainless steel fixtures. A large central island provides ample seating and workspace, while the quartz countertops add a touch of elegance to the space."
"coastal_730.jpg","Modern Minimalist","white, beige, gray","wood, ceramic, metal","natural soft light from large windows","calm and airy","mirror, sink, cabinet, soap dispenser, tissue box","open space with central seating area, featuring a vanity sink under a mirror set above a cabinet with storage drawers.","A modern bathroom design in neutral colors featuring minimalist elements and natural light."
"coastal_731.jpg","Modern Minimalist","white, light wood, beige","oak wood, linen, steel","bright natural light streaming in from the large windows","calm and airy","sofa, coffee table, plant, floor lamp, couch","spacious open floor plan with a central seating area under a high vaulted ceiling","This living room features a modern minimalist design, with white and light wood tones creating a bright and airy atmosphere. The space is furnished with oak wood flooring and linen textiles, while the steel accents add an industrial touch. Large windows fill the room with natural sunlight, enhancing the feeling of openness and relaxation."
"coastal_733.jpg","Modern Minimalist","white, gray, dark wood","marble, glass, brass","natural soft light from large windows","calm and airy","freestanding bathtub, large glass shower enclosure, wooden towel rack, black metal faucets, white marble countertops","open space with central freestanding bathtub, flanked by vanity area and shower on one side.","This modern bathroom is designed for comfort and functionality, with a minimalist approach featuring natural materials such as marble, glass, and wood. The soft lighting enhances the calming atmosphere while the central freestanding bathtub serves as the focal point of the space."
"coastal_734.jpg","Modern Minimalist","white, oak wood, silver","wood, stone, marble","natural soft light from large windows","calm and airy","kitchen island, dining table with benches, pendant lights, hanging plants","open space with central seating area under track lighting and pendant lights","A modern kitchen design featuring a mix of natural materials like wood, stone, and marble. The color palette is neutral with white as the dominant color complemented by oak wood accents. The layout is open with a central island for seating under track lighting and pendant lights. The mood is airy and calm, with soft natural light filling the space."
"coastal_735.jpg","Modern Minimalist","white, gray, wood","wood, glass, metal","bright and natural from large windows","open and airy","island, bar stools, chairs, couch, plants","spacious with open concept kitchen-living room area","This is a modern, minimalist home design with white walls and gray flooring. The island serves as both a functional workspace and a casual dining spot. Large windows fill the space with natural light."
"coastal_737.jpg","Modern Minimalist","white, gray, wood","oak wood, fabric, metal","recessed lighting with ambient and accent lighting","calm and sophisticated","bench, coffee table, plant, mirror, artwork","open concept layout with defined spaces","This is a modern, minimalist-style home that features a neutral color palette. The space has an open concept layout, with a bench and coffee table at the center, flanked by a plant and artwork on one side, and a mirror and wood accent piece on the other. Recessed lighting provides ambient illumination, while the use of materials like oak wood and fabric adds warmth and texture to the space."
"coastal_738.jpg","Modern Minimalist","white, blue, gray","tile flooring, glass walls and panels, marble countertop","bright with natural light from windows","clean and serene","white toilet, blue shower curtain, glass shelves above tub","compact space with efficient use of limited area","A modern bathroom with minimalist design elements, glass walls and panels for privacy and aesthetics, blue accents, and a serene atmosphere."
"coastal_739.jpg","Scandinavian","light wood, beige, white","oak wood, linen, steel","natural soft light from large windows and ceiling lights","calm and airy","double sink vanity, cabinet with drawers, mirror, sconce","long narrow bathroom space with mirrored wall to create an illusion of width","This bathroom features a clean, minimalist design in a Scandinavian style. The color palette consists of light wood, beige, and white, complementing the natural materials used such as oak wood and linen. The space is well-lit with soft, natural light from windows and ceiling lights, creating a calm and airy atmosphere. The bathroom contains essential fixtures like a double sink vanity and storage cabinet, along with decorative elements including mirrors and sconces."
"coastal_74.jpg","Modern Minimalist","dark brown, black, white","wood, leather, glass","bright natural light from windows and recessed ceiling lights","modern, elegant, minimalist","desk with leather chair, bookcase with glass doors, round side table, white vase","open space with central desk and bookcase flanked by side tables","Modern minimalist room featuring dark wood tones, a white accent piece, and recessed lighting."
"coastal_740.jpg","Modern Minimalist","white, beige, blue","tile, glass, metal","bright and natural lighting from windows","clean and relaxing","sink, shower stall, vanity mirror","small space with efficient use of square footage","A modern, minimalist bathroom featuring beige tile walls, a white sink, and blue accents against a glass shower stall."
"coastal_741.jpg","Modern Minimalist","light beige, white, black","wood, fabric, metal","natural soft light from large windows","calm and airy","sofa, coffee table, floor lamp, plant, chair","open space with central seating area","This modern minimalist living room features a light beige color palette, with wooden flooring and furniture. The space is bathed in natural soft light from large windows, creating a calm and airy atmosphere. A sofa and coffee table are arranged for cozy conversation in the center of the open space."
"coastal_742.jpg","Southern Cottage","white, light blue, beige","cedar shake siding, hardwood flooring, vinyl window frames","natural soft light from windows and front porch","warm and inviting","potted plants, rocking chair on front porch, vintage-style front door, blue jean quilt","open floor plan with central hallway and adjacent living room and kitchen areas","This two-story Southern cottage features a charming wrap-around front porch, natural wood finishes, and traditional decor."
"coastal_743.jpg","Modern","white, gray, blue","wood, glass, metal","bright and warm","clean and serene","sink, mirror, toilet paper roll, towel ring","narrow space with efficient layout","This bathroom features a modern design with a clean, bright aesthetic. The color palette is neutral and serene, with wood and glass materials adding warmth to the space."
"coastal_745.jpg","Modern Minimalist","white, gray, green accent","oak wood, linen, stainless steel, concrete","well-lit with recessed lighting and pendant lights over the island","bright and airy","sofa, coffee table, plant, kitchen island, floor lamp","open space with central seating area and a kitchen island","This modern home features a minimalist design with clean lines, neutral tones, and an open floor plan that connects the living room to the kitchen."
"coastal_746.jpg","Modern Minimalist","white, beige, green accent","oak wood, linen, concrete, steel","natural soft light from large windows and floor lamps","calm and airy","sofa, coffee table, plant, floor lamp, cushions, area rug, side tables","open space with central seating area","This modern minimalist living room features a neutral color palette, natural wood accents and steel beams on the ceiling, creating an open and airy feel."
"coastal_748.jpg","Modern Minimalist","white, beige, light wood","oak wood, linen, concrete","bright with natural soft light from large windows","calm and airy","sofa, coffee table, plant, floor lamp","open space with central seating area","The room is a modern minimalist space, featuring natural tones of white, beige and light wood. The oak wood headboard adds warmth to the otherwise stark room, while the large windows allow for bright, soft lighting. A sofa serves as a central seating area within the open space, with a coffee table nearby offering functionality. The simplicity of the design is accentuated by a few carefully chosen decorative items including a plant and floor lamp."
"coastal_75.jpg","Modern","blue-green, white, wood","tiles, wood, porcelain","natural light through window above bathtub","clean, fresh, spacious","bath mat, toiletries on sink counter, plant in corner","rectangular layout with toilet and shower at end of space","A clean, modern bathroom with natural lighting, tiled walls, and white fixtures."
"coastal_750.jpg","Modern Minimalist","white, light wood","oak wood, stainless steel","natural soft light from large windows, supplemented by under-cabinet lighting","bright and energetic","modern pendant lights, wooden bar stools, large kitchen island, high ceiling","open space with central seating area around kitchen island, surrounded by wooden flooring and cabinetry.",""
"coastal_751.jpg","Modern Minimalist","white, beige, light wood","leather, wood, fabric","natural soft light from large windows","calm and airy","bed, chair, coffee table, side tables, rug","open space with central seating area","This modern minimalist bedroom features a clean, uncluttered design with neutral colors and natural light. The room includes a comfortable bed for sleeping, cozy chairs for lounging, and functional side tables to hold personal items. A coffee table sits in the center of the space, providing a surface for drinks or other small objects. A rug adds warmth and texture to the floor. Overall, the room has a serene and relaxing atmosphere."
"coastal_753.jpg","Modern","white, gray, blue","wood, fabric, metal","natural light from large windows and ceiling lights","calm and serene","sofa, coffee table, plant, fireplace, window seat","open space with central seating area and ocean view","This modern living room features a neutral color palette, white upholstery, and clean lines. The large windows and ceiling lights provide natural light, creating a calm and serene atmosphere. The central seating arrangement is complemented by a cozy fireplace and an ocean view from the window seat."
"coastal_754.jpg","Scandinavian","white, gray, light blue","wood, linen, wool","natural soft light from large windows","calm and airy","bed, nightstand, seating area, shelving, storage unit","open space with central seating area and two beds surrounding it on either side","Scandinavian-style loft bedroom with natural light, wood and linen textures, and a cozy atmosphere."
"coastal_755.jpg","Modern Minimalist","white, light wood, grey","wood paneling on walls and ceiling, leather on chairs, concrete fireplace surround","soft natural light from large windows and recessed lights","calm and airy","sofa, coffee table with books, plant, floor lamp","open space with central seating area around fireplace","This modern minimalist living room features wood paneling on walls and ceiling, a concrete fireplace surround, white leather chairs, a large window allowing natural light in, and decor that keeps the space open and calm."
"coastal_757.jpg","Scandinavian","blue, white, beige","wood, fabric, glass","natural soft light from large windows","calm and airy","sofa, coffee table, plant, bookshelf, books","open space with central seating area","This is a cozy Scandinavian-style living room with a comfortable blue sofa facing a large window overlooking the lake. The room has wooden floors, white shelves, and minimalist decor. Natural light creates a warm and inviting atmosphere."
"coastal_758.jpg","Scandinavian","white, blue, gray","wood, tile, fabric","bright and natural, with large windows","calm and serene","mirror, sink, bathroom vanity, plant","clean and organized, with a centralized sink area","This bathroom features a Scandinavian design style, characterized by simple lines, minimalistic decor, and an emphasis on functionality. The color palette is centered around white and blue accents, providing a soothing atmosphere. Materials used include wood for the vanity, tile on the walls, and fabric on the bench. The lighting is bright and natural, thanks to large windows that allow plenty of sunlight into the space. The overall mood is calm and serene, which complements the minimalist decor. Key objects in the bathroom include a mirror, sink, vanity, and a plant for added greenery."
"coastal_759.jpg","Modern","white, beige, gray","wood, glass, metal","recessed lighting with warm tone","clean and contemporary","kitchen island, cabinets, brass fixtures, stainless steel appliances","L-shaped layout with kitchen island as centerpiece","A modern, well-lit kitchen featuring wooden cabinets and stainless steel appliances, with a large kitchen island at its heart."
"coastal_760.jpg","Scandinavian","white, light wood","wood paneling, steel, linen","Natural soft light from large windows and recessed ceiling lights","Calm and airy with a touch of coziness","white shelves, wooden cabinet, woven basket, black coat rack","Open space with central white sink in the middle, flanked by wooden cabinets on either side.","A modern and clean design with a Scandinavian influence featuring natural materials, recessed lighting, and a minimalistic approach to decor."
"coastal_763.jpg","Modern","white, gray","marble, wood","bright and natural","clean and spacious","sink, mirror, vanity table, seat, towel rack","linear layout with vanity table in center, flanked by mirrors and sinks","Modern bathroom with white marble countertops and a gray color scheme, featuring a vanity area centered between two sinks."
"coastal_764.jpg","Modern Minimalist","white, black, stainless steel","oak wood, black countertops, black cabinetry, brushed nickel hardware","natural soft light from large windows and recessed ceiling lights","calm and airy","kitchen island, stainless steel range hood, black kitchen sink, black stove top oven, modern pendant lights","open space with central seating area at island, surrounded by countertops and appliances.","A modern kitchen with a minimalist design style featuring an all-black color palette and black materials, soft natural lighting from windows and ceiling fixtures, and a calm airy atmosphere."
"coastal_765.jpg","Modern Minimalist","black, white, gold","wood, glass, stainless steel","recessed ceiling lighting with track","modern and clean","center island, bar stools, backsplash tile mosaic, metal range hood","linear layout with work triangle","A modern kitchen featuring a center island, bar stools at the counter, recessed lighting, and a backsplash tile mosaic."
"coastal_766.jpg","Modern","white, gray, blue","wood, glass, metal","bright and airy with natural light","calm and serene","chair, desk, vase, painting, bookshelf","minimalist open space design","A simple, modern room with a calming atmosphere featuring a minimalist layout and natural lighting."
"coastal_767.jpg","Scandinavian","white, light wood, blue","wood, tiles, glass","natural soft light from large windows, with warm under-cabinet lighting in the kitchen area","calm and airy","white bar stools, blue pendant lights, potted plants, large mirror","open space with a central seating area around a kitchen island, with an outdoor view of the beach","This modern Scandinavian-style home features a light and airy design with neutral colors, natural wood materials, and plenty of indoor and outdoor seating for relaxation and entertaining."
"coastal_768.jpg","Modern","white, gray, pink","wood, fabric, metal","soft and warm","calm and relaxed","bed, couches, rugs, chandelier","open concept with bedroom as focal point","This modern bedroom features a pink and white color scheme, soft lighting, comfortable seating areas, and a warm and inviting atmosphere."
"coastal_769.jpg","Modern Minimalist","white, gray, blue","stainless steel appliances, white cabinets and drawers, black countertops, wood flooring","bright natural light from large windows","bright and airy","stainless steel oven and stovetop, white refrigerator, dishwasher, sink, kitchen island with seating","open space with central kitchen island for dining and cooking","This modern minimalist kitchen features a clean, sleek design with stainless steel appliances and white cabinets. The room is well-lit by large windows that allow for ample natural light. The layout promotes an open feel and encourages social interaction."
"coastal_77.jpg","Modern Minimalist","white, beige, light wood","oak wood, linen, concrete","natural soft light from large windows and vanity lights around mirror","calm and serene","white toilet, beige shower stall, small white flowers on vase, modern sink faucet","clean lines with open space, vanity area for self-care tasks","A clean and minimalist bathroom design with modern fixtures."
"coastal_770.jpg","Modern Minimalist","white, beige, gray","wood, linen, brass","well-lit with a mix of natural light and under-cabinet lights","inviting, spacious, and modern","sofa, coffee table, flat screen TV, floor lamp, potted plant","open concept with a central seating area that flows into the dining and kitchen areas","This modern living space features an open floor plan with neutral tones, natural materials, and sleek design elements."
"coastal_772.jpg","Modern Minimalist","white, beige, light wood","wood, linen, metal","natural soft light from large windows","calm and airy","bed, nightstands, lamp, artwork","open space with central seating area","This is a serene and modern bedroom featuring a minimalist design, natural lighting, wooden accents, and clean lines. The room's color palette consists of white, beige, and wood tones that create a calm and airy atmosphere. The nightstands are made from wood, providing a natural element to the space. The bed is the central focus of the room, with linen sheets in neutral colors that match the overall color scheme. Artwork hangs above the bed, adding a personal touch to the design. Overall, this space feels inviting and tranquil."
"coastal_774.jpg","Modern Minimalist","white, gray","wood, fabric, metal","natural soft light from large windows","calm and airy","bed, sofa, coffee table, floor lamp, plant","open space with central seating area","This is a modern minimalist bedroom with a clean and streamlined design. The room features light wood walls, gray upholstery on the bed, and simple fabrics throughout. Large windows allow for natural light to fill the space, creating a calm and airy atmosphere."
"coastal_775.jpg","Modern","white, navy blue, beige","fabric, wood, metal","Bright and natural, from large windows.","Clean and minimalistic.","bed, two nightstands, artwork, chair","Open space with a central seating area.","Modern room with a simple design featuring a large bed, two nightstands and an artwork piece on the wall."
"coastal_776.jpg","Modern","white, gray, brown","tile flooring, marble countertops, metal fixtures","well-lit with overhead lights and additional light from a chandelier","luxurious and upscale","bathtub, walk-in shower, double vanity sinks, large mirror","linear layout with walkway between double sink area, bathtub, and walk-in shower","This modern bathroom features a luxurious design with marble countertops, tile flooring, a large chandelier, and a walk-in shower. The space is well-lit and offers both functionality and elegance."
"coastal_777.jpg","Scandinavian","beige, light wood, white","marble, wood, brass","natural soft light from large windows","calm and airy","cabinet, countertop, sink, drawer","linear space layout with central sink area","This bathroom features a clean, minimalist design in shades of beige and light wood, with marble countertops that provide a luxurious touch. The natural light from the windows creates a bright and spacious atmosphere."
"coastal_778.jpg","Modern Minimalist","white, light gray, navy blue","porcelain, linen, brushed brass","bright and airy with recessed lighting","clean and serene","white toilet, white sink, white tissue box","functional bathroom layout with separate toilet and sink spaces","This is a modern, minimalist bathroom design with a clean, white color scheme and functional fixtures."
"coastal_779.jpg","Modern Minimalist","blue, green, wood","oak wood, stainless steel, glass","bright and airy with natural light from windows","cool and clean","counters, bar stools, kettle, bowls","kitchen layout with island in center","This kitchen features a modern minimalist design with wood accents, cool tones of blue and green, and ample natural light that gives it an open feeling. The central island provides additional counter space for food preparation."
"coastal_780.jpg","Scandinavian","white, light gray, wood accent","natural wood, linen fabric, glass","soft natural light from large windows","airy and spacious","sofa, coffee table, plant, floor lamp","open space with central seating area",""
"coastal_782.jpg","Modern Minimalist","white, beige, light wood","glass, wood, steel","natural soft light from large windows","calm and airy","sink, mirror, shower curtain, plant","small space with efficient use of vertical and horizontal space","This bathroom features a minimalist design with a modern flair, using glass materials for the shower door to create an open feel. The color palette is neutral with light wood accents and the layout is optimized to make the most of limited space."
"coastal_783.jpg","Scandinavian","white, blue, gray","wood, stone, linen","natural soft light from large windows and white ceiling lights","calm and airy","outdoor furniture set on deck, staircase leading to front door, landscaped garden","open space with central seating area and outdoor deck on the lakefront","Scandinavian-style two-story house built on a lakefront, featuring light wood walls, white ceiling lights, gray stone accents, white linens, and an inviting front porch."
"coastal_784.jpg","Modern Minimalist","white, light wood, beige, gray","wood, leather, glass, metal","natural soft light from large windows and overhead lights","warm and inviting with modern touches","sofa, coffee table, flat-screen TV, plant, floor lamp","open space layout with multiple seating areas","This house features a warm and welcoming interior design with a focus on modern simplicity, using natural materials and soft lighting to create a comfortable living space."
"coastal_786.jpg","Scandinavian","white, blue, green","wood, wicker, metal","natural soft light from large windows","calm and airy","sofa, coffee table, plant, hanging swing, orange bowl with fruits","open space with central seating area around hanging swing and coffee table","This interior design showcases a Scandinavian style with natural materials, soft colors, and an emphasis on comfortable outdoor living. Large windows allow for ample sunlight to fill the space, creating a calm and airy atmosphere that is perfect for relaxation."
"coastal_787.jpg","Modern Minimalist","blue, white, wood","oak wood, stainless steel, glass","bright and natural from large windows","calm and serene","large island with built-in seating, modern range hood, black countertops, stainless steel appliances","open space with central work triangle","This kitchen features a modern minimalist design with blue accents and stainless steel appliances. The color palette includes white, wood, and blue elements to create a calm and serene atmosphere. The lighting is bright and natural from large windows that face south. Key objects in this space include a large island with built-in seating for casual dining, a black countertops for meal preparation, stainless steel appliances for modern conveniences."
"coastal_788.jpg","Scandinavian","blue and white, light wood, navy","linen, oak wood, silk","natural soft light from large windows","calm and airy","king-size bed, two-tiered nightstands, large abstract painting, floor lamp","open space with central seating area","This is a bright and inviting bedroom with a Scandinavian design, featuring a blue and white striped bedspread and linens set against a light wood floor. Large windows allow natural sunlight to fill the room, contributing to the serene atmosphere. The space is furnished with two-tiered nightstands, a large abstract painting as the centerpiece on the wall, and a modern floor lamp for ambient lighting."
"coastal_789.jpg","Scandinavian","blue, white, brown","wood, metal, fabric","well-lit with natural light from the large window","bright and airy","mirror, blue sink, white towel, brown toilet paper holder","small and simple bathroom layout with a blue sink against a white wall under a large window","A cozy, brightly lit Scandinavian-style bathroom with natural light from the large window."
"coastal_79.jpg","Modern Minimalist","white, wood, black","wood, marble, metal","natural soft light from large windows and overhead fixtures","clean and sleek","wall-mounted sink, built-in vanity mirror, large potted plant","open space with central focal point","This modern minimalist bathroom features a monochromatic color scheme, sleek metal fixtures, and natural lighting to create a clean and uncluttered atmosphere."
"coastal_790.jpg","Modern Minimalist","white, light wood","stainless steel, oak wood, stone","natural soft light from large windows and ceiling recessed lights","bright and airy","modern kitchen island, white dining table with chairs, white kitchen cabinets and countertops, stainless steel appliances","open space with central seating area, flowing between living room, dining room and kitchen","This modern home features a minimalist design with a predominantly white color scheme, stainless steel appliances, and open layouts connecting the spaces. The ample natural light streaming in from large windows creates a bright and airy atmosphere."
"coastal_795.jpg","Modern","white, gray, navy","marble, wood, glass","warm ambient lighting with dimmable spot lights on the wall mirror","neutral and serene","shower curtain, tub surround, towel rack, sink vanity","a large open bathroom space with a standalone tub and sink area","This modern bathroom features an elegant color palette of white, gray, and navy. The marble countertops and wood accents create a natural and luxurious look, while the glass wall adds a touch of contemporary sophistication."
"coastal_796.jpg","Modern Minimalist","light wood, white, beige","oak wood, linen, metal","natural soft light from large windows","calm and airy","round dining table, leather chairs, potted plant, framed artwork, floating shelves","open space with central seating area","This modern kitchen features a minimalist design, using light wood tones and white accents to create an airy feel. The space is illuminated by natural light filtering in through large windows. A round dining table sits at the center of the room, surrounded by leather chairs. Additional decor includes a potted plant, framed artwork on floating shelves, and a cozy vibe created by the oak wood finishes."
"coastal_798.jpg","Modern","white, grey, black, wood","oak wood, glass, stainless steel","recessed lighting in the ceiling","bright and clean","modern kitchen island with cooktop, white pendant lights over dining area, built-in wine fridge in cabinetry","open concept space with kitchen, dining room, and living room combined into one area","This is a modern kitchen designed for functionality and aesthetic appeal. The use of natural wood tones, stainless steel appliances, and black accents creates a sleek and sophisticated look. Recessed lighting provides bright illumination throughout the space. The island in the center serves as both a cooktop and an additional counter for food preparation. The open layout encourages social interaction between family members while still maintaining separate spaces for each room."
"coastal_799.jpg","Modern Minimalist","beige, navy blue, white","oak wood, cane, stone","Natural soft light from large windows and fireplace.","Warm and cozy","sofa, coffee table, plant, floor lamp, framed artwork","Open space with central seating area around fireplace, flanked by side tables.",""
"coastal_80.jpg","Scandinavian","white, light wood, blue","oak wood, linen, concrete","natural soft light from large windows and hanging pendant lights","calm and airy","long wooden table with metal legs, four matching white chairs, rectangular pendant lights, large mirror on wall above table, sea-themed artwork, green potted plant in corner","open space with central seating area and view of ocean","A bright, Scandinavian-style kitchen and dining room with a view of the sea."
"coastal_800.jpg","Scandinavian","neutral tones of gray and white","wooden panels, glass door","natural light from a single window above the shower area","calm and serene","towel on towel rack, small plant","simple, minimalist design with emphasis on clean lines","The bathroom is designed in a Scandinavian style with neutral colors, wooden paneling, and glass doors. The shower has a large window above it for natural light and the toiletries are neatly arranged. The overall mood of the space is calm and serene."
"coastal_801.jpg","Modern Minimalist","white, light wood","oak wood, linen","natural soft light from large windows","calm and airy","bench, coat rack, plant, pillow","corridor with bench on side","The space has a minimalist design with clean lines and natural light, creating a calm and serene atmosphere."
"coastal_802.jpg","Modern","white, blue, wood accents","glass counters, wood cabinets, stainless steel appliances","well-lit with recessed lighting and under cabinet lighting","clean, sleek, and contemporary","kitchen island, modern stools, hanging light fixtures, large window","open kitchen with walk-through to dining area","This modern kitchen features a clean design with minimal clutter, sleek lines and materials, well-lit by recessed lighting and under cabinet lighting."
"coastal_803.jpg","Modern","white, beige, wood accents","oak wood paneling, white shaker cabinets, brass hardware","soft and natural light from large windows, supplemented by recessed ceiling lights","calm and contemporary","neutral-toned sectional sofa, white oak coffee table, indoor potted plants, modern area rug","open plan with a combined kitchen and living room space","The interior design of this space combines modern style elements with neutral tones, natural wood accents, and soft lighting to create a calm and contemporary feel. The open layout connects the kitchen and living areas for a seamless flow."
"coastal_804.jpg","Modern Minimalist","white, blue, wood","oak wood, linen, metal","natural soft light from large windows and ceiling chandelier","calm and airy","sofa, coffee table, plant, chandelier, rug, bed","open space with central seating area","This modern minimalist bedroom features a clean and bright color palette with white walls, blue accents, and wood elements. The room is well-lit by natural sunlight and a chandelier hanging from the ceiling. The layout is open concept, focusing on a central seating area with a sofa and coffee table. The decor includes a plant for a touch of greenery, a rug for warmth underfoot, and a bed that matches the room's color scheme."
"coastal_805.jpg","Modern Minimalist","white, black, gray","marble, metal, wood","natural light from a large window above the sink","clean and contemporary","sink vanity with mirror, white towels, plant on the counter","a long narrow bathroom space with a small nook for storage","This modern minimalist bathroom features a black and white color scheme, a large sink vanity under a window, marble counters, a potted plant, and a narrow cabinet for storage."
"coastal_806.jpg","Modern Minimalist","white, gray, wood","oak wood, stainless steel, marble","natural soft light from large windows and overhead track lighting","bright and airy","kitchen island with bar stools, dining table and chairs, hanging pendant lights, modern range hood","open space design with kitchen, dining, and living areas flowing into each other","A modern minimalist home kitchen featuring oak wood cabinets, stainless steel appliances, white countertops, and track lighting that creates a bright and airy atmosphere. The open layout allows for easy movement between the spaces."
"coastal_807.jpg","Modern Minimalist","white, gray, beige, wood accents","oak wood, leather, linen, steel","natural soft light from large windows with wooden ceiling beams","calm and airy","sectional sofa, coffee table, floor lamp, area rug, framed artwork","open space with central seating area","This living room has a modern minimalist design, featuring white and neutral tones with wood accents. The open layout allows for easy flow and conversation in the central seating area."
"coastal_809.jpg","Scandinavian","white, wooden tones, blue accents","marble countertops, oak cabinets, stainless steel appliances, wood flooring","natural light from large windows with white frame glass","airy and spacious","kitchen island, modern chairs at table, potted plants, sleek stainless steel cookware","open space layout with central seating area between kitchen and living room","This modern Scandinavian-style kitchen and dining area features clean lines, natural wood tones, a blue accent wall, and marble countertops."
"coastal_810.jpg","Scandinavian","white, gray, wood","wood, fabric, glass","natural light from multiple windows and ceiling fan with lights","calm and serene","two beds, sofa, chair, nightstands, dresser","bedroom with separate sitting area","This is a large bedroom with two twin-size beds, a sofa and chair, nightstands, and a dresser. The color palette consists of white, gray, and wood. There are multiple windows for natural light, which contributes to the calm and serene atmosphere."
"coastal_811.jpg","Modern Minimalist","white, black, silver","quartz countertops, stainless steel sink, glass backsplash","ambient lighting with pendant lights above sink and vanity mirror","clean, sleek, contemporary","modern farmhouse style cabinetry, brass faucet, decorative greenery on top of cabinet","linear design with central island for convenience and aesthetics","This modern bathroom features a sleek quartz countertop, minimalist design elements, stainless steel fixtures, and a green accent from decorative plants."
"coastal_812.jpg","Modern Minimalist","white, gray","wood, glass","natural soft light from large windows","calm and airy","dining table, chairs, clock on wall, wine glasses","open space with central seating area around dining table","This modern kitchen and dining room feature a minimalist design with a focus on simplicity and functionality. The white walls, gray upholstery, and wood accents create a calm and airy atmosphere. Large windows let in natural light and provide a view of the outdoors. The space is furnished with modern chairs around a wooden dining table, and there are decorative elements such as wine glasses on the counter."
"coastal_813.jpg","Modern Minimalist","white, light blue","ceramic tiles, wood, metal","natural soft light from large window","calm and serene","bathtub, sink, mirror, towel rack, vase with flowers","small room with bathtub in corner under window","A modern, minimalist bathroom designed for calming serenity, featuring ceramic tiles, wood and metal accents, natural light from a large window, a bathtub, sink, mirror, towel rack and vase with flowers."
"coastal_814.jpg","Modern","white, gray, light wood","wood, glass, metal","Natural light from windows and recessed lighting in ceiling.","Clean, bright, and inviting.","modern sofa, contemporary coffee table, large area rug, abstract artwork","Open concept design with living room flowing into kitchen area.","This modern interior design showcases a clean, bright space with a seamless transition from the living room to the kitchen, creating an open and inviting atmosphere."
"coastal_815.jpg","Modern Minimalist","white, black, copper","marble, brass, wood","wall sconces and recessed lighting","clean and serene","round mirror, black sink, white bowl sink, wooden shelves, candle","small, compact space with efficient use of vertical storage","This modern bathroom is designed in a minimalist style with sleek lines and a neutral color palette. The marble countertop contrasts with the white bowl sink and black faucet, creating a clean and sophisticated look."
"coastal_816.jpg","Scandinavian","light brown, natural wood, white","wood, glass, steel","The room is illuminated by natural light through a large window.","Warm and cozy","shower caddy, towel, wooden bench, shower chair","A walk-in shower with a wooden bench in front of it, set against a backdrop of wood paneling.","This is a serene and modern Scandinavian-style bathroom. The room features light brown natural wood and steel elements, with a large window allowing natural light to fill the space, creating a warm and cozy atmosphere."
"coastal_817.jpg","Modern Minimalist","white, gray, wood","steel, glass, stone","natural light from the window","clean and serene","kitchen island, refrigerator, stainless steel dishwasher, sink","efficient galley kitchen layout","The image displays a modern, minimalist kitchen with clean lines and neutral colors. The style features gray cabinets and white appliances that blend harmoniously with the wood elements in the space. The kitchen is well-lit due to the window over the sink. There are practical appliances such as a stainless steel dishwasher and a refrigerator for everyday use, and a kitchen island provides additional countertop space and seating. The overall mood of the kitchen is serene and functional."
"coastal_818.jpg","Scandinavian","white, light blue, wood accent","oak wood, linen, cork flooring","natural soft light from large windows and pendant lights","calm and airy","sofa, coffee table, area rug, plant, framed artwork","open space with central seating area and staircase leading to upper level","This is a Scandinavian-style living room with a light blue color palette, oak wood furniture, and natural lighting. The space is open and airy, featuring a sofa, coffee table, plant, area rug, and framed artwork."
"coastal_819.jpg","Modern Minimalist","white, gold, black","wood, marble, brass","natural soft light from large windows and a gold-toned chandelier","calm and luxurious","mirror with gold-toned frame, double sink with brass faucets, cabinet with glass panels, black towel rack","long rectangular space with two vanity sinks and a central mirror","This modern minimalist bathroom features a clean, elegant design with a color palette of white, gold, and black. The materials used include wood, marble, and brass, which give the space a warm and luxurious feel. Large windows let in soft natural light, and a chandelier above the double sinks adds to the upscale atmosphere."
"coastal_82.jpg","Modern","white, gray, light wood","glass for shower enclosure, tile for walls and floor, stainless steel hardware","Well-lit with recessed lighting and option to add spot lights","Clean, minimalist, and serene","shower with clear door, white porcelain toilet, white bathtub","Open floor plan with shower in corner of room","This modern bathroom features a simple design, minimal color palette, and clean lines. The tiled walls and flooring provide a cohesive look while the glass shower enclosure adds a touch of luxury. Recessed lighting provides ample illumination for daily use."
"coastal_820.jpg","Modern","white, blue, natural wood","metal, wood, stone","ambient and task lighting with a mix of natural light and under-cabinet LED lights.","contemporary and inviting","island with bar stools, stainless steel appliances, kitchen backsplash","open plan with kitchen, dining, and living areas flowing seamlessly.","The interior design presents a modern open plan layout featuring a white and blue color scheme, natural materials like wood and stone, stainless steel appliances, and ample lighting from both task lights and natural sources."
"coastal_824.jpg","Modern Minimalist","neutral, white, beige","wood, fabric","natural soft light from large windows and overhead fixture","calm and airy","staircase, sofa, coffee table, potted plant","split level with central seating area","A modern minimalist living room with neutral colors, a staircase, and an overhead light fixture."
"coastal_825.jpg","Scandinavian","white, light gray, beige","wood, linen, glass","natural light from large windows","calm and airy","sofa, coffee table, plant, floor lamp, chair, couch","open space with central seating area","This interior design exudes a Scandinavian style, featuring a light color palette with white walls and beige furniture. The materials used include wood for the flooring and linen for upholstery, creating a warm and welcoming atmosphere. Large windows allow natural light to fill the space, while furnishings like the sofa, coffee table, plant, floor lamp, and chairs offer comfortable seating options."
"coastal_826.jpg","Modern","white, gray, black","marble, steel, glass","overhead track lighting and ambient chandelier","contemporary and elegant","freestanding bathtub, large mirror, modern vanity, chandelier","separate shower, toilet, and sink areas with a central seating area","This modern bathroom features marble surfaces, overhead track lighting, and an elegant chandelier above the freestanding bathtub."
"coastal_827.jpg","Modern Minimalist","white, black, gray","marble, brass, wood","natural soft light from large windows and recessed ceiling lights","calm and airy","large-framed mirror, golden sink faucet, white toilet paper holder, marble bathtub","space is designed with a focus on clean lines and minimalistic elements, creating a serene environment.","This bathroom exhibits a modern minimalist design, featuring a marble wall, a large mirror above the sink, brass fixtures, and a bathtub that contributes to its calming atmosphere."
"coastal_828.jpg","Modern Minimalist","light beige, navy blue, silver","white cabinetry, brushed nickel hardware, marble countertop","recessed lights throughout the space","calm and airy","washer and dryer, kitchen sink, bird decoration on the wall","space has a long, narrow design with a central laundry area flanked by a sink and countertop","A modern kitchenette with a washer/dryer combo and minimalist design elements."
"coastal_829.jpg","Modern Minimalist","white, navy blue, red accent","linen, wood, glass","natural soft light from large windows, complemented by LED under-cabinet lighting","calm and airy","full-size bunk beds, single trundle bed, floor lamp, bedding with geometric patterns","three single bunk beds arranged in a U shape, allowing for interaction between all occupants.","This room features a modern minimalist design, highlighted by the use of white and navy blue linens and accented by red cushions. The space is filled with natural light from large windows on three sides, creating an airy atmosphere. A series of trundle beds allows for additional sleeping capacity without sacrificing open space."
"coastal_83.jpg","Modern Minimalist","blue, white, wood","oak wood, stainless steel, linen","well-lit with soft, warm glow from pendant lights and natural light from large windows","clean and serene","wooden kitchen island, large hanging pendant lights, black cooktop range, stainless steel faucet","open-concept with a central kitchen island dividing the space from dining area","This kitchen is styled in a modern minimalist design, featuring blue and white tones, oak wood accents, and stainless steel fixtures. The layout emphasizes an open concept with a wooden island at its center, providing both cooking space and separation from the dining area."
"coastal_830.jpg","Scandinavian","white, light wood, navy blue","oak wood, marble, steel","Natural soft light from large windows and overhead fixtures","Clean, bright, and airy","sofa, coffee table, plant, floor lamp, vase","Open space with central seating area in the kitchen","This modern Scandinavian-style kitchen features an open floor plan, wooden cabinetry, and overhead lighting fixtures that provide a warm and inviting atmosphere."
"coastal_831.jpg","Scandinavian","blue, white, brown","glass, wood, tile","bright and well-lit with natural light coming through window","calm and serene","shower head, toilet, bath mat, soap dish","narrow space with corner shower stall and toilet in one wall","Scandinavian-style bathroom featuring a glass shower, wood accents, and blue walls."
"coastal_832.jpg","Modern Minimalist","white, gray, green accent","tile, steel, glass","recessed lighting and wall sconces","modern and spacious","bathtub, shower unit, sink, vanity mirror, wooden bench, vase","split bathroom with separate tub and shower area","A modern and minimalist designed bathroom featuring a white tile palette, stainless steel fixtures, recessed lighting and wall sconces. The bathroom includes a bathtub, separate shower unit, vanity sink with large mirror, and a wooden bench."
"coastal_834.jpg","Modern Minimalist","blue, gold, white","wood, glass, metal","recessed lighting with brass accents","calm and serene","round mirror, brass wall sconces, white towel rack, gold-toned faucet","rectangular space with sink at one corner","This modern bathroom combines blue and white tones for a calming effect, with gold accents adding an elegant touch. The recessed lighting ensures the room is well-lit, while the round mirror above the sink creates an interesting focal point."
"coastal_835.jpg","Scandinavian","white, wooden, light blue","natural wood, glass, stainless steel","bright and airy with natural light","bright and inviting","laundry center, coffee table, plants","open concept with laundry area to the right of entrance","This is a Scandinavian-style room that combines functionality with simplicity, featuring natural materials and bright colors for an inviting atmosphere."
"coastal_837.jpg","Rustic Lodge","neutral greys and browns, warm earth tones, wood accents","wood flooring, stone fireplace, leather furniture, canvas wall hangings","a combination of natural light from windows and warm interior lighting provided by chandeliers and floor lamps.","cozy, inviting and relaxed atmosphere","fireplace as the focal point, comfortable seating arrangement with sofa and armchairs, wood-paneled ceiling and beams, vintage chandelier","an open floor plan that flows seamlessly from one room to another","This lodge style living room features a warm, inviting atmosphere with rustic furnishings and natural materials. The fireplace serves as the centerpiece, with comfortable seating arranged around it for a cozy gathering spot."
"coastal_838.jpg","Modern Minimalist","light gray, dark blue, white","wood, fabric, metal","Natural light from large windows and ceiling fan lighting","Cool and crisp, with a touch of warmth from the throw pillows and blanket","sectional sofa, coffee table, plant in corner, floor lamp, throw pillows","Open space leading to outdoor view","A modern living room with a minimalist design, featuring light gray upholstery and dark blue accents. Natural light from the large windows creates a cool and airy atmosphere, while throw pillows add warmth and texture. The coffee table sits in front of the couch, serving as a functional piece of furniture that also contributes to the room's style. A floor lamp is used for additional lighting when needed. A plant adds life to the space, and a corner sectional sofa offers ample seating and conversation area."
"coastal_839.jpg","Modern Minimalist","white, light wood","wood","natural soft light from large windows and under-cabinet lighting","bright and energetic","kitchen island with stools, high gloss kitchen cabinetry, modern style faucet","open space with central kitchen island","This is a bright and modern kitchen with open layout, featuring high gloss cabinetry and under-cabinet lighting."
"coastal_84.jpg","Modern Minimalist","dark blue, light gray, wood tones","wood paneling, leather upholstery, metal hardware, marble countertops","well-lit space with natural light from large windows and artificial lighting provided by floor lamps","cozy and welcoming","desk, chair, couch, shelving unit, lamp","open concept with a central workspace area, flanked by seating on either side","This modern minimalist living room features a sophisticated color palette of dark blue and light gray tones, complemented by warm wood accents. The space is outfitted with natural wood paneling on the walls, leather upholstery for seating and dining, marble countertops, and metal hardware for fixtures. Large windows allow ample natural light to fill the room, enhanced by artificial lighting provided by floor lamps. The overall mood of the space is cozy and welcoming, with a central workspace area flanked by seating on either side."
"coastal_840.jpg","Modern Minimalist","white, wooden tones, grey","oak wood, concrete, steel","natural soft light from large windows, accentuated by recessed lighting in ceiling","calm and airy","sleek sofa, clean lines coffee table, tall plant, simple metal floor lamp","open space with central seating area, flanked by potted plants and a rug for warmth and pattern","This modern interior design features minimalist decor elements that emphasize open spaces and natural light. The color palette is neutral, with wooden tones complementing the oak wood flooring and white walls. Materials are primarily clean lines with a touch of steel, creating an elegant yet uncluttered look. The mood of this space is calm and airy due to its open layout and natural lighting from the large windows. Key objects include a sleek sofa for seating, a simple metal floor lamp for ambient lighting, and potted plants that add a touch of nature and warmth."
"coastal_841.jpg","Modern","blue, white, tan","glass block wall, tile flooring, metal shower doors","bright overhead lights","clean and fresh","towel rack, bath mat, shower caddy","walk-in style with corner bench seat","This is a modern bathroom with clean lines, tile walls and floor. The color scheme includes shades of blue and white for a fresh and contemporary look."
"coastal_842.jpg","Modern","white, gray, beige","wooden cabinets and drawers, natural stone countertops, stainless steel sink","natural light from large windows and recessed ceiling lights","bright and airy","kitchen island with built-in seating, range hood over stove, bamboo cutting board","galley kitchen with perpendicular countertops and cabinets","This modern kitchen features a clean, streamlined design with ample natural light, wooden cabinets, a large center island for seating, and stainless steel appliances."
"coastal_843.jpg","Contemporary","beige, white, brown","brick, wood, fabric","natural light from windows and recessed lights","warm and inviting","sofa, coffee table, plant, framed artwork, rug, floor lamp","open floor plan with a central living area flanked by doors to other rooms","This space is a bright and comfortable living room with an open layout that features a central seating arrangement, a variety of textures and materials, and natural light sources."
"coastal_844.jpg","Industrial Loft","light wood, blue, white","wood, steel, glass","natural soft light from large windows and a single overhead fixture","edgy and cozy","pool table, shuffleboard table, bar stools, sports memorabilia on shelves","open space with high ceilings, pool table in the center, shuffleboard table to one side","An industrial-style game room with a cozy and inviting atmosphere."
"coastal_845.jpg","Modern Minimalist","white, beige, light wood","wood, linen, metal","natural soft light from large windows","calm and airy","sofa, coffee table, plant, floor lamp","open space with central seating area","This room features a minimalist design with neutral colors, wood and linen materials, natural light, and a cozy atmosphere."
"coastal_847.jpg","Modern Minimalist","white, wooden accents","oak wood, brass fixtures","natural soft light from large windows and recessed ceiling lights","calm and airy","gray sofa, white shelves, blue cushions, plant on shelf, floor lamp","open space with central seating area flanked by tall white cabinets and bookshelves","The living room is a modern minimalist space featuring neutral tones, oak wood accents, brass fixtures, large windows for natural light, and a calming atmosphere."
"coastal_848.jpg","Modern Minimalist","white, navy blue, orange accent","oak wood, linen, glass","natural soft light from large windows","calm and airy","sofa, coffee table, plant, floor lamp, bookshelf","open space with central seating area, flanked by beds","A modern minimalist style loft bedroom featuring a white color palette with navy blue and orange accents. The room has oak wood paneling and linen upholstery, complemented by glass elements. Natural soft light from large windows creates a calm and airy mood. Key objects include a sofa, coffee table, plant, floor lamp, and bookshelf."
"coastal_85.jpg","Scandinavian","white, light wood","wood, linen","natural soft light from large windows","calm and cozy","sofa, coffee table, woven baskets, plant, floor lamp","open space with central seating area and fireplace","This is a cozy Scandinavian living room featuring natural light, wood elements, and comfortable furnishings."
"coastal_850.jpg","Modern","yellow, orange, blue","wood, fabric, glass","bright and welcoming with natural light from large window","inviting, lively and cheerful","large wooden headboard, colorful bedding, brass table lamp","bedroom layout with central focus on bed for relaxation","A modern bedroom with bright colors, natural lighting and comfortable furnishings."
"coastal_851.jpg","Modern","white, black, gray","wood, stainless steel, glass","natural light from large windows","modern and minimalist","kitchen island, bar stools, potted plants, modern cabinets","open space with central island","The kitchen has a modern design featuring a monochromatic color scheme of white, black, and gray. The materials used include wood for the cabinets and countertops, stainless steel appliances, and glass for the backsplash. The large windows allow ample natural light to brighten the space. The open layout with central island creates a modern and minimalist atmosphere."
"coastal_852.jpg","Modern Minimalist","turquoise blue, white, gray","wood panelling, plastic louvres, brick wall","natural light from large windows","airy and serene","window seat with pillows, large framed artwork, blue vase with flowers, round coffee table","open space with central seating area","This modern living room is characterized by a minimalist design with a color palette that includes turquoise blue, white, and gray. The wood panelling adds warmth to the space, while the plastic louvres provide privacy and light control. A brick wall serves as an accent piece, and large framed artwork is hung above a window seat with pillows for seating. Blue decorative pieces, such as a vase with flowers on the coffee table, add color to the room. The open floor plan encourages interaction in this serene living space."
"coastal_853.jpg","Modern Minimalist","white, beige, light wood","oak wood, linen, concrete","natural soft light from large windows","calm and airy","sofa, coffee table, plant, floor lamp, mirror","open space with central seating area and bed against wall","A modern minimalist interior design featuring a monochrome color scheme, natural light from windows, oak wood furniture and concrete accents. A calming atmosphere with a central seating area in front of a large window."
"coastal_855.jpg","Modern Minimalist","green, white, black","mirror, light fixture, cabinet","ambient and task lighting from multiple sources","bright and airy","sink, vanity mirror, soap dispenser, plant, vase","space designed around mirrors for symmetry and reflection","A modern, minimalist bathroom with a bold green wall, featuring multiple mirrors and sleek fixtures."
"coastal_856.jpg","Industrial Loft","black, white, rustic orange","metal, brick, wood, concrete","industrial style with exposed ceiling ductwork and track lighting","bold and eclectic","black metal shelving unit, white subway tiled backsplash, rustic wood island, copper range hood","open concept with combined kitchen and dining area","An industrial loft kitchen with black and white color scheme, featuring a rustic orange accent. Open shelving unit against white subway tiled backsplash. Copper range hood over an island of weathered wood."
"coastal_857.jpg","Modern Minimalist","white, beige, light wood","oak wood, marble, stainless steel","Natural soft light from large windows.","Calm and airy","Bathroom vanity with mirror, Free-standing tub, Shower enclosure, White toilet","Open space with bathroom centered between walls","This modern minimalist bathroom features a monochromatic color palette, primarily in white and beige tones, which contribute to its calming atmosphere. The design includes oak wood elements for warmth and contrast against the marble countertops, and stainless steel fixtures provide a sleek, contemporary touch. Natural light floods the space through large windows, enhancing the airy feel of the room. The layout is open and centered around the bathroom, with a freestanding tub as its focal point."
"coastal_858.jpg","Modern Minimalist","beige, grey, white","wood, fabric, metal","natural soft light from large windows","calm and airy","sofa, coffee table, area rug, lamp, bookshelf","open space with central seating area","The room's minimalist style features a neutral color palette, modern furniture pieces, and natural lighting. The open layout encourages social interaction and creates a calm atmosphere."
"coastal_859.jpg","Modern Minimalist","beige, light wood, gray","wood, linen, leather","Natural soft light from large windows and recessed ceiling lights.","Calm and airy, with a touch of sophistication.","king-sized bed with gray headboard, wooden nightstands, large framed mirror, chandelier","Modern and elegant room design with a central focus on the large bed, surrounded by a variety of textured surfaces.","This luxurious master bedroom features clean lines, neutral tones, and natural light to create a serene and inviting space."
"coastal_86.jpg","Scandinavian","white, blue","tile, wood, metal","recessed lighting and natural light from small window","clean, modern, and minimalistic","shower caddy, shower head, towel rack","compact shower space with integrated storage","This is a compact shower space designed in the Scandinavian style, featuring a white tile wall and floor. The minimalistic design emphasizes clean lines and efficient use of space. The small window allows natural light to enter while maintaining privacy."
"coastal_860.jpg","Modern Minimalist","white, navy, brass","wood, metal, glass","natural soft light from large windows and pendant lights","calm and airy","barstools, island, counters, vases","open space with central island and perimeter countertops","Modern kitchen featuring light wood cabinetry, navy accents, stainless steel appliances, and pendant lights that create a bright and welcoming atmosphere."
"coastal_861.jpg","Modern Minimalist","white, gray, wood","wood, metal, glass","natural light from window and under-cabinet LED strip lights","bright, clean, spacious","open kitchen shelving unit with various food and beverage items, white countertops, stainless steel appliances","open space with central cooking area and perimeter shelving for storage and display","This modern, minimalist kitchen features a clean and spacious design with an open layout that maximizes natural light from the window. The materials used include wood for the cabinetry, metal for the appliances, and glass for the countertops, contributing to a bright and organized atmosphere."
"coastal_862.jpg","Scandinavian","white, light wood","oak wood, linen","natural soft light from large windows","calm and airy","sofa, coffee table, plant, floor lamp","small open space with central seating area","This interior design features a Scandinavian style with a warm, light wood color palette. The space is designed with oak wood and linen materials, creating a cozy atmosphere. Natural soft light from the large windows contributes to the calming mood of the room. The layout focuses on a small open space with a central seating area featuring a sofa, coffee table, plant, and floor lamp."
"coastal_864.jpg","Scandinavian","white, light blue, wood accents","oak wood cabinets, porcelain countertops, stainless steel appliances","bright natural light from large windows","calm and airy","wooden kitchen island with bar stools, hanging pendant lights, white chairs around the table, open shelving","U-shaped layout with central island for dining and cooking activities","This modern kitchen combines a Scandinavian design sensibility with bright, airy lighting and natural materials to create a welcoming and functional space."
"coastal_865.jpg","Modern Minimalist","light blue, white, gray","wool, linen, leather","natural soft light from large windows","calm and airy","bed, sofa, coffee table, lamp, plant","open space with central seating area","This is a modern bedroom designed with a minimalist approach, featuring light blue walls and white linens on the bed. The room has a cozy feel with a plush sofa and a coffee table for relaxation. Large windows allow natural light to fill the space, creating a calm and airy atmosphere."
"coastal_867.jpg","Modern","white, wood, gray","wood, concrete, metal","natural light from windows and ceiling lights","warm, inviting and stylish","wooden table with bench seating, built-in barbecue grill, large screen television on wall, framed mirror above fireplace, floor lamps with wood bases","open kitchen leading to outdoor patio","A modern outdoor living area with a stylish open kitchen, featuring an indoor-outdoor seating arrangement and contemporary design elements."
"coastal_869.jpg","Modern","blue, white, gold","marble, brass, glass","well-lit with natural light from the large window and recessed lighting","clean, sleek, and sophisticated","bathtub, shower enclosure, double vanity, sink","a well-organized bathroom with a clear separation of the shower and vanity areas","This is a modern bathroom featuring a double vanity, bathtub/shower combo, and marble countertops. The color scheme includes blue and white elements with gold accents, complemented by marble and brass materials."
"coastal_87.jpg","Modern Minimalist","white, beige, gray","oak wood, linen, brass","natural soft light from large windows","calm and airy","bed, nightstand, lamp, sofa, coffee table, plant, framed artwork","open space with central seating area surrounding the bed","A modern minimalist bedroom design with an all-white color scheme, oak wood and linen materials, natural lighting, a calm and airy mood, featuring a large bed at the center surrounded by nightstands, lamps, sofa, coffee table, plant and framed artwork on the walls."
"coastal_870.jpg","Modern","blue, white, black","wood, fabric, metal","natural light from large window","cozy and inviting","bookshelf, bed, pillows, blanket, rug","small room with built-in bed, shelves for books, and a rug on the floor","This modern room features a comfortable bed tucked under an eave, accompanied by a bookshelf filled with various items. The color palette is simple yet sophisticated, combining blue and white accented with black for a neat and tidy appearance."
"coastal_871.jpg","Modern","black and white, gray, rustic orange","stainless steel, wood grain, glass, ceramic","modern track lighting with recessed ceiling lights","bright and spacious","metal kitchen island, stainless steel appliances, large floor vase with orchid, flat-screen TV","L-shaped with open concept living space","This modern, open-concept kitchen and living space features stainless steel appliances, sleek wooden cabinetry, and a clean, minimalist color palette of black, white, and orange accents."
"coastal_872.jpg","Modern Minimalist","white, light wood, gray","leather, wood, metal","sunlit from large windows and recessed lighting","open and airy, with a touch of warmth","sofa, coffee table, floor lamp, plant, bookshelf","great room layout with open floor plan","The living room is modern and minimalist with a neutral color palette, leather upholstery, wood and metal materials, sunlit from large windows, and a cozy yet sleek atmosphere."
"coastal_873.jpg","Scandinavian","white, gray, wood","oak wood, linen, wicker","natural soft light from large windows","calm and airy","sofa, coffee table, plant, floor lamp, artwork","open space with central seating area","A modern Scandinavian living room featuring a neutral color palette, natural lighting, and simple, minimalist design elements."
"coastal_874.jpg","Modern Minimalist","white, gray, navy blue","marble, brass, wood","overhead lighting with dimmer switches for each sconce and a central light fixture","clean and serene","large round mirror, his-and-hers sink setup with brass faucets, potted plant, two vases","vanity area with double vanity sinks, a large mirror above, and flanked by two wall sconces and a central lighting fixture.","A modern bathroom featuring his-and-hers sinks, a large round mirror, brass faucets, marble countertops, and a serene color palette of white, gray, and navy blue."
"coastal_875.jpg","Scandinavian","white, natural wood, blue accent","wood, woven fabric, glass","soft natural light from large windows, supplemented with white pendant lights","calm and airy","natural wood staircase, white sofa, black metal side table, blue throw blanket, round mirror","open floor plan with central seating area under a large window, adorned with white siding","Scandinavian-style coastal home with bright natural light and calming blue accents."
"coastal_876.jpg","Modern Minimalist","white, blue, wood tones","natural wood veneer, cushions, steel, glass","soft and ambient, using recessed lighting and natural light from windows","cozy and inviting, with a sense of spaciousness","sofa, couch, area rug, tv stand, media console","open concept with a defined living area adjacent to dining and kitchen spaces","This modern minimalist living room features a neutral color palette with pops of blue, soft lighting that enhances the spacious feeling, and a mix of materials that add warmth and texture."
"coastal_877.jpg","Modern","white, black","glass, tile, brass","Recessed lighting with a soft white hue.","Minimalist and spacious.","bathroom sink, mirror, shower stall, washcloth holder","A long, narrow bathroom space with wall-to-wall tiles.","This modern bathroom features a minimalist design with a clean and spacious layout. The color palette is simple, focusing on white walls and black fixtures. Glass and brass materials add a touch of elegance to the space."
"coastal_878.jpg","Modern","white, gray","wood, leather","natural light from a large window","open and airy","dining table, chairs, couch, area rug, potted plant","open concept with kitchen and living area connected","This is a modern dining space featuring a clean, minimalist design with neutral colors. The room benefits from natural light coming in through the large window and has an open layout that connects the kitchen and living area."
"coastal_88.jpg","Scandinavian","grayscale, wood tones, light blue accents","cedar siding, stone veneer, natural wood flooring","soft, natural light from large windows and skylights","inviting and warm","modern sectional sofa, wood coffee table, floor-to-ceiling bookcase, stainless steel refrigerator, vintage industrial pendant light","open floor plan with central seating area and outdoor access through large sliding glass doors","This two-story Scandinavian style home features a modern design with a palette of grayscale, wood tones, and light blue accents. The exterior is covered in cedar siding, stone veneer, and natural wood flooring. Inside, large windows and skylights fill the space with soft, natural light. The open floor plan leads to a central seating area adjacent to an outdoor deck with sliding glass doors."
"coastal_880.jpg","Contemporary","dark brown, light brown, black","wood, glass","Warm and ambient lighting with natural sunlight coming through windows.","Inviting and welcoming","large wooden door, floor lamp, sofa, coffee table","Open-concept living space with a central seating area.",""
"coastal_883.jpg","Modern Minimalist","white, black, wood accents","wood veneer paneling, white plaster walls, matte black metal railings","recessed LED lighting, natural soft light from large windows","bright and airy","white sofa, wood coffee table, large statement artwork, modern floor lamp, potted plant","open space with central seating area, defined by black railing on white staircase","This modern home features a clean and minimalist design with a bright and airy atmosphere. The open layout includes a central seating area around a coffee table, which is accentuated by the black metal railings of the staircase. The space is adorned with wood veneer paneling and white plaster walls that create a warm and inviting ambiance."
"coastal_884.jpg","Modern Minimalist","white, light wood, gray, navy","oak wood, leather, linen, steel","natural soft light from large windows and under-bed lights","calm and airy","loft bed with ladder, wooden bookshelf, floor lamp, blue and white striped rug, white chair","open space with central seating area under loft bed","This modern minimalist room features a loft bed with built-in storage, a large window for natural light, and a calming color palette of white, light wood, gray, and navy."
"coastal_885.jpg","Industrial Loft","dark brown, natural wood, concrete grey","wood planks, metal pipes, exposed brick","ambient and task lighting with a mix of overhead track lighting and wall sconces","modern and rustic","bar stools, bar counter, shelves for wine storage, artisan decor","open concept design with exposed wooden beams and reclaimed materials","A modern bar area within a loft setting, featuring a rustic aesthetic through industrial elements such as wood plank walls and metal pipes, complemented by ambient overhead lighting and wall sconces."
"coastal_886.jpg","Modern","white, gray, black","wood, metal, glass","soft and warm ambient light","clean and efficient","kitchen island, range hood vent, stainless steel sink, modern faucet","galley style with center island","A modern kitchen with a focus on efficiency, featuring wood cabinets, stainless steel appliances and fixtures, and a galley layout centered around an island."
"coastal_887.jpg","Modern Minimalist","white, light wood","wood, metal, glass","natural soft light from a large window","calm and organized","cabinets, countertops, stove, sink","an L-shaped counter with cabinets underneath, providing ample workspace and storage.","This kitchen features a clean, minimalist design with modern appliances and natural light. The use of wood and white color creates a bright and spacious atmosphere."
"coastal_888.jpg","Modern Minimalist","white, blue, copper","wood panels, metal hardware, brass accents","natural soft light from a window over the sink","calm and airy","blue freestanding bathtub, large round mirror above sink, white towels in neat stack, copper-colored faucet, wooden shelf with storage baskets","small space with compact layout, featuring a corner bathtub and wall-mounted sink","A modern minimalist bathroom with a calming atmosphere, featuring wood paneling, blue fixtures, and clean lines."
"coastal_889.jpg","Scandinavian","white, beige, light wood, black","oak wood, linen, steel","natural soft light from large windows","bright and energetic","record player, bookshelf, vase, sofa","open space with central seating area","This living room has a Scandinavian style, featuring light wood tones, steel accents, and oak shelving. The mood is bright and energetic, with natural soft lighting coming in from the large windows. Key objects include a record player, bookshelf filled with albums, a vase as a decorative piece, and a cozy sofa for seating. The layout is open and spacious, with the central seating area serving as the focal point of the room."
"coastal_89.jpg","Modern Minimalist","white, light gray, navy blue","marble, wood, glass","natural lighting from windows with white blinds","calm and clean","freestanding sink, wooden toilet seat cover, framed mirror on wall","small space with wall-mounted sink and open shelves for storage","A modern, minimalist bathroom design featuring a marble countertop, wood accents, and natural lighting."
"coastal_892.jpg","Scandinavian","white, beige, light wood","oak wood, linen, concrete","natural soft light from large windows","calm and airy","sofa, coffee table, plant, floor lamp","open space with central seating area","This Scandinavian style living room features light wood tones, natural lighting from large windows, and a minimalist design that creates a calm and airy atmosphere."
"coastal_893.jpg","Modern Minimalist","white, light wood, gray","stainless steel, glass, wood","bright and even natural light from windows","clean, bright, and airy","kitchen island, white cabinets, stainless steel appliances, high ceilings","open kitchen space with center island and seating area","This modern minimalist kitchen is characterized by its open layout, clean lines, and use of natural light. It features white cabinets, stainless steel appliances, wood accents, and high ceilings that contribute to a bright and airy feel."
"coastal_894.jpg","Modern Minimalist","dark wood, gray, white","dark wood veneer, stainless steel, tempered glass","recessed undercabinet lighting","clean and contemporary","coffee maker, wine cooler, stainless steel faucet","open kitchen layout with island","This image depicts a modern, minimalist kitchen design featuring dark wood veneer cabinetry, stainless steel appliances and fixtures, and tempered glass. The color palette is composed of dark wood, gray, and white, creating a clean and contemporary feel. The layout includes an open kitchen design with an island in the center for additional workspace."
"coastal_895.jpg","Scandinavian","blue, white, beige","wood, glass, steel","natural soft light from large windows and artificial lighting","calm and airy","door, porch swing, plant, vase, framed artwork","open space with central seating area, surrounded by walls","This is a bright and airy Scandinavian style house with a calming atmosphere. The color palette consists of blue, white, and beige tones, complemented by materials such as wood, glass, and steel. The layout features an open space centered around the porch swing, which serves as the focal point of the seating area."
"coastal_896.jpg","Modern","dark blue, light gray, bright yellow","velvet fabric, wooden frame on sofa, natural fiber rug","Natural light from floor to ceiling windows and complementary artificial lighting","Warm and inviting","sectional blue sofa, square coffee table with glass top, floor lamp in corner, large potted plant, round cushioned ottoman","Open floor plan with separate areas for sitting, dining, and entertainment","This modern living room features a dark blue sofa with bright yellow accents, complemented by natural materials and ample natural light."
"coastal_897.jpg","Scandinavian","white, navy blue, wood, copper","stone, wicker, linen, wood","The room is lit with a combination of natural light from the windows and warm, cozy light from the fireplace.","The space has a calm and inviting atmosphere that is both warm and comfortable.","sofa, two matching wicker chairs, coffee table, area rug, vase with flowers","The living area features a central fireplace flanked by two chairs on either side, creating a cozy focal point. A coffee table is situated in the middle for convenience and comfort.","This Scandinavian-style living room has a modern minimalist feel with natural elements such as stone walls and wooden furniture. The warm lighting from the fireplace creates an inviting atmosphere, while the neutral color palette adds to the serene ambiance."
"coastal_899.jpg","Modern Minimalist","white, gray, light wood","wood, fabric, glass","Natural soft light from large windows and recessed ceiling lights","Bright and airy","sofa, coffee table, chairs, area rug, cabinets, potted plant","Open space with central seating area and adjacent kitchen","This is a modern minimalist living room with a bright, airy feel. The color palette consists of white, gray, and light wood tones. Key materials include wood, fabric, and glass. Recessed ceiling lights provide soft illumination, complementing the natural light from large windows. The layout features an open space with central seating around a coffee table, flanked by chairs and an area rug. Adjacent to the living room is a kitchen visible through the open floor plan. There are also decorative elements like cabinets and a potted plant."
"coastal_9.jpg","Scandinavian","white, beige, light wood","wood paneling, stainless steel appliances, stone countertop","natural soft light from large windows","bright and airy","bar stools, kitchen island, potted plant","open space with central kitchen island","This modern kitchen features a Scandinavian design, brightened by natural light streaming in through large windows. The color palette is neutral with white cabinetry and beige walls, complemented by the warm tones of the wooden floor. Materials include stainless steel appliances that stand out against the lighter backdrop. The open layout creates a sense of spaciousness, and the central kitchen island provides ample counter space for cooking and entertaining."
"coastal_90.jpg","Modern Minimalist","white, gray","wood, marble","soft and ambient light from overhead fixtures","calm and peaceful","bathtub, sink, cabinets, baskets","linear with vanity area adjacent to tub","This modern bathroom features a neutral color palette, wood materials, and soft overhead lighting, creating a serene atmosphere."
"coastal_900.jpg","Scandinavian","white, gray, blue","wood, linen, cotton","soft natural light from windows","cozy and inviting","bed, nightstands, sofa, area rug","open concept with central bed placement","This room features a Scandinavian style design with a cozy, inviting atmosphere. The color palette is neutral, with white and gray tones complemented by blue accents. Materials include wood, linen, and cotton for a soft, comfortable feel. Soft natural light illuminates the space from multiple windows. Objects in the room consist of a bed, nightstands, a sofa, and an area rug to create a warm and functional living area."
"coastal_901.jpg","Modern Minimalist","green, white, beige","oak wood, stainless steel, linen, glass","natural soft light from large windows and under-cabinet LED lights","clean and contemporary","kitchen island, range hood, coffee maker, modern pendant lights, stainless steel refrigerator","open space with central island and adjacent seating area","This modern kitchen combines clean lines, natural materials, and a color palette of green, white, and beige to create a contemporary yet welcoming atmosphere."
"coastal_902.jpg","Modern Minimalist","beige, gray, blue","fabric upholstery, wooden coffee table, marble side tables","well-lit with natural light from windows and artificial lamps","calm and modern","gray sofa, brown wooden coffee table, plush armchair, large plant, white vase","living room layout with central seating area","Modern living room design with minimalistic style, clean lines, and neutral color palette."
"coastal_903.jpg","Modern Minimalist","white, light gray, dark blue","wood, linen, silk","soft and warm with recessed lighting","elegant and serene","round wooden table, modern dining chairs, large abstract art on wall, ornamental metal candle holders","U-shaped seating arrangement around the table","This modern, minimalist dining room features a monochromatic color palette and luxurious materials, creating an elegant and serene atmosphere. The U-shaped seating arrangement around the round wooden table fosters conversation and interaction among diners."
"coastal_904.jpg","Scandinavian","beige, dark blue, light wood","wood paneling, metal handles, textured wallpaper","natural soft light from large windows","calm and airy","sofa, coffee table, plant, floor lamp","open space with central seating area",""
"coastal_905.jpg","Modern","white, light wood, blue","oak wood, linen, brass","Natural light from large windows and pendant lights hanging above the table.","Clean, airy and inviting","sofa, dining table, chairs, floor lamp, vase with flowers","Open layout with a central seating area centered around a dining table.","This is an image of a modern, stylish kitchen and living space that combines natural wood tones with pops of blue. The open layout features a central seating area centered around a large dining table."
"coastal_906.jpg","Modern","white, gray, natural wood","wood, glass, metal","Natural light from windows and ceiling lights","Bright and spacious","sink, cabinets, countertops, pantry, window","U-shaped with central island in kitchen area","Open and modern kitchen with clean lines, ample counter space, and a mix of neutral tones."
"coastal_908.jpg","Scandinavian","white, light wood, neutral grey","wood, glass, linen","bright and natural light from large windows","warm and inviting","modern pendant lights, mid-century modern bar stools, white marble countertops, reclaimed wood island","open concept kitchen with no walls separating it from living room","This Scandinavian-style kitchen combines a bright and airy feel with warm materials, creating an inviting space for cooking and gathering."
"coastal_909.jpg","Modern Minimalist","white, blue, tan","wood, fabric, metal","natural soft light from large windows and ceiling windows","calm and airy","king-size bed, bed frame with storage drawers, nightstands, area rug, wall art","open space with central seating area on a carpeted floor, featuring built-in shelving units","This modern bedroom showcases a minimalist design with neutral colors and natural lighting. The room is furnished with high-quality materials including a wooden headboard and a fabric-upholstered bench at the foot of the bed. Storage features are integrated, such as built-in shelving units underneath the bed. Lighting comes primarily from large windows and ceiling windows, creating a bright and airy atmosphere."
"coastal_91.jpg","Modern","beige, navy blue, gray","wood, leather, brass, linen","soft overhead lighting with additional natural light from large windows","neutral and inviting","sofa, coffee table, floor lamp, plant, chandelier","open concept with a central seating area","A modern living room featuring neutral tones, natural light, and minimalist design elements."
"coastal_910.jpg","Modern Minimalist","white, navy blue, gray","oak wood, linen, steel","natural soft light from large windows","calm and airy","sofa, coffee table, plant, floor lamp, painting","open space with central seating area","This modern minimalist living room features a clean, open layout with natural light coming in through large windows. The color palette is simple yet elegant with navy blue accents providing a cozy feel."
"coastal_911.jpg","Modern","white, black, wood","glass, concrete, steel","Natural light streaming in from the large window above the stairwell, enhancing the minimalist aesthetic.","Clean and serene with a hint of sophistication.","stairs, wine cellar, bookshelf","Open floor plan featuring an L-shaped layout centered around the stairwell.","This modern interior design showcases a clean, minimalist aesthetic with natural light as a key element. The use of materials like glass and concrete add to its contemporary feel, while the wine cellar adds a touch of sophistication. The open layout allows for easy movement between different areas of the home."
"coastal_912.jpg","Modern Minimalist","navy blue, white, natural wood","wood, marble, stainless steel","natural soft light from large windows","calm and airy","double vanity mirror, freestanding sink with double faucet, blue cabinet with brushed nickel hardware","central double sink setup, flanked by mirrors and blue cabinets on either side of the room","This modern bathroom features a minimalist design in shades of navy blue and white, with natural wood accents. The space is brightened by large windows that provide soft, natural lighting. The double vanity setup and blue cabinets add a touch of elegance to the room."
"coastal_913.jpg","Modern","blue, white, wood","wood paneling, woven wicker, brick","A combination of ambient, task, and accent lighting with soft overhead fixtures.","Warm and inviting","blue patterned sofa, cable-covered wooden coffee table, wicker side tables, wooden TV stand, abstract artwork","Open floor plan with a central seating area flanked by wicker end tables.","This modern living room is designed to feel warm and inviting, with a focus on natural materials like wood and wicker. The blue patterned sofa serves as the centerpiece, surrounded by soft lighting and abstract artwork."
"coastal_914.jpg","Modern Minimalist","white, light blue, green accent","wood veneer, linen, metal","natural soft light from large windows","warm and cozy","sectional sofa, cable-knit throw blanket, decorative pillows, coffee table with a bowl of fruit, floor lamp","open space with central seating area around fireplace","This living room features a modern, minimalist design with a focus on natural materials and soft lighting. The color palette is warm with white walls that make the room feel airy and spacious. A large fireplace serves as the centerpiece of the space, creating a cozy atmosphere. Furniture includes a comfortable sectional sofa, and various decorative elements such as throw pillows and a coffee table with a bowl of fruit add touches of color and personality to the room."
"coastal_916.jpg","Modern Minimalist","dark blue, natural wood, white","oak wood, stainless steel, marble","bright and natural light from large windows and skylights","clean, serene, and spacious","large island with wood countertops, modern bar stools, coffee maker on the counter, hanging pendant lights above island, decorative artwork on walls","open kitchen and dining room space, with a central island","A sleek and modern kitchen-dining area that combines dark wood and stainless steel elements with natural light from the windows."
"coastal_917.jpg","Modern Minimalist","white, gray, black","wood, metal, stone","overhead lights with ambient and accent lighting from pendant fixtures","modern and sleek","desk, chairs, books, potted plants","open kitchen with a small nook for dining or lounging","This is a modern kitchen space that utilizes minimalism to create an open and clean atmosphere."
"coastal_918.jpg","Scandinavian","light gray, black, natural wood","wood, metal, fabric","natural soft light from a window and under-cabinet lights","calm and organized","white shelves, black wire basket, stainless steel knife set, wooden cutting board","rectangular kitchen with corner island","This kitchen is designed in a Scandinavian style, featuring light gray walls and black accents. The space utilizes wood for the cabinets and countertops, contrasted by black wire baskets and metal appliances. Under-cabinet lights provide soft illumination during evening use."
"coastal_919.jpg","Scandinavian","white, beige, blue, green","wood, brick, stone, metal","Natural light from large windows and skylights.","Warm and inviting, with a touch of contemporary elegance.","built-in seating, fireplace, wooden floors, decorative mirror","An open floor plan with the living area flowing into the dining room.",""
"coastal_92.jpg","Scandinavian","white, gray, navy","wood, linen, metal","natural soft light from large windows","bright and airy","washing machine, dryer, shelves full of folded clothes, folded towels on a rack","open space with white appliances, shelving units for organization","A modern, clean laundry room with bright lighting and minimalistic design."
"coastal_920.jpg","Modern","white, gray","marble, glass","well-lit with natural light","spacious and clean","shower caddy, soap dispenser","rectangular shower stall","This bathroom is modern in design, featuring a marble wall with gray grouting and white fixtures. The space has a spacious feel and utilizes glass materials for the walls. Natural light fills the room, creating an atmosphere of cleanliness and relaxation."
"coastal_921.jpg","Modern","green, grey, brown","wooden decking, concrete patio, stone wall","natural light from windows and skylight","relaxed and welcoming","front door, outdoor sofa, deck planter, candle lantern","spacious front porch with clear path to door","This residential exterior is designed in a modern style, featuring a color palette of green, grey and brown, with natural materials like wood, stone and concrete. The space is inviting and relaxed, enhanced by the soft glow from candle lanterns."
"coastal_922.jpg","Modern","green, white, gray","brick, glass, concrete","Soft, natural light with accents of artificial lighting.","Calm and inviting.","sofa, armchair, coffee table, plant, area rug","A symmetrical layout with a central focus on the sitting area.","A modern, well-lit living room that is both comfortable and stylish."
"coastal_923.jpg","Scandinavian","white, beige, blue","wood, natural fibers","natural light from large windows and soft interior lights","calm and inviting","cozy sofa, traditional fireplace, large dining table, comfortable armchairs, wooden accent pieces","spacious open plan with central seating area","The interior design of this large house features a Scandinavian style, characterized by a minimalist and inviting atmosphere. The color palette includes light wooden tones, white walls, and pops of blue accents. Natural materials like wood and linen create a warm and cozy ambiance."
"coastal_924.jpg","Modern","blue, white, natural wood","wood cabinets, tile backsplash, stainless steel appliances","bright and natural light from large windows and overhead lights","clean, modern, and inviting","island in center of kitchen with seating around it, large sink under window, high-end stove with range hood, wooden cutting board","modern open concept design with kitchen island as focal point for dining and socializing","This is a well-designed modern kitchen featuring high-quality materials, a clean color scheme, and practical layout that incorporates an island and large sink."
"coastal_925.jpg","Modern Minimalist","beige, white, gray","wood, linen","natural soft light from large windows","calm and airy","couch, coffee table, plant, floor lamp","open space with central seating area","This is a modern living room design with neutral colors and minimalist style, featuring a comfortable couch set in an open plan layout."
"coastal_927.jpg","Scandinavian","beige, white, green","wood, tiles, linen","bright and airy with natural light from windows","calm and clean","mirrors, sink, soap dispenser, towel bar, plant","open space layout with bathroom stall as the focal point","A well-lit bathroom stall featuring a sink, mirror, and tiled walls with beige flowers."
"coastal_928.jpg","Modern Minimalist","teal blue, white, wood accents","white subway tile backsplash, glass mirror, light wood cabinets","natural soft light from large windows","calm and airy","double sink vanity, wooden shelving unit, white vase with flowers","linear layout with focal point at double sink","This bathroom features a teal blue tiled backsplash, a white double sink vanity, and a wood shelf for storage. Natural light from large windows creates a calm and airy atmosphere."
"coastal_929.jpg","Modern Minimalist","white, grey, black","oak wood, glass, stone","natural soft light from large windows","calm and serene","bathtub, sink, mirror, shelves, potted plant","a streamlined bathroom with a focus on simplicity and functionality.","A modern minimalist bathroom design that emphasizes clean lines, natural lighting, and a serene atmosphere."
"coastal_93.jpg","Scandinavian","white, brass, blue","natural stone, wood, glass","soft and warm overhead lighting with a small vanity light over the mirror","clean, bright, and spacious","two sinks, large bathroom mirror, black and gold vanity, white bathtub","linear layout with black cabinetry and countertops on one side and the white bathtub on the other","A modern and minimalist bathroom with a Scandinavian design style, featuring natural materials and brass accents."
"coastal_930.jpg","Modern Minimalist","gray, white, wood","wood, linen, steel","natural soft light from large windows","calm and airy","bookshelf, chair, plant, coffee table","open space with central seating area","This interior design combines a modern minimalist style with a focus on natural lighting and calm colors. The room features wood shelving and linen, with a cozy chair for reading in front of large windows."
"coastal_931.jpg","Modern Minimalist","white, light gray, wood accent","oak wood, marble, glass","bright and natural light from large windows","calm and serene","freestanding bathtub, sofa, floor lamp, potted plant","open space with central bathroom vanity and tub in the middle, flanked by large mirrors and shelving units.","This modern bathroom features a minimalist design with light-colored materials, bright natural light, and a serene mood. It is furnished with a sofa for relaxation, a floor lamp for ambiance, and potted plants for greenery. The layout is open and centered around the freestanding tub and large mirrors."
"coastal_933.jpg","Modern Minimalist","white, beige, light wood, light blue","glass, wood, concrete, stainless steel","Natural soft light from large windows and ceiling lights","Calm and airy","couches, coffee table, plant, floor lamp, pool","Open space with central seating area, pool to side","Modern minimalist design featuring natural materials and soft lighting for a calm and relaxed atmosphere."
"coastal_934.jpg","Modern Minimalist","white, gray, natural wood","wood paneling, concrete floors, brass accents","natural soft light from large windows and a floor lamp","calm and airy","sofa, coffee table, plant, floor lamp","open space with central seating area on raised platform","Modern minimalist design creates a calm and airy atmosphere in this open living room. Wood paneling, concrete floors, and brass accents give it a sleek and contemporary feel. Large windows let in soft natural light, while the central seating area on a raised platform offers both comfort and style."
"coastal_935.jpg","Scandinavian","white, beige, light wood","oak wood, linen, natural fibers","soft, warm light from natural and artificial sources","calm and tranquil","bed, blanket, pillows, sofa","open plan with bed as focal point","This is a Scandinavian-style bedroom that combines minimalist design elements, soft materials like linen and natural fibers, and a calming color palette of white, beige, and light wood. The room features an open layout with the bed as its focal point, complemented by a cozy sofa for relaxation."
"coastal_936.jpg","Modern Minimalist","white, beige, light wood","oak wood, linen, steel","natural soft light from large windows","calm and airy","bed, wooden nightstand, potted plant, area rug","open space with central seating area","This is a well-lit, modern bedroom with minimalist decor that creates a calm and airy atmosphere."
"coastal_937.jpg","Modern Minimalist","white, light wood, navy blue","brick wall, natural stone countertops, wooden cabinetry","well-lit space with recessed lighting and natural sunlight from a large window","clean, bright, and uncluttered","modern sofa, white armchair, coffee table, brass floor lamp","long corridor leading to several rooms with a central seating area near the window","A modern minimalist design in neutral colors, featuring natural materials and plenty of light."
"coastal_938.jpg","Modern Minimalist","black, white, gray","leather, wood, fabric","natural soft light from large windows and recessed lighting","modern and cozy","sofa, coffee table, plant, floor lamp, fireplace, large TV","open space with central seating area surrounding fireplace","This modern living room combines minimalist design principles with comfortable, contemporary furniture and decorative elements."
"coastal_939.jpg","Modern Minimalist","white, beige, light wood","oak wood, linen, concrete","natural soft light from large windows","calm and airy","sofa, coffee table, plant, floor lamp","open space with central seating area","This living room combines a modern minimalist design with natural materials and lighting. The color palette is neutral, creating a calm atmosphere. The open floor plan leads to large windows, allowing plenty of sunlight into the space."
"coastal_94.jpg","Modern Minimalist","white, beige, light wood","cushioned fabric upholstery, wooden beams and ceiling planks, concrete flooring","bright natural light from large windows","calm and airy","sofa, coffee table, plant, floor lamp, chairs, wine rack, fireplace","open space with central seating area near windows overlooking water","This modern minimalist living room offers a bright, open and airy atmosphere with cushioned fabric upholstery, concrete flooring, and wooden beams and ceiling planks. Large windows provide ample natural light, complemented by the cozy fireplace and wine rack. The furniture arrangement is thoughtfully designed to offer a central seating area near the windows, where occupants can enjoy stunning views of the water."
"coastal_940.jpg","Scandinavian","neutral colors, greenery","wooden paneling, white siding","natural light from skylights and large windows, complemented by warm light fixtures","cozy and inviting","large sofa in living room, dining table set for 6 people, potted plants throughout the space","open concept with living room, dining room, and kitchen all flowing together seamlessly","This two-story house combines a Scandinavian design style with warm wooden accents for a cozy and inviting atmosphere. The open concept layout brings the indoor space closer to nature through large windows and skylights, while greenery from the potted plants adds a touch of freshness."
"coastal_942.jpg","Scandinavian","white, beige, light wood","oak wood, linen, concrete","natural soft light from large windows and recessed lights in the ceiling","calm and airy","staircase with built-in storage nook, modern furniture with neutral tones, textured throw pillows","open space with central staircase leading to an open upper level","This Scandinavian style interior features a modern minimalist design, utilizing oak wood and concrete for warmth and texture. The space is filled with natural light from large windows and recessed lights in the ceiling."
"coastal_943.jpg","Modern","white, blue, brass","wood paneling, marble, glass","recessed lighting with wall sconces and floor lamps","sleek and contemporary","round mirror on a wood-paneled wall, white porcelain bowl sink, rectangular mirror above the sink","small bathroom with a vanity area centered between two windows","This bathroom is designed in a modern style, featuring a minimalist color palette of white, blue and brass. The materials used include wood paneling, marble and glass. The space is illuminated by recessed lighting and additional wall sconces and floor lamps. A round mirror on a wood-paneled wall and a rectangular mirror above the sink are the main decorative elements in this sleek bathroom."
"coastal_944.jpg","Modern","white, wood, blue","glass, stainless steel, fabric upholstery","natural sunlight and ambient light from ceiling fixtures","bright, airy, and inviting","sofa, dining table, coffee table, chairs, potted plant","an open-concept living area with a combined kitchen and dining space, adjacent to an outdoor patio","This modern interior design features a white color scheme with wood accents, glass materials for walls and flooring, and stainless steel fixtures. The room is filled with natural sunlight that creates a bright and inviting atmosphere."
"coastal_945.jpg","Modern","white, green","wood, stainless steel","bright and well-lit","clean and modern","modern kitchen island, pull out shelves, kitchen bar stools, hanging pendant lights","linear layout with central island","This is a clean, modern kitchen with white cabinets and green accents. The space features a central island for additional workspace and storage, as well as pull out shelves to maximize vertical space. The color palette is simple, with wood tones complementing the stainless steel appliances."
"coastal_946.jpg","Modern Minimalist","white, blue, wood","oak wood, linen, metal","natural soft light from large windows","calm and airy","sofa, coffee table, chair, sideboard, plant","open space with central seating area","A modern, minimalist living room featuring a neutral color palette, oak wood accents, and natural light. The space is furnished with a comfortable sofa, a coffee table, a blue chair, a sideboard for storage, and a plant to bring in greenery."
"coastal_947.jpg","Modern","blue, white, green","wood, linen, acrylic","bright and natural sunlight from the windows","calm and organized","bed, nightstand, bookcase, chair","open space with a central bed between two nightstands, bookcase along one wall","A modern room featuring light wood tones and blue accents, brightly lit by natural sunlight through large windows."
"coastal_948.jpg","Scandinavian","white, beige, wood accents","wicker, marble, metal","natural light filtering in from windows and hanging chandelier","inviting and warm","dining table and chairs, hanging chandelier, potted plant, vase with flowers","centered space around a dining table with surrounding seating areas","A Scandinavian-style dining room with warm tones, natural materials and light, featuring a hanging chandelier, wicker furniture, marble accents, and potted plants to create an inviting atmosphere."
"coastal_949.jpg","Scandinavian","white, wood, green","oak wood, linen, concrete","natural soft light from large windows and recessed lights","calm and airy","sofa, coffee table, plant, floor lamp","open space with central seating area","This is a bright, open kitchen designed in a Scandinavian style. The color palette consists of neutral tones with accents of green from the plant and natural wood from the cabinetry. The material choices include oak wood for the cabinets, linen for the curtains, and concrete for the countertop. The space is well-lit by natural light coming in through large windows and recessed lights in the ceiling. The layout features a central seating area around the island, providing ample space to cook, eat, and entertain."
"coastal_950.jpg","Scandinavian","white, beige, light wood","wood, brass, marble","Natural light from two windows and recessed ceiling lights providing brightness","Clean, modern, and airy","large mirror with brass frame, wash basin with marble top, rectangular towel rack, small plant on sink counter","Open space with vanity area and doorway leading to another room","This bathroom features a clean, modern design with a Scandinavian style. The color palette includes light wood tones complemented by white surfaces and brass accents. Natural light floods the room through two windows, enhancing the brightness of the space. The sink area is equipped with a marble counter top, contributing to the overall luxurious feel."
"coastal_951.jpg","Modern Minimalist","white, beige, wood accents","glass block wall, natural stone bathroom countertops, black marble sink","Natural soft light from large windows and track lighting in the bathroom","Calm and airy","modern wood framed sofa, contemporary coffee table, large plant for a natural touch, floor lamp for ambient lighting","Open space with central seating area surrounded by bathroom facilities","This interior design features a modern minimalist style with a calm and airy atmosphere, utilizing glass block walls for a unique texture, natural stone bathroom countertops for a luxurious touch, and wood accents to warm up the space. The open layout promotes relaxation while also providing all necessary facilities."
"coastal_952.jpg","Modern Minimalist","white, dark green, light wood","oak wood, glass, stainless steel","natural soft light from large windows and pendant lights","bright and energetic with a touch of coziness","large island, modern range hoods, potted plants, wooden dining table, stools","open space kitchen-dining area with an L-shaped counter and bar stools by the window","A modern minimalist kitchen that is both functional and stylish, featuring a light color palette with dark green accents."
"coastal_953.jpg","Scandinavian","white, beige, blue","wood, linen, leather","bright and airy","modern yet cozy","sofa, coffee table, floor lamp, bookshelf, plant","open space with central seating area","This living room has a Scandinavian style, featuring a minimalist design with clean lines and a neutral color palette. The materials include wood, linen, and leather to create a warm and inviting space."
"coastal_954.jpg","Modern Minimalist","white, light wood, gray","wood, fabric","natural soft light from large windows and recessed ceiling lights","calm and airy","sofa, coffee table, flat-screen TV mounted above fireplace, plant, floor lamp","open space with central seating area around fireplace","This modern living room features a minimalist design, neutral color palette of white and light wood with gray accents, materials like wood and fabric, soft natural lighting from large windows and ceiling lights, a cozy and inviting mood created by the fireplace and surrounding seating area."
"coastal_955.jpg","Scandinavian","white, light wood, gray","wood paneling, marble countertop, brass hardware","well-lit and bright, with ample natural light from windows","clean and serene","large mirror, sink, soap dispenser, towel rack, potted plant","small space with efficient use of wall-mounted cabinetry","A compact, stylish bathroom featuring a Scandinavian design with a neutral color palette and minimalist fixtures."
"coastal_956.jpg","Modern Minimalist","white, grey, blue","wood, leather, linen","natural soft light from large windows","calm and airy","sofa, coffee table, plant, floor lamp","open space with central seating area","This modern living room features a minimalist design with a neutral color palette and natural lighting. The space is furnished with wood accents, leather pieces, and linen textiles to create a calm and airy atmosphere."
"coastal_958.jpg","Modern","dark wood, white, black","wood, glass, metal","well-lit with natural light from windows and recessed ceiling lights","sophisticated and contemporary","bookshelf, staircase, picture frame","open floor plan with stairs integrated into bookshelves","This interior design showcases a modern style with a focus on functionality, sophistication and integration of various elements within the space."
"coastal_959.jpg","Modern Minimalist","white, black","wood veneer on cabinets and island, stainless steel appliances, glass countertops","natural light from large windows and recessed lighting in ceiling","bright and open","kitchen island with sink, wooden stools at bar area, white pendant lights over bar, black countertop range","open space with kitchen island as central focal point","This modern kitchen combines minimalist design with a focus on natural light and open spaces, featuring a mix of wood veneer and black accents for a contemporary feel."
"coastal_96.jpg","Modern Minimalist","white, beige, blue","marble, glass, brass","natural soft light from large windows and vanity lights under mirror","calm and serene","mirror, white marble sink countertop, blue bath towels, bathroom shelf","small, efficient space with wall-mounted sink and mirror above it","This is a modern, minimalist bathroom designed for a serene atmosphere. The color palette consists of light whites, beiges, and blues, while the materials used include marble, glass, and brass. The layout features a small but efficient space with wall-mounted sink and mirror above it, and decorative elements such as a shelf and blue towels. The overall mood is calm and serene."
"coastal_960.jpg","Scandinavian","white, beige, light wood","oak wood, linen, concrete","natural soft light from large windows","calm and airy","sofa, coffee table, plant, floor lamp","open space with central seating area","A cozy Scandinavian-style living room featuring natural wood accents, comfortable seating, and a welcoming atmosphere."
"coastal_961.jpg","Scandinavian","white, beige, light wood","oak wood, linen, concrete","natural soft light from large windows","calm and airy","vase with flowers, sofa, coffee table, plant, floor lamp","open space with central seating area","This is a Scandinavian-style living room featuring an open layout, light wood and linen elements, natural lighting from windows, and furnishings that include a vase with flowers, a sofa, a coffee table, a plant, and a floor lamp. The color palette includes white, beige, and light wood tones."
"coastal_962.jpg","Modern Minimalist","white, gray, beige","wood, fabric, glass","natural soft light from large windows","calm and airy","sofa, coffee table, plant, floor lamp, chair","open space with central seating area","This living room exhibits a modern minimalist design, featuring neutral colors and clean lines. The space is illuminated by natural light that filters through large windows on one side of the room. A cozy gray sofa sits in the center, flanked by a beige armchair and a coffee table holding a plant and a floor lamp. The design focuses on simplicity and functionality, creating an airy and serene atmosphere."
"coastal_963.jpg","Modern Minimalist","white, light blue","wood, fabric","natural soft light from large windows","calm and airy","bed, table with books, lamp, vase","open space with central seating area","This bedroom is designed in a minimalist style, featuring white walls and light blue accents. The centerpiece of the room is the large bed placed against one wall, flanked by two nightstands holding reading materials and lamps for ambiance. A window allows natural light to fill the space, enhancing the airy feel."
"coastal_965.jpg","Modern Minimalist","white, gray, wood, silver","stainless steel, marble, hardwood, glass","natural light from large windows, complemented by pendant lights over sink area","calm and serene with a touch of sophistication","stainless steel refrigerator-freezer combo, stainless steel range, dishwasher under countertops, silver sink faucet","kitchen designed for functionality and aesthetic appeal, with a focus on the center island serving as both prep area and dining spot","This modern kitchen combines functionality with an elegant design, featuring stainless steel appliances against a backdrop of natural wood and marble countertops, set against a neutral color palette."
"coastal_966.jpg","Modern Minimalist","white, beige, light wood","wood, fabric, glass","natural soft light from large windows","calm and airy","bed, vanity mirror, chair, nightstand, console table","open space with central seating area around bed","A serene and minimalist master bedroom design featuring a large window, natural wood tones, white linens, and carefully chosen furniture."
"coastal_967.jpg","Modern Minimalist","white, blue, brown","wood, steel, stone","soft natural light from large windows and skylights","clean, spacious, and serene","island with countertop seating, hanging pendant lights, large-format artwork on walls, stainless steel appliances","open space with central kitchen island serving as both dining and preparation area","A modern, minimalist kitchen with a warm palette of white, brown, and blue. Featuring wood, steel, and stone materials in a spacious design with soft lighting that enhances the serene atmosphere."
"coastal_968.jpg","Modern Minimalist","white, light wood, beige","oak wood, linen, glass","bright and natural light from large windows","calm and airy","stainless steel appliances, white marble countertops, bamboo cutting board, modern vases","linear space with central island and surrounding cabinets","This kitchen combines a modern minimalist design with natural lighting to create an airy, calm atmosphere. Oak wood and white appliances contrast with the bamboo cutting board and marble countertops. The stainless steel appliances and glass materials add a touch of luxury while maintaining clean lines."
"coastal_969.jpg","Modern","blue, gray, white","glass, tile, steel","natural light through window and soft overhead lights","clean and uncluttered","shower enclosure, shower head, bath tub faucet, handicapped grab bar","space is divided by a step to shower area from the rest of the room","This bathroom features a modern design with blue and gray color tones, glass shower enclosure, tile walls and floor, and a focus on cleanliness and minimalism."
"coastal_97.jpg","Modern Minimalist","white, beige, light wood","oak wood, glass, brass","natural soft light from large windows","calm and airy","sofa, coffee table, plant, floor lamp, vase","open space with central seating area, surrounded by cabinets","This image showcases a modern minimalist kitchen design that incorporates oak wood elements for warmth and texture. The color palette is soft and neutral, creating an airy atmosphere. The large windows allow natural light to flood the space, contributing to the calm mood of the room. The cabinets are made of glass and brass, adding a contemporary touch. Furniture includes a sofa for seating and a coffee table in front of it. A vase with flowers on the countertop adds a subtle pop of color."
"coastal_970.jpg","Modern","gray, white, navy","tile, glass, metal","overhead lighting with adjustable fixtures for brightness control","clean and minimalistic","walk-in shower, his and hers sinks, large mirror above vanity","single occupant bathroom layout with separated shower and sink areas","This modern bathroom combines clean lines, a minimalist color palette, and functional design elements to create a comfortable and stylish space."
"coastal_971.jpg","Scandinavian","white, blue, wood","linen, wood, glass","bright and soft, with natural light streaming in from large windows.","calm and inviting.","bed, sofa, table, bookshelf, plant","an open space layout with a central seating area between the two beds, creating a feeling of togetherness.","This bedroom is designed in a Scandinavian style, featuring a calming color palette of white and blue, with wood accents. The room has a bright and inviting atmosphere due to its natural lighting and open layout, with furniture including beds, sofas, tables, bookshelves, and plants that add life."
"coastal_972.jpg","Modern Minimalist","white, beige, light wood","oak wood, stainless steel","natural soft light from large windows and recessed ceiling lights","clean, open, and welcoming","sofa, coffee table, flat-screen TV, large area rug, outdoor view","open floor plan with kitchen bar counter extending into living space","Modern minimalist style with clean lines and a neutral color palette, featuring oak wood accents and stainless steel appliances in the kitchen. The large windows allow for ample natural light and an open feel to the space."
"coastal_973.jpg","Modern Minimalist","gray, white, natural wood","metal, marble, wood","bright and even, with recessed lighting and a pendant light over the dining table","modern and serene","kitchen island, dining table, wine fridge, barstools","open layout with central kitchen island serving as both barrier and functional space","This modern kitchen is designed for functionality and aesthetics, featuring minimalist decor and an open layout that connects to the dining area."
"coastal_974.jpg","Modern","white, gray, dark brown","wood, metal, glass","Warm and inviting from recessed lighting in ceiling.","Clean and uncluttered with a modern feel.","door, walkway, potted plant","A central entrance door leads to a clean walkway.",""
"coastal_975.jpg","Modern Minimalist","white, gray, brass","marble, wood, metal","layered lighting with ambient, task, and accent lighting","clean and serene","double sinks, round mirrors, wall-mounted vanity lights","space arranged symmetrically around the vanity area","This modern bathroom features a minimalist design with clean lines and natural materials, creating a serene atmosphere."
"coastal_977.jpg","Southern Coastal","white, light gray, navy blue","cedar shingles, distressed white paint, metal railings","Natural light from windows and doors, with supplementary outdoor lighting for nighttime use.","Welcoming and casual","large front door, multiple outdoor seating areas, distinctive roofline with peaked shingles","Front porch leads to a central entryway, flanked by bedrooms. Open floor plan allows for easy movement and flow.","A two-story coastal home with a welcoming front porch and open interior spaces that prioritize comfort and seamless transition from the exterior environment."
"coastal_978.jpg","Modern","white, wood","steel, glass","bright and even lighting from ceiling fixtures","clean and sleek","oven, stove top, kitchen counter, spice rack, red pot","galley style kitchen layout with central cooking area","This modern kitchen features clean lines, a warm wood palette, and bright lighting. The space includes a stainless steel oven and stove top, as well as ample counter space for food preparation."
"coastal_979.jpg","Modern Minimalist","blue, white, beige","fabric, wood, metal","soft ambient light from wall sconces and floor lamps","calm and inviting","bed, nightstands, lamp, pillows","comfortable bedroom with king-size bed in center, nightstands on either side, and floor lamps providing ambient lighting","The room is a modern minimalist space with blue accents, featuring a comfortable king-size bed as the focal point. The color palette is simple, with beige tones for a warm and inviting feel. A mix of fabric, wood, and metal materials gives it a contemporary look while wall sconces and floor lamps provide soft lighting that sets a calm and cozy mood."
"coastal_980.jpg","Scandinavian","gray, white, natural wood","wicker, leather, brass","ambient and accent lighting from wall sconces and overhead fixture","calm and serene","toilet, vanity mirror, artwork","compact and functional with open doorway into adjoining room","This bathroom combines a Scandinavian design aesthetic with modern fixtures for a sleek, yet cozy space."
"coastal_982.jpg","Scandinavian","light wood, beige, green accent","oak wood, linen, concrete, steel","natural soft light from large windows and indoor lanterns","calm and airy","sofa, coffee table, plant, floor lamp, bookshelf, rug","open space with central seating area, surrounded by windows on two sides","A spacious and inviting Scandinavian-style living room with a warm and natural atmosphere, featuring wooden accents, linen upholstery, concrete flooring, and large windows that let in soft, natural light."
"coastal_983.jpg","Modern Minimalist","white, beige, light wood","wood, glass, steel","natural soft light from large windows","calm and airy","sofa, coffee table, plant, floor lamp","open space with central seating area","This modern minimalist living room boasts a clean, uncluttered design with soft colors and natural materials. A large mirror above the fireplace reflects light into the space, enhancing its open and airy feel. The furniture arrangement focuses on comfort and functionality, creating an inviting atmosphere."
"coastal_984.jpg","Traditional","beige, white, light wood","wood, fabric","Warm and ambient lighting from ceiling fixtures","Elegant and welcoming","stair railing, carpet on stairs, walls with crown molding, hall runner","Hallway leading to upper level","A spacious, traditional style hallway featuring a carpeted staircase and elegant details such as crown molding."
"coastal_985.jpg","Modern","beige, brown, gray","brick, stainless steel, wood","natural light from overhead skylights and ambient lighting","warm and inviting","grill, refrigerator, cabinet, outdoor furniture","open outdoor kitchen space with grill in center","An open-concept modern backyard kitchen space featuring a grill and appliances within brick surround. The design emphasizes functionality and a connection to the outdoors."
"coastal_986.jpg","Modern Minimalist","white, light wood","oak wood, linen, steel","natural soft light from large windows","calm and airy","sofa, coffee table, plant, floor lamp","open space with central seating area","The living room is minimalist with a calming mood. Natural light from the windows fills the space. A sofa and coffee table provide comfortable seating, while a plant adds a touch of nature. The open floor plan creates an inviting atmosphere."
"coastal_987.jpg","Modern Minimalist","white, blue accent","metal cabinetry, wooden paneling","bright and natural from high windows","clean, sophisticated, and inviting","long white table, blue chairs, crystal wine rack, decorative blue glass globes hanging from ceiling, modern metal pendant lighting","open and airy with central focus on dining area","An elegant modern dining room featuring a clean, white-toned design with accents of blue glass and metal elements."
"coastal_988.jpg","Scandinavian","white, blue, gold","marble, brass, wood","recessed ceiling lights and a pendant light above the mirror","calm and serene","round mirror, two gold-toned fixtures on wall sconces, small green plant on ledge","a small bathroom with a vanity under a large mirror","This Scandinavian-style bathroom features an elegant blue countertop, marble walls, and gold-toned fixtures. Recessed ceiling lights illuminate the space, complementing the pendant light above the round mirror. A small green plant adds a touch of nature to the otherwise sleek design."
"coastal_99.jpg","Modern Minimalist","dark wood, white, gray","dark wood, fabric, metal, glass","soft and diffused natural light from large windows","calm and serene","large bookshelves, desk with chair, plant on desk, floor lamp, sofa","open space divided into two main areas by a central island with desk, bookshelves and chair on either side, flanking a large floor lamp and plant in the center","This is a modern, minimalist office space with a calm and serene atmosphere. The room features dark wood cabinetry and furniture, white walls, gray accent pieces, fabric upholstery, metal frame details and glass windows that let in soft natural light."
