"filename","style","color_palette","materials","lighting","mood","objects","layout","summary"
"mediterranean_1.jpg","Modern Minimalist","light gray, white, navy","wood, leather, metal","Recessed lighting and a statement pendant light in the center of the room","Elegant, serene, and inviting","King-size bed with wooden headboard, Two nightstands with lamps on either side, Area rug underfoot, Large abstract artwork above the bed","Open floor plan with bed at the center of a neutral color palette, creating a spacious and cohesive atmosphere","This modern minimalist bedroom features a light gray and white color scheme centered around a large, comfortable king-size bed. The room is furnished with elegant wooden headboard, nightstands with lamps on either side, an area rug underfoot, and a statement pendant light above the bed. A large abstract artwork serves as a focal point above the bed. The neutral color palette and clean lines create an elegant, serene, and inviting atmosphere."
"mediterranean_10.jpg","Modern Minimalist","white, light wood","oak wood, marble, glass","recessed lighting, pendant lights over island","bright and airy","kitchen island, wood cabinets, metal range hood","open layout with central island, flanked by two counters","This kitchen combines modern minimalist design principles with warm wood accents to create a bright and airy space."
"mediterranean_100.jpg","Spanish Mediterranean","tanned, ochre, blue, grey","stucco walls, wooden beams and trusses, concrete floors, stone accents","mixed, with recessed lighting in ceiling and floor lamps providing ambient light.","warm and inviting","large patio door, stair railing, potted plants, vases, large living room sofa, wooden table, area rug","split-level design with main level featuring open concept kitchen, dining and living areas, and upper level accessible via an exterior staircase.","This Spanish Mediterranean-style home combines warm tones of stucco walls with natural stone accents, wooden beams and trusses, and concrete floors. The home is bathed in a mix of recessed lighting and floor lamps, creating a warm atmosphere. The open concept main level seamlessly integrates the kitchen, dining, and living areas, while the upper level offers additional space accessible by an exterior staircase."
"mediterranean_101.jpg","Modern Minimalist","white, beige, natural wood","wood, fabric, glass","Natural soft light from large windows, supplemented by pendant lights","Calm and airy","sofa, coffee table, dining table, chairs, vase","Open space with central seating area flanked by walls of windows","Modern minimalist living room features a warm and airy design with white walls, natural wood accents, and pendant lighting over a large wooden table. Large windows flood the room with soft, natural light."
"mediterranean_102.jpg","Modern Minimalist","white, neutral grays, soft pastels","light-toned wood, woven textiles, marble","recessed lighting and natural soft light from large windows","calm and airy","sofa, coffee table, potted plant, floor lamp, textured throw blanket","open space with central seating area, surrounding by walls that draw focus to one large window","This modern minimalist living room features a neutral color palette, natural light from the large windows, and a calm atmosphere. The light-toned wood and marble add warmth while maintaining a sense of simplicity."
"mediterranean_103.jpg","Modern Minimalist","gray, navy, beige","oak wood, linen, marble","natural soft light from large windows and ceiling chandelier","calm and airy","sofa, coffee table, plant, floor lamp, bookshelf","open space with central seating area surrounding fireplace","Modern living room design featuring a neutral color palette, oak wood accents, and natural lighting."
"mediterranean_104.jpg","Modern Minimalist","grayscale, natural wood tones","marble flooring, oak cabinetry, stainless steel fixtures","recessed LED lights with adjustable ambient light and accent lighting","modern, clean, luxurious","large-format abstract artwork, minimalist sculptural table lamp, black and white cowhide rug","a symmetrical space with a central focal point","This modern minimalist bathroom features sleek marble tile flooring, oak cabinetry, and stainless steel fixtures, all illuminated by recessed LED lights. The color palette is neutral, featuring grayscale tones with natural wood accents, and the design includes a large-format abstract artwork as well as a sculptural table lamp on a black and white cowhide rug."
"mediterranean_105.jpg","Modern","white, wooden tones","stainless steel appliances, wood cabinetry, granite countertops","natural light from windows, and recessed LED under-cabinet lights","bright and spacious, with a focus on clean lines and functionality","gas stove top oven, center island with seating for casual dining or extra prep space, wooden butcher block countertop for food preparation, stainless steel refrigerator freezer combo","open concept kitchen and dining area, connected by a barstool-height island that also functions as additional storage","This modern kitchen is designed for functionality, with an emphasis on open space and clean lines. The wooden cabinetry, stainless steel appliances, and granite countertops give it a warm yet sleek aesthetic."
"mediterranean_106.jpg","Modern Minimalist","white, beige, black","wood paneling, brass hardware, leather upholstery","Natural light from windows and ceiling lights, with a fireplace providing warm ambiance.","Warm and inviting, with a touch of sophistication.","sofa, coffee table, lamp, fireplace, framed art","Open floor plan with a central seating area around a fireplace.","This living space combines modern minimalist design with warm, inviting elements to create an elegant and comfortable atmosphere."
"mediterranean_107.jpg","Modern Minimalist","blue, white, grey","stone tiles, concrete walls, wooden floor","natural light from windows and skylights","serene and inviting","pool, outdoor furniture, plants, tiles around pool","outdoor pool area with patio seating","The image shows a modern minimalist outdoor pool area designed to create a serene and inviting atmosphere. The color palette is composed of blue, white, and grey, which is reflected in the materials used such as stone tiles, concrete walls, and wooden floor. Natural light from windows and skylights fills the space, enhancing its tranquil mood. Key objects include the pool itself, outdoor furniture for lounging, plants to add greenery, and the unique tile design around the pool. The layout features an outdoor patio seating area adjacent to the pool."
"mediterranean_108.jpg","Contemporary","black, white, metallic","glass, wood, metal","Warm and inviting with recessed lighting and overhead lantern","Elegant and sophisticated","vintage-style front door, vase of flowers, sleek modern light fixtures","Front porch with walkway leading to the front door, flanked by lighting and decorative elements.","This entrance combines classic design elements with contemporary style for a welcoming atmosphere."
"mediterranean_109.jpg","Modern Minimalist","white, beige, light wood","wood, fabric","ambient lighting with string lights and natural sunlight","calm and inviting","dining table, bench seating, potted plant, string lights","outdoor patio with dining area centered around a large wooden table","This modern outdoor space combines natural materials and minimalist design elements to create an inviting atmosphere for relaxation and socializing."
"mediterranean_11.jpg","Southwestern","light tan, brown, blue","stone, wood, brick","natural light from large windows and a courtyard light over the door","warm and inviting with rustic charm","large wooden door with arched window above it, stone fireplace under an archway on the right side of the house, several large potted plants in front yard","a single story house with a central entrance, open kitchen and living area, and a separate bedroom wing to the left","This southwestern style home has an inviting atmosphere with warm tones and rustic materials. The courtyard door leads into a welcoming entry hall that extends into the open kitchen and living areas, while the large windows allow for natural light during the day. A separate bedroom wing to the left provides privacy and adds to the functionality of the space."
"mediterranean_110.jpg","Mid-Century Modern","yellow, brown, gray","wood, tile, metal","natural soft light from large windows","warm and cozy","bar stools, coffee table, vintage appliances, mid-century modern art","galley kitchen with center island","A mid-century style kitchen with warm tones, featuring a galley layout and vintage appliances."
"mediterranean_111.jpg","Scandinavian","navy blue, white, light gray","wood, cotton, linen","natural light from large windows","calm and airy","bench, coat rack with jackets, waste basket, potted plant","small room with coat rack and bench against wall, waste basket under window","This Scandinavian-style bathroom features a calm and airy atmosphere with natural light from large windows. The color palette includes navy blue, white, and light gray. The main materials are wood, cotton, and linen. The space is arranged with a bench against the wall next to a coat rack holding jackets, and there's a waste basket under the window."
"mediterranean_113.jpg","Modern Minimalist","white, beige, light wood","oak wood, linen, leather","natural soft light from large windows and recessed lighting","calm and airy","bench, coffee table, plant, rugg, walls, hats","open space with central seating area flanked by storage on both sides","A bright and modern interior design that features a minimalist color palette, natural light from large windows, and simple furnishings arranged to create a welcoming, open atmosphere."
"mediterranean_114.jpg","Modern Minimalist","white, grey, black","oak wood, linen, steel","natural soft light from large windows and a central chandelier","calm and airy","sofa, coffee table, plant, floor lamp, bathtub","open space with central seating area flanked by windows and a tub in the corner","This is a modern bathroom with a minimalist design, featuring a white bathtub with gold faucets, black tiles on the walls, large windows allowing for natural light to fill the room, and a central chandelier adding warmth to the space. The color palette is simple yet striking, with white as the dominant hue complemented by grey and black accents. The materials used are clean and modern, creating a sleek and contemporary feel."
"mediterranean_115.jpg","Modern Minimalist","white, beige, light wood","stone, stainless steel, leather","modern and sleek, with recessed lighting highlighting architectural features","sophisticated and inviting","large sofa, modern coffee table, floor lamp, vase of flowers","open floor plan with separate areas for living, dining, and kitchen","This modern house features a neutral color palette, natural materials, and a sleek design that gives it a luxurious feel."
"mediterranean_116.jpg","Modern Minimalist","white, beige, neutral gray","wood, fabric, metal","ambient and task lighting with a combination of natural and artificial sources.","calm and serene","sofa, coffee table, bed, fireplace, shelving unit, floor lamp, area rug, decorative pillows","open floor plan with a central fireplace and seating arrangement.","A modern, minimalist living space featuring neutral colors, wood accents, and an efficient layout centered around a cozy fireplace."
"mediterranean_117.jpg","Modern Minimalist","dark blue, light grey, white","stone tile, concrete, glass","natural soft light from large windows and outdoor lights","calm and relaxed","modern poolside chairs, outdoor umbrella, plant in a stone planter, modern outdoor lounge chair","spacious with separate areas for lounging, seating, and swimming","This modern poolside living area features a stone-tiled patio, minimalist chairs, glass railings, and natural lighting from large windows and outdoor lights."
"mediterranean_118.jpg","Modern Minimalist","white, beige, light wood","oak wood, linen, concrete","natural soft light from large windows","warm and cozy","sofa, coffee table, plant, floor lamp","open space with central seating area","This living room is designed in a modern minimalist style, featuring light wood furnishings that complement the beige linens and oak floors. A fireplace serves as a focal point, adding warmth to the cozy atmosphere. The layout creates an open space with a central seating area."
"mediterranean_120.jpg","Modern Minimalist","white, black, gray","wood paneling, stainless steel, glass","natural soft light from large windows and outdoor lighting","calm and airy","sofa, coffee table, plant, floor lamp","open space with central seating area","A contemporary home with a minimalist design, featuring wood paneling on the walls, black and gray accents, large windows that allow for natural light, stainless steel details, and an outdoor pool area."
"mediterranean_122.jpg","Modern Minimalist","white, light wood","glass, concrete, wood","natural soft light from large windows and ceiling skylights","calm and airy","sofa, coffee table, plant, floor lamp","open space with central seating area under wood beam vaulted ceiling","A modern minimalist living room with a white color palette, featuring light wood accents and materials such as glass, concrete, and wood. The space is bathed in natural soft light from the large windows and skylights in the ceiling, creating a calm and airy mood. Key furniture pieces include a sofa, coffee table, plant, and floor lamp arranged around a central seating area under the vaulted ceiling with wood beams."
"mediterranean_123.jpg","Modern Minimalist","white, grey, wood","leather, wood, glass","soft, ambient lighting from ceiling lamps and recessed lighting.","calm and cozy with a touch of modern elegance.","large leather sofa, wood coffee table, floor lamp, framed artwork, vase with flowers","open space with seating area focused around fireplace and central coffee table.","A modern living room that balances minimalism with comfort, featuring a cozy fireplace and stylish leather furniture."
"mediterranean_124.jpg","Rustic Eclectic","ochre, grey, olive green","stone and stucco exterior, brick fireplace surround, wooden patio furniture","soft natural light from the sunny day","warm and inviting","stone steps leading to doorway, pool in background, large outdoor rug on patio, potted plants lining walkway","open space with stone wall, pool and patio furniture arranged for outdoor living","A rustic-style house with a warm eclectic interior design. The space includes stone walls, a brick fireplace, wooden furniture on an outdoor patio, creating a cozy and inviting atmosphere."
"mediterranean_125.jpg","Spanish Revival","beige, terracotta, white","stucco, wood beams, stone, tile","Warm, inviting and cozy with natural light from the courtyard.","Elegant and welcoming with a touch of old-world charm.","large wooden doors, terracotta pots with greenery, archways, high ceilings","An open floor plan featuring multiple courtyards, creating a feeling of spaciousness and connection to the outdoors.","This Spanish Revival house has a warm and inviting interior, characterized by stucco walls, wooden beams, stone details, and large windows that allow natural light to fill the space."
"mediterranean_126.jpg","Modern Minimalist","white, light wood","stainless steel, wood","natural soft light from large windows and overhead lights","calm and airy","island with marble countertop, modern chandelier, white subway tile backsplash, stainless steel appliances","open space layout with central island and seating area, flanked by cabinets on both sides","This kitchen is a modern minimalist space that combines stainless steel appliances with light wood cabinetry and a white marble island. The overall mood is calm and airy due to the natural soft light and open layout."
"mediterranean_127.jpg","Modern Minimalist","brown, black, gold","leather, wood, stone","modern track lighting with recessed ambient lighting","elegant and sophisticated","large sofa set, brass wine rack, wooden barrel table, leather ottoman","stone walls surrounding the seating area, creating a cozy nook","A modern and sophisticated space that features a leather sofa set in front of a brass wine rack on stone walls, creating an intimate and elegant atmosphere."
"mediterranean_128.jpg","Modern Minimalist","gray, off-white, wood accent","concrete, cushioned wicker, metal","natural soft light from large windows and outdoor fire pit","calm and relaxed","fire pit, outdoor sofa, wooden coffee table, potted plant","circular seating arrangement around the fire pit","This modern minimalist outdoor living space features a gray concrete fire pit at its center, surrounded by an off-white sofa and wooden coffee table. The space is decorated with cushioned wicker elements and metal accents, creating a warm and inviting atmosphere."
"mediterranean_129.jpg","Mid-Century Modern","white, orange, blue","tile, brick, metal","bright and inviting with natural light from windows and glass block pattern","welcoming and nostalgic","outdoor sofa, coffee table, cacti, decorative metal railing","a casual outdoor living area with a central seating area and plants placed on all sides to create a cozy atmosphere","This Mid-Century Modern style home features bright tiles, brick accents, and plenty of natural light. The welcoming and nostalgic mood is enhanced by the inviting outdoor seating area with plants and metal railing."
"mediterranean_13.jpg","Modern Minimalist","white, gray, navy blue","marble tile flooring, linen upholstery, metal and wood accents","Natural light from large windows, complemented by recessed lighting in the ceiling.","Clean, elegant, and airy","sofa, coffee table, floor lamp, plants, area rug","Open floor plan with a central seating area flanked by pillars.","This modern minimalist living room features neutral tones, natural materials, and large windows that create an airy and elegant atmosphere."
"mediterranean_130.jpg","Modern","white, beige, light wood","oak wood, linen, concrete, steel","natural soft light from large windows and recessed lights in ceiling","calm and airy","large island in center of room with sink and storage, wood floors throughout main areas, white cabinetry, black metal chandelier, potted plant on counter","open space with central seating area around island, flanked by two sofas and dining table. Living room has a wall-mounted television.","The kitchen is open to the living room and features a center island with sink and storage, wood floors, white cabinetry, and black metal chandelier. A potted plant sits on the counter. The dining table is adjacent to a sofa area with a wall-mounted television in the living room."
"mediterranean_131.jpg","Modern Minimalist","white, beige, light wood","oak wood, linen, concrete","natural soft light from large windows and chandelier","calm and airy","sofa, coffee table, plant, floor lamp","open space with central seating area, surrounded by walls and pillars","This interior design showcases a modern minimalist style, using light colors and materials to create an airy and calm atmosphere. The open layout centers around the seating area, framed by walls and columns."
"mediterranean_132.jpg","Traditional","light beige, navy blue, white","wood, metal, granite","ambient and task lighting, with overhead recessed lights and under-cabinet lighting","elegant and sophisticated","kitchen island, wood cabinets, stainless steel appliances","a U-shaped layout with an island in the center, flanked by counters on two sides and a wall oven adjacent to one side.","This is a large and well-appointed kitchen that combines traditional design elements with modern conveniences."
"mediterranean_133.jpg","Modern Minimalist","light beige, white, natural wood","stone wall, wicker chair, wooden floor","soft natural light from ceiling lanterns and large windows","serene and inviting","sofa with throw pillows, side tables with lamps, floor vases with flowers","linear space with open hallway leading to central seating area","Modern minimalist living room with natural materials and soft lighting creating a serene and inviting atmosphere."
"mediterranean_134.jpg","Classical","white, gray","marble, wood","Natural sunlight streaming in through large windows on both sides of the room.","Elegant and timeless","double sink vanity with marble countertops, standalone bathtub, hanging wall sconces","Symmetrical with a central tub and double sinks on either side, flanking a large mirror over the vanity.","A luxurious bathroom featuring a marble countertop and a standalone bathtub set against a backdrop of natural light."
"mediterranean_136.jpg","Scandinavian","neutral grays, wood tones, bright accents","stone, wood, linen, leather","natural light from large windows and ceiling lights","warm, inviting, and spacious","sectional sofa, coffee table with decorative items, floor lamp with warm bulbs, framed artwork on the wall, plant with green leaves","open floor plan with a central living area and high ceilings","This modern Scandinavian-style living room combines natural materials with warm, neutral colors to create a cozy yet open space. Large windows and tall ceilings allow for abundant natural light, enhancing the sense of spaciousness."
"mediterranean_137.jpg","Scandinavian","white, wood, teal","wood, linen, brass","sunlight from large windows on opposite walls, with a hanging light fixture providing accent lighting.","Bright and airy","round table with two blue glasses, modern yellow sofa, wood coffee table, two green plants","Open space with a central seating area around the round table.",""
"mediterranean_138.jpg","Modern Minimalist","gray, green, white","wood, stone, fabric","natural soft light from large windows and outdoor fire pit","calm and airy","sofa, coffee table, plant, floor lamp","open space with central seating area, flanked by plants and cushions","This modern minimalist patio features a neutral color palette with gray upholstered furniture and green accents. The outdoor fire pit adds warmth to the space, which is filled with natural materials like wood and stone, complemented by soft fabric textures."
"mediterranean_139.jpg","Modern Minimalist","white, light wood, stainless steel","oak wood, quartz countertop, stainless steel appliances, black metal handles","bright and natural with overhead lighting","calm and clean","built-in oven and microwave, pull out trash can, stainless steel dishwasher, large island","modern galley kitchen with central island","This modern minimalist kitchen design emphasizes clean lines, stainless steel appliances, and natural light. The color palette is simple yet elegant, featuring a mix of white, light wood, and stainless steel. The layout is both efficient and functional, with an island in the center providing additional workspace."
"mediterranean_14.jpg","Modern","beige, gold, navy","marble, brass","Natural light from window and soft overhead lighting","Elegant, serene and luxurious","freestanding tub, vintage clawfoot tub, marble walls and floors, gold fixtures","Spacious with curved wall and freestanding tub in center","A luxurious modern bathroom featuring marble tile, gold fixtures, a vintage clawfoot tub, and an elegant curved glass shower enclosure."
"mediterranean_140.jpg","Mediterranean","green, white, blue","stone, wood, metal","Natural light from the window and patio doors","Warm and inviting","table and chairs, potted plants, vases, tile flooring","Patio leads to a covered dining area","The space is designed with a focus on outdoor living, featuring an intimate seating area in the center of the patio, with plants and flowers adding color and life."
"mediterranean_141.jpg","Scandinavian","white, beige, gray","marble, wood, brass","natural soft light from large windows and ceiling lights","calm and serene","freestanding bathtub, his-and-hers sinks with gold fixtures, large mirror, round decorative light above tub, woven basket on floor","spacious bathroom with separate tub and shower areas and double sinks","This Scandinavian-style bathroom features a calming color palette of white, beige, and gray, with marble countertops and wood elements. Natural light floods in through large windows and is complemented by soft ceiling lights. The layout emphasizes space and functionality, with separate tub and shower areas and double sinks."
"mediterranean_142.jpg","Modern Minimalist","white, light wood, gray","wood, leather, fabric","natural soft light from large windows and chandelier","calm and airy","king-size bed, bedside tables, floor lamp, wooden bench","open space with central seating area, surrounding a curved wooden wall","This modern master bedroom features minimalist design elements with a warm, light color palette and natural materials. The open layout includes a large king-size bed at the center, flanked by leather benches and wooden side tables that hold bedside lamps. A floor lamp provides additional lighting. Wooden flooring complements the overall look, while the curved wall adds architectural interest."
"mediterranean_143.jpg","Modern Minimalist","white, gray, black","wood, metal, marble","natural soft light from large windows","calm and airy","kitchen island, modern pendant lights, large plant in vase, contemporary dining chairs, stainless steel kitchen appliances","open space with central island and flanking stools and chairs","This modern kitchen features a minimalist design, with clean lines and natural materials. The color palette is simple yet sophisticated, with wood accents adding warmth to the space. Natural light floods in from large windows, creating an airy and open atmosphere. The layout includes a central island for food preparation, flanked by stools and chairs for dining and gathering."
"mediterranean_144.jpg","Modern","white, beige, light wood","leather, wood, glass","well-lit with natural soft light from large windows","warm and cozy","sofa, coffee table, floor lamp, plant, chair","open space with central seating area","A modern living room featuring a leather sofa, coffee table, floor lamp, and large windows that let in soft light."
"mediterranean_146.jpg","Modern Minimalist","white, black, silver","marble, glass, chrome","recessed lighting with a focus on ambiance","calm and serene","round bathtub, large mirror, floor lamp","circular design centered around bathtub","This modern bathroom features a minimalist design, with a round bathtub as the central focus, surrounded by marble and glass materials. Recessed lighting creates an ambient atmosphere, while chrome fixtures add a touch of sophistication."
"mediterranean_147.jpg","Modern Minimalist","white, red","linen, wool, wood, steel","natural soft light from large windows","calm and airy","bed, nightstand, lamp, pillows, ruffled comforter, throws","open space with central seating area","This modern minimalist bedroom features a white and red color palette, with linen, wool, wood, and steel materials. The large windows provide natural soft lighting to the room, giving it a calm and airy mood. The room is furnished with a bed, nightstand, lamp, pillows, ruffled comforter, and throws arranged for comfort and style."
"mediterranean_148.jpg","Modern Minimalist","beige, white, brown","wood, fabric, stone","natural soft light from large windows","warm and cozy","sofa, coffee table, plant, floor lamp, pillows, rugs, artwork","open space with central seating area","This living room exudes a modern minimalist style, featuring neutral tones and natural materials. The furniture arrangement encourages conversation and relaxation, creating a warm and cozy atmosphere."
"mediterranean_149.jpg","Modern","white, gray, navy","fabric, wood, metal","natural light through windows, with additional warm ambient lighting","modern and elegant","two-seater sofa, coffee table, floor lamp, area rug, potted plants","open floor plan with living room furniture arranged around a central seating area","This modern living room features a color palette of whites, grays and navy blues, with natural wood accents. The space is well-lit by windows, complemented by ambient lighting for warmth. The layout focuses on openness, making the room feel inviting and spacious."
"mediterranean_15.jpg","Modern","white, grey, brown","wood, leather, fabric, metal","natural light from windows and ceiling lights","comfortable and inviting","couches, coffee table, armchairs, artwork, potted plants, decorative pillows","open floor plan with central seating area in front of fireplace","This is a modern living room with a warm and inviting atmosphere. The space features a variety of materials such as wood, leather, fabric, and metal. The color palette includes white, grey, and brown tones. The lighting comes from natural sources and ceiling lights, giving the room a comfortable and cozy feel."
"mediterranean_151.jpg","Eclectic","gold, black, gray","silk, leather, velvet","warm and ambient, with a central chandelier","luxurious and opulent","bed with ornate headboard, two-seater sofa, large framed mirror over the bed, crystal chandelier, decorative rugs","spacious room with a central seating area and bed along one wall","This is an opulent bedroom designed in an eclectic style, featuring luxurious materials like silk and leather. The space is dominated by a large bed with an ornate headboard and gold accents. Warm lighting illuminates the room through a central chandelier, creating a cozy atmosphere. There are two-seater sofas for seating, while decorative rugs add texture and color to the space. The use of rich colors like black, gray, and gold adds to the opulent feel."
"mediterranean_153.jpg","Modern Minimalist","white, beige, light wood","oak wood, linen, concrete","natural soft light from large windows and recessed ceiling lights","calm and airy","sectional sofa, coffee table, plant, floor lamp, area rug","open space with central seating area, flanked by a kitchen and dining area on the left and a patio on the right","This modern minimalist living room features a light wood color palette and materials like oak wood and linen. The soft natural light enhances the calm and airy atmosphere, while a sectional sofa, coffee table, floor lamp, plant, and area rug add to the inviting space."
"mediterranean_154.jpg","Scandinavian","white, beige, light wood","wood, linen, concrete","natural soft light from large windows","calm and airy","vase, soap dispenser, basket, towel rack","open space with central seating area","A Scandinavian-style bathroom with a neutral color palette, natural lighting from large windows, and simple, modern furnishings."
"mediterranean_157.jpg","Industrial Minimalist","black stained wood, white subway tile backsplash, concrete countertops","steel appliances, oak cabinetry, linen tablecloth, leather barstools","soft, warm ambient lighting with additional task lighting over counters","modern and inviting yet rustic","center island with built-in sink, large hanging pendant lights, metal wall art","open concept kitchen and dining area with center island as focal point","This is a modern industrial style kitchen with stained black wood cabinets, concrete countertops, steel appliances, and leather barstools. The space has soft ambient lighting and features a large center island with built-in sink."
"mediterranean_158.jpg","Modern Minimalist","white, beige, light wood","concrete, metal frame, wood, fabric upholstery","natural soft light from large windows and outdoor shade","calm and airy","sofa, coffee table, large potted plant, floor lamp","open space with central seating area under an outdoor patio cover","This modern outdoor dining area features a minimalist design, using a neutral color palette. The concrete walls and floor add to the contemporary feel, while large windows allow for plenty of natural light. A wooden table is surrounded by chairs upholstered in fabric, providing comfortable seating. A tall potted plant adds a touch of nature, and a floor lamp offers additional lighting when needed."
"mediterranean_159.jpg","Scandinavian","white, light wood, gray","oak wood, marble, stainless steel","bright and natural, with a combination of overhead lights and wall sconces.","clean, modern, and bright.","double vanity sink, large mirror, bathroom accessories, vase with flowers","a rectangular layout with the double vanity at one end and a large mirror on the opposite wall.","This bathroom features Scandinavian design elements, with light wood accents, stainless steel faucets, and marble countertops. The clean lines and bright lighting contribute to an airy and modern feel."
"mediterranean_160.jpg","Modern Minimalist","white, gray, blue","oak wood, linen, steel","natural soft light from large windows","calm and airy","sofa, coffee table, plant, floor lamp","open space with central seating area","This modern minimalist interior design showcases a clean and uncluttered style, featuring a neutral color palette, natural lighting, and a combination of oak wood, linen, and steel materials. The layout centers on a cozy sofa and coffee table for conversation, with additional seating provided by the dining area. Natural plants add a touch of freshness to the space."
"mediterranean_162.jpg","Modern Farmhouse","white, beige, blue accent","wood, marble, metal","natural light from large windows and recessed ceiling lights","warm, inviting and welcoming","kitchen island with sink and stove top, dining table with benches and chairs, potted plant on countertop","open layout with kitchen and dining in a single space, separated by an island","This modern farmhouse kitchen features an open design that is both functional and aesthetically pleasing. The color palette of white, beige and blue accents creates a clean and serene environment. Wood finishes on the cabinets and flooring add warmth to space while marble counters provide a touch of elegance. The large windows let in plenty of natural light and the recessed ceiling lights ensure ample illumination."
"mediterranean_163.jpg","Modern Minimalist","white, gray, wood","concrete, glass, wood","natural soft light from large windows and ceiling lights","calm and inviting","sofa, coffee table, plant, floor lamp, artwork","open space with central seating area and separate spaces for living, dining and sleeping","This modern minimalist home features an uncluttered design with clean lines and a palette of neutral tones, creating a serene atmosphere. Large windows allow natural light to fill the space, while the combination of concrete walls, wood floors, and glass elements brings an airy feel. The open floor plan allows for easy movement between spaces, and the separate zones accommodate different activities with ease."
"mediterranean_164.jpg","Modern Mediterranean","blue and white, light wood, green","bamboo, linen, concrete","warm overhead lighting with ambient string lights","inviting and comfortable","sofa, coffee table, floor lamp, potted plant, woven ottoman, vase with flowers","open concept with central seating area surrounded by greenery","A modern Mediterranean living room filled with blue and white patterned furnishings, bamboo details, linen upholstery, and ambient lighting."
"mediterranean_165.jpg","Modern Minimalist","black, white, gray","wood, stone, metal","soft and warm, with under-cabinet lights providing task lighting around the sink area","modern yet inviting and welcoming","kitchen island, modern pendant lights, large countertop for food prep","open concept layout with kitchen and dining areas flowing seamlessly together, creating a sense of spaciousness","This modern kitchen design combines sleek lines and minimalist aesthetics with functional elements to create a stylish and efficient space for cooking and entertaining."
"mediterranean_166.jpg","Scandinavian","white, beige, light wood","oak wood, linen, concrete","natural soft light from large windows","calm and airy","sofa, coffee table, plant, floor lamp","open space with central seating area","This is a bright, open-concept room featuring a Scandinavian design style. The color palette consists of light wood tones, beige accents, and white walls. Materials include oak wood for the furniture, linen for textiles, and concrete for structural elements. Natural light floods into the space through large windows, creating a calm and airy atmosphere. Furnishings include a comfortable sofa, practical coffee table, potted plant, and sleek floor lamp, arranged around a central seating area. The layout is open and welcoming."
"mediterranean_167.jpg","Modern Industrial","brown, beige, black","stone, metal, leather","ambient with pendant lights and recessed lighting","modern and sophisticated","large stone fireplace, wooden bar stools, metal sculpture","open floor plan with high vaulted ceilings","This space combines modern industrial design elements with a neutral color palette and natural materials, creating an upscale yet inviting atmosphere. The large stone fireplace serves as the focal point, while the wooden bar stools provide a comfortable spot to gather around."
"mediterranean_168.jpg","Scandinavian","white, light blue, wood, black","brass, wicker, concrete, walnut","natural soft light from large windows","calm and airy","stove, oven, shelf with cookware, wooden rolling pin, potted plant","efficient galley kitchen layout with central island","This Scandinavian-style kitchen is characterized by a light color palette, natural materials, and functional yet stylish appliances. The soft lighting creates a calm atmosphere, while the efficient layout makes it easy to navigate through various tasks."
"mediterranean_169.jpg","Modern","dark wood, white, red","wood, glass, metal","recessed and track lighting with dimmer switch","contemporary and sophisticated","wine rack, table and chairs, framed picture","narrow space maximized for function with strategic placement of furniture.","This modern home features a stylish wine rack integrated into the staircase, creating an open and airy feel in the narrow entryway."
"mediterranean_17.jpg","Rustic Mediterranean","natural wood tones, deep blue accents, terracotta pops","stone and brick walls, wooden beams, metal railing, ironwork decorations","Natural light, enhanced by lanterns and outdoor lighting fixtures","Warm, inviting, and relaxed","large fireplace, built-in grill, arbors covered in climbing vines, wine rack","Open patio area with a central focal point and flanking seating areas","This Mediterranean-style outdoor space features an open design, natural materials, and warm lighting that creates a welcoming atmosphere perfect for entertaining or relaxation."
"mediterranean_170.jpg","Modern","white, black, natural wood","wood, glass, steel","Natural light from large windows, with accent lighting from sconces on walls.","Calm and modern, with a touch of rustic warmth from the wood elements.","vase with green plants, large metal lantern, sleek metal console table","Hallway leading to open living space, with a high arched ceiling.","The interior design has a modern aesthetic, utilizing natural materials and large windows to create an airy atmosphere. The plants add life and color, while the metal accents add a contemporary touch."
"mediterranean_171.jpg","Scandinavian","dark green, natural wood, off white","wood paneling, leather, stainless steel","modern with recessed lighting and natural light from large windows","bright and airy","sectional sofa, coffee table, floor lamp, bookshelf, artwork","open floor plan with modern furnishings and a mix of textures","This room features a Scandinavian design style with a dark green accent, natural wood tones, and stainless steel elements. A sectional sofa anchors the space near a coffee table and bookshelf, while floor lighting provides ample illumination. The artwork adds a contemporary touch to this modern room."
"mediterranean_172.jpg","Modern","gray, navy blue, white","wood, fabric, glass","Natural light from large windows and ceiling fan lighting in the evening.","Warm and cozy with a touch of sophistication.","modern sofa, wooden coffee table, floor lamp, decorative pillows","Open space with a central seating area.","This modern living room features natural materials, comfortable seating, and warm lighting for a welcoming and stylish atmosphere."
"mediterranean_174.jpg","Contemporary","white, oak, silver","stainless steel, granite, brass","well-lit with pendant lights and under cabinet lighting","clean, modern, and inviting","cabinetry with inset panels, subzero refrigerator, stainless steel appliances","open concept design with island in center of room","This is a contemporary kitchen with stainless steel appliances, granite counters, and cabinetry with inset panels. The space has ample lighting from pendant lights and under-cabinet lighting, creating a clean and modern atmosphere."
"mediterranean_176.jpg","Industrial Loft","black, red, white","wood, metal, concrete","modern with track lighting and large window","urban and stylish","minimalist furniture, large screen TV, bookshelf","wide open space with high ceilings and sliding glass door","A modern industrial design living room with a bold color palette, showcasing the trend towards open concept layouts."
"mediterranean_177.jpg","Mid-Century Modern","beige, brown, green","brick, wood, concrete, metal","ambient lighting from outdoor light fixtures and small indoor lamps","warm and inviting","fountain, cacti, potted plant, chairs, wooden table","outdoor patio with circular seating area","An outdoor patio space featuring a central fountain and decorated with cacti, potted plants, and wooden furniture."
"mediterranean_178.jpg","Modern","white, beige, light wood","concrete, steel, marble","natural soft light from large windows","calm and relaxed","fountain, pool, palm trees","linear pool with water feature in front","A modern pool area with a concrete waterfall and lush tropical plants."
"mediterranean_179.jpg","Modern","blue, white, wood","wood, metal, tiles","well-lit with natural light from large windows and chandelier","warm and inviting","large island in center of kitchen, yellow oven, stainless steel refrigerator, black dishwasher, blue cabinetry","galley style with work triangle and center island","This modern kitchen features a clean and cohesive color scheme with blue cabinets, white countertops, and wooden accents. The space is well-lit by natural light and the chandelier. The design is centered around functionality and convenience, making it an ideal space for cooking, dining, and socializing."
"mediterranean_18.jpg","Mediterranean","beige, green, purple","stone, wood, brick","natural light from arched windows and outdoor lighting","inviting and warm","large planter with palm tree, built-in stone bench, vase with hydrangeas, brick fireplace, wooden trellis","warm and welcoming entrance with arched doorways leading to central courtyard","This Mediterranean-style home is warmly inviting with a focus on natural materials such as stone, wood, and brick. Arched windows allow for plenty of natural light, while the color palette of beige, green, and purple brings a sense of tranquility to the space."
"mediterranean_180.jpg","Scandinavian","white, light wood, blue","wood, tile, copper","natural soft light from large windows","warm and inviting","kitchen island, bar stools, wooden beams on ceiling, large arched windows, hanging pot rack","open kitchen with central island and bar seating, flanked by appliances and storage units","This Scandinavian-style kitchen combines natural materials like wood and copper with a light color palette to create a warm and inviting space. The large windows allow plenty of natural light to stream in, enhancing the soft, airy atmosphere."
"mediterranean_181.jpg","Scandinavian","light wood, white, gray","brick wall, wooden furniture, marble countertop","soft natural light from skylights","calm and airy","sofa, coffee table, floor lamp, area rug, potted plant","open space with central seating area","This is a modern Scandinavian-style dining room featuring an open floor plan, exposed brick walls, wooden furniture and countertops, and large windows that allow for plenty of natural light."
"mediterranean_182.jpg","Modern Minimalist","white, beige, light wood","concrete, oak wood, brass","natural soft light from large windows","calm and airy","sofa, coffee table, plant, floor lamp","open space with central seating area and indoor garden","Modern minimalist interior design featuring a white color palette, concrete flooring and walls, oak wood furnishings, and an indoor garden that provides natural light."
"mediterranean_183.jpg","Modern","white, dark wood, green accent","wood paneling, leather upholstery, marble flooring","Natural light from a large window above the stairs, supplemented by chandelier and wall sconces.","Bright and welcoming","wooden door with arched design, staircase with wood railing, plant on table, dining table with modern style chairs","A narrow entrance leading into a larger open space, enclosed by an archway. The staircase leads up to the upper floor.","This image showcases a modern interior design with a mix of natural and contemporary elements. Wood paneling and furniture are prominent features, creating a warm and inviting atmosphere."
"mediterranean_184.jpg","Modern Minimalist","white, light gray, black","oak wood, linen, stainless steel","natural soft light from large windows and pendant lights over the table","calm and airy","dining table with wooden benches and backs, wicker chairs, framed artwork on the wall, potted plant","open space with central seating area around the dining table","This modern minimalist dining room features a clean, neutral color palette and natural materials, creating an inviting and relaxed atmosphere. The large windows allow for ample sunlight to fill the space, enhancing its airy feel. The open layout allows for easy movement between the kitchen and living area."
"mediterranean_185.jpg","Scandinavian","white, light blue, gold","porcelain, brass, wood","natural light from a large window","calm and serene","pedestal sink, mirror, towel, sea shell","clean lines and simple design","A simple and elegant bathroom with a touch of whimsy through the sea shell decoration."
"mediterranean_186.jpg","Modern Minimalist","light wood, dark grey, white","oak wood, metal, stone","Natural light from windows and outdoor lighting illuminates the space.","Warm and inviting, with a touch of elegance.","large wooden gate, wooden armoire, stone bench","The main entrance is framed by the wooden gate, leading to a spacious courtyard.",""
"mediterranean_187.jpg","Modern","neutral tones, black accent","wooden floors, fabric upholstery, brass fixtures","ambient and task lighting","sophisticated and inviting","dining table, upholstered chairs, area rug, wine rack","open concept with kitchen nearby","This image depicts a modern dining room with warm tones, featuring wooden floors, neutral upholstery, and brass fixtures. The space is well-lit with ambient lighting, contributing to the sophisticated and inviting atmosphere."
"mediterranean_188.jpg","Modern","white, gold, marble","glass, marble, brass","natural light from large windows","luxurious and spacious","bathtub, shower enclosure, bathroom sink, bath mat, towel rack","large open bathroom with stand-alone tub and separate shower enclosure.","This modern bathroom features a stand-alone bathtub, large marble tile flooring, and natural lighting from the window. The glass door of the shower adds to the spacious feel of the room."
"mediterranean_189.jpg","Modern Minimalist","white, beige, light wood","oak wood, linen, concrete, steel","natural soft light from large windows","calm and airy","sofa, coffee table, plant, floor lamp","open space with central seating area","This modern living room combines neutral colors, natural light, and a minimalist design to create a serene and inviting space."
"mediterranean_19.jpg","Modern Minimalist","white, gray, gold","steel, wood, marble","natural soft light from large windows","modern and luxurious","cabinet with gold trim, wine rack, bar cart, vase of flowers, sleek chairs","curved wall featuring bar cart, wine rack and cabinet in an open space","This modern kitchen features a curved wall with a gold-trimmed cabinet, a wine rack, and a bar cart. Natural light fills the space, creating a luxurious and inviting atmosphere."
"mediterranean_192.jpg","Scandinavian","white, navy blue, rustic brown","wood, marble, fabric","natural soft light from large windows and pendant lights over table","calm and airy","large wooden dining table, white upholstered chairs, blue and white vase centerpiece, bamboo runner for place settings","open space with central seating area around table, with kitchen visible in the background","This image depicts a Scandinavian-style kitchen and dining room interior. The color palette consists of whites and earth tones, with marble and wood accents. Natural light pours in from large windows, complemented by pendant lights over the table. The furniture includes a white upholstered chair, a wooden dining table, and other decorative elements such as a blue and white vase centerpiece."
"mediterranean_193.jpg","Modern Minimalist","brown, white, black","dark wood, stainless steel, glass","recessed lighting with warm white glow, accentuated by under-cabinet lights","modern and clean","large island in center of kitchen, double ovens, stainless steel appliances","kitchen with separate cooking and dining areas, centered around an island","This modern kitchen is characterized by a warm color palette and sleek stainless steel finishes, creating a comfortable yet stylish space."
"mediterranean_194.jpg","Modern Minimalist","white, black, natural wood","stainless steel, glass, stone","natural soft light from large windows","calm and airy","sofa, coffee table, plant, floor lamp, kitchen island, dining chairs","open space with central seating area, kitchen island as focal point","A modern minimalist style interior features a calm and airy atmosphere created by the natural soft light from large windows and the open layout of the space."
"mediterranean_195.jpg","Modern Minimalist","white, beige, natural wood","oak cabinets, marble countertop, stainless steel appliances","bright and airy with natural light from large windows","calm and relaxed","large potted plant, wooden island, modern pendant lights, cozy throw blanket","open kitchen layout leading to an outdoor patio","The kitchen features modern minimalist design with white oak cabinets, marble countertops, and stainless steel appliances. The space is bright and airy with natural light from large windows, creating a calm and relaxed atmosphere."
"mediterranean_196.jpg","Modern","white, light brown, dark wood","wood, glass, stainless steel","natural and electric light sources provide even illumination throughout space.","warm, inviting and bright atmosphere for cooking and socializing.","cabinetry with decorative hardware, island with built-in sink, stainless steel appliances","well-organized space with designated areas for food preparation, dining, and socializing.","This modern kitchen design features a harmonious blend of colors, materials, and lighting that create a warm and inviting atmosphere."
"mediterranean_198.jpg","Spanish Colonial Revival","beige, blue, green","stucco exterior walls, wooden beams and rafters, natural stone tiles","sunlit with a mix of natural and electric light","warm, welcoming and family-oriented","large front door with arched window, stone fireplace, front courtyard garden, terracotta pottery","organized around a central courtyard with a covered patio for dining and outdoor entertaining","This Spanish Colonial Revival home is a comfortable blend of history and modern living, characterized by its stucco exterior walls, wooden beams and rafters, natural stone tiles, and a mix of warm neutral colors."
"mediterranean_199.jpg","Modern","blue, white, wood","wood, metal, glass","natural light from large windows","bright and cheerful","cabinets, countertop, sink, stove","kitchen design with central island in the middle","The image depicts a modern kitchen with blue cabinetry, natural light from windows above the sink and stove, a central countertop island providing additional workspace, and a bright and cheerful atmosphere."
"mediterranean_2.jpg","Modern","white, gray","wood, steel","under-cabinet lighting and recessed ceiling lights","minimalist and clean","washer/dryer set, white dish rack, small decorative items","efficient use of space with appliances in a row, cabinets above and below","This is a modern laundry room with clean lines and a focus on efficiency."
"mediterranean_20.jpg","Modern Minimalist","white, beige, light wood","glass, wood, metal","warm and soft, creating a cozy atmosphere","calm and serene","pool, palm trees, potted plants, fireplace","open space with central seating area around the pool","This modern minimalist living room features a clean, uncluttered design with warm lighting that creates a calm and serene atmosphere. The color palette is soft and neutral, with natural materials like wood and stone complemented by glass walls. Seating options include comfortable chairs and sofas, while the fireplace provides additional warmth and ambiance."
"mediterranean_201.jpg","Modern Minimalist","white, beige, light wood","wood, stainless steel, granite","bright and well-lit with recessed lighting and accent lamps","modern and sleek, yet warm and inviting","island, large dining table, bar stools, potted plants","open-concept design with kitchen flowing into dining area","A spacious modern kitchen featuring a neutral color palette, wood materials and accents, and an open layout that creates a bright and inviting space."
"mediterranean_202.jpg","Spanish Colonial Revival","white stucco, brick red tiles, light oak wood","stucco siding, terracotta tile roof, architectural concrete accents","natural light from large windows and courtyard","warm and inviting with tropical flair","large archway, tile patio, palm tree, high ceilings","architectural features such as courtyard, covered entry, and multiple outdoor spaces","This house embraces a Spanish Colonial Revival style with brick red tiles, white stucco walls, and high vaulted ceilings. The warm lighting is complemented by large archways, tile patios, palm trees, and spacious outdoor living areas."
"mediterranean_203.jpg","Modern Coastal","blue, white, light wood","wood, glass, fabric","natural soft light from large windows","calm and airy","sofa, coffee table, plant, floor lamp, area rug","open space with central seating area overlooking beach","This modern coastal living room features a soothing blue palette, natural wood accents, and expansive views of the ocean through its large windows."
"mediterranean_204.jpg","Modern Minimalist","light blue, light beige, white","tile, wood, concrete","recessed lighting in ceiling with natural light from window","calm and serene","vase with flowers, potted plant, modern artwork","clean lines and open space, divided by tile partition wall","Modern minimalist design creates a calming atmosphere with simple shapes and a limited color palette. The tile wall adds visual interest and provides a clean backdrop for the natural light coming in through a window on one side of the room."
"mediterranean_205.jpg","Modern Minimalist","white, black, gray","metal, wood, marble","natural soft light from large windows and recessed ceiling lights","calm and spacious","white sofa, black leather armchair, gray armchair, wooden coffee table, square marble side table, plant in corner, metal floor lamp","open space with central seating area and a walkway leading to the other room","This modern living room has a minimalist design, featuring neutral colors, sleek furniture, and ample natural light."
"mediterranean_207.jpg","Scandinavian","white, beige, light wood","oak wood, linen, concrete, steel","natural soft light from large windows","calm and airy","bathtub, cabinet, towel, soap","small space with a central bath area","A small Scandinavian-style room with natural lighting, oak wood cabinets and concrete counters. The bathtub is the focal point of the room, surrounded by minimalistic decor."
"mediterranean_208.jpg","Modern","neutral colors","stainless steel appliances, wood cabinets and countertops","recessed lighting with dimmer switches for a warm glow","clean, modern, inviting","modern-style sink, gas stove top, built-in oven, large island","galley layout with island in the center as focal point","This well-lit kitchen features a blend of modern appliances, neutral color palette, and warm lighting to create an inviting space for cooking and socializing."
"mediterranean_209.jpg","Modern Minimalist","white, light wood, black","oak wood, glass, steel","natural soft light from large windows and indoor track lighting","calm and airy","sofa, coffee table, plant, floor lamp","open space with central seating area and a separate dining space","A modern minimalist house in a residential neighborhood, featuring oak wood paneling, large windows that let in soft light, a calm and airy mood, and a mix of sleek furniture and warm textures."
"mediterranean_21.jpg","Modern Minimalist","white, light wood, dark gray","marble, wood, glass","bright and natural light from large windows","calm and serene","large mirror above vanity, dual sinks with marble countertops, gold fixtures","linear space with central bathroom area flanked by closets","Modern minimalist designed bathroom featuring a large center mirror, dual sinks and vanity, and gold fixtures."
"mediterranean_210.jpg","Scandinavian","white, beige, light wood","wood, fabric, brick","natural soft light from large windows","calm and airy","sofa, coffee table, plant, floor lamp","open space with central seating area","This interior design features a Scandinavian style, characterized by light wood tones and white color accents. The room has an open layout with large windows that allow in soft natural light, creating a calm and airy atmosphere."
"mediterranean_211.jpg","Modern","white, gray, black","stainless steel appliances, white subway tile backsplash, natural wood cabinetry","recessed lighting with under-cabinet LED strip lights and pendant lights over island","clean, elegant, and inviting","island with built-in sink and dishwasher, metal range hood over stove, large potted plant on center island, modern-style pendant lights, wooden barstools","open kitchen layout with central island providing additional workspace and seating","This modern kitchen is designed for functionality and aesthetics, featuring an all-white color scheme, stainless steel appliances, and white subway tile backsplash. The center island provides ample storage and workspace while also serving as additional seating with wooden barstools."
"mediterranean_213.jpg","Modern Minimalist","white, beige, light wood","stone, metal, glass","Bright natural light from large windows","Clean and serene","wooden bench, stainless steel table, large outdoor planter with succulents, patio chairs, outdoor rug","Open space design, focusing on central seating area surrounded by nature","This modern minimalist home features a simple and clean design with an emphasis on natural materials and light. The large windows allow for ample natural light that brightens the space, creating a serene atmosphere."
"mediterranean_214.jpg","Scandinavian","light beige, deep green, sandy brown","brick pavers, wood grain tile, stainless steel","Natural sunlight with soft lighting accents from recessed lights and lamps","Warm and inviting, with a touch of rustic charm","wicker chairs, large area rug, outdoor couch, wooden planter","A long narrow space that opens up to the outdoors, with an emphasis on natural light and texture","An outdoor patio designed in a Scandinavian style, featuring brick pavers for flooring, wood grain tile walls, stainless steel accents, and an abundance of greenery."
"mediterranean_215.jpg","Traditional Elegance","White, Gold, Red","Silk, Crystal, Wood","Chandelier illuminates the room with warm light, reflecting off gold-rimmed plates","Grand and Opulent","Long Table with Gold Charger Plates, Centerpiece Vase of Roses and Carnations, Floral Arrangements on Either Side","The table is set in a linear fashion, with guests facing the center of the room. A vase at either end serves as a visual anchor.","This formal banquet hall exudes an atmosphere of luxury and sophistication."
"mediterranean_216.jpg","Modern Minimalist","white, light gray, black","marble, glass, stainless steel","natural soft light from large windows and ceiling lights","calm and serene","bathtub, bathroom cabinet, soap dispenser, small potted plant","large open space with a long vanity and tub centered in the room","A modern bathroom featuring marble countertops, glass shower doors, a double vanity, a large window offering natural light, and a minimalist design theme."
"mediterranean_217.jpg","Modern","beige, dark brown, white","concrete, wood","natural light from large windows, supplemented by recessed ceiling lights and wall sconces","calm and neutral","front door, stone wall, outdoor fireplace, large window, patio area","open floor plan with a central living space flanked by the garage on one side and an outdoor space on the other","This house features a modern style with neutral color tones, primarily concrete and wood materials. The layout is open, with a large patio area in front of the garage, a stone wall dividing the interior from the outdoor space, and ample natural light creating a calm and inviting atmosphere."
"mediterranean_218.jpg","Southwestern","red, green, yellow","brick, wood, clay","Natural light from the sun, shade from overhang","Warm and inviting","Southwestern bench, Southwestern lamp, Southwestern planter","A courtyard with a covered seating area in the center.","This Southwestern-style home features warm colors, natural materials, and native plants to create an inviting outdoor space."
"mediterranean_219.jpg","Modern","white, light wood, gray","wood, stone, metal","natural light from large windows and pendant lights","bright and spacious","kitchen island with bar stools, bowl sinks, large dining table, white vase with flowers, wooden cutting board","open kitchen-dining space","This modern kitchen and dining area features a neutral color palette, natural materials, and pendant lights that create a bright and inviting atmosphere. The open layout connects the kitchen to the dining space for easy entertaining."
"mediterranean_22.jpg","Modern","beige, grey, blue","wood, leather, metal, silk","Natural and soft light from large windows","Warm and inviting","sofa, coffee table, floor lamp, plant","Open space with central seating area","This living room is designed in a modern style, featuring beige, grey and blue tones. The furniture includes leather sofas and wooden accents, complemented by natural light from large windows that contribute to the warm and inviting mood of the space."
"mediterranean_220.jpg","Modern Minimalist","white, copper, dark wood","wooden table, leather chairs, brass lights","natural soft light from large windows","calm and airy","sofa, coffee table, plant, floor lamp","open space with central seating area, wood flooring","This modern minimalist space features a simple, elegant design with an emphasis on natural materials and soft lighting."
"mediterranean_221.jpg","Modern Minimalist","white, beige, light wood","oak wood, linen, concrete","natural soft light from large windows","calm and airy","sofa, coffee table, plant, floor lamp","open space with central seating area","This modern living room features a minimalist design, characterized by light colors and clean lines. The space is filled with natural light that enhances the calm atmosphere. The furniture includes a sofa, coffee table, plant for a touch of greenery, and a floor lamp providing ambient lighting. The layout emphasizes an open feel with a central seating area."
"mediterranean_222.jpg","Scandinavian","beige, white, natural wood","concrete, cork, steel","natural soft light from the large windows and string lights above the patio","calm and airy","dining table, benches, wicker chairs, potted plants, fireplace","an outdoor space with a covered seating area next to an open fireplace and a barbecue grill","This is a modern Scandinavian-style outdoor dining area featuring a mix of natural materials, a cozy fireplace, string lights for warmth and ambiance, and comfortable wicker chairs and benches around a large wooden table."
"mediterranean_224.jpg","Modern Minimalist","white, light wood","wood, fabric, glass","natural soft light from large windows and recessed lights","calm and airy","sofa, coffee table, plant, floor lamp, rugs","open space with central seating area and defined kitchen and dining spaces","This modern interior design features a minimalist approach, creating a calm and airy atmosphere through natural lighting. The color palette is simple yet effective, focusing on white and wood tones to complement the materials used. A spacious open floor plan allows for easy movement, while defined areas like the kitchen and dining spaces offer functionality without cluttering the space."
"mediterranean_225.jpg","Modern Minimalist","dark wood, white","oak, marble","bright and airy","calm and inviting","cabinet, granite countertop, stone wall","kitchen space with central island","A modern kitchen with a clean, minimalist design featuring a dark wood cabinet against a stone wall, marble countertops and bright lighting that creates a calm and inviting atmosphere."
"mediterranean_227.jpg","Resort","beige, brown, blue","stone, wood, tiles","Natural light with outdoor lamps and lanterns","Relaxed and tranquil","Daybeds, Swimming pool, Lounge chair, Potted plants","Open patio area with a curved wall around the pool, creating a secluded space.","This resort-style backyard features a swimming pool surrounded by comfortable daybeds and lounge chairs for relaxation. The curved stone wall creates a cozy atmosphere."
"mediterranean_228.jpg","Modern","white, gray, navy","concrete, wood, glass","bright and natural, with large windows letting in ample sunlight.","clean and contemporary.","sofa, coffee table, plant, floor lamp","open space design with a central seating area.","Modern living room with a clean, airy feel. Natural light floods the space through large windows and sliding doors to an outdoor patio."
"mediterranean_229.jpg","Industrial","gray, black, white","concrete, steel, wood","industrial style with large windows","clean and modern","door with wood planks, large window with mullions, industrial pipe running along exterior wall","open space with no walls separating areas","Industrial style building with large windows and metal features."
"mediterranean_23.jpg","Mid-Century Modern","cream, wood brown, green accent","tile flooring, white subway tiles, dark wood cabinetry","bright and evenly distributed natural light from windows above tub","clean, bright, and modern","freestanding bathtub, sink with gold fixtures, wood framed mirror, small green plant","semi-circular layout with tub and sink centrally positioned on tile floor","A modern, mid-century bathroom featuring a freestanding bathtub, sink with gold fixtures, and wood framed mirror. The space is brightly lit with natural light and has cream tile flooring and dark wood cabinetry."
"mediterranean_230.jpg","Modern Minimalist","light gray, black, white","glass, wood, concrete","natural soft light from large windows","calm and airy","dining table, chairs, vase with flowers, bottles, books","open space with central seating area","This interior design combines a modern minimalist style with natural light to create a calming and airy atmosphere. The color palette is limited to shades of gray, black, and white, while the materials include glass, wood, and concrete. A dining table surrounded by chairs is centrally placed in the room, with decorative items such as vases, bottles, and books scattered throughout the space."
"mediterranean_231.jpg","Modern Minimalist","white, light brown, wood, black","oak wood, linen, steel, marble","natural soft light from large windows, enhanced by overhead recessed lights","calm and inviting","kitchen island with wooden countertops, white oak cabinets, vintage kitchen tools on open shelves, industrial pendant lighting, large format black and white photograph","open concept design with kitchen, dining and living area integrated into a single space","A modern minimalist home kitchen featuring natural wood finishes, stainless steel appliances, and a cohesive color palette that creates a calm and inviting atmosphere."
"mediterranean_233.jpg","Modern Minimalist","black, white, grey","metal, wood, fabric","natural soft light from large windows and black and white marble floor","calm and airy","piano, sofa, coffee table, plant, floor lamp","open space with central seating area around piano","Modern style with minimalist design, featuring black and white color scheme and marble floors. Open layout with a central piano surrounded by furniture for relaxation."
"mediterranean_234.jpg","Modern Minimalist","beige, white, light brown","wood, tiles, glass","soft overhead lighting with spot lights on the mirror","bright and airy","mirror above sink, toilet with wooden cover, white tub","square layout with sink in the corner of the room","This bathroom has a modern minimalist design, featuring beige colors, wood accents, and soft lighting. The mirror is positioned above the sink, creating an airy atmosphere. The toilet area includes a wooden cover that matches the overall style. The layout is simple with the tub in one corner."
"mediterranean_235.jpg","Modern Minimalist","blue, white, gold","wood, glass, brass","natural soft light from large windows","calm and sophisticated","round dining table, upholstered chairs, crystal chandelier, framed artwork, silk curtains","open space with central seating area","This image depicts a Modern Minimalist living room, featuring calming blue walls, gold accents, and natural light. The round dining table is surrounded by upholstered chairs, creating an inviting central gathering spot. A crystal chandelier adds elegance to the space, while framed artwork and silk curtains contribute to a sophisticated atmosphere."
"mediterranean_236.jpg","Modern","white, beige, dark wood","wood, fabric, metal","Natural light from large windows and pendant lights over the seating area.","Warm and inviting with a contemporary twist.","sofa, coffee table, floor lamp, plant, side tables","Open floor plan with large windows, creating a bright and spacious feel.","This living room features a modern design with clean lines and neutral colors. The open layout allows for plenty of natural light to fill the space, while pendant lights add warmth in the evenings. Soft fabrics on the couches create a cozy atmosphere, and plants bring life to the space."
"mediterranean_237.jpg","Modern Minimalist","white, natural wood","wood, stone, metal","soft ambient light from recessed ceiling lights and under-cabinet LED strip lighting","calm and modern","large island with integrated cooktop, stainless steel french press, natural wood cutting board","open kitchen with center island, adjacent dining area to right","This is a minimalist-style kitchen and dining space with an emphasis on clean lines and natural materials. The color palette is neutral, featuring white and natural wood tones that complement the wooden cabinetry and floor. The cooktop built into the island serves as a functional and stylish centerpiece for the space. The layout allows for easy movement between the kitchen and dining areas."
"mediterranean_239.jpg","Modern Minimalist","gray, white, wood","concrete, natural wood, steel","Natural light from large windows and recessed ceiling lights","Calm and airy","sectional sofa, wood coffee table, stone fireplace, brass floor lamp, wooden sideboard","Open space with central seating area surrounding the fireplace","This modern minimalist living room features a neutral color palette, industrial materials and natural light. A sectional sofa is placed around a wood coffee table in front of a stone fireplace. The sideboard holds decorative items on the shelves above and cabinets below. The floor lamp adds an elegant touch to the space."
"mediterranean_24.jpg","Modern Minimalist","white, beige, light wood","wood, fabric, metal","natural soft light from large windows and hanging lights","calm and airy","sofa, coffee table, planter, floor lamp","open space with central seating area","This is a modern minimalist outdoor living room featuring natural lighting, neutral colors, and simple furniture arrangements."
"mediterranean_240.jpg","Scandinavian","white, off-white, light wood","cork flooring, wooden bench, oak frame","natural soft light from large windows","calm and airy","sofa, coffee table, floor lamp, plant","open space with central seating area",""
"mediterranean_241.jpg","Modern Minimalist","white, beige, light wood","wood, linen, concrete, steel","natural soft light from large windows and recessed lighting","calm and airy","sofa, coffee table, plant, floor lamp, vase, pillow","open space with central seating area under archway","This is a modern, minimalist living room that uses neutral colors and materials to create a calm and airy atmosphere. Natural light from large windows and recessed lighting contribute to the open feel of the space."
"mediterranean_242.jpg","Industrial Loft","white, black, rusty orange","wood, metal","ambient with no visible light source","spare and utilitarian","peeling paint, metal handle, old door with bars over window","narrow doorway to small dark space","The door's weathered appearance suggests it leads into a cramped industrial loft."
"mediterranean_243.jpg","Spanish Colonial","beige, brown, red","stucco, stone, wood","natural light from large windows and doors","elegant and inviting","outdoor sofa, patio table, fountain, pool, red chairs","open floor plan with central courtyard","This Spanish Colonial style home has an elegant and warm atmosphere, featuring stucco walls, a pool in the center of the courtyard, and outdoor seating areas for relaxation."
"mediterranean_244.jpg","Scandinavian","neutral tones of white and light wood","wood paneling on ceiling and walls, stainless steel appliances, white subway tile backsplash","bright, natural light from vaulted windows","airy and open","modern stove, sleek wood cabinetry, large island in center of room, minimalist pendant lights, white marble countertop","open kitchen with central island, flanked by seating area on both sides","A modern Scandinavian kitchen with a neutral color palette and natural wood accents, featuring sleek appliances and an island for additional prep space."
"mediterranean_245.jpg","Modern Minimalist","white, black, brass","glass tile backsplash, marble sink top, brass fixtures","recessed lighting with a soft white glow","calm and spacious","oval mirror above the sink, vase of flowers on the countertop, white towels neatly folded","rectangular space with the sink in the middle","A modern bathroom design featuring minimalistic elements, a black and white color scheme, marble accents, glass tiles for a unique backsplash, brass fixtures, and a calming atmosphere."
"mediterranean_247.jpg","Modern Minimalist","white, light wood, gray","wood, glass, metal","recessed LED lighting, natural soft light from large windows","bright and airy","large island in center of room, modern pendant lights, white chairs, wooden bowl on counter","open space with central seating area, galley kitchen with bar seating","This modern kitchen and dining area is characterized by a minimalist design, featuring light wood tones and an abundance of natural light from large windows."
"mediterranean_249.jpg","Traditional","warm earth tones, deep greens, rich reds","wood, velvet, brass, marble","Soft, natural light from large windows and lamps.","Warm and inviting, with a touch of elegance.","curved sofa, round wooden table, framed mirror over mantle, ornate chandelier","Central seating area in front of fireplace, with doorway leading to hallway.","Traditional room with warm earth tones and wood accents, featuring a curved sofa, round wooden table, framed mirror over mantle, ornate chandelier, and soft, natural lighting."
"mediterranean_250.jpg","Mediterranean","beige, green, turquoise","terracotta tiles, marble flooring, wooden ceiling beams","natural light from large windows, complemented by outdoor lanterns","warm and inviting","antique-style sofa, ornate coffee table, tall palm tree, large outdoor urn","grand entrance with open floor plan","This Mediterranean-style home features a warm and inviting atmosphere, characterized by terracotta tiles, wooden ceiling beams, and large windows that let in natural light. The grand entrance opens into an expansive living area with an ornate coffee table at the center of the seating arrangement."
"mediterranean_251.jpg","Modern Minimalist","white, beige, light wood","wooden beams and rafters, leather upholstery","natural soft light from large windows","calm and airy","red leather sofa, coffee table with storage compartments, area rug on hardwood floor, floor lamp, framed artwork","open space with central seating area framed by wooden beams","This living room combines rustic elements with modern simplicity, creating a warm and inviting atmosphere."
"mediterranean_253.jpg","Modern Minimalist","white, light wood, navy blue","linen, wood, stone","natural soft light from large windows","calm and airy","sofa, coffee table, plant, floor lamp","open space with central seating area","This is a modern minimalist interior design that features light wood accents, navy blue details, and stone elements. The space has a bright and airy feel to it with large windows allowing in plenty of natural light. The furniture includes a sofa, coffee table, plant for a touch of greenery, and a floor lamp providing additional lighting options."
"mediterranean_255.jpg","Scandinavian","white, beige, light wood","wood, stone, metal","natural soft light from large windows and ceiling lights","bright and energetic","barstools, kitchen island, dining table, modern chairs, potted plants","open space with central seating area, kitchen bar and dining nook off to one side","Modern Scandinavian design with a focus on natural materials and light, creating an inviting and airy atmosphere."
"mediterranean_256.jpg","Modern","white, beige, light wood","wood, marble, metal","Recessed and track lighting with dimmer switches for adjustable ambiance.","Warm, inviting, and sophisticated atmosphere.","white sofa with throw pillows, wooden coffee table with storage space, flat screen TV, modern fireplace, plants","Open-concept design with separate zones for dining, living room, and kitchen.","This modern living space is designed to be both functional and aesthetically pleasing with its clean lines, neutral color palette, and natural materials. The open layout encourages interaction between different areas of the home, while the variety of textures and materials adds depth and interest."
"mediterranean_258.jpg","Modern Minimalist","white, light gray, beige","oak wood, marble countertops, steel appliances","natural soft light from large windows","calm and airy","island with built-in sink, bar stools at island, white dining table, modern pendant lights","open space with central kitchen area and seating nook","This modern kitchen is designed for function and style, with an open layout that promotes easy movement and interaction. The neutral color palette of white, beige, and gray marble contributes to a calming and airy atmosphere, while the oak wood cabinetry adds warmth and texture. Stainless steel appliances provide a sleek modern touch, and the large windows allow for plenty of natural light to fill the space."
"mediterranean_259.jpg","Modern","dark wood, black, brass","leather upholstery, marble countertops, glass shelves","recessed LED lighting with adjustable options","luxurious and sophisticated","wine fridge, liquor cabinet, big screen television","U-shaped bar setup with ample seating area","This modern living room features a dark wood theme, leather upholstery, marble countertops, and recessed LED lighting. The centerpiece of the room is a large screen television mounted above a wine fridge and liquor cabinet that offer an extensive selection for entertainment."
"mediterranean_26.jpg","Modern Minimalist","white, beige, light wood","stone cladding, oak hardwood floors, brass fixtures","Natural soft light from large windows and recessed lighting. Decorative LED lights accentuating the architecture.","Calm and airy with clean lines and open spaces.","large statement mirror, modern sectional sofa, mid-century modern coffee table, hanging plant, contemporary floor lamp","Open space layout with central seating area, anchored by a large fireplace. Arched doorways lead to other areas of the home.","This two-story house combines a minimalist design with modern elements, creating a serene and inviting atmosphere."
"mediterranean_260.jpg","Scandinavian","white, beige, light wood","oak wood, linen, tile","natural soft light from large windows","calm and airy","kitchen island, hanging lights, wooden stools, large vase with greenery","open kitchen with center island, surrounded by cabinets and bar seating","A modern Scandinavian-style kitchen with a light color palette that features oak wood, linen, and tile. Natural light from the large windows creates a calm and airy atmosphere, while the island and hanging lights provide a functional space for meal preparation."
"mediterranean_261.jpg","Traditional","white, wood tones, gold accents","oak wood, silk upholstery, marble countertops, brass hardware","natural light from multiple windows, complemented by chandelier and wall sconces","elegant and welcoming","formal dining table with wine cabinet, upholstered chairs, vases with flowers, framed artwork","open space featuring a central seating area, with living room to one side and formal dining to the other","A traditional yet modern home featuring elegant wood tones, gold accents, and a chandelier as focal points in both the dining and living spaces."
"mediterranean_262.jpg","Modern Minimalist","black, white, accent accents","leather, wood, metal","natural soft light from large windows","calm and airy","sofa, coffee table, floor lamp, plant, abstract art","open space with central seating area","This modern minimalist living room features a sleek, all-black sofa set against a white wall. The wooden floor adds warmth and texture to the space, while large windows let in soft, natural light. Abstract art pieces adorn the walls, complementing the clean lines of the furniture. The layout is designed for openness, with a central seating area that encourages conversation and relaxation."
"mediterranean_263.jpg","Modern Minimalist","white, neutral, wood accent","oak wood, silk, velvet, brass","natural soft light from large windows","calm and airy","sofa, coffee table, plant, floor lamp","open space with central seating area","The living room features a modern minimalist design with a neutral color palette, natural materials like oak wood and silk. The room is well-lit by soft natural light from large windows that create an airy atmosphere. A sofa serves as the centerpiece of the space, which also includes a coffee table, a plant for a touch of nature, and a floor lamp for ambient lighting."
"mediterranean_264.jpg","Holiday-Inspired","Red, Gold, Green","Wood, Glass, Metal","Soft, Warm Lighting with Red and Gold Accents","Celebratory and Festive","Christmas Tree, Pine Cones, Bowl of Ornaments, Garland, Wreath","Clustered around a central point, with ornaments arranged symmetrically on either side.","This interior design showcases holiday-inspired elements, featuring a color palette dominated by red, gold and green. The space is adorned with wooden materials, glass accents and metal components that add a touch of elegance to the festive atmosphere."
"mediterranean_267.jpg","Industrial Loft","silver, black, white","stainless steel, concrete, wood","recessed lighting with adjustable spotlights and pendant lights above cooktop","modern and sleek","stainless steel range hood, built-in stove top, custom cabinets, wall-mounted pot rack","open kitchen with island for seating and cooking space","This modern industrial loft kitchen combines the warmth of wood with sleek stainless steel appliances, providing a unique blend of functionality and design."
"mediterranean_268.jpg","Modern","beige, white, gray","wood, leather, fabric","Soft overhead lighting with additional floor lamps","Clean, minimalistic, and contemporary","coffee table, sofa, chairs, sideboard","Open concept with kitchen, dining, and living area flowing together","A modern home interior featuring a light color palette and simple, sleek design."
"mediterranean_269.jpg","Modern Rustic","earthy tones, warm neutral colors, burnt orange accents","wood paneling, brick walls, exposed beam ceiling, plush cushions","natural light from large windows and a statement light fixture overhead","comfortable and inviting","lounge seating area with pillows, wood-framed dining table, artwork on the wall, floor rug, plants","open plan space with kitchenette and lounge area flowing into a dining area","This modern rustic interior design features warm, earthy tones that create a cozy atmosphere. The room combines natural materials like wood paneling, brick walls, and an exposed beam ceiling with plush cushions for comfortable seating. A statement light fixture illuminates the space, which is filled with decorative elements such as plants and artwork on the wall."
"mediterranean_27.jpg","Contemporary","white, navy, gray","porcelain, brass, acrylic","Recessed ceiling lights with a wall sconce on each side of the tub","Bright and airy","bathtub, sink, shower stall, towel rack, floor mat","Small, efficient bathroom with separate bathtub and shower areas","Modern bathroom with clean lines and a mix of porcelain and acrylic materials."
"mediterranean_270.jpg","Modern Minimalist","white, light wood","metal, glass","natural soft light from large windows","calm and airy","simple metal gate, wooden fence post, modern outdoor furniture","space with a curving path leading to the entrance","The design is modern and minimalist, featuring a simple metal gate, wooden fence post, and modern outdoor furniture set on a gravel driveway. The color palette consists of neutral tones, creating an airy and calm atmosphere."
"mediterranean_271.jpg","Modern","beige, white, grey","wood, metal","Natural light from windows and outside lighting","Calm and cozy","sofa, coffee table, outdoor rug, potted plant","Open layout with central seating area","This is a modern, open plan living room that feels calm and inviting. The color palette consists of neutral tones to create a soothing atmosphere. Materials include wood flooring and metal beams in the ceiling. Natural light fills the space during daylight hours, while warm indoor lights provide a cozy ambiance for evenings."
"mediterranean_272.jpg","Modern Minimalist","white, beige, light wood","glass shower enclosure, brown wood cabinetry, white marble vanity top","natural soft light from large windows and recessed lighting","calm and airy","freestanding bathtub, double sink vanity, hanging wall art, floor potted plant","space is designed for functionality and aesthetics, with clean lines and symmetry. The shower enclosure seamlessly integrates into the overall design without any visible hardware or dividers.","This modern bathroom features a minimalist design with natural materials and light tones to create a serene atmosphere."
"mediterranean_273.jpg","Modern","beige, gray, blue","concrete, metal, wood","Natural light from large windows and skylights","Calm and inviting","sofa, coffee table, potted plant, floor lamp","Open floor plan with outdoor patio access","This modern-style living room features clean lines, neutral colors, and comfortable seating options set against a backdrop of natural light and a view of the pool area."
"mediterranean_274.jpg","Modern","beige, light brown, grey","wood, leather, brass","natural light from windows and ceiling lights","modern and cozy","couch, coffee table, plant, lamp, cushions","large open space with couch facing window","This living room has a modern design featuring neutral tones of beige and light brown. The space is furnished with a comfortable leather sofa, a wood coffee table, a floor lamp for ambiance, and decorative plants to add life. Natural light from windows fills the room, creating a warm and inviting atmosphere."
"mediterranean_275.jpg","Modern","light wood, white, navy blue","oak wood, steel, granite","recessed lighting with spotlights on ceiling","clean and modern, yet warm and inviting","stainless steel appliances, wooden kitchen island, modern pendant lights, blue and white patterned rug","kitchen with wood cabinets, stove, sink, dishwasher, and refrigerator. Bar stools under a window.","This modern kitchen is both stylish and functional, featuring clean lines and warm materials like oak and granite."
"mediterranean_277.jpg","Modern Minimalist","white, beige, light wood","wood, glass, stone","natural soft light from large windows","calm and airy","bathtub, sink, mirror, cabinet, towel rack","large open space with central bathroom vanity area","A modern and minimalist-style bathroom featuring light wood and stone materials, soft natural lighting, and a calm and airy mood."
"mediterranean_278.jpg","Modern Minimalist","white, beige, gray","stone cladding, wood paneling, metal accents","Natural light from large windows and recessed ceiling lights","Clean, crisp and inviting","modern sofa, clean lines coffee table, simple floor lamp, contemporary rug","Open space with central seating area and clean sightlines to other rooms","This house is designed in a Modern Minimalist style, featuring a color palette of white, beige, and gray. The materials used include stone cladding on the exterior walls, wood paneling inside, and metal accents throughout. The interior lighting comes from large windows that let in natural light during the day and recessed ceiling lights that illuminate the space at night. The mood of this home is clean, crisp, and inviting. The objects include a modern sofa, simple lines coffee table, contemporary floor lamp, and an area rug. The layout is open and spacious with clear sightlines to other areas of the house."
"mediterranean_279.jpg","Mediterranean","sandy beige, light blue, olive green","stone tiles, tile on walls, wooden doors and window frames","Natural light coming from open windows with wooden shutters, supplemented by recessed ceiling lights.","Peaceful and serene with a touch of rustic charm.","meditation garden, stone water fountain, large outdoor plant","A circular courtyard surrounding a central fountain with pathways leading to doors in the back wall.","This Mediterranean-style outdoor space is designed for relaxation and reflection. The large stone water fountain serves as the centerpiece of the garden, surrounded by lush greenery."
"mediterranean_28.jpg","Modern Minimalist","white, light gray, wood accents","oak wood cabinets, glass shelves, brushed steel handles","Natural soft light from large windows","Calm and airy","Modern-style office chair, Glass desk with brushed steel accents, Flower arrangement on shelf, White framed mirror","Open space with central desk area","This is a modern, minimalist home office. The color palette is simple and clean, with white and light gray walls and oak wood cabinets. The room is illuminated by natural soft light from large windows. The office includes a glass desk with brushed steel handles, a comfortable modern-style chair, and decorative elements such as a flower arrangement on the shelves and a framed mirror above the desk."
"mediterranean_281.jpg","Spanish Revival","white, beige, terracotta","stone, stucco, wood","natural and diffused","inviting and serene","tiled floor, ornate windows, fountain, outdoor seating area","central courtyard with surrounding structures","The architecture is reminiscent of Spanish colonial designs, featuring white stucco walls and terracotta tiles. The large arched windows let in soft, diffused lighting, creating an inviting atmosphere for relaxation or socializing. A central fountain adds a soothing sound to the scene while outdoor seating areas provide spaces for gathering and conversation."
"mediterranean_283.jpg","Coastal Modern","light gray, white, beige","glass windows, wooden furniture, linen upholstery","natural sunlight illuminating space through large windows","calm and inviting","round wooden dining table with wicker seating, metal chandelier hanging from ceiling, large indoor plant on windowsill","open kitchen-dining area with views of backyard","Bright, airy coastal modern home with open kitchen and dining area featuring large windows and light wooden furniture."
"mediterranean_284.jpg","Scandinavian","white, light blue, natural wood","light-colored wooden cabinets, glass countertops, stainless steel appliances","well-lit with natural light from windows above the sink and range hood","clean and modern with a touch of elegance","washer and dryer on the left wall, sink in the middle island, stove top oven to the right","kitchen is galley style with a central island, providing both cooking and dining space","This kitchen combines a clean Scandinavian design with functional appliances and surfaces, offering an efficient and inviting space."
"mediterranean_285.jpg","Scandinavian","black cabinetry, white countertops, brass accents","black painted wood, white marble, stainless steel","soft, natural light from large windows and interior lamps","modern and serene","blue-tiled backsplash, brass-finished faucets, white marble kitchen island","open layout with galley design, featuring central island","This modern kitchen combines a Scandinavian design style with black cabinetry and white countertops to create a sleek, serene space. Brass accents add warmth, while a blue-tiled backsplash provides pops of color. The open layout promotes easy movement and the central island serves as both additional storage and a workspace."
"mediterranean_286.jpg","Industrial Loft","white, brick red, brown wood","steel, glass, brick","overhead lights and natural light from windows","modern and spacious","shoe rack, white desk, wooden floor, black leather chair","open space with white walls, shoe rack along one wall","Industrial style room featuring a large open space, modern furnishings, and a brick red accent color."
"mediterranean_288.jpg","Industrial Loft","gray, white, red","wood, concrete, metal","recessed and industrial style lighting fixtures","cool and modern","vintage-style bathroom sink, vintage-style bathtub, vintage-style towel rack, red flowers in vase","arched mirror over bathroom vanity with open shelving for decorative items","Industrial loft-inspired bathroom featuring a concrete countertop, wood accents, and recessed lighting."
"mediterranean_289.jpg","Modern","beige, white, natural wood","marble, wood, brass","soft and warm recessed lighting with natural sunlight from large windows","luxurious and spacious","two-sided vanity mirrors, freestanding tub, his and hers sinks","elongated space with centralized vanities and tub in front of large windows","Luxurious bathroom with double sink vanities, freestanding tub, marble flooring, and expansive windows offering a view."
"mediterranean_29.jpg","Southwestern","blue, turquoise, yellow","tile, wood, iron","bright and inviting natural light","lively and warm","door with decorative tile work, outdoor seating area","welcoming entrance way to patio space","This Southwestern style door is a welcoming entryway to an outdoor patio space, featuring bright and inviting natural light and vibrant colors of blue, turquoise and yellow."
"mediterranean_290.jpg","Modern Minimalist","black, gray, white","metal, fabric, wood","natural soft light from large windows and overhead track lighting","calm and airy","sofa, coffee table, plant, floor lamp, wine rack","open space with central seating area surrounded by black walls","This minimalist living room combines modern design elements with a touch of elegance from the wine wall. The use of neutral colors creates a serene atmosphere, while the black accent pieces add depth and contrast."
"mediterranean_291.jpg","Modern Minimalist","white, black","marble, brass, silk","sunlit with large windows and skylight","calm and serene","free-standing tub, towel bar, slipper rug","open space layout with a central tub, flanked by walls of glass to create seamless indoor/outdoor transition.","This bathroom exhibits a modern minimalist design, featuring a monochromatic color scheme and high-quality materials. Sunlight streams in through the large windows and skylight, creating a serene atmosphere."
"mediterranean_292.jpg","Modern Minimalist","white, beige, light wood","wood, fabric, metal","soft natural light from large windows and recessed lights","calm and airy","sofa, coffee table, plant, floor lamp, vase, books, pillows","open space with central seating area and separate dining area","This is a modern minimalist living room that features an open floor plan, a neutral color palette, and a mix of natural materials such as wood and fabric."
"mediterranean_293.jpg","Modern Minimalist","white, neutral, natural wood accent","concrete flooring and walls, steel beam on ceiling, wooden table","Warm soft light from ceiling track lights, with additional ambient lighting","Calm and cozy","white sofa facing large windows, large wooden coffee table, plant in corner, black leather armchair","Open concept layout with central seating area","This modern living room has a minimalist design, featuring neutral colors and natural wood accents. The high ceiling is supported by a steel beam, contributing to the open feel of the space."
"mediterranean_294.jpg","Modern Minimalist","white, light wood, gray, green accent","oak wood, quartz countertops, stainless steel, brass hardware","natural soft light from large windows and a skylight, with recessed ceiling lights adding to the brightness.","calm and airy","kitchen island, modern range hood, stone fireplace, under-cabinet lighting","an open L-shaped layout with a kitchen island as the focal point, leading to a cooktop area under the counter.","A modern minimalist kitchen with an airy and inviting feel, featuring natural wood and stone elements, and clean lines."
"mediterranean_295.jpg","Modern Minimalist","brown, white, black","hardwood, stainless steel, glass","natural sunlight from large windows and recessed ceiling lights","modern, clean, and bright","kitchen island with built-in seating, silver refrigerator, brass faucet, white dishwasher, dark wood cabinets","open layout with kitchen island as focal point and seating area around it, connected to the dining room","This modern minimalist design features a clean and bright space with hardwood floors and built-in furniture that creates an open feel. The kitchen is designed for functionality with stainless steel appliances and glass materials."
"mediterranean_297.jpg","Industrial Loft","white, black, copper","stainless steel appliances, glass paneled doors, wood cabinetry","Overhead track lighting with adjustable fixtures","Efficient and functional","stainless steel refrigerator-freezer combo, open shelving units, under counter dishwasher","Open concept kitchen with separate zones for food prep, cooking, and storage.","This kitchen is designed with a focus on efficiency and functionality while maintaining an industrial aesthetic."
"mediterranean_298.jpg","Modern Minimalist","white, beige, light wood","wood, concrete, steel","natural soft light from large windows and overhead track lighting","calm and airy","bar stools, coffee table, hanging plant, floor lamp","open space with central seating area under exposed wooden beams","Modern industrial-style kitchen with a bar area, featuring minimalist design elements and warm neutral tones."
"mediterranean_299.jpg","Modern Minimalist","white, beige, stainless steel","stainless steel, black granite, wood, glass","bright and even","clean, spacious, serene","white refrigerator, black oven, large bowl, flat screen television","linear open kitchen with island in center and appliances along one wall","This modern minimalist kitchen design features a clean, spacious layout with stainless steel fixtures and appliances contrasted against black granite countertops. The color palette is neutral yet elegant, creating a serene environment for cooking and dining."
"mediterranean_3.jpg","Modern Minimalist","greenery, brown wood, white","wood, metal, glass","natural light from large windows","calm and serene","hot tub, swimming pool, patio chairs","circular arrangement of deck and pool areas","This modern outdoor space features a wooden hot tub surrounded by metal railings, with a large swimming pool nearby. The area is adorned with greenery and patio furniture, creating a serene atmosphere."
"mediterranean_30.jpg","Modern Minimalist","white, natural wood, gray","wood, marble, metal","well-lit with natural light from windows and overhead lights","clean and serene","cabinets, kitchen island, fruits on the counter, vase of flowers","open kitchen concept with central island in middle","This is a modern, minimalist kitchen with a clean and serene atmosphere. The style uses wood as a primary material, which creates a warm and inviting space. The color palette consists of white for the cabinets, natural wood tones on surfaces, and gray for accents. The lighting is bright and comes from both overhead fixtures and windows, creating a well-lit and open kitchen environment."
"mediterranean_300.jpg","Modern Minimalist","white, cream, light gray","wood, cotton, metal, glass","natural soft light from large windows","calm and airy","sofa, coffee table, plant, floor lamp","open space with central seating area","Modern minimalist living room, designed to provide a calm and airy atmosphere."
"mediterranean_301.jpg","Modern Minimalist","white, beige, light wood","tile flooring, white tile walls, metal fixtures","bright and natural light from overhead skylights","calm and serene","modern freestanding bathtub, large mirror above sink, decorative rug on floor","separate shower and toilet areas with central vanity in bathroom","Modern bathroom design featuring a minimalist color palette, tile flooring and walls, large overhead skylights for natural light, and a separate shower area."
"mediterranean_302.jpg","Modern","neutral tones, dark wood accents","wood paneling on ceiling and walls, stainless steel appliances","recessed lighting with adjustable options for ambiance","contemporary and inviting","high-end stove top range, center island with bar seating, large-scale artwork","open concept design with adjacent dining area","This modern kitchen features a warm and inviting ambiance with high-end appliances, wooden accents, and a central island for functionality and convenience."
"mediterranean_303.jpg","Industrial","black, white, green","wood, metal, leather","soft overhead lighting with industrial style fixtures","modern and minimalistic","vintage style floor lamp, black leather armchair, white sofa, wood coffee table, potted plant","open-concept living space with a central seating area","This modern, industrial living room features a vintage style floor lamp as the focal point over a black leather armchair and white sofa, centered around a wood coffee table. The space is accented with greenery from potted plants."
"mediterranean_304.jpg","Modern Minimalist","white, wood tones, blue accents","natural stone countertops, stainless steel appliances, oak cabinets","bright and airy with natural light from large windows","clean, open, and inviting","modern island with bar stools, large potted plant, wooden cutting board, vintage-style kitchen tools","open concept with kitchen flowing into dining area","This modern minimalist kitchen is characterized by clean lines, a neutral color palette, and an abundance of natural light. The space features wooden countertops and cabinets for a warm, earthy feel, while stainless steel appliances add a touch of contemporary flair. An open layout with a central island allows for easy interaction between the kitchen and dining area, creating a welcoming and functional space."
"mediterranean_305.jpg","Modern","white, beige, grey","wood, stone, metal","natural light from windows and stone fireplace","warm and inviting","couch, coffee table, area rug, fireplace tools, decorative vases","open concept layout with sitting area centered around fireplace","A modern living room space with neutral colors, natural lighting, and a cozy fireplace at the center. The open concept design focuses on comfort and relaxation."
"mediterranean_306.jpg","Modern Minimalist","light gray, dark gray, white","wood, glass, fabric","natural soft light from large windows","calm and airy","sofa, coffee table, plant, floor lamp, mirror, bookshelf","open space with central seating area","This modern minimalist living room features a light gray color palette, wood and glass materials, natural soft lighting from large windows, a calm atmosphere, and a variety of furniture including a sofa, coffee table, plant, floor lamp, mirror, and bookshelf."
"mediterranean_307.jpg","Contemporary","white, wood, gray","brick, concrete, steel","Natural light from the many windows and a skylight in the living area.","Elegant yet warm, with ample natural light creating a bright and inviting atmosphere.","white sofa, wood coffee table, vase with fresh flowers, modern floor lamp","Open layout with the living area flowing into the dining room, creating a sense of space.","This contemporary home features clean lines and neutral colors, giving it an elegant yet warm feel. The open layout ensures plenty of natural light, while the modern touches in the furniture and design elements add a touch of sophistication."
"mediterranean_308.jpg","Modern Minimalist","black, white, wood","glass, wood, metal","well-lit with recessed ceiling lights","modern and clean","bar stools, beer taps, shelving","open layout with bar at center of room","A modern wine cellar and bar area featuring a black accent wall, stainless steel appliances, glass wine storage units, dark wood stools, and industrial style lighting."
"mediterranean_309.jpg","Modern Minimalist","white, light wood, neutral","wood, marble, stainless steel","natural soft light from large windows and recessed lighting in ceiling","calm and airy","sofa, coffee table, floor lamp, plant, chairs","open space with central seating area surrounded by windows","This modern minimalist design features light wood tones, neutral colors, and natural materials, creating a serene and airy atmosphere."
"mediterranean_31.jpg","Modern","neutral colors, white, gray","natural wood, leather, metal","modern with a mix of natural and ambient light","elegant and clean","sofa, coffee table, chair, couch, lamps","open plan living space","This modern open living room features a neutral color palette, with natural wood accents. The furniture arrangement creates a comfortable and elegant atmosphere."
"mediterranean_310.jpg","Spanish Colonial","white, blue, red","stone, wood, tile","Warm and inviting from numerous windows, including a covered entryway.","Elegant and warm, with a touch of luxury.","large wooden doors, stone walls, tiles floors, plants","A spacious central courtyard surrounded by various rooms, including the covered entryway at the front. The courtyard is paved with stone pavers and leads to other parts of the house.","This home embodies a classic Spanish Colonial style with its arches, wooden doors, and stone walls. A luxurious yet inviting atmosphere with warm lighting that comes from numerous windows and an open central courtyard."
"mediterranean_311.jpg","Modern Minimalist","white, beige, light wood","brick wall, wood flooring, steel, leather","natural soft light from large windows","calm and airy","couch, bookshelf, coffee table, plant, floor lamp","open space with central seating area","The living room has a modern minimalist design, featuring white walls, beige carpeting, and wooden floors. The brick wall adds texture to the space, while steel accents provide an industrial touch. A couch sits in front of a large window, allowing for natural light to fill the room. On one side, a bookshelf filled with books creates a cozy reading nook. The coffee table holds decorative items, and a plant adds a touch of nature. A floor lamp stands in the corner, providing additional lighting when needed."
"mediterranean_314.jpg","Modern Minimalist","light wood, white, steel","wood, glass, stainless steel","natural soft light from large windows and undercabinet LED lights","clean and contemporary","wooden cabinet with glass doors, black and stainless steel oven, white countertops, black and silver coffee maker","space is split into a small kitchen area with cabinets, a separate but connected dining area","This modern kitchen design showcases a minimalist approach with light wood tones, undercabinet lighting for ambiance, and a mix of stainless steel appliances and black countertops."
"mediterranean_317.jpg","Modern","gray, white, blue","brick, wood, concrete","Natural light from large windows and outdoor setting.","Luxurious and serene.","swimming pool, sun loungers, outdoor sofa, planter box with greenery","Open concept space with an expansive patio area overlooking a swimming pool.","This luxurious backyard is designed in a modern style, featuring natural materials such as brick and concrete. The color palette includes gray, white, and blue to create a serene and inviting atmosphere. Large windows allow ample sunlight to fill the space, enhancing its luxurious feel. A poolside patio area with sun loungers and an outdoor sofa provides comfortable seating options for relaxation. The outdoor setting includes a planter box filled with greenery that adds life and color to the space."
"mediterranean_318.jpg","Naturalistic","green of trees and plants, rocky grey of pathways and walls, rustic brown tones","wooden sticks, rocks, gravel","natural daylight and shade from tree cover","serene and relaxed","trees and bushes in background, pathway leading to the front of garden area, rocks lining the path, potted plants along the side","a curving walkway that guides you through the garden","A naturalistic designed landscape that invites visitors for a peaceful stroll while enjoying the tranquility of the trees and greenery."
"mediterranean_319.jpg","Modern Minimalist","white, brown, silver","wooden cabinetry, steel appliances, quartz countertops","soft, warm LED lighting with track lights accentuating the kitchen island","clean and uncluttered","kitchen island with built-in sink and dishwasher, open shelving for displaying cookware and glassware, modern chandelier over the dining table","an L-shaped kitchen that leads into a separate dining area, providing a clear separation between spaces","This modern kitchen features minimalist design elements, with an emphasis on wood and steel for a sleek, contemporary look."
"mediterranean_320.jpg","Modern Minimalist","white, black, gray","stainless steel, glass, marble","recessed and pendant lighting","modern, sleek, and clean","kitchen island, bar stools, hanging pot, metal shelf","open plan with a central kitchen island","This is a modern minimalist kitchen with stainless steel appliances, marble countertops, and a white color scheme. The open layout features a central kitchen island with bar stools for additional seating, and the space is well-lit by recessed and pendant lighting."
"mediterranean_321.jpg","Modern","white, light wood","wood, brass, glass","recessed lighting and floor lamps for ambient lighting","spacious and bright","large island with stools, modern pendant lights, contemporary rug on hardwood floors, metal sculpture on mantle, large abstract painting on wall","open kitchen and living room area with island as focal point","This modern space features a bright color palette with white walls, light wood accents, and brass details. The open layout connects the kitchen and living areas seamlessly, creating a spacious and welcoming atmosphere."
"mediterranean_322.jpg","Modern Minimalist","white, gray, black","stainless steel, wood, glass","under-cabinet lighting and overhead recessed lights","clean, modern, and sleek","white cabinets, black and gray dishes, modern appliances","kitchen with island in center for food preparation","A modern kitchen design with minimalist style elements, featuring stainless steel fixtures, white cabinets, a neutral color palette, and contemporary lighting."
"mediterranean_323.jpg","Modern","white, black, gray","glass, marble, wood","Overhead track lighting and natural sunlight through window","Calm, clean, and minimalistic","floor-mounted sink, large mirror with black frame, bath towel rolled on edge of tub, vase with flowers","Open space with freestanding bathtub against a corner wall, adjacent to large window and countertop.","This bathroom features a modern design with a clean and minimalistic aesthetic. The primary color palette is white, gray, and black, creating a sense of tranquility and simplicity. Natural sunlight filters through the window, adding warmth to the space. Materials used include glass for the shower stall, marble for the countertop and floor, and wood for the cabinets. The open layout maximizes the use of available space, providing a relaxing environment."
"mediterranean_324.jpg","Modern Minimalist","white, beige, brown","wood, fabric, glass","natural soft light from large windows","calm and airy","bed, fireplace, chair, couch, rug","open space with central seating area","This is a modern minimalist bedroom featuring a neutral color palette with wood accents, soft lighting from natural windows, and a calm and airy atmosphere."
"mediterranean_325.jpg","Modern Minimalist","white, beige, light wood","wood, linen, glass","natural soft light from large windows","calm and airy","chairs, table, shelves, cabinet, washer, dryer, vase","open space with central seating area","This is a clean, modern kitchen and living room with an emphasis on simplicity and functionality."
"mediterranean_326.jpg","Modern Minimalist","white, brown","wood, steel","soft and indirect lighting, with ambient light provided by the fireplace","calm and sophisticated","couches, coffee table, lamps, fireplace, potted plant","open space with central seating area, divided by a coffee table and framed by the fireplace","This modern living room features a minimalist design with clean lines and a neutral color palette. The warm brown tones of the wood walls contrast with the cool white ceiling, while the steel elements add an industrial touch to the space. Soft lighting from the lamps complements the ambient glow of the fireplace, creating a calm and sophisticated atmosphere. The layout is open and inviting, with central seating provided by the two couches that surround the coffee table. A potted plant adds a touch of nature to the room, enhancing the overall feeling of comfort and relaxation."
"mediterranean_327.jpg","Modern","white, wood, silver","oak wood, stainless steel, porcelain","bright and natural light from window above sink","clean and minimalist","large plant, wood cutting board on counter, silver faucet over sink","open kitchen with center island","A modern kitchen with a clean, minimalistic design. Featuring natural light from an above-sink window, white cabinets, wood accents and stainless steel appliances."
"mediterranean_328.jpg","Scandinavian","white, beige, light wood","linen, wool, wood","natural soft light from large windows","calm and airy","bed, nightstand, rugs, artwork","open space with central seating area","This bedroom is designed in a Scandinavian style, featuring a light color palette of white, beige and light wood. The room includes linen upholstered headboards and footboards, wool throws and blankets, and wooden nightstands. The space is filled with natural soft light from large windows, creating a calm and airy atmosphere. Objects in the room include a central bed, two nightstands with lamps, various area rugs, and artwork on the walls."
"mediterranean_329.jpg","Modern","beige, brown, gray","wood, fabric","recessed lighting and a floor lamp","warm and welcoming","leather sofa, flat-screen TV, coffee table, floor lamp, throw pillows","open concept with a central area for seating and entertainment","A modern living room with neutral tones, wood accents, comfortable furniture and smart lighting."
"mediterranean_330.jpg","Modern Minimalist","white, beige, dark wood","concrete, wood, steel","large windows provide soft, natural light","calm and airy","dining table, sofa, coffee table, chandelier, potted plant","open layout with central seating area near large windows","This spacious dining room is designed in a modern minimalist style, featuring neutral colors and natural materials. The large windows let in soft light that illuminates the space, creating a calm and airy atmosphere."
"mediterranean_332.jpg","Modern Minimalist","white, beige, light wood","oak wood, linen, marble","natural soft light from large windows","calm and airy","island, bar stools, oven, refrigerator","open space with central island and surrounding seating","A bright, minimalist kitchen design featuring oak cabinets, white countertops, and ample natural light."
"mediterranean_333.jpg","Industrial Loft","white, dark wood, metallic","metal, wood, glass","subtle overhead track lighting with industrial-style fixtures","modern and sleek, with a touch of rustic warmth","large open shelving unit, plant with tall green leaves, stack of books, decorative vase","wide and rectangular space with open concept layout","An industrial-style kitchen with a touch of rustic charm, featuring large open shelves filled with decorative items, and a stack of books on the counter."
"mediterranean_334.jpg","Modern Minimalist","beige, light wood, brown","oak wood, leather, glass","bright and natural light from glass ceiling","calm and airy","shoe cabinet with glass doors, high-backed leather sofa, area rug, floor lamp","narrow space with long seating area and open floor plan","This is a modern minimalist interior design featuring beige, light wood, and brown tones. The space includes an oak wood cabinet and leather sofa in an airy room with bright natural light from the glass ceiling."
"mediterranean_335.jpg","Modern Minimalist","light gray, cream, wood","stucco, brass, wood","natural soft light from large windows","calm and airy","sofa, coffee table, plant, floor lamp","open space with central seating area","This modern minimalist living room features a light gray color scheme, stucco walls and wood flooring. The space is filled with natural soft light that creates a calm atmosphere."
"mediterranean_337.jpg","Modern","green, purple, yellow","wood, concrete, metal","Natural light through windows","Calm and serene","flower beds, patio, fence, outdoor furniture","Garden space with outdoor living area, bordered by a wooden fence.","The image shows an outdoor garden and patio area, designed in a modern style with a mix of natural materials like wood, concrete, and metal. The color palette is soft and earthy, featuring green, purple, and yellow plants and flowers, which create a calm and serene atmosphere. The space is surrounded by a wooden fence, providing privacy and enclosing the outdoor living area. There are no visible furniture or decorative objects in the image."
"mediterranean_338.jpg","Modern Minimalist","white, beige, light wood","marble, wooden cabinetry, glass","soft and ambient, with a warm glow from overhead lighting","calm and serene","sink, mirror, vase with plant, soap dispenser, tray of toiletries","square sink in corner with mirror on opposite wall, wooden cabinetry underneath","This bathroom features a minimalist modern design, with clean lines and a calming color palette. The use of marble and wood creates a warm atmosphere. The space is well lit and organized, with toiletries neatly displayed on the counter."
"mediterranean_339.jpg","Mediterranean","brown stone wall, green ivy, red brickwork","stone and red bricks, rustic wooden beams, iron grills","natural light filtering through arches and windows","calm and inviting","wooden doors with wrought iron detailing, stone bench under archway, plant on brick pedestal, large ceramic urn","linear pathway through courtyard leading to entrance","Mediterranean-style home with stone and red brickwork, natural lighting, wrought iron details, rustic wooden beams, ivy climbing on walls, large plant on pedestal under archway."
"mediterranean_340.jpg","Modern Minimalist","white, wood, green","oak wood, glass, steel","natural soft light from large windows","calm and airy","sofa, coffee table, plant, floor lamp","open space with central seating area","This modern, minimalist design emphasizes clean lines and an uncluttered environment. The color palette is simple yet bold, featuring white walls, wooden floors, and green accents. The materials used are a mix of natural elements like oak wood and sleeker metals like steel. Large windows invite in abundant natural light that creates a soft atmosphere, while the central seating area offers a comfortable spot for relaxation or socializing. The overall mood is calm and airy, providing a serene space to unwind."
"mediterranean_341.jpg","Scandinavian","white, beige, light wood","oak wood, linen, stainless steel","natural soft light from large windows and chandelier","calm and airy","sofa, coffee table, potted plant, vase of flowers, rug","open space with central seating area, adjacent to kitchen island","This is a modern Scandinavian living room with an open floor plan. The color palette includes white and light wood tones, complemented by the oak wood cabinetry. Natural lighting fills the space from large windows on one wall, while a chandelier provides soft illumination in the evenings. The overall mood is calm and airy, with a cozy seating area that features a sofa, coffee table, rug, and potted plant. A kitchen island extends into this living area, suggesting a connected, open-concept layout."
"mediterranean_342.jpg","Modern Minimalist","white, beige, light wood","wood, stucco, stone","natural soft light from large windows","calm and airy","sofa, coffee table, plant, floor lamp","open space with central seating area","Modern minimalist design with a light wooden color palette, featuring natural materials like wood and stucco. The large windows let in soft lighting, creating a calm and airy atmosphere. The layout features an open space centered around a sofa and coffee table, with additional seating areas provided by a plant and floor lamp."
"mediterranean_343.jpg","Modern Minimalist","white, beige, light wood","stone, concrete, metal","natural soft light from large windows and ceiling lights","calm and airy","sofa, chaise lounge, coffee table, potted plant, outdoor umbrella","open space with central seating area, adjacent to outdoor pool and patio","A modern minimalist outdoor living space featuring stone and concrete materials, natural light, a cozy sofa and chaise lounge for relaxation, and an inviting pool area."
"mediterranean_344.jpg","Modern Minimalist","white, grey, green","concrete, steel, wood","natural soft light from large windows and skylights","calm and airy","modern sofa, contemporary chairs, plants, metal table","open space with central seating area and minimalistic design elements","This modern minimalist living room showcases a clean and spacious design with concrete walls, steel accents, wood floors, and large windows for natural light. The color palette is simple yet vibrant, with white as the backdrop complemented by grey, green, and wood accents. Plants add life and warmth to the space."
"mediterranean_345.jpg","Modern Minimalist","white, grey, wood","concrete, wood, glass","natural soft light from large window","calm and airy","shower, sink, cabinet, plant","long narrow bathroom space with central sink area","A modern minimalist bathroom design in shades of white, grey and wood, featuring concrete walls and a large window for natural light."
"mediterranean_347.jpg","Modern Minimalist","white, beige, light wood","oak wood, stainless steel","natural soft light from large windows","bright and energetic","island with bar stools, stainless steel appliances, potted plants, hanging chandelier","open space with central island serving as the focal point","This kitchen features a modern minimalist design with a color palette that includes white, beige and light wood. The materials include oak wood and stainless steel, contributing to a bright and energetic atmosphere. Key objects in the space include an island with bar stools, stainless steel appliances, potted plants and hanging chandelier. The layout is open and centered around the island which serves as the focal point."
"mediterranean_35.jpg","Modern Minimalist","light beige, white, neutral gray","oak wood, marble, stainless steel","natural soft light from large windows","warm and cozy","sofa, coffee table, plant, floor lamp","open space with central seating area","This modern minimalist living room features light beige and white neutral colors, oak wood floors, marble countertops, and stainless steel appliances. Large windows provide natural soft light. The open floor plan creates a warm and cozy atmosphere with a central seating area flanked by chic furnishings like the sofa, coffee table, plant, and floor lamp."
"mediterranean_350.jpg","Modern Minimalist","light blue, white, gold","wood, marble, glass","well-lit with natural light and some artificial lighting","clean, crisp, elegant","sink, mirror, toilet, potted plant","space is divided by a bathroom vanity and white toilet with wood flooring","This modern minimalist bathroom features clean lines, natural lighting, and a harmonious color palette."
"mediterranean_351.jpg","Spanish Colonial","beige, blue accents","brick, wood, stone","warm and ambient lighting from ceiling lanterns","inviting and relaxed","large archway, tile floor, decorative columns","open space with archways leading to different areas","The interior of a Spanish Colonial style building, featuring beige walls and blue accents, wooden tables and chairs, brick floors, stone arches, and lantern lighting that creates a warm and inviting atmosphere."
"mediterranean_352.jpg","Modern","beige, brown, white","concrete, wood, glass","ambient and natural light from large windows","calm and serene","bathtub, shower, sink, toilet, mirror, bottle, vase","small space with efficient use of space, featuring shower in corner and sink and toilet adjacent to each other","This modern bathroom is designed for functionality and a minimalist aesthetic."
"mediterranean_353.jpg","Modern","white, gray, dark brown","stone tiles, metal railings, glass panels","ambient light from ceiling lights, natural light from large windows and sliding glass doors","sophisticated and sleek","large outdoor pool with water features, outdoor fireplace, tiled patio with seating area","open floor plan with indoor-outdoor flow, centered around outdoor pool","This image depicts a modern home with an open layout that flows seamlessly to the outdoor living space. The design features a mix of materials and neutral colors, creating a sophisticated and sleek atmosphere."
"mediterranean_354.jpg","Modern Minimalist","white, beige, light wood","wood, porcelain, tile","natural soft light from large windows","clean, simple and uncluttered","bathtub, sink vanity with mirror, toilet, hanging plant","long and narrow space with bathroom elements arranged along one wall","A clean and modern bathroom with a simple design, featuring wooden accents, natural light, and minimal decor."
"mediterranean_355.jpg","Modern","white, light wood, gray","stainless steel, glass, wood","Natural light from the high windows and recessed lights in the ceiling.","Warm and inviting with a contemporary twist.","center island, modern chairs, large vase, metal range hood","Open concept kitchen/living area with center island as focal point, providing both functionality and seating.","A modern home kitchen featuring a warm palette, stainless steel appliances, glass backsplash, and ample natural lighting."
"mediterranean_356.jpg","Modern","black, white, wood","metal, wood, fabric","well-lit with natural light","clean and minimalistic","stair railing, wooden stairs, black balustrade","open space with central focal point of stairs","This image showcases a modern interior design with a clean, minimalist aesthetic. The color palette is simple and classic, featuring black, white, and wood tones. Materials used include metal, wood, and fabric for a warm yet sleek finish. Lighting is well-lit with natural light coming in through the windows, creating a bright and open atmosphere. The main focus of this space is the stair railing with its black balustrade and wooden stairs, which serves as the central focal point."
"mediterranean_357.jpg","Spanish Colonial","beige, white, brown","terracotta tiles, wood beams and rails, adobe bricks","Warm, soft natural light from the arched windows and doors","Inviting, cozy and warm","large wooden front door, iron gate with wrought iron detailing, terracotta tiled wall above entrance","Flat facade with covered entryway","A charming Spanish Colonial-style home featuring a beige exterior with terracotta roof tiles, wooden door and arched windows."
"mediterranean_358.jpg","Rustic","earth tones, copper accents, light wood","wood, stone, cast iron","warm and ambient lighting from hanging lanterns and recessed ceiling lights","inviting and homey","large wooden kitchen island, vintage copper range hood, antler chandelier, stone fireplace","U-shaped layout with an L-shaped kitchen bar and dining table in the center of the space","This rustic kitchen features an abundance of wood, stone, and copper accents that create a warm and inviting atmosphere. The U-shaped layout encourages conversation while cooking and dining."
"mediterranean_36.jpg","Modern","white, light gray, dark wood","stone, brick, wood","Natural light from windows and outdoor lights at night","Warm and inviting","large sofa, coffee table, area rug, floor lamp, bookshelf","Open living area leading to private bedrooms","A modern two-story home with a warm palette of white, light gray and dark wood, featuring large windows for natural lighting. The open layout leads through a covered walkway to the private spaces. The home is finished in stone and brick exteriors with wooden detailing."
"mediterranean_360.jpg","Modern","brown, green, red","brick paver walkway, natural stone steps, wooden bench","Natural light from windows and outdoor lights","Cool and contemporary","outdoor furniture, potted plants, artwork","Linear path with steps leading to seating area","A modern garden pathway with brick pavers, stone steps, wooden bench, potted plants and artwork."
"mediterranean_361.jpg","Mid-Century Modern","white, beige, light wood","stone tiles, wood paneling, metal railings","soft natural light from large windows and recessed ceiling lights","warm and welcoming","sofa, coffee table, plant, floor lamp","open space with a central entryway and a separate living area to the right","This mid-century modern home has an inviting atmosphere, featuring warm tones, natural materials, and classic furniture pieces."
"mediterranean_362.jpg","Modern Minimalist","white, beige, light wood","wood, linen, metal","Natural soft light from large windows","Calm and airy","sofa, coffee table, plant, floor lamp","Open space with central seating area near large windows","This is a modern, minimalist living room that exudes calmness through its use of neutral colors and natural light. The layout features an open floor plan centered around a cozy seating arrangement near large windows, providing a serene atmosphere."
"mediterranean_363.jpg","Industrial Loft","dark brown, light wood, black","steel, brick, wood","dimmed overhead lights with spot lighting on shelves","modern and sophisticated","wine rack with numerous bottles, chandelier above wine rack, white shelving unit","open space with central focal point on wine rack","This is an image of a well-lit room featuring a collection of wine bottles. The design combines industrial elements with loft style, utilizing dark colors and metallic accents for a modern and sophisticated feel. The chandelier above the wine rack adds a touch of elegance to the space."
"mediterranean_365.jpg","Contemporary","beige, brown, gray","stone, wood, metal","well-lit with recessed lighting and natural light from large windows","relaxed and inviting","poolside lounge chair, outdoor fireplace, stainless steel grill, large outdoor planter","open concept with a central pool area and an L-shaped structure for outdoor living space","This is a spacious, contemporary poolside living room. It features neutral tones, natural materials, and ample lighting to create a welcoming atmosphere."
"mediterranean_367.jpg","Modern Minimalist","white, beige, light wood","clapboard siding, brick pavers, metal railings","natural soft light from large windows and outdoor lighting","warm and inviting","sofa, coffee table, rattan chairs, floor lamps, outdoor seating","open space with central seating area surrounding pool and fireplace","This modern minimalist home features a warm color palette, natural materials, and ample outdoor living spaces."
"mediterranean_368.jpg","Modern Minimalist","dark brown, white, grey","metal, glass, wood","natural light from windows and warm overhead lights","clean, modern, spacious, and serene","large front door with glass panels, welcome mat, potted plant, outdoor light fixture","front door leads to a hallway that provides access to the main living area","This modern minimalist design features clean lines, spaciousness, and natural materials, creating a welcoming and serene atmosphere."
"mediterranean_369.jpg","Industrial Loft","white, black, metallic","wood, metal, concrete","industrial style with exposed ceiling beams and black metal fixtures","cozy and rustic with a modern touch","black kitchen island, raw wood table, vintage pendant lights, wooden crate coffee table","open plan design with large windows connecting the kitchen, dining, and living areas","This space combines modern industrial elements with a touch of rustic charm to create a warm and inviting atmosphere."
"mediterranean_37.jpg","Scandinavian","green, beige, white","wood, brick, stone","natural soft light from large windows and wooden shutters","calm and serene","sofa, coffee table, plant, floor lamp","curved pathway leading to back patio","Modern Scandinavian garden room with natural light, wooden furniture, and stone accents."
"mediterranean_370.jpg","Spanish Colonial","white, beige, brick red","stucco exterior walls, tile flooring, stone paving","sunlit courtyard and outdoor living space","welcoming and inviting","ornate wooden door, clay pot fountain, antique iron bench, large terracotta urn","central courtyard with offshoots to different rooms","This Spanish Colonial style house features stucco exterior walls, tile flooring, stone paving and a central courtyard that is bathed in sunlight. The color palette is neutral, with beige, white and brick red being the main tones. The mood of the house is welcoming and inviting, characterized by outdoor living spaces like a courtyard and an outdoor fireplace. The layout includes a central space surrounded by different rooms, each accessed from the central area."
"mediterranean_371.jpg","Modern Minimalist","white, beige, yellow","wood, fabric, stone, metal","natural soft light from large windows and outdoor patio doors","bright and energetic","sofa, coffee table, plant, floor lamp, outdoor lounge chairs","open space with central seating area surrounding a fireplace, leading to outdoor patio","Sunny living room and adjacent patio that combines indoor comfort with outdoor accessibility."
"mediterranean_372.jpg","Mid-Century Modern","tangerine orange, navy blue, sage green","natural wood, brass, linen","warm and bright natural lighting from windows and outdoor light fixtures","cozy and inviting with a touch of whimsy","mid-century modern dining table, barbecue grill, citrus tree, wicker chairs","open air kitchen/dining area with central barbecue grill and surrounding seating","A tropical twist to mid-century modern style, this outdoor living space combines vibrant colors and textures with a touch of the sunshine state's botanical bounty."
"mediterranean_373.jpg","Bohemian","pink, golden, black","wood, velvet, glass","Mix of natural sunlight and warm, ambient lighting from soft-toned lamps","Romantic and dreamy","king-size bed with floral comforter, tufted velvet bench, vintage chandelier, plush pink throw pillows","Open floor plan with two beds placed in a way that allows for conversation between them, separated by a large window.","This bedroom is designed with a bohemian style, featuring soft, muted colors and natural materials. The open layout creates a sense of spaciousness, while the placement of furniture encourages social interaction."
"mediterranean_375.jpg","Modern","gray, white, brass","glass, steel, marble","natural soft light from large windows","calm and airy","sink, cabinets, stove, table","linear design with central kitchen island","This modern kitchen features a sleek gray cabinetry set against a neutral color palette, punctuated by brass handles. The natural light from the large windows creates a bright and inviting space. The steel appliances contrast nicely with the marble countertops, while the glass backsplash adds a touch of elegance."
"mediterranean_377.jpg","Modern","dark green, light wood, white","wooden cabinets, stainless steel appliances, granite countertops","recessed lighting with warm white bulbs and overhead track lighting for accentuation","inviting and comfortable","large wooden kitchen island, vintage-style stove, modern sink, high-quality pots and pans","kitchen with a central island and open shelving on the far side for storage","This modern kitchen combines traditional elements, such as wooden cabinets, with contemporary fixtures to create a warm and inviting space. The contrast between dark green walls and light wood cabinets creates a pleasant visual effect. Recessed lighting and track lighting provide ample illumination, while overhead lights add a touch of elegance. A large central island serves as both additional workspace and a focal point in the room. The vintage-style stove adds character to the space while maintaining functionality, and high-quality appliances contribute to the kitchen's overall sophistication."
"mediterranean_378.jpg","Modern Minimalist","white, light wood, gray","oak wood, linen, steel","natural soft light from large windows","calm and airy","sofa, coffee table, plant, floor lamp, chandelier","open space with central seating area","A modern minimalist style two-story house with a warm, inviting atmosphere featuring oak wood, linen and steel materials."
"mediterranean_379.jpg","Modern Minimalist","white, beige, light wood","wooden cabinets, marble countertops, stainless steel appliances","natural light with accent of pendant lights","modern and sleek, yet warm and inviting","kitchen island, wooden stove top oven, sleek range hood, pendant lights","galley kitchen with an L-shaped countertop and double sinks","This kitchen combines a modern minimalist style with natural materials to create a warm, sleek, and inviting space."
"mediterranean_38.jpg","Modern Minimalist","blue, brown, white","wood, metal, glass","natural soft light from large windows and hanging lights","bright and airy","stainless steel refrigerator, black stove with glass range hood, wooden island with sink, blue kitchen cabinets, marble countertops","open space with central cooking area and wood-trimmed island","This modern kitchen features a warm blue color scheme, sleek stainless steel appliances, wooden accents, and ample natural light."
"mediterranean_380.jpg","Modern Minimalist","beige, light wood, white","oak wood, linen, steel","natural soft light from large windows","calm and airy","sofa, coffee table, plant, floor lamp","open space with central seating area","This living room is designed in a modern minimalist style, featuring beige and light wood tones on the furniture. The space has an open layout with a large sofa as the centerpiece, complemented by a coffee table, floor lamp, and potted plant. Natural light from windows creates a calm and airy atmosphere."
"mediterranean_381.jpg","Modern Minimalist","white, blue, gray","wood, silk, marble","natural soft light from large windows","calm and airy","bed, dresser, lamp, ruffled blue throw blanket","open space with central seating area","This modern minimalist bedroom features a simple yet elegant design, with natural light creating a serene atmosphere. The color palette consists of soft whites and calming blues, complemented by wooden accents and touches of silk for texture. The room includes a large bed, stylish dresser, functional lamp, and a cozy throw blanket."
"mediterranean_382.jpg","Modern Minimalist","navy blue, beige, light wood","stainless steel, wood veneer, brass accents","overhead pendant lights and recessed lighting","spacious and clean","island with breakfast bar stools, modern cabinetry, large windows for natural light, stainless steel appliances","open kitchen space with central island and seating area","This modern minimalist kitchen features a palette of navy blue, beige, and light wood, with stainless steel appliances and cabinetry. The open layout provides ample space for cooking and entertaining guests while large windows allow natural light to stream in."
"mediterranean_383.jpg","Mid-Century Modern","blue, rust, white, gold","wood, fabric, glass","bright and natural lighting from large windows","vibrant and inviting","sofa, coffee table, plant, area rug, wall art","open space with central seating area and ample natural light","This spacious living room is decorated in a Mid-Century Modern style, featuring warm rust tones alongside cool blue accents. The space is brightened by large windows that let in plenty of natural light. The furniture includes a plush sofa for seating and a coffee table for surface area. A plant adds a touch of greenery to the room, while wall art complements the overall design. An area rug ties the space together, adding texture and warmth underfoot."
"mediterranean_385.jpg","Modern Minimalist","beige, white, light wood","marble, stainless steel, glass","natural soft light from a window","calm and airy","modern shower head, large glass block, tiled bench","long narrow space with marble walls and floor","This modern minimalist bathroom features beige and white tones, marble fixtures, stainless steel accents, and large glass blocks that let in natural light."
"mediterranean_386.jpg","Modern","red, white, black","wood, leather, metal","Under-cabinet lighting for wine racks and wall-mounted lights above the bar.","Contemporary and sophisticated with a focus on functionality.","wine rack, bar counter, wine bottles, wine glasses, vintage posters","Bar area with storage and display space integrated into the stairs, creating an elegant wine cellar effect.","This modern-style wine bar features a warm color palette and sophisticated materials for a contemporary look. Under-cabinet lighting illuminates the wine racks, while wall-mounted lights above the counter provide ambient lighting. A vintage poster adds a touch of classic charm to the space."
"mediterranean_387.jpg","Modern Minimalist","white, beige, light wood","oak wood, linen, steel","natural soft light from large windows and a chandelier","calm and airy","white sofa, wood coffee table, large area rug, wall-mounted flat screen TV, floor lamp","open space with central seating area, fireplace as focal point","This modern living room features a neutral color palette and minimalistic design elements. The open layout creates a sense of spaciousness while the wooden furniture adds warmth to the space."
"mediterranean_388.jpg","Scandinavian","white, light wood, blue, orange","wood, fabric, glass, metal","Natural light from large windows and ceiling lights.","Bright, airy, and inviting.","sectional sofa, coffee table, rug, artwork, plant","Open space with a central seating area around a fireplace.","This is a spacious Scandinavian-style living room with natural wood tones, bright colors, and ample lighting."
"mediterranean_389.jpg","Modern","green, white, brown","concrete, metal, wood","natural and soft lighting from the outdoor space, complemented by warm indoor lights","peaceful and serene","indoor potted plant, steel garden fence, concrete pathway, outdoor seating area","linear pathway leading to outdoor space, with plants lining each side","A modern and peaceful patio space featuring a concrete pathway bordered by greenery, with an indoor garden room off the main outdoor area."
"mediterranean_39.jpg","Modern Minimalist","beige, white, wood accent","stone veneer on walls, leather sofa, stainless steel appliances","recessed lighting with adjustable track lighting for additional illumination","calm and modern","modern white leather sectional sofa, dark stained wooden coffee table, large abstract art piece","open space concept with central seating area, separate dining area, and open kitchen concept","A contemporary living space showcasing a neutral color palette, modern furnishings, and a focus on clean lines and minimalistic design."
"mediterranean_390.jpg","Modern Minimalist","white, beige, light wood","wood, tile, brass","natural soft light from large windows and recessed ceiling lights","calm and airy","large sofa, coffee table with decorative items, floor lamp, potted plant","open space with central seating area, flanked by columns leading to doors","The interior design is a Modern Minimalist style that features neutral colors and natural materials. The space has an open layout, with large windows letting in soft light and creating a calm and airy atmosphere."
"mediterranean_391.jpg","Modern Minimalist","white, beige, black","wood, glass, metal","recessed lighting with a floor lamp in the corner providing ambient light","clean and contemporary, with a touch of warmth from the beige furniture","couch, coffee table, floor lamp, plant","open concept living room, featuring a large window providing natural light to brighten up the space","This modern living room combines clean lines with minimalist design elements, creating a serene and contemporary atmosphere."
"mediterranean_392.jpg","Modern Minimalist","white, gray, black","glass, stone, wood","natural soft light from large windows","calm and airy","bathtub with clear shower door, modern bathroom sink, wooden slat shelving unit","open space with central bathtub in corner","This bathroom is designed in a modern minimalist style, featuring a clean and airy feel with a monochromatic color palette of white, gray, and black. The materials used include glass for the shower door, stone for the countertops, and wood for the shelving unit. Natural light fills the space from large windows, creating a calm atmosphere."
"mediterranean_393.jpg","Spanish Colonial","white, red, gray","stucco, wood, metal","Natural light from large windows with white trim","Warm and inviting","doorway arch, patio table, outdoor chair, potted plant","Open space layout with a central outdoor area","The Spanish Colonial style home features red accents on the white walls, wooden doors, and metal railings. The large windows allow for plenty of natural light to flood the space, creating a warm and inviting atmosphere."
"mediterranean_394.jpg","Modern Minimalist","white, gray, brass","wood, marble, metal","natural soft light from large windows","calm and airy","hanging pendant lights, dining table, bar stools, kitchen island","open space with central seating area","This kitchen combines a modern minimalist style with an abundance of natural light, creating a calm and airy atmosphere."
"mediterranean_395.jpg","Modern","brown, white, green","wood, stone, leather","soft, warm light from recessed fixtures and a chandelier","luxurious and inviting","cabinet, sofa, coffee table, floor lamp, vase","an L-shaped arrangement with a central seating area and storage on both sides","This room features a modern design, with a warm palette of brown and white accented by green. The space is furnished in high-quality materials like wood, stone, and leather, which contribute to the luxurious feel. A variety of objects are displayed on shelves and cabinets, creating an inviting atmosphere for guests."
"mediterranean_396.jpg","Modern Minimalist","white, beige, light wood","oak wood, linen, concrete, steel","natural soft light from large windows","calm and airy","kitchen island, stainless steel appliances, marble countertops, vintage-style light fixtures","open space with central seating area around kitchen island","This modern minimalist kitchen features a clean, open layout with natural light from large windows and an abundance of wood elements and steel appliances."
"mediterranean_397.jpg","Modern Minimalist","navy blue, white, light wood","oak wood, porcelain, brass","natural soft light from large windows","calm and airy","freestanding double sink, large window above sink, cabinet with glass doors below window, kitchen island with built-in stove top","long narrow space with central kitchen island","This modern minimalist kitchen combines sleek navy blue cabinetry and light wood accents with a neutral color palette. Natural light fills the space, creating a calm and airy atmosphere. The freestanding double sink sits below a large window that spans the length of the wall, while the kitchen island provides additional counter space and a built-in stove top."
"mediterranean_398.jpg","Modern Minimalist","white, beige, grey","leather upholstery, wooden bed frame, velvet throw pillows","dimmable overhead lighting with a warm tone","luxurious and inviting","large king-size bed, two nightstands, flat screen television, soft area rug","large, open space with central seating arrangement centered around the bed","This image showcases a modern minimalist hotel room. The color palette is neutral and warm, with beige and grey tones. The materials used include leather upholstery for comfort and style, a wooden bed frame that adds a touch of nature, and velvet throw pillows that provide texture. The lighting is dimmable overhead lighting with a warm tone. The overall mood is luxurious and inviting, with soft area rugs on the floor to add coziness. The layout features a large open space centered around the bed for a relaxed seating arrangement. The design style is modern minimalist, prioritizing clean lines and simple elegance."
"mediterranean_399.jpg","Modern Minimalist","dark green, white, metallic","tile, glass, steel","recessed lighting and natural light from a large window","modern and spacious","round mirror, white sink, vase with flowers, toiletries","single-sided vanity design with a shower enclosure to the right","This is a sleek, modern bathroom featuring dark green tile walls and floors, metallic fixtures, a white sink, and a round mirror. The space is well-lit with recessed lighting and natural light from a large window. There's a vase with flowers on the counter for decoration."
"mediterranean_4.jpg","Modern Minimalist","white, neutral grays, wood accents","wood, linen, leather","ambient light from recessed ceiling fixtures and natural light from large windows","calm and serene","large white fireplace, wood-framed sofa with cushions, textured rug under coffee table, modern floor lamp with a slim base, wall art in black frames","open concept layout with living room flowing into dining area","A modern, minimalist interior design featuring neutral color palette with wood accents, large fireplace as focal point, and natural light from windows."
"mediterranean_40.jpg","Modern Minimalist","white, gray, black","stone tiles, glass railings, stainless steel","natural light from the glass walls and ceiling","calm and peaceful","poolside lounge chair, poolside table, plant, water feature","open space with pool as centerpiece and seating areas on either side","This modern outdoor pool area features a minimalist design with stone tiles, glass railings, and stainless steel accents. The mood is calm and peaceful, with natural light streaming in from the glass walls and ceiling."
"mediterranean_400.jpg","Scandinavian","white, light wood","oak wood, marble","natural soft light from large windows","calm and airy","kitchen island, cooktop range, backsplash made of subway tiles in shades of gray and white","open space with central kitchen island","This modern Scandinavian-style kitchen features a light wood color palette, oak cabinets, marble countertops, and an open floor plan. Large windows provide ample natural light that brightens the space and complements the soft gray tones of the backsplash. The kitchen island offers additional workspace and seating, while the cooktop range provides a practical focal point for cooking and entertaining."
"mediterranean_401.jpg","Spanish Mediterranean","beige, terracotta, sky blue","stucco exterior wall, stone tiles, brass hardware","Natural light through windows and glass doors with white curtains, supplemented by recessed ceiling lights.","Warm and inviting","wooden front door with transom window above, wicker outdoor seating area, large wall hanging, floor model pool table","Ground floor living space leads to an outdoor swimming pool, with a courtyard in the middle. Upper level has additional bedrooms and sitting areas.","This Spanish Mediterranean style home features clean lines and warm colors, with materials like stucco and stone giving it an authentic feel. The layout is open and welcoming, leading to an outdoor swimming pool and courtyard."
"mediterranean_402.jpg","Mediterranean","beige, red, green","stone, stucco, wood","natural and artificial light creates a warm atmosphere","inviting and relaxed","sofa, coffee table, chairs, potted plants, fireplace","architectural design with open floor plan and central courtyard","This luxurious Mediterranean-style home features natural stone and stucco finishes, a warm color palette of beige, red, and green, and is well-lit by an inviting combination of natural and artificial lighting. The open floor plan leads to a central courtyard, creating a spacious, welcoming atmosphere for relaxation."
"mediterranean_403.jpg","Modern Minimalist","blue, white, light wood","oak wood, linen, steel","natural soft light from large windows and a chandelier","calm and airy","sofa, coffee table, plant, floor lamp, blue velvet armchair","open space with central seating area and a fireplace","A modern, minimalist living room featuring natural lighting, a cozy fireplace, and comfortable blue velvet furniture."
"mediterranean_404.jpg","Modern Minimalist","white, beige, light wood","stone, leather, stainless steel","soft natural light from large windows","cozy and inviting","sofa, wood burning stove, wicker coffee table, potted plant, floor lamp","open space with central seating area around fireplace","This is a cozy and minimalist modern living room with white and light wood tones, stone accents, and soft natural lighting. The centerpiece is the wood burning stove, providing warmth and atmosphere."
"mediterranean_405.jpg","Modern Minimalist","white, beige, gray","wood, cotton, linen, steel","natural soft light from large windows","calm and airy","bed, sofa, coffee table, plant","open space with central seating area","This modern minimalist bedroom features a soothing color palette of white, beige, and gray. Natural light streams in from large windows, creating a calm and airy mood. The room contains essential furniture including a bed, sofa, coffee table, and a plant for a touch of greenery."
"mediterranean_406.jpg","Modern","black, white, brass","stainless steel appliances, wood cabinets, marble countertops","natural and artificial light","modern and inviting","kitchen island, range hood, hanging pendant lights, recessed under-cabinet lights","open kitchen with central island","This modern kitchen combines stainless steel appliances, wood cabinetry, and marble countertops for a clean and contemporary look. The center island provides additional workspace and storage, while the pendant lights add warmth to the space."
"mediterranean_407.jpg","Modern Minimalist","white, light wood, stainless steel","oak wood, glass, concrete","well-lit with natural light from multiple windows and modern fixtures","clean, bright, and contemporary","high gloss kitchen cabinets, white center island, stainless steel appliances, modern pendant lights, wooden dining table","open concept layout with kitchen, dining, and living areas connected seamlessly","This modern kitchen is a beautiful blend of minimalism and functionality, featuring stainless steel appliances, white cabinetry, oak wood accents, and plenty of natural light from large windows."
"mediterranean_408.jpg","Scandinavian","light blue, white, natural wood","tile on walls and floor, wooden towel rack, metal shower fixtures","well-lit by ceiling lights with built-in shades","modern and clean","shower, toilet, sink, towel rack","space is divided into separate areas for shower, toilet, and sink, creating a functional yet open design","This is a modern bathroom with blue tiles on the walls and floor. The design is clean and functional, with a well-lit space that separates areas for shower, toilet, and sink."
"mediterranean_409.jpg","Spanish Colonial","rustic stone, warm earth tones, vibrant green","stone brick walls, wooden beams and rafters, brick pavers","natural light from windows with vintage-style wrought iron grates","inviting and welcoming, with a touch of old-world charm","vintage water fountain, antique lanterns on stone pillars, large terracotta pots with greenery","central courtyard area with arched entryway and a covered pergola","This Spanish Colonial home features rustic stone walls, vintage-style wrought iron grates on windows, an inviting central courtyard, and a charming water fountain."
"mediterranean_41.jpg","Modern Minimalist","blue, white, gray","wood, metal, glass","recessed lighting and pendant lights","clean, sleek, and spacious","kitchen island with seating, overhead range hood, potted plants, modern kitchen appliances","open layout with central workspace for cooking and dining","This is a modern, minimalist kitchen featuring an open floor plan, industrial-style cabinetry in dark blue, pendant lights over the island, and recessed lighting throughout."
"mediterranean_410.jpg","Scandinavian","white, light grey, navy blue","wood, marble, porcelain","Natural sunlight and soft ambient lighting from recessed lighting fixtures.","Calm, serene and modern ambiance.","freestanding bathtub, modern double sinks, brass towel rack","Open space with a separate room for bathing and grooming.","A well-designed modern bathroom with clean lines, neutral colors, high-quality materials and natural light."
"mediterranean_411.jpg","Modern Minimalist","white, gray, brass","stainless steel, quartz countertops, laminate cabinets","recessed ceiling lights and under-cabinet lighting","clean, bright, and functional","modern range hood with pots and pans hanging from it, stainless steel appliances, white kitchen island","straight lines and open layout with no obstructions in sightlines","A modern, minimalist kitchen with a streamlined design featuring stainless steel appliances and quartz countertops on white cabinets."
"mediterranean_412.jpg","Modern Minimalist","white, gray, beige","wood, marble, steel","soft overhead lights and natural light from large windows","calm and airy","kitchen island, modern pendant lights, black leather chairs, white marble countertops","open space with central kitchen island","This modern kitchen design focuses on clean lines, neutral colors, and natural light to create a serene atmosphere."
"mediterranean_414.jpg","Modern Minimalist","white, gray, beige","wood, linen, leather","natural soft light from large windows","calm and serene","bed, sofa, couch, chair, lamp","clean lines, open space with central seating area","This image depicts a modern minimalist bedroom design. The color palette consists of white, gray and beige tones, contributing to a calm and serene atmosphere. Natural light is emphasized through large windows, complemented by wood and leather materials for a warm and inviting feel. The room features a bed as the central element, with a sofa, chair and couch arranged around it, providing ample seating options. A simple lamp serves as the primary light source, enhancing the minimalist theme."
"mediterranean_416.jpg","Modern","white, black, brown","marble, wood, metal","Natural light from windows and pendant lights","Contemporary and sleek","bar stools, kitchen island, potted plants, coffee maker","Open concept with kitchen flowing into living area","This modern interior design features clean lines, a neutral color palette, and natural lighting. The open layout creates a sense of spaciousness."
"mediterranean_417.jpg","Modern Industrial","dark blue, white, natural wood","wood paneling, stainless steel, brass hardware","recessed lighting with adjustable spot lights","modern and sleek, yet warm and inviting","large island in center of kitchen, black metal bar stools at countertops, kitchen faucet with pull-down sprayer","open plan design, integrating kitchen and living area","This modern industrial kitchen features dark blue cabinets, natural wood accents, and a warm inviting atmosphere. The space is designed with an open layout, creating a seamless transition between the kitchen and living areas. Stainless steel appliances shine against the white walls, while brass hardware adds a touch of elegance to the room."
"mediterranean_418.jpg","Modern","gray, white, wood","wood, cloth, metal","natural light from large windows and ceiling lights","cozy and inviting","sofa, armchair, dining table, area rug, potted plant","open floor plan with a central seating area","This modern living room features a cozy and inviting atmosphere, with comfortable gray couches, wood accents, natural light from large windows and ceiling lights, creating an open floor plan that is both stylish and functional."
"mediterranean_419.jpg","Modern Minimalist","light blue, gray, green","concrete, stainless steel","bright natural light from large windows","calm and relaxing","pool, landscape architecture, outdoor furniture","large rectangular pool with raised edge, surrounded by trees and landscaping features.","This outdoor pool area is designed in a modern minimalist style with a light blue water feature that complements the gray stone walls and green plants. The space exudes a calm and relaxing atmosphere through the use of concrete and stainless steel materials, as well as the bright natural light that enters through large windows."
"mediterranean_42.jpg","Modern","green, brown, white","wood, stone, metal","Natural sunlight with soft overhead lighting and candlelight.","Warm, welcoming, and sophisticated.","vase of flowers, modern sofa, wicker table, sculptural wall art","Centered entryway with living room to the right.","This elegant and modern home exudes warmth through its natural materials and a carefully curated selection of sophisticated furniture and decor."
"mediterranean_421.jpg","Southwestern","earth tones, rust, terracotta","stone, wood, metal","natural light from windows and stone archway","warm and inviting","stone doorway with arched top, tall plant in front of house, large potted plant by entrance, wooden bench on right, metal lantern by front door","single story structure with central open courtyard and walkways to each side","The design features a warm and inviting Southwestern style with earth tones, natural stone materials, and an abundance of plant life."
"mediterranean_422.jpg","Modern Minimalist","beige, light wood, grey","oak wood, linen, concrete","natural soft light from large windows","calm and airy","sofa, coffee table, plant, floor lamp","open space with central seating area","This interior design showcases a modern minimalist style with a color palette of neutral tones. The room is filled with warm oak wood and linen textures, contrasted by concrete elements for an industrial touch. Large windows let in natural soft light that brightens the space and creates a calm atmosphere. The layout features a central seating area with a sofa surrounded by various decorative pieces such as a coffee table, plant, and floor lamp."
"mediterranean_424.jpg","Scandinavian","white, beige, gray","stone, wood, fabric","natural soft light from large windows","calm and serene","sofa, coffee table, planter, floor lamp","open space with central seating area surrounded by plants","This is a Scandinavian-style living room, featuring a neutral color palette with stone flooring and wooden furniture. Natural light streams in from large windows, creating a calm and serene atmosphere. The layout includes a central seating arrangement, surrounded by indoor plants, contributing to the overall cozy feel."
"mediterranean_425.jpg","Mid-Century Modern","beige, light wood, blue accent","stucco, wood, metal","bright and airy with ample natural light from large windows","warm and inviting","outdoor patio chairs, vase with blooming flowers, stone fireplace, potted plants","open floor plan with separate seating area","This is a mid-century modern home featuring an inviting outdoor space with warm colors and natural lighting."
"mediterranean_426.jpg","Modern Minimalist","white, neutral grey, navy blue, wood accent","wood, fabric, glass","modern, sleek design with recessed lighting and statement chandelier","contemporary and serene","sofa, coffee table, floor lamp, plant, area rug","open concept space with high ceilings, featuring a central seating area and open kitchen in the background","This modern minimalist living room showcases a neutral color palette, natural wood accents, sleek design elements, recessed lighting, and statement chandelier. The open concept layout allows for ample space and natural light, creating a serene and contemporary atmosphere."
"mediterranean_427.jpg","Mediterranean","white, blue, orange","wooden beams and columns, stone flooring, metal handrails","natural light from the large windows and open doors","inviting, serene, with a touch of luxury","large arched doorway leading to balcony, high back upholstered bench on the patio, stone fireplace with built-in seating","open space plan with an L-shaped layout that flows into an outdoor area","This Mediterranean-style room offers a seamless transition between indoor and outdoor living spaces, creating a luxurious, inviting atmosphere."
"mediterranean_428.jpg","Scandinavian","beige, black, gray, white","wood, leather, fabric, metal","Bright and airy, with natural soft light from large windows and a ceiling-mounted pendant lamp.","Calm and serene.","sofa, coffee table, floor lamp, area rug, potted plant","Open space with a central seating area, flanked by two side tables.","This Scandinavian-style living room features a neutral color palette of beige, black, gray, and white. Natural wood accents complement the dark leather sofa and metal coffee table. A ceiling pendant light provides ample illumination, enhancing the bright and airy feel of the space."
"mediterranean_429.jpg","Modern Minimalist","dark green, light wood, brass","oak wood, marble, stainless steel","natural soft light from large windows","bright and energetic","kitchen island, open shelving, statement light fixture, modern range hood","efficient galley layout with work triangle","An open modern kitchen with clean lines, minimalistic aesthetics and green accents."
"mediterranean_43.jpg","Scandinavian","white, light gray, blue accent","wood, glass, brick","natural light from large windows","bright and airy","sofa, coffee table, plants, floor lamp","open space with central seating area","The room is an open-plan Scandinavian living space with a minimalist design, featuring light wood and blue accents against white walls. The large windows let in ample natural light, creating a bright and airy atmosphere. A cozy sofa is the centerpiece of the seating area, surrounded by plants for a touch of nature. The open layout invites conversation and interaction."
"mediterranean_430.jpg","Modern Minimalist","white, beige, light wood","oak wood, marble, stainless steel","natural soft light from large windows","calm and airy","island with built-in seating, modern chandelier, white flowers in a vase","open space with central island and surrounding seating area","This modern kitchen features a minimalist design with an all-white color palette, light wood accents, oak cabinetry, stainless steel appliances, marble counters, and natural lighting that creates a calm and airy atmosphere."
"mediterranean_432.jpg","Mid-Century Modern","grey, beige, blue","wood, stone, steel","well-lit with natural and artificial light sources, creating a warm atmosphere","relaxed and luxurious","pool, outdoor furniture set, lounge chair, floor lamp, potted plant","spacious with an inviting pool area, outdoor seating, and a comfortable living space connected to the backyard","This home features mid-century modern design elements blending seamlessly with an outdoor swimming pool and lounge area for a relaxing and luxurious ambiance."
"mediterranean_433.jpg","Coastal","white, light blue, dark blue","brick, wood, concrete","sunlit by large windows and a skylight","cool and serene","dining table with chairs, outdoor sofa and table set, potted plant","open-concept space with living area leading to outdoor patio","This coastal-style kitchen and dining area features a light color palette, natural materials such as brick and wood, and an open layout that leads to the outdoors."
"mediterranean_434.jpg","Modern Minimalist","white, beige, light wood, green accent","wooden panels, concrete wall, brick floor, steel railing","natural soft light from large windows and outdoor fire pit at sunset","warm and inviting","outdoor seating area, large wooden dining table, indoor/outdoor rug, vase with flowers","open space with central outdoor seating area, adjacent to living room","This space features a modern minimalist design with white and beige tones, accented by green. The materials used include wood for the panels, concrete for the wall, brick for the floor, and steel for the railing. The interior is well-lit by natural light from large windows at sunset. The fire pit creates a warm atmosphere, perfect for outdoor dining or relaxing evenings. A vase with flowers adds a touch of nature to the space."
"mediterranean_435.jpg","Scandinavian","beige, white, light wood","oak wood, linen, concrete, steel","natural soft light from large windows and recessed ceiling lights","calm and airy","wood staircase with ornamental handrail, vaulted wooden beamed ceiling, white shelving unit, built-in wine rack","open space with central seating area, surrounded by walls of built-ins and a large wooden staircase","This Scandinavian-style home features an open floor plan with oak wood flooring and customized built-ins. The natural light from the windows complements the warm tones of the space, creating a calm and airy atmosphere."
"mediterranean_436.jpg","Scandinavian","white, beige, light wood","wood, fabric, tile","natural soft light from large windows and a wall sconce","calm and inviting","sofa, coffee table, plant, floor lamp","open space with central seating area and a view of outdoor patio","This Scandinavian-style living room features an open floor plan, furnished with light-colored sofas and rugs, creating a bright and airy atmosphere. Large windows flood the space with natural light, complementing the wooden accents and white walls."
"mediterranean_437.jpg","Modern Minimalist","dark wood, white, off-white","wood, leather, metal","well-lit with recessed lighting and a large window","clean, bright, and serene","dining table, chairs, coffee table, artwork","open concept with living room and dining area connected","This modern minimalist living space features a neutral color palette, natural materials, and sleek design elements that create an inviting yet sophisticated atmosphere."
"mediterranean_438.jpg","Modern Minimalist","beige, green accent","wood, concrete, stone","natural soft light from large windows","calm and airy","step, plant, flower bed, fence","space with natural elements forming a central pathway","A modern landscape design using a minimalist approach, emphasizing the use of wood, concrete, and stone materials. The space has a calming atmosphere created by the soft light from large windows and the inclusion of plants and flowers."
"mediterranean_439.jpg","Modern Industrial","gray, white, brass","steel, concrete, natural wood","vintage chandelier and modern LED lights","professional yet warm and welcoming","kitchen island with integrated cooktop, black metal pendant light, brass range hood, sleek steel refrigerator","open plan with kitchen, dining, and living room connected","This modern industrial kitchen features a neutral color palette with a mix of materials, creating an elegant yet functional space."
"mediterranean_44.jpg","Modern Minimalist","gray, green, red","stone, metal, plants","natural and artificial lighting blending together","calm and inviting","rock garden, bonsai trees, small stream, planter boxes","curved edging along the garden leading to a central focal point with rock and plant arrangements","This landscape design exhibits modern minimalist elements, using grays as a color accent for a calming effect. The layout leads visitors through the space along the curved edges to a central area featuring rock and plants. Artificial and natural light sources create an inviting mood that complements the surrounding environment."
"mediterranean_441.jpg","Modern Minimalist","white, wood accents","wood veneer, marble, stainless steel","natural soft light from large windows","calm and inviting","wooden kitchen cabinets, center island with seating, potted plant","open space with central island","This kitchen combines a modern minimalist design with wood accents for a warm and calming atmosphere, featuring natural light from the large windows."
"mediterranean_442.jpg","Modern","beige, brown, black","metal, fabric, concrete","natural light from the glass roof and sunroof","luxurious and comfortable","large curved sofa, round fire pit, rectangular dining table, modern chairs, floor lamps","circular seating arrangement with fire pit at center","This luxurious outdoor living space features a modern design, with warm beige tones and black accents. The circular layout around the fire pit creates a cozy atmosphere for gathering, and the ample natural light from the glass roof enhances the overall ambiance."
"mediterranean_443.jpg","Mid-Century Modern","beige, white, dark green","concrete block, wooden door, steel frame","natural light from large windows","warm and inviting","wooden bench, iron table, small tree, terracotta pot","open space with a central seating area","This outdoor building has a warm, inviting atmosphere with a mid-century modern design style that combines natural materials like concrete and wood. The color palette is neutral yet accented with dark green, providing a sense of calm and relaxation in the space."
"mediterranean_446.jpg","Spanish Colonial","brown, beige, green","wood, concrete, stone","natural sunlight through an arched doorway","warm and inviting","door with round top, potted plant, floor lamp","architectural design with archways and courtyard entry","A Spanish Colonial style home featuring an arched wooden door, potted plants and a warm lighting scheme."
"mediterranean_447.jpg","Modern Minimalist","light beige, dark grey, wood accent","concrete, wood, steel","overhead recessed lighting, floor lamps for ambient glow","calm and sophisticated","mirror over sink, shelves with toiletries, wooden towel rack","linear layout from doorway to sink, with shelving in between","Modern minimalist bathroom with wood accents and a soothing color palette."
"mediterranean_448.jpg","Modern Minimalist","white, grey, black","marble, wood, glass","bright and natural from large windows","calm and serene","bathtub, sink, mirror, cabinet, countertop, lamp","linear arrangement with mirror for expanded perception of space","This is a modern minimalist bathroom design featuring a clean and uncluttered layout, predominantly using white and grey color tones, marble materials, and large windows allowing natural light to fill the space."
"mediterranean_45.jpg","Modern Minimalist","white, gray, wood accent","glass, wood, stone","modern, with multiple light sources and recessed lighting","calm and sophisticated","sectional sofa, large flat screen TV, coffee table, floor lamp","open concept with a central seating area and a fireplace for focus","This modern living room combines minimalist design elements with natural materials to create a serene, contemporary space that is both stylish and inviting."
"mediterranean_450.jpg","Modern","white, light blue, dark gray","wood, stone, metal","bright and natural light from large windows","calm and sophisticated","large white sofa, mid-century modern coffee table, modern floor lamp, white plant, abstract art","open floor plan with kitchen, living room, and dining area visible","This is a mid-century modern style home with bright and airy spaces, featuring an open layout and sophisticated design elements."
"mediterranean_451.jpg","Modern Minimalist","light grey, blue, white","concrete, glass, wood","natural soft light from large windows and ceiling lights","calm and airy","sofa, coffee table, plant, floor lamp, pool","open space with central seating area, pool in the background","A modern minimalist outdoor living space featuring a light grey and blue color scheme, wooden furniture, concrete flooring, large windows for natural light, and a serene pool setting."
"mediterranean_452.jpg","Modern","white, light wood, beige","wood, metal, glass","natural soft light from large windows and ceiling track lighting","bright and airy","kitchen island with stools, modern pendant lights, stainless steel range hood, wooden bar stools","open plan layout with kitchen adjacent to dining area","This is a modern style kitchen and dining room. The color palette is neutral with white, light wood, and beige tones creating a bright and airy atmosphere. Materials used are primarily wood, metal, and glass. The kitchen features an island with bar stools for seating. The open layout allows for easy interaction between the kitchen and dining area."
"mediterranean_453.jpg","Modern Minimalist","white, beige, light wood","oak wood, linen, concrete","natural soft light from large windows and recessed ceiling lights","calm and airy","sofa, coffee table, plant, floor lamp","open space with central seating area under a vaulted wooden beam ceiling","This is a modern, minimalist living room designed to provide a calm and airy atmosphere. The neutral color palette of white, beige, and light wood creates a serene environment. Oak wood paneling on the walls adds warmth while the concrete flooring provides a sleek contrast. Large windows allow for plenty of natural light and recessed ceiling lights offer additional illumination. The furniture is simple yet stylish with a sofa, coffee table, plant, and floor lamp. A vaulted wooden beam ceiling adds architectural interest to the open space."
"mediterranean_454.jpg","Modern Minimalist","white, beige, light wood","oak wood, linen, concrete","bright and airy with ample natural light from large windows","calm and spacious","sofa, coffee table, floor lamp, plant","long, open hallway flanked by matching oak doors and walls","This is a modern minimalist living room with a bright and airy feel, featuring a long hallway lined with oak wood flooring and doors. The color palette includes white, beige, and light wood, complementing the natural concrete floor. Lighting is abundant, thanks to large windows that let in ample natural light. Key furniture pieces include a sofa for seating, a coffee table for utility, and a floor lamp for additional lighting. A plant brings life and color to space."
"mediterranean_455.jpg","Modern Minimalist","white, gray, neutral","wood, glass, steel","ambient natural light and recessed lighting","airy and spacious","dining table with chairs, area rug on wooden floor, artwork on walls, floor lamp","open floor plan with central dining area","This living space features a modern minimalist design, characterized by a neutral color palette and clean lines. The room is open and airy, with ample natural light that highlights the wood and steel materials used throughout the space."
"mediterranean_457.jpg","Modern Minimalist","white, brown, black","wood, leather, glass","ambient lighting from overhead recessed lights","contemporary and clean","couch, coffee table, bookshelves, floor lamp","open space with central seating area","A modern living room with a minimalistic design featuring wooden floors, white walls, and furniture in shades of brown, black, and white."
"mediterranean_458.jpg","Modern Minimalist","beige, light wood, green accent","stone, brick, steel","natural soft light from large windows","warm and cozy","sofa, chairs, grill, potted plant, lantern","open space with central seating area, enclosed by stone archways","This backyard is designed in a modern minimalist style, featuring warm tones and natural materials. The patio area features comfortable outdoor furniture for relaxation, with a grill nearby for entertaining. A large window allows ample light into the space, creating a cozy atmosphere."
"mediterranean_46.jpg","Spanish Colonial","beige, terracotta, green, orange","stucco, wood, brick, glass","warm and soft with natural light from the courtyard","inviting, serene, warm","outdoor seating area, large potted plant, fountain, stone bench","enclosed courtyard with arched entryway leading to home's interior","This Spanish Colonial-style home is inviting and serene, featuring warm tones and materials like stucco and terracotta. The outdoor seating area and fountain contribute to a relaxing atmosphere."
"mediterranean_460.jpg","Scandinavian","white, light wood, blue","wood, metal, glass","natural soft light from large windows and recessed lighting","warm and inviting","kitchen island, range hood, stainless steel appliances, subway tiled backsplash","open kitchen layout with center island and countertops for food preparation","This kitchen is designed in the Scandinavian style, featuring a white color palette, light wood accents, blue glass tile backsplash, stainless steel appliances, and an open layout that allows for easy movement and interaction while cooking."
"mediterranean_461.jpg","Modern","dark wood, white, copper","black marble, stainless steel, wood","bright overhead lights, natural light through windows","modern and bright","high-rise bar stools, kitchen island with built-in seating, potted plant","open layout with kitchen island in center of room","This modern kitchen features a sleek, high-rise countertop that is complemented by black marble countertops and stainless steel appliances. The space is brightly lit with overhead lights and lets in natural sunlight through the large windows."
"mediterranean_462.jpg","Modern Minimalist","white, gray, brass","wood, marble, metal","Recessed lighting in brass fixtures, with additional track lighting above counter and island","Bright and airy, with a contemporary feel","modern kitchen cabinets, brass pendant lights, stainless steel appliances","Kitchen features an L-shaped layout with an island that provides additional counter space.","This modern kitchen combines clean lines and minimalist design elements to create a bright, airy feel. The wood cabinets provide warmth and texture, while the brass fixtures add elegance and sparkle. The island offers extra prep space for cooking or serving."
"mediterranean_463.jpg","Modern Minimalist","dark blue, white, gold","wooden counter, marble sink top, brass fixtures","natural soft light from large windows","calm and airy","vase with flowers, round mirror, wooden cabinet","spacious bathroom with open door to hallway","A modern minimalist design featuring a dark blue wall, wood cabinet, marble sink top, brass fixtures, and a vase with flowers on the counter. The space is illuminated by natural light from a large window."
"mediterranean_464.jpg","Modern Minimalist","white, beige, light wood","marble, leather, metal","natural soft light from large windows","calm and airy","sofa, coffee table, plant, floor lamp, painting","open space with central seating area","This image depicts a modern minimalist interior with clean lines, neutral colors, and natural light. The room features marble countertops, leather furniture, and large windows that allow for an abundance of soft, natural light to fill the space."
"mediterranean_465.jpg","Spanish Colonial","white, beige, brown","wood, tiles, stone","ambient lighting with string lights above patio area","warm and inviting","pool, patio furniture, potted plants, outdoor fireplace","a series of open outdoor spaces connected by pathways, including a covered walkway with an outdoor seating area","This is a beautifully designed Spanish Colonial pool area featuring wooden construction and furniture, bamboo tiles on the floor, string lights for ambiance, and a relaxing water feature."
"mediterranean_466.jpg","Modern","white, gray, black","stainless steel, wood grain, concrete","Recessed lighting and undercabinet lights provide ambient and task lighting.","Bright and airy with clean lines.","center island, barstools, hanging pendant lights, kitchen cabinetry","U-shaped layout, centered around kitchen island.","This modern residential kitchen combines minimalist design elements for a sleek and contemporary look."
"mediterranean_467.jpg","Modern Minimalist","white, black, wood accents","porcelain tile flooring, glass shower enclosure, brushed nickel fixtures","soft, warm-toned recessed lighting and a large window allowing natural light to fill the space","serene and calming","white vanity with a modern black faucet, bathroom sink with a glass bowl basin, large mirror, wood-framed window","a long, narrow bathroom space with the vanity on one side and a shower on the other","This minimalist bathroom design features a modern, clean aesthetic with a focus on natural light and wood accents."
"mediterranean_468.jpg","Modern Minimalist","white, off-white, beige","linen, leather, brass, wood","natural soft light from large arched windows","calm and airy","sofa, coffee table, floor lamp, large area rug","open space with central seating area under arched window","This living room exudes a modern minimalist design with its monochromatic color scheme, clean lines and sparse arrangement. The large windows let in soft natural light, creating an airy atmosphere that is accentuated by the off-white linen and brass accents. The leather sofa and wooden coffee table serve as the focal point of the room under the arched window, while a floor lamp adds warmth to the space. A large area rug adds texture and coziness to the open floor plan."
"mediterranean_469.jpg","Modern","dark blue, light gray, white","marble, wood, glass","bright and natural light from large windows and skylights","clean, modern and airy","pool, stone seating area, large potted plants, modern artwork","curved layout with central feature","This interior design showcases a clean, modern look with a unique curved layout centered around an indoor pool. The space is filled with natural light and features a blend of materials like marble, wood, and glass."
"mediterranean_470.jpg","Modern Minimalist","light gray, beige, green accent","stucco, wood, metal","natural soft light from large windows","calm and airy","outdoor sectional sofa, coffee table, potted plant, floor lamp","open space with central seating area","A modern minimalist outdoor living space featuring a light gray sectional sofa, beige and green accents, stucco walls, wooden furniture, metal accents, potted plants, and natural light from large windows that create a calm and airy atmosphere."
"mediterranean_471.jpg","Modern","beige, grey, wood","stone, glass, concrete","natural light with warm-toned overhead fixtures","cozy and inviting","sofa, coffee table, lamp, chair","open floor plan with a central seating area and an outdoor patio","This modern-style home features a clean, neutral color palette with warm lighting that creates a cozy atmosphere. The open layout allows for a large amount of natural light to fill the space, connecting the indoor living area to an inviting outdoor patio."
"mediterranean_473.jpg","Modern Minimalist","gray, beige, black","wood, linen, marble","well-lit with natural light from window and modern floor lamps","calm and serene","bed, dresser, nightstand, chandelier, artwork","organized with symmetrical placement of furniture around central bed","The modern minimalist bedroom design features a sleek gray bed, beige linens and pillows, wooden dresser and nightstands, and marble accents. The room is well-lit with natural light from the window and modern floor lamps, contributing to its calm and serene atmosphere."
"mediterranean_476.jpg","Modern","green, gray, white","wood, stone, metal","soft and natural light","calm and serene","seating area, plant, table, floor lamp","outdoor space with a curved pathway leading to seating area","This modern outdoor space features natural materials such as wood and stone, creating a serene atmosphere. A green color palette adds a refreshing touch, while soft lighting contributes to the peaceful ambiance."
"mediterranean_479.jpg","Modern Minimalist","white, beige, light wood","oak wood, linen, concrete, steel","natural soft light from large windows","calm and airy","sofa, coffee table, plant, floor lamp","open space with central seating area","This is a modern minimalist design in a spacious backyard that emphasizes natural light and simple, clean lines."
"mediterranean_48.jpg","Southwest Spanish","adobe brick, rustic brown, white cabinets","wooden beams and rafters, exposed brickwork, stone countertops","warm ambient lighting with additional spotlighting from chandelier above island","rustic yet luxurious","large wooden kitchen island, iron chandelier, talavera pottery","open concept layout with separate cooking and dining areas, centered around kitchen island","This Southwest Spanish-style kitchen combines rustic materials like exposed brickwork and wooden beams with modern amenities such as a central kitchen island. The space is warmly lit by a chandelier above the island and features an open concept layout that separates the cooking and dining areas, yet maintains a sense of unity and flow."
"mediterranean_480.jpg","Modern","white, light wood, gray","wood paneling, stainless steel appliances, silver faucets","Overhead recessed lighting and natural light from large windows","Clean, bright, and modern with a touch of warmth","large island in center of kitchen, modern stainless steel appliances, kitchen sink, wooden knife block, metal countertops","Open space with ample natural light and a central island that provides both seating and workspace.","A modern, open kitchen with clean lines, stainless steel appliances, and abundant natural light."
"mediterranean_481.jpg","Southwestern","earth tones, rustic reds, desert blues","adobe, wood beams, tile mosaics","natural light from high windows and glass doors","warm and inviting","fountain, bench, cushions on bench, potted plants","courtyard style with central water feature","A cozy outdoor space with a warm Southwestern vibe, featuring an adobe wall and fountain as focal points."
"mediterranean_482.jpg","Scandinavian","white, light wood, brass","cabinetry, marble, glass","natural soft light from large windows","airy and open","sink, window, plants in pots, potted orchids, kitchen island with cooktop","open concept kitchen with central island","This is a modern, Scandinavian-style kitchen with an open floor plan and abundant natural light. The design includes wooden cabinets, white countertops, a marble backsplash, and stainless steel appliances."
"mediterranean_483.jpg","Modern Minimalist","white, blue, wood accents","metal, leather, wood, concrete","natural soft light from large windows and a fireplace","calm and airy","sofa, coffee table, plant, floor lamp, framed artwork","open space with central seating area around fireplace","This modern living room features a minimalist design with clean lines and a monochromatic color scheme. The furniture is arranged to create a cozy, yet spacious atmosphere, centered around a comfortable leather sofa. The wood accents add warmth to the space, while the concrete walls provide an urban touch. A fireplace adds a traditional element to the room, creating a contrast with the contemporary design. The framed artwork and large windows allow for natural light to fill the room, enhancing its airy feel."
"mediterranean_485.jpg","Southwestern Ranch","beige, brown, gray","adobe brick, stucco, metal","sunlit courtyard","warm and inviting","chairs, grill, oven, cactus","L-shaped layout with central outdoor grilling area","Outdoor kitchen with adobe style architecture and southwestern design elements."
"mediterranean_487.jpg","Southwestern","white, terracotta, navy","stucco, wooden beams, wrought iron","natural light from high arched windows and exterior lights","warm and inviting","adobe fireplace, antler chandelier, cushioned bench, outdoor seating area","split-level with open floor plan leading to outdoor space","This Southwestern style home is warm and inviting, featuring stucco walls, wooden beams, wrought iron accents and a cozy adobe fireplace. The split-level design leads to an open floor plan with a cushioned bench for seating. Natural light floods in through high arched windows and exterior lights illuminate the space after dark."
"mediterranean_488.jpg","Modern","dark gray, metallic bronze, off-white","wood, metal","well-lit with ambient and accent lighting","formal and elegant","vintage lanterns, antique door handles, classic patterned wallpaper","grand entrance with central focus on double doors","The grand entrance is a focal point of the home, featuring ornate black wrought iron gates that open to reveal an inviting interior filled with elegant finishes and decor."
"mediterranean_489.jpg","Modern Minimalist","white, gray, neutral tones","glass and steel, wood, leather","recessed lighting with spotlights on shelving","clean, bright, and contemporary","clothing racks, hanging garments, shoe display","long hallway of retail space with a central island","A modern minimalist clothing store with clean lines, neutral tones, and recessed lighting. Clothes are displayed on racks throughout the space, leading to a central island for shopping."
"mediterranean_49.jpg","Modern Loft","black, white, wood","concrete, metal, wood","warm and inviting with natural light from large windows","lively and social atmosphere","pool table, bar stools, arcade games, potted plants","open space with central seating area and room for billiard tables and arcade game","This loft-style bar offers a modern, inviting space to gather around pool and arcade games, with natural light streaming in from large windows. The warm and cozy atmosphere makes it an ideal place for socializing and enjoying some friendly competition."
"mediterranean_490.jpg","Modern Minimalist","beige, light wood, blue","brick, wood, concrete","natural soft light from large windows","calm and airy","sofa, coffee table, potted plant, floor lamp","open space with central seating area","This modern minimalist living room features a cozy atmosphere, with a brick fireplace as the focal point. The color palette is warm and neutral, complemented by wooden floors and a wooden coffee table. Lighting comes from large windows on one side of the room."
"mediterranean_493.jpg","Modern Minimalist","white, light wood, gray","oak wood, stainless steel, glass","recessed lighting with a central chandelier providing focal lighting","warm and inviting","large center island, modern range hood, built-in oven, high-arc faucet","open concept kitchen with adjacent dining area","This modern minimalist kitchen features a clean and sleek design with natural wood accents, stainless steel appliances, and built-in storage. The space is well-lit with both recessed lighting and a central chandelier that adds warmth to the room. The layout includes an open concept design connecting the kitchen to the dining area, which creates a seamless flow for entertaining and family gatherings."
"mediterranean_494.jpg","Contemporary","white, gray, dark wood","stone, stucco, glass, metal","Warm and inviting with a combination of overhead track lighting and floor lamps.","Luxurious and elegant.","modern sofa, minimalist coffee table, abstract artwork, floor lamp","Open plan with central focus on the living room area, leading to a dining area.","This modern two-story home features an open and inviting design with clean lines and a neutral color palette. The interior is illuminated by track lighting and floor lamps, creating a warm and luxurious atmosphere that complements the stylish furnishings."
"mediterranean_495.jpg","Modern","blue, white","tile, marble","well-lit with natural light and artificial fixtures","clean, spacious, and serene","bathtub, shower enclosure, mirror, sink, vanity mirror","combined bathroom and dressing area with separate fixtures","A modern bathroom designed with clean lines, a monochromatic color scheme, and an efficient use of space."
"mediterranean_498.jpg","Modern Minimalist","black, white, wood","metal, wood, stone","under-cabinet lighting and natural light from windows","modern, elegant and inviting","large island, brass pendant lights, stainless steel appliances, gray leather chair","open kitchen with central island and bar stools","This modern kitchen combines minimalist design elements with materials like wood, stone, and metal to create a warm yet contemporary space. Natural light from large windows adds to the inviting atmosphere."
"mediterranean_499.jpg","Modern","white, gray, wood","oak wood, marble, metal","bright with natural light from a large window","clean, modern and spacious","long wooden vanity, two sinks, large mirror, wooden cabinet, plant","spacious bathroom with vanity in center","This is a modern bathroom featuring natural light, oak wood cabinetry and marble countertops."
"mediterranean_5.jpg","Modern Minimalist","white, cream, light wood","oak wood, silk, concrete, glass","natural soft light from large windows","warm and cozy","sofa, coffee table, plant, floor lamp, chairs","open space with central seating area","This spacious living room combines modern minimalist design elements with warm, inviting textures and materials. The room is bathed in natural light from large windows, creating a bright and airy atmosphere. The neutral color palette of cream, white and light wood tones is complemented by the luxurious feel of silk and concrete accents. A comfortable sofa and chairs invite relaxation while the coffee table serves as a functional centerpiece for the room."
"mediterranean_50.jpg","Scandinavian","white, light wood, blue","wood, fabric, metal","natural light with a warm glow","calm and inviting","hanging swing chair, large tree, outdoor seating area","open space with hanging furniture as centerpiece","A serene outdoor living space featuring a Scandinavian design with light wood and blue accents, surrounded by natural elements like trees."
"mediterranean_500.jpg","Modern","white, brown, blue","oak wood, fabric, metal","natural light with a cozy ambiance provided by fireplace and lamps","warm and inviting","couches, coffee table, fireplace, floor lamp","open concept with central focus on fireplace","This is a modern living room with warm tones, featuring oak wood accents and comfortable seating."
"mediterranean_501.jpg","Modern Minimalist","light gray, dark gray, beige","stone, concrete, metal","natural light from above and surrounding plants","calm and relaxed","waterfall, rocks, plants","circular arrangement around waterfall with stones leading up to it","This tranquil backyard space features a waterfall surrounded by rocks, with plants adding color and life. The stone wall enclosure gives the area a naturalistic touch while the concrete provides a modern edge."
"mediterranean_502.jpg","Scandinavian","white, beige, light wood","wood, glass, stainless steel","Natural soft light from large windows","Clean, bright and airy","kitchen island with built-in stove, hanging pendant lights, dark wood kitchen cabinets, stainless steel refrigerator","Open space with central kitchen island","This kitchen is designed in a Scandinavian style, featuring white walls and light wood cabinetry for a bright and airy feel. The large windows allow natural light to fill the space, creating an inviting and comfortable atmosphere. The kitchen island serves as the focal point of the room, providing both a functional workspace and additional storage. Dark wood cabinets add contrast, while stainless steel appliances offer a modern touch."
"mediterranean_503.jpg","Modern Minimalist","neutral, white, wood","wood, fabric, glass","natural light from large windows","warm and inviting","sofa, coffee table, side tables, lamps, artwork","open space with central seating area","This living room is decorated in a Modern Minimalist style, featuring neutral tones, wooden accents, and minimal furniture placement for an airy and open feel."
"mediterranean_506.jpg","Modern Minimalist","white, gray, orange","glass, wood, linen","natural soft light from large windows","calm and airy","sofa, coffee table, floor lamp, plant, area rug","open space with central seating area","This modern minimalist living room features a neutral color palette with an emphasis on clean lines and natural materials. The large windows allow for ample natural light, creating a calm and airy atmosphere. Furniture includes a gray sofa, a wooden coffee table, and a floor lamp for warm ambient lighting. A plant and area rug add a touch of life and coziness to the space."
"mediterranean_507.jpg","Mission Revival","beige, brown, blue","stucco, wood, glass","Natural light shining through archways and windows","Warm and inviting","tiled floors, stone walls, plants, vintage light fixtures","Spacious open floor plan with central courtyard","This home is a charming example of Mission Revival architecture, featuring stucco exteriors and terracotta roofing tiles. The color palette includes warm beiges and browns that create a welcoming atmosphere, complemented by natural wood accents and the addition of blue elements. The lighting design utilizes archways and windows to provide ample natural light, enhancing the open floor plan layout that leads to a central courtyard patio area. Objects such as tiled floors and stone walls lend an authentic feel, while plants and vintage light fixtures add a touch of nostalgia."
"mediterranean_508.jpg","Modern Minimalist","white, light wood, navy blue","oak wood, stainless steel, quartz countertop","bright and well-lit","modern and contemporary","bar stools, island, range hood, pendant light","open kitchen area with central island and seating","This modern minimalist kitchen features clean lines, a neutral color palette, natural materials, and a bright atmosphere. The open layout emphasizes the spacious feel of the space."
"mediterranean_509.jpg","Modern Minimalist","white, beige, light wood","wood, linen, concrete","natural soft light from large windows and a fireplace","warm and cozy","outdoor seating area with a fireplace, potted plants as decorative elements, a tiled patio with stone accents","an outdoor living space with a central seating area and a covered fire pit","This modern minimalist design focuses on natural materials, warm lighting, and an inviting atmosphere for relaxation and socializing."
"mediterranean_51.jpg","Islamic","blue, gold, white","tiles, wood, metal","Mixed natural and artificial lighting, with a warm glow from the tiles.","Dignified and serene","ornate tile work, intricate geometric patterns, prayer rug","A long narrow space with a central path to the front of the room.","This is an Islamic interior design featuring intricate tile work, geometric patterns, and a prayer rug. The color palette consists of blue, gold, and white, which contribute to a dignified and serene atmosphere."
"mediterranean_510.jpg","Modern Minimalist","white, beige, light wood","wood, linen, glass","natural soft light from large windows","calm and airy","sofa, coffee table, plant, floor lamp","open space with central seating area","This modern minimalist room is characterized by a clean, simple design featuring light wood tones and linen accents. Large windows allow for ample natural light to fill the space, contributing to an airy and relaxed atmosphere."
"mediterranean_512.jpg","Spanish Colonial","beige, blue, orange","clay tiles, metal railings, stone columns","warm and inviting from candle-lit lanterns","tranquil and serene","patio furniture, outdoor fireplace, potted plants","arcaded courtyard with seating around central patio","This Spanish Colonial patio features a warm, inviting color palette, clay tiles and stone columns, and is designed for relaxation under the sun."
"mediterranean_514.jpg","Modern","beige, wood tones, white, brown","wood, glass, metal, fabric","natural light from windows with curtains and artificial lights","calm and inviting","shelves, counters, storage cabinets, baskets, pots","linear shelving units along walls with open walkway in center","This is a modern kitchen store with clean lines and warm tones, designed to showcase various kitchenware items on shelves and counters."
"mediterranean_515.jpg","Modern Minimalist","white, gray, navy","wood, fabric, metal","natural soft light from large windows","calm and airy","sofa, coffee table, plant, floor lamp","open space with central seating area","This is a modern minimalist living room that features a neutral color palette, natural lighting from large windows, and a contemporary open layout. The room includes a comfortable sofa set against a fireplace, a sleek coffee table, a plant for a touch of greenery, and a floor lamp for additional lighting."
"mediterranean_516.jpg","Spanish Revival","beige, white, dark wood","stucco exterior walls, arched windows and doors, terracotta roof tiles","sunlit with ample natural light","warm and inviting","large wooden front door, stone entryway steps, antique-style wrought iron railings, decorative terracotta tiles","two-story building with central courtyard and walkway to the entrance","The Spanish Revival style home has a welcoming atmosphere, featuring stucco exterior walls and an arched wooden front door leading to a sunlit courtyard entry."
"mediterranean_517.jpg","Modern Minimalist","white, gray, wood","oak wood, marble, steel","natural soft light from large windows","calm and airy","bathtub, freestanding sink, tub, mirror, fan, plant, vase with flowers","open space with central seating area defined by the bathtub and tub","This modern bathroom combines minimalism with wood accents and natural light to create a serene, airy atmosphere."
"mediterranean_519.jpg","Modern Minimalist","beige, brown, green","oak wood, linen, concrete","recessed lighting in the ceiling and a natural window light source","calm and serene","oak vanity cabinet, brown marble countertop, satin nickel faucets, woven basket-style pendant lights","narrow space with vanity centered between two walls, mirror mounted on one of them","A modern minimalist bathroom with a warm and inviting atmosphere featuring natural materials and fixtures, and clean lines."
"mediterranean_52.jpg","Spanish Colonial","beige, brown, grey","stone, wood, concrete","warm and welcoming, with outdoor lighting illuminating the entrance","inviting and comfortable","large outdoor lantern, terrazzo tile floor, iron wrought door, wooden banister","front-facing courtyard leading to central entry with an inviting patio area","A charming Spanish Colonial home with a warm and inviting atmosphere, featuring stone and wood materials, iron accents, and a welcoming front porch."
"mediterranean_520.jpg","Modern Minimalist","black, white, marble","brass, black marble, tile","soft ambient light from concealed fixtures","modern and serene","freestanding tub, double vanity sink, floor lamp, large round mirror","compact space with separate areas for bathing and grooming","This is a modern, minimalist bathroom featuring a black marble double vanity sink, freestanding tub, floor lamp, and large round mirror. The color palette includes white, black, and marble, with brass accents adding warmth."
"mediterranean_521.jpg","Modern Minimalist","white, beige, light wood","stone, glass, metal","natural soft light from large windows","calm and serene","bathtub, chandelier, large window overlooking ocean","clean lines and open space, with bathtub as central focal point","Modern minimalist bathroom design featuring stone walls and floor, glass chandelier, and large window that looks out to an ocean view."
"mediterranean_522.jpg","Scandinavian","neutral, green, textured","wood, fabric, metal","ambient with pops of natural light","cozy and inviting","sofa, coffee table, area rug, floor lamp, potted plant","open concept layout with seating area facing fireplace","A modern Scandinavian style living room that balances neutral tones with pops of green and textured fabric, featuring an open floor plan, cozy furnishings, a wood-burning fireplace, and a bright atmosphere."
"mediterranean_523.jpg","Modern Minimalist","white, beige, light wood","oak wood, linen, glass","ambient and natural light from a single window in the ceiling","calm and serene","wooden stool, wooden bench, candle, bamboo toothbrush holder","compact and functional layout with separate areas for bathing and grooming","This modern minimalist bathroom features a clean, light wood color scheme with oak wood accents. The space is well-lit from natural light streaming through a single window in the ceiling. The compact layout efficiently utilizes space with separate areas for bathing and grooming."
"mediterranean_524.jpg","Modern Minimalist","white, beige, grey","wood, fabric, metal","natural soft light from large windows","calm and airy","sofa, coffee table, plant, vase","open space with central seating area, featuring a fireplace as focal point","This is an interior design image that showcases a modern minimalist style, characterized by neutral colors and a focus on simplicity. The room features wooden floors and walls, along with various textures from fabric and metal accents. Natural light pours in through large windows, creating a bright and airy mood. Central seating areas are arranged around a fireplace, which serves as the focal point of the space."
"mediterranean_525.jpg","Modern Minimalist","teal, goldenrod, white","marble, brass, wood","soft overhead lighting complemented by warm sconces on the walls","modern yet cozy","mirror above vanity, framed artworks on wall, white sink with brass faucet","a long hallway leads to a bathroom that includes a large mirror and a small vanity","The space has a modern minimalist design with warm colors, high-quality materials, and an overall inviting atmosphere."
"mediterranean_526.jpg","Modern","white, gray, green","brick, wood, glass","Warm soft lighting","Elegant and inviting","chandelier, leather sofa, plant, vase","Open layout with central seating area","This image showcases a modern interior design style with a color palette of white, gray, and green. The space is made up of materials like brick, wood, and glass. Warm soft lighting creates an elegant and inviting atmosphere. Key elements include a chandelier, leather sofa, plant, and vase."
"mediterranean_527.jpg","Tuscan Country","earth tones, bronze, green accent","natural stone walls, wood cabinetry and floors, metallic fixtures","warm ambient lighting with dimmable chandeliers and recessed lights","rustic and inviting","built-in wine rack, antler decorative piece, large stone fireplace","kitchen design with separate cooking and dining areas, open concept","A rustic country kitchen with natural materials and warm lighting."
"mediterranean_53.jpg","Scandinavian","beige, natural wood, blue accent","wood, stone, stainless steel","natural soft light from large windows","warm and cozy","kitchen cabinet, glassware rack, potted plant, bottle","open space with central seating area","This kitchen has a Scandinavian design style, featuring beige and natural wood tones. The countertops are made of wood, the cabinets are stainless steel, and the sink is integrated into the cabinetry. A glassware rack holds wine glasses, and there's an island with a potted plant and a bottle on it."
"mediterranean_530.jpg","Scandinavian","green, white, wood","stone, concrete, wood","Natural light, possibly with accent lighting for plants and other decorative elements.","Peaceful and serene","bench, plant, tree, step, pathway","An open courtyard space with a central bench area, surrounded by pathways leading to various sitting areas.","A peaceful outdoor space featuring natural elements and Scandinavian design principles."
"mediterranean_533.jpg","Mid-Century Modern","beige, rustic red, brown","wood, stone, metal","Soft natural light from large windows and a chandelier","Warm, inviting and cozy","vintage sofa, wooden coffee table, large area rug, floor lamp","Open space with a central seating area flanked by two walls of windows.","This is a modern mid-century interior design that features warm beige tones, natural materials, and soft lighting. The open layout creates a welcoming space for relaxation and conversation."
"mediterranean_535.jpg","Scandinavian","white, light wood, blue","wood, fabric, stone","Natural soft light from large windows and recessed lights on ceiling","Calm and airy","sofa, coffee table, plant, floor lamp","Open space with central seating area under skylights.","This is an interior design image that showcases a Scandinavian style room with a light color palette, materials such as wood and fabric, and soft natural lighting. The overall mood of the room is calm and airy, enhanced by the presence of a sofa for seating and a plant for greenery. The layout features an open space centered around a central area under skylights."
"mediterranean_537.jpg","Modern Minimalist","white, beige, gray","oak wood, stainless steel","recessed lighting with adjustable fixtures","calm and sophisticated","kitchen island, freestanding stove, overhead range hood, built-in microwave","a functional work triangle with a central kitchen island","This spacious, modern kitchen combines functionality with a minimalist design. Clean lines and neutral colors create an airy and inviting atmosphere. The wood floors and overhead range hood provide warmth and homeliness, while the stainless steel appliances add a touch of contemporary chic."
"mediterranean_538.jpg","Modern Minimalist","beige, light wood, green accent","concrete, steel, wood","natural soft light from large windows and skylights","calm and airy","sofa, coffee table, plant, floor lamp","open space with central seating area, flanked by large windows","A modern minimalist house with a beige and wood color palette. Large windows and skylights let in soft natural light, creating a calm and airy atmosphere."
"mediterranean_539.jpg","Modern Minimalist","neutral tones","wooden elements, woven textiles, metal accents","subtle ambient lighting with additional spot lights on artwork and architectural features","contemporary and serene","sectional sofa, low-profile coffee table, statement art piece, floor lamp","open concept design with visible beams and exposed rafters","A modern, minimalist living room designed for relaxation and socializing with a neutral color scheme that emphasizes the beauty of wood and metal accents."
"mediterranean_54.jpg","Modern Minimalist","white, light wood","oak wood, steel, linen","natural soft light from large windows","calm and airy","recessed lights in ceiling, stainless steel appliances, large island with seating, plants on countertops","open space with central kitchen island as focal point, flanked by dining area and sitting room","This is a modern minimalist home with a focus on clean lines and natural materials. The color palette is neutral with accents of light wood, and the layout features an open floor plan that connects to other areas of the house through the kitchen island."
"mediterranean_540.jpg","Spanish Colonial","white, beige, brick red","stucco wall finish, wooden beams, muted colors","warm and soft, with recessed lighting and outdoor lights","inviting and serene","vintage-style furniture, plants for decoration, antique chandeliers","two-story house with covered entryway and central courtyard","A well-designed Spanish Colonial home featuring warm tones, wooden accents, and a welcoming atmosphere."
"mediterranean_541.jpg","Modern Minimalist","white, beige, black, natural tones","oak wood, linen, concrete, steel","natural soft light from large windows","calm and airy","sofa, coffee table, plant, floor lamp, vase, framed artwork, throw blanket","open space with central seating area, large windows, natural lighting","This modern minimalist living room features a neutral color palette, soft lighting from natural sources, and a clean, open layout that encourages relaxation and social interaction."
"mediterranean_542.jpg","Modern Rustic","natural wood tones, earthy green accents, subtle grays","stone veneer, wood paneling, metal fixtures, stainless steel","warm ambient lighting with natural and artificial sources","cozy and inviting with a touch of elegance","outdoor fireplace, wooden pizza oven, large potted plant, metal lantern","circular design centered around the fireplace, with seating areas radiating outward","This modern rustic backyard design features a stone veneer fireplace surrounded by a wooden deck and an outdoor kitchen area."
"mediterranean_543.jpg","Scandinavian","white, beige, light wood","oak wood, linen, concrete","natural soft light from large windows and ceiling chandelier","calm and airy","sofa, coffee table, plant, floor lamp","open space with central seating area","This is a serene and minimalist living room designed in a Scandinavian style, featuring light wood accents and natural light that brings warmth to the space."
"mediterranean_544.jpg","Modern Minimalist","white, gray, wood accents","wood for floors and walls, fabric for upholstery, steel for bed frame","soft light from recessed ceiling lights","clean, spacious, and serene","bed with headboard, sofa in front of fireplace, flat screen TV on wall, wooden coffee table","large open room with bed as focal point near windows for natural light, sitting area near fireplace","This modern minimalist living space features a simple color palette of white and gray tones with wood accents. The room is filled with soft lighting that creates a calm atmosphere. The layout is designed around a large bed as the focal point, which is near a window to bring in natural light. A sofa is positioned by the fireplace for warmth and relaxation. A flat screen TV is mounted on the wall across from the bed. The overall mood of the room is serene and spacious."
"mediterranean_545.jpg","Tuscan","warm beige, olive green, deep blue","stone veneer siding, wooden doors and windows, tile flooring","soft, warm light from lanterns and recessed can lights","inviting and comfortable","wooden front door with arched top, large outdoor light fixture on the porch, stone urn in the center of the lawn, set of steps leading to the porch","a two-story house featuring a covered porch, stone siding, and wooden doors and windows, creating an inviting central entry point.","This Tuscan-style house features warm earth tones, stone veneer siding, and a comfortable front porch with steps leading up to the door."
"mediterranean_546.jpg","Spanish Mediterranean","white, beige, wooden doors and accents","white stucco, stone veneer facade, terracotta roof tiles","Natural light from windows, patio doors, and skylights with outdoor lamps for evening ambiance.","Elegant and inviting.","pool, outdoor sofa and table set, outdoor chairs on terrace, large potted plants","A two-story house with a central courtyard, pool in front of the main living area.","This Spanish Mediterranean style home is elegant and inviting, featuring an open courtyard design that allows for natural light to fill every room. The white stucco facade, wooden doors, and terracotta roof tiles are complemented by outdoor furniture on the terrace, providing a space perfect for relaxation or entertaining guests."
"mediterranean_547.jpg","Mid-Century Modern","beige, dark wood, gray","wood, leather, metal","Natural soft light from large windows","Cosy and inviting","sofa, coffee table, plant, floor lamp","Open space with central seating area","The living room has a Mid-Century Modern design featuring wooden floors, leather upholstery, and modern furnishings. The room is filled with natural light from large windows, creating a warm and cozy atmosphere."
"mediterranean_55.jpg","Modern Rustic","neutral, green, brown","wood, stone, metal","warm ambient light from lanterns","cozy and inviting","outdoor dining table with chairs, potted plants, stone barbecue grill, wooden bench","open patio space surrounded by natural stone wall and outdoor kitchen area","This image depicts an outdoor dining area designed in a Modern Rustic style, with neutral tones complemented by green accents. The materials used include wood for furniture, stone walls, and metal lanterns. The ambiance is warm and inviting, perfect for a cozy outdoor gathering."
"mediterranean_550.jpg","Scandinavian","white, beige, light wood","oak wood, linen, steel","natural soft light from large windows","calm and airy","sofa, coffee table, plant, floor lamp","open space with central seating area","This is a bright and airy living room with a Scandinavian design, featuring light wood tones, linen textiles, oak wood accents, and large windows that allow for natural light. The layout includes a central seating area with a sofa and coffee table, flanked by chairs for additional seating. A plant adds life to the space, while a floor lamp provides ambient lighting. Overall, this living room has a calm and airy atmosphere."
"mediterranean_551.jpg","Modern Minimalist","white, light wood, brown","tile, oak cabinetry, marble, glass block","natural soft light from large windows and built-in recessed lights","calm and airy","freestanding bathtub, double sink vanity with marble countertops, large framed mirror above vanity","open space with central bathroom area, flanked by two walls of storage cabinets.","A modern and spacious bathroom design featuring neutral colors, high-quality materials, and natural lighting."
"mediterranean_552.jpg","Modern Minimalist","white, beige, light wood","stucco wall, concrete chimney, wooden furniture","natural soft light from large windows and a lit fireplace","calm and airy","white sofa, wooden chair, coffee table, floor lamp, potted plant","open space with central seating area and fireplace","This interior design features a minimalist, modern style with a neutral color palette. The space is open with large windows that provide soft, natural lighting. The stucco wall and concrete chimney add texture to the room, while the wooden furniture adds warmth and coziness. A fireplace provides a focal point and heat during colder months. Seating options include a white sofa and wooden chairs arranged around a coffee table, creating an inviting atmosphere for relaxation or socializing."
"mediterranean_553.jpg","Modern Minimalist","white, light wood, brown","wood, glass, metal","well-lit with recessed lighting and archways for natural light","clean, modern, and inviting","large island with seating, stainless steel appliances, hanging pendant lights, abstract wall art","open concept design connecting kitchen and living space","This modern kitchen features a minimalist design, with wood and glass materials providing a warm, inviting atmosphere while maintaining a sleek, contemporary look."
"mediterranean_554.jpg","Modern","white, gray, black","brick, glass, steel","ambient light from multiple sconces on the walls","clean and minimalistic","abstract art on the wall, modern sofa, minimalist coffee table, industrial style floor lamp, brick wall","long hallway with arches at either end","A long, narrow room in a modern style that uses clean lines and minimalistic design elements to create a calm atmosphere."
"mediterranean_555.jpg","Contemporary","beige, brown, white","wood, glass, metal","natural light from windows and outdoor lights","warm and welcoming","dining table, chairs, potted plants","open kitchen/living space","A well-lit, open floor plan with a mix of materials in neutral tones creating a warm and inviting atmosphere."
"mediterranean_556.jpg","Modern Minimalist","white, dark wood, light gray","wood, stainless steel, marble","natural soft light from large windows","calm and serene","kitchen island, white pendant lights, large potted plant, stainless steel appliances","open space with central kitchen island","A modern, minimalist kitchen design featuring a neutral color palette, wood cabinets and flooring, stainless steel appliances, a large potted plant for natural light, and white pendant lights providing soft illumination."
"mediterranean_559.jpg","Modern Minimalist","white, light gray, navy blue","wood, linen, leather","natural soft light from large windows","calm and serene","sofa, coffee table, plant, floor lamp, bed, nightstands","open space with central seating area, bed to one side with nightstand on either side","This is a modern minimalist design with a calm and serene atmosphere. The color palette consists of white, light gray, and navy blue, contrasted with wood, linen, and leather materials. Natural soft light from large windows creates a tranquil ambiance. The room features a sofa, coffee table, plant, floor lamp, bed, and nightstands."
"mediterranean_56.jpg","Southwestern Ranch Style","earth tones, natural wood, light stone","stone veneer siding, wood ceiling beams, stucco wall textures","warm ambient light with a hint of outdoor night sky glow from the horizon","inviting and relaxed","front porch swing, stacked stone fireplace, rustic wooden table, potted desert plants","connected courtyard, central living area with open kitchen and dining, separate bedroom wings","This Southwestern Ranch Style home features earth-toned materials, inviting outdoor spaces, and warm indoor lighting. It has a relaxed vibe and is designed to embrace the natural surroundings."
"mediterranean_560.jpg","Modern Minimalist","white, black, wood","wood, fabric, metal","Overhead recessed lighting with a central pendant light","Calm and serene","desk with computer monitor, modern desk lamp, plants, wall art","An L-shaped layout that includes a desk, chair, and shelving unit.","A modern minimalist workspace with overhead lighting and a central pendant light."
"mediterranean_561.jpg","Rustic","earth tones, wooden tones","stone, wood","Natural light from windows and patio door with white frame","Warm, inviting, and cozy","sofa, wood-burning stove, wicker baskets, outdoor dining table","Open concept with stone fireplace as focal point between living room and kitchen","This rustic barn conversion features natural materials, earth tones, and a cozy atmosphere."
"mediterranean_562.jpg","Modern Minimalist","white, blue, wood","oak wood, brass, fabric","soft natural light from large windows","calm and airy","sofa, coffee table, plant, floor lamp","open space with central seating area","The interior design of this room is characterized by a modern minimalist style, featuring white walls and wood accents. A calming blue color palette is used throughout the space, complemented by brass elements that add warmth. The room has an open layout with large windows allowing natural light to fill the space, creating a calm and airy atmosphere."
"mediterranean_563.jpg","Modern Minimalist","white, beige, light wood","stone veneer, marble, glass, leather","natural soft light from large windows and recessed lights in the ceiling","calm and airy","sofa, coffee table, plant, floor lamp","open space with central seating area under a vaulted ceiling, flanked by walls of large windows","This is a modern minimalist design with a focus on natural light and a neutral color palette. The open floor plan leads to the backyard through glass doors. The interior combines luxurious materials like marble and stone veneer with minimalist furniture and fixtures."
"mediterranean_564.jpg","Modern Minimalist","white, beige, wood, blue","stone, leather, glass, metal","Warm natural light from lanterns and large windows","Calm and relaxed","sofa, coffee table, fireplace, planter, rug","Open space with central seating area around fireplace","A cozy modern living room with a stone fireplace as the focal point, surrounded by comfortable seating and decorative elements."
"mediterranean_565.jpg","Modern","beige, white, grey","wood, glass, metal","natural light from large windows","bright and welcoming","countertop, stove, vase with flowers, decorative candles, fruit bowl","open space with kitchen island in center","This modern kitchen design features a clean, bright color palette with natural light streaming through large windows. The countertops are made of wood, and the space is enhanced by decorative items such as candles and a vase filled with flowers on the stove."
"mediterranean_566.jpg","Modern Minimalist","neutral, soft pastel accents","wooden flooring, stone fireplace, linen and cotton upholstery","natural soft light from large windows, supplemented by recessed lighting","warm and cozy","sectional sofa, tufted armchair, coffee table, floor lamp","open space with central seating area, flanked by accent pieces on either side of fireplace","This modern living room is designed to be cozy and inviting, featuring a neutral color palette that blends well with the wood flooring and stone fireplace. The minimalist style allows for clean lines and uncluttered spaces, while the soft pastel accents add warmth to the environment."
"mediterranean_568.jpg","Modern Minimalist","green, gray, beige","stone, grass, wood","natural soft light from the sun","calm and relaxed","plants, pathway, seating area","garden-like space with circular paths","A modern minimalist outdoor design that incorporates natural materials and a calming atmosphere."
"mediterranean_569.jpg","Modern Minimalist","white, beige, black","concrete, wood, metal","natural light through large windows and sliding doors, with some additional recessed lighting","calm and sophisticated","poolside seating set, outdoor fireplace, large outdoor screen, metal planter","open space design with the pool as a central feature, surrounded by stone walls and landscaping","A modern two-story house with minimalistic interior design, featuring a large poolside patio, outdoor seating area, and natural lighting."
"mediterranean_57.jpg","Mid-Century Modern","beige, blue, wood","oak wood, marble, linen","natural soft light from large windows and ceiling lights","warm and cozy","double sinks, wooden cabinet with gold handles, mirrored medicine cabinet, two stools at vanity area, framed artwork on wall above bathroom cabinets","linear design with long counter space, sink area between two mirrors, and stool seating under vanity","This image depicts a clean, elegant mid-century modern bathroom with warm lighting, natural wood materials, and a cohesive color scheme."
"mediterranean_570.jpg","Mediterranean","terracotta, beige, blue","stonework, stucco, tiles","Natural light from arched windows and doorway","Warm, inviting, serene","vintage fountain, antique urns, ornamental vases","Courtyard entry leading to central hall with seating area","A traditional Mediterranean-style home featuring a large courtyard, terra cotta tile roofing and walls, antique decor elements, and inviting outdoor spaces."
"mediterranean_571.jpg","Modern Minimalist","white, beige, light wood","wood, glass, stainless steel","natural soft light from large windows and additional overhead lights","bright and energetic with a touch of coziness","large island with cooktop in center of kitchen, dining table for six people, modern sofa, hanging pendant light, floor lamp","open space with central seating area and a small bar/wine display on one side","This is a modern, minimalist design featuring wood floors, white cabinetry, glass accents, and stainless steel appliances. The kitchen includes an island for preparation and entertainment, with a cooktop built into it, as well as a dining table for six people. A sofa sits in the middle of the room, providing comfortable seating, while a floor lamp offers additional lighting options. The space also has a small bar/wine display on one side, adding to the overall functionality and style."
"mediterranean_572.jpg","Mid-Century Modern","white, beige, light wood","wood, metal, glass","natural soft light from large windows and outdoor patio lights","warm and inviting with a touch of elegance","sofa, coffee table, dining table, floor lamp, potted plant","open space design with a focus on flow and functionality, featuring an outdoor patio and indoor-outdoor living room","This Mid-Century Modern home features a warm beige color scheme with wooden ceiling beams, natural wood finishes, and large windows that allow in soft, natural light. The open floor plan creates a spacious and inviting atmosphere, while the outdoor patio seamlessly integrates with the indoor living room."
"mediterranean_575.jpg","Modern Minimalist","white, gray, wood accents","brick exterior, wood paneling, glass doors","Natural soft light from large windows and glass doors","Calm and serene","front door with sidelights, large picture frame above the door, floor lamp on left of doorway, planter box to right of door","Central entry flanked by symmetrical windows and siding","Modern minimalist design featuring a large white door, glass panels, and brick exterior with wood accents."
"mediterranean_577.jpg","Modern Minimalist","white, gold, marble","marble, brass, glass","natural soft light from large windows","calm and airy","round mirror, sink with brass faucet, white flowers in vase, wooden vanity cabinets","linear arrangement with bathroom sink centralized under the mirror","This modern bathroom features a minimalist design with gold accents, large mirror and vanity, wood grain cabinets, and a serene atmosphere."
"mediterranean_578.jpg","Modern Minimalist","white, beige, light wood","oak wood, linen, concrete","natural soft light from large windows","calm and airy","sofa, coffee table, plant, floor lamp","open space with central seating area","This interior design features a modern minimalist style, characterized by clean lines and a neutral color palette. The space is dominated by an oak wood floor and white walls, with linen textiles adding warmth to the room. Large windows allow natural light in, creating a bright and airy atmosphere. A central seating area with a sofa and coffee table serves as the focal point of the room, while a plant and floor lamp add touches of color and functional decor."
"mediterranean_579.jpg","Modern Minimalist","white, light wood","wood, brick, metal","natural light from large windows","open and airy","kitchen island, modern appliances, vintage-style range hood, large dining table","open space with kitchen and dining area separated by a small wall","This modern, minimalist kitchen features a clean design with wood and brick elements, large windows that let in plenty of natural light, and vintage-style accents. The open layout separates the kitchen from the dining area, creating a spacious and airy atmosphere."
"mediterranean_58.jpg","Modern Minimalist","gray, white, teal","brass, wood, linen","recessed lighting with a central pendant over the sink and mirror","clean, fresh, and serene","large rectangular mirror, white bath towels on rings, wooden soap dispenser","a long counter with a large mirror above it, and a sink in the middle of two windows","This modern minimalist bathroom is designed for functionality while maintaining a serene and clean atmosphere."
"mediterranean_581.jpg","Scandinavian","white, pink, blue","wood, cloth, metal","natural light from windows","bright and airy","chair, table, vase","open floor plan with sitting area by the window","This Scandinavian-style living room features a colorful staircase runner, wooden walls and furniture, and a modern, clean aesthetic."
"mediterranean_582.jpg","Modern Minimalist","beige, light wood, green accent","stone tile flooring, white plaster walls","natural soft light from large windows","calm and airy","wooden console table, bamboo floor lamp, plant in pot, decorative glass vase","hallway with arched entryway leading to living room","The interior design showcases a modern minimalist style, featuring an open hallway with stone tile flooring and white plaster walls. The space is brightened by natural light from large windows and decorated with wooden console table, bamboo floor lamp, plant in pot, and a decorative glass vase."
"mediterranean_583.jpg","Scandinavian","white, beige, light wood","oak wood, linen, concrete","natural soft light from large windows and skylights","calm and airy","sofa, coffee table, plant, floor lamp, rug","open space with central seating area leading to a private balcony","This is a modern bedroom with Scandinavian design elements, featuring light oak wood and linen accents. The room is bright, airy, and comfortable, offering ample natural light from large windows and skylights."
"mediterranean_584.jpg","Modern","gray, white, stainless steel","oak wood, marble, stainless steel","Recessed lighting in the ceiling with a soft glow.","Warm and inviting, designed for both aesthetics and functionality.","large island in center of kitchen, modern pendant lights above island, stainless steel refrigerator","Open layout with central island serving as focal point.","This modern kitchen combines elegance, efficiency and style for an inviting space."
"mediterranean_59.jpg","Modern Minimalist","beige, light wood, green accent","wood, marble, concrete","natural soft light from large windows","calm and airy","pool, large outdoor sofa, outdoor dining table, fireplace, chaise lounge","open space with central seating area around pool","This is a modern, minimalist design with an emphasis on clean lines and organic textures. The color palette is soft and neutral, with wood elements adding warmth to the outdoor living area."
"mediterranean_590.jpg","Nature Inspired","earthy browns, bright greens, muted blues","wooden decking, stones and rocks, metallic garden furniture","natural sunlight","calm and serene","outdoor fireplace, rock waterfall, potted plants, wooden bench","a winding path through a garden with various seating areas and natural features","This is an outdoor space that feels like an extension of nature itself, featuring elements such as rocks, stones, water, and fire. The design combines natural materials with man-made structures to create a harmonious blend of the built environment and the natural world."
"mediterranean_591.jpg","Modern","beige, white, brown","stone, wood, brass","Soft lighting, natural and supplemented by strategically placed wall sconces.","Elegant and warm with a touch of luxury.","large sectional sofa, rectangular coffee table, high-back armchair, floor lamps, plant in corner by window, decorative bowl on coffee table","Open floor plan with central seating area near large windows.","Modern home at sunset with soft lighting, elegant furnishings and a warm color palette."
"mediterranean_593.jpg","Contemporary","white, light brown, dark wood","stone, wood, metal","natural light from large windows with white trim and black frames","warm and inviting","island kitchen centerpiece, oversized wooden dining table, luxurious leather chairs, ornate vase of flowers","open floor plan with island in the middle for a social kitchen space, connecting to dining and living room areas","This spacious kitchen combines modern design elements with warm materials for a luxurious yet inviting atmosphere."
"mediterranean_594.jpg","Modern Minimalist","white, light wood, gray","oak wood, marble, steel","natural soft light from large windows","warm and cozy","sofa, coffee table, floor lamp, plant, large mirror","open space with central seating area","This is a modern, minimalist design that focuses on natural lighting and warm materials like oak wood and marble. The room features a large sofa and coffee table in the center, with a floor lamp providing additional illumination and a plant adding life to the space. The color palette consists of white, gray, and light wood, which are complemented by accents of steel and marble. The mood is warm and cozy, creating an inviting atmosphere."
"mediterranean_595.jpg","Modern Minimalist","white, beige, gray","wood, leather, fabric","natural soft light from large windows and recessed lighting","warm and cozy","sofa, coffee table, plant, floor lamp, artwork","open space with central seating area surrounding fireplace","This modern living room is designed for comfort and style, featuring a neutral color palette of white, beige, and gray. The wooden flooring and leather upholstery add warmth to the space, while recessed lighting illuminates the open floor plan. A central fireplace serves as the focal point around which furniture is arranged, including a large sofa for relaxation and a coffee table for convenience. The room's artwork adds character and personalization."
"mediterranean_596.jpg","Spanish Colonial","white, off-white, beige, brown","stucco exterior walls, wood doors and shutters, tile flooring, brick accents","bright natural light from numerous windows and skylights","luxurious and stately","grand entry door with stained glass window, curved staircase leading to second floor, large formal living room, poolside cabana","spacious outdoor courtyard leading to the central entrance, with covered walkway and pool in background","This luxurious Spanish Colonial style house features an elegant curved staircase, a grand entry door with stained glass accent, and extensive use of beige and brown colors. The numerous windows allow for bright natural light throughout the day, enhancing the overall stately ambiance."
"mediterranean_597.jpg","California Mediterranean","cool blue, warm beige, light green","travertine stone, teak wood, stainless steel","bright and natural light","relaxed and luxurious","infinity pool, outdoor fireplace, palm trees, stone statues","open plan with separate outdoor spaces","A luxurious poolside lounge with Mediterranean influences, featuring a cool blue color scheme and high-end materials."
"mediterranean_598.jpg","Mexican hacienda","beige, blue, white","stone, wood, tile","warm and inviting with a mix of natural light from windows and artificial light from fixtures.","comfortable and relaxed, reflective of the Mexican culture.","large vase with flowers, wooden door, outdoor fireplace, colorful tiles on floor","a courtyard in the center flanked by buildings with open doors leading into rooms.","This Mexican hacienda combines traditional elements with modern comforts to create a warm and inviting atmosphere."
"mediterranean_599.jpg","Modern","black, white, stainless steel","brick, wood, metal","overhead track lighting with adjustable spots and recessed ceiling lights","clean, contemporary, and sleek","stainless steel range hood, brick wall backsplash, built-in cooktop","open space with a central island and plenty of counter space","This modern kitchen combines stainless steel appliances, dark wood cabinetry, and a brick backsplash for a chic, functional space."
"mediterranean_6.jpg","Modern Minimalist","gray, white, wood tones","marble, glass, metal","recessed lighting with warm white bulbs and accent lighting from wall sconces","calm and relaxing","freestanding bathtub, walk-in shower with seat, vanity sink with makeup mirror, wash basin","spacious layout with separate areas for bathing and dressing","This is a luxurious modern bathroom featuring marble counters, freestanding bathtub, walk-in shower, vanity sink and wash basin. The color scheme is neutral, with gray walls, white fixtures, and wood tones for accents."
"mediterranean_60.jpg","Modern","white, beige, wood, blue","stone, concrete, brick, metal","natural light from large windows and a skylight","contemporary and inviting","sofa, coffee table, chandelier, plant","open floor plan with central living space","This modern two-story house features a mix of materials including stone, concrete, brick, and metal. The color palette is neutral, with white, beige, wood, and blue elements. Natural light fills the space from large windows and a skylight, creating a contemporary and inviting atmosphere."
"mediterranean_600.jpg","Modern","brown, white","leather, wood","recessed lighting with accent track lighting","comfortable and intimate","sofa, coffee table, bar stools, large screen TV","L-shaped layout with seating facing the television","This is a modern, leather furnished space featuring a large screen TV in an L-shaped room layout for comfortable viewing and intimate social interactions."
"mediterranean_601.jpg","Modern Minimalist","white, beige, light wood","stucco, stone, steel","soft, warm ambient light","calm and airy","chair, table, plant, wall decoration","open space with central seating area around fireplace","The living room has a modern minimalist design, featuring a neutral color palette with white walls and light wood accents. The stucco and stone exterior gives way to an open interior with ample natural light. A central seating area is arranged around a fireplace, creating a cozy atmosphere for relaxation."
"mediterranean_603.jpg","Scandinavian","white, beige, light wood, green accent","oak wood, linen, concrete, steel","natural soft light from large windows","calm and airy","sofa, coffee table, plant, floor lamp","open space with central seating area, surrounded by covered porches","This Scandinavian-style home features an open floor plan that encourages a relaxed atmosphere. A light wood palette contrasts with the cool gray of the concrete roof and steel accents, creating a warm and inviting space. The porch extends from the living area to the bedrooms, providing outdoor access for all occupants."
"mediterranean_604.jpg","Scandinavian","beige, natural wood, blue accent","wood, brick, stone","natural soft light from large windows and a skylight","calm and airy","sofa, coffee table, plant, floor lamp","open space with central seating area under a covered porch","This Scandinavian-style living space is characterized by light wood tones, natural materials like stone and brick, and an open floor plan that connects the interior to the outdoor patio."
"mediterranean_605.jpg","Modern","neutral, stone, black","concrete, metal","natural light from windows and recessed lights","modern, clean and minimalist","barstools, patio furniture, stone fireplace","open floor plan with kitchen area to one side and seating area in center","A modern outdoor living space with stone walls, a barstool seating arrangement around a fireplace, and clean lines throughout."
"mediterranean_606.jpg","Modern","white, blue","marble, wood","bright and airy","calm and relaxing","bathroom sink, mirrors above the sinks, hanging wall art, white and grey bath mat","spacious with double sinks","This modern bathroom features a clean and minimalist design, utilizing white and blue tones for a calming atmosphere. Marble and wood materials are used for a luxurious feel. The space is brightened by natural light from the window above the sink."
"mediterranean_607.jpg","Modern Minimalist","white, light wood, gray","wood, stone, metal","natural soft light from large windows and skylights","calm and airy","sofa, coffee table, plant, floor lamp","open space with central seating area and arched walkway","This modern minimalist living room features a serene, calming atmosphere. The use of light wood and gray tones, along with the stone flooring and wood ceiling beams, creates a warm yet airy ambiance. The large windows and skylights allow for an abundance of natural light to brighten up the space. Key pieces include a comfortable sofa, a functional coffee table, and an elegant floor lamp."
"mediterranean_609.jpg","Modern Minimalist","black, white, light wood","metal, leather, fabric","natural soft light from large windows","calm and airy","desk, chair, shelves, potted plant, vase with flowers","open space with central seating area","This modern minimalist office has a black and white color scheme, featuring metal furniture and soft lighting from large windows. A wooden desk is the focal point in front of a shelving unit filled with decorative items. A potted plant adds a touch of greenery to the space, while a vase with flowers brings a splash of color to the otherwise neutral room."
"mediterranean_61.jpg","Modern Minimalist","white, beige, light wood","stucco exterior, wooden doors and windows, brick fireplace","natural soft light from large windows","warm and cozy","sofa, coffee table, plant, floor lamp","open space with central seating area",""
"mediterranean_611.jpg","Modern Minimalist","white, beige, light wood, blue","oak wood, linen, glass, steel","natural soft light from large windows and overhead chandelier","calm and airy","sofa, coffee table, plant, floor lamp, vase of flowers","open space with central seating area, adjacent to large windows providing a view","This is a modern minimalist living room with clean lines and neutral colors. It features a sofa, coffee table, plant, floor lamp, and vase of flowers that create a warm and welcoming atmosphere."
"mediterranean_612.jpg","Modern Minimalist","white, natural wood, cool grey","glass, wood, plastic, metal","bright and natural light from floor-to-ceiling windows","bright and airy","sofa, coffee table, plant, floor lamp","open space with central seating area and plants on both sides","This modern minimalist living room combines a clean design with natural light from floor-to-ceiling windows, creating an airy and bright atmosphere."
"mediterranean_613.jpg","Modern","white, gray","wood, metal, tiles","bright and airy","clean, functional, and inviting","kitchen island, high stools, potted plants, modern fixtures","galley-style with a central island and open seating area","This is a modern kitchen design that combines white cabinetry, wooden countertops, and metal accents to create a sleek, clean look. The layout is galley style with a central kitchen island for added functionality and an open seating area with high stools. Bright lighting enhances the airy feel of the space."
"mediterranean_614.jpg","Modern Minimalist","black, white, gray","wood, brick, metal","natural soft light from large windows and wall sconces","calm and airy","sofa, coffee table, plant, floor lamp","open space with central seating area","The living room features a minimalist design with a neutral color palette, highlighted by the brick walls and wooden flooring. A sofa and coffee table provide comfortable seating around a central rug, while wall sconces add soft lighting that complements the natural light coming through the large windows."
"mediterranean_615.jpg","Modern Minimalist","white, neutral tones, wood accents","oak wood, linen, concrete, steel","soft and indirect lighting","calm and serene","bed, couch, coffee table, floor lamp, headboard with built-in bench","open space with bed as central focus","This is a modern, minimalist design with an emphasis on natural materials and soft lighting. The space features a large bed with a built-in bench at the foot, providing additional seating or storage. A couch is placed adjacent to a coffee table for relaxation, while a floor lamp offers ambient lighting. Oak wood adds warmth to the space, contrasted by neutral tones and concrete walls. The room has an open feel with a sliding glass door leading out to a patio."
"mediterranean_616.jpg","Modern","white, gray, wood","wood, fabric, metal","Natural light from large windows and chandeliers.","Warm, inviting, and stylish.","sofa, coffee table, area rug, wall art, floor lamp, potted plant","Open-concept living area with arched doorways and stairwell.","This modern interior design features warm wood tones, chic furnishings, and a mix of natural and ambient lighting."
"mediterranean_618.jpg","Scandinavian","white, beige, light wood","natural stone, gold accents, wood paneling","well-lit by natural light from large windows","calm and serene","bathtub with marble base, vintage faucet, round mirror, small sculptural piece","linear layout with hallway leading to bathroom and bedroom","This bathroom features a clean, modern design with Scandinavian influences. The use of natural stone in the sink and bathtub adds warmth and texture to the space. Large windows allow for ample natural light, creating a bright and airy atmosphere."
"mediterranean_619.jpg","Modern Minimalist","light beige, navy blue, brass","wood paneling, leather upholstery, metal frames","recessed lighting with brass fixtures","elegant and sophisticated","bookshelves filled with books, ornate chandelier, antique wooden desk, lounge chair, floor length mirror","split level design with upper and lower sections connected by staircase","A luxurious reading room featuring tall bookshelves, a sophisticated chandelier, and comfortable seating options."
"mediterranean_62.jpg","Modern","blue, gray, white","wood, glass, metal","natural light from a window with a black frame and gold accents","calm and sophisticated","sink, bowl, mirror, flowers, vase","rectangular space with sink in corner and mirror above it","Modern bathroom design featuring a black framed window, gold accents, wood materials, and sophisticated mood."
"mediterranean_621.jpg","Modern","white, beige, black","porcelain, marble, wood","soft and warm with pendant lights above mirror","clean and sleek","freestanding bathtub, rectangular mirror with ornate frame, white oval sink","linear design with bathroom vanity under mirror and tub to the side","A modern bathroom with a black and white color scheme, featuring a freestanding bathtub, rectangular mirror, and an oval sink."
"mediterranean_623.jpg","Modern Minimalist","white, gray, navy","wood, leather, metal","natural soft light from large windows and ambient chandeliers","calm and sophisticated","dining table with modern design, comfortable upholstered chairs, decorative bowl on table, fine artwork on walls, sleek floor lamp","open space with central seating area, featuring a wooden dining table with bench on one side and chairs on the other","This modern minimalist dining room features a clean and elegant design, using natural materials like wood and leather for a sophisticated look that is both comfortable and stylish."
"mediterranean_624.jpg","Mid-Century Modern","yellow, pink, blue","brick, wood, metal","Natural light, with a soft glow from the overhead canopy of lights.","Warm and inviting with a touch of whimsy.","tropical plants, a large stone planter, an orange lounge chair","A circular driveway leads to the front entrance of the house, which is surrounded by an abundance of colorful flowers and foliage. The front garden is designed with a mix of shrubs and perennials for year-round interest.","This Mid-Century Modern home features brightly colored exterior walls and a lively garden that brings the outside in, creating a warm and welcoming atmosphere."
"mediterranean_625.jpg","Mission Revival","tan, beige, green","stucco walls and beams, wooden doors and shutters, clay tiles on the floors and patio","Warm and inviting with a mix of natural light from windows, outdoor lanterns, and electric lights","Comfortable and welcoming, blending traditional Spanish architecture with modern amenities","fireplace, outdoor fountain, large wooden door, decorative wrought iron railings","A central courtyard flanked by buildings creates a spacious and inviting outdoor living area that connects the indoor spaces.","This Mission Revival-style compound offers an authentic Spanish ambiance with modern comforts, creating a warm and inviting atmosphere."
"mediterranean_627.jpg","Modern Minimalist","neutral grey, natural wood, white","wood, brick, stone","soft ambient lighting with natural light from a window","calm and serene","simple wood door, tiled steps, modern minimalist decorations","a long narrow space leading to an open hallway","This image showcases a modern minimalist style with a neutral color palette and materials that create a calm and serene atmosphere. The tiled stairs lead the eye down the space, which is well-lit by natural light from a window. The simple wooden door adds to the minimalist feel, while the decorations bring warmth and character."
"mediterranean_628.jpg","Modern Minimalist","white, gray, light wood","stone, wood, metal","natural soft light from large windows and a ceiling fan overhead","calm and airy","sofa, coffee table, dining table, floor lamp, outdoor grill","open space with central seating area adjacent to outdoor grill","This is a spacious and modern living room that combines indoor comforts with outdoor accessibility."
"mediterranean_629.jpg","Minimalist","blue, white, marble","granite, brass, wood","natural light from a window","calm and serene","marble sink, brass faucet, vase of flowers","small bathroom with walk-in shower and marble vanity","This bathroom is designed with a minimalist style, utilizing cool tones and natural materials to create a calming atmosphere."
"mediterranean_63.jpg","Naturalistic Garden","purple, yellow, green","wood chips, gravel, grasses, flowers","natural light from the sun","calm and relaxed","trees, shrubs, flowers, rocks, walkway","path leading to garden area","A serene path through a beautifully maintained naturalistic garden."
"mediterranean_631.jpg","Modern","white, gray, black","wood, metal, glass","bright and airy, with natural light coming in through large windows and glass doors.","modern and stylish","white cabinet with glass front doors, black metal chandelier hanging from the ceiling, white marble countertops, gray velvet armchair, large mirror above the cabinet","open layout with a central island and glass doors leading outdoors.","A modern wardrobe room with stylish materials, bright lighting, and an open design."
"mediterranean_632.jpg","Modern Minimalist","white, light blue","wood, linen, velvet","natural soft light from large windows","calm and airy","king-size bed, two nightstands, vase of flowers, chair, blue rug","open space with central seating area featuring sofa, coffee table, and floor lamp","This is a modern and minimalist bedroom with a calming atmosphere, featuring light wood walls, white linens, velvet accents, and a blue color palette."
"mediterranean_634.jpg","Modern Rustic","neutral, wood tones","stone, wicker, brass","Natural light from large windows, supplemented by outdoor lights","Cozy and inviting","fireplace, large island counter, hanging basket with plants","Open floor plan with seating area centered around a fireplace and television","A modern rustic living room featuring warm wood tones, neutral colors, stone elements, and a cozy fireplace at the center."
"mediterranean_635.jpg","Modern","dark brown, light brown, black","wood, metal","overhead light fixture illuminating the entryway","formal and elegant","large gate, wooden door, stone column","grand entrance with tall door flanked by columns on either side","This is an image of a grand wooden entryway, designed in a modern style. The color palette is composed of dark and light brown tones, complemented by black accents. The materials used include wood for the gate and door, and metal elements to add contrast and sophistication. The overall mood of the space is formal and elegant, with an overhead light fixture providing illumination. Notable objects in the entryway include a large wooden gate, a tall wooden door flanked by stone columns on either side."
"mediterranean_636.jpg","Southwest","red clay, white stucco, green foliage","stone and brick, tiles on the roof, wooden door","Natural light from windows and patio cover.","Warm and welcoming","potted plant on the ground, small water fountain, stone bench","Courtyard with a center stone pathway leading to a small building.","A cozy Southwest courtyard with a charming stone cottage, featuring red clay walls and greenery."
"mediterranean_637.jpg","Modern","white, neutral grey, wood accents","stucco wall finishes, oak wood flooring, white stone tile","a blend of natural and artificial light with overhead track lighting","contemporary and inviting","vaulted ceilings with exposed beams, curved staircase leading to second floor, large wooden dining table, modern style sofa set","an open floor plan leading from the entry hall through a living area, a kitchen, and upstairs","This modern home features an open layout with neutral tones and natural materials. The design emphasizes spaciousness and simplicity."
"mediterranean_638.jpg","Industrial Loft","white, beige, black","steel, concrete, wood","sunlit from large windows","modern and spacious","bed, bookshelf, chair, floor lamp","open space with central seating area","This is an interior design image of a modern bedroom with industrial loft elements, featuring steel and concrete materials and a predominantly neutral color palette. The room is sunlit from large windows, creating a spacious and open atmosphere. The furniture includes a central seating area composed of a bed, bookshelf, chair, and floor lamp, all contributing to the modern and minimalist feel."
"mediterranean_639.jpg","Scandinavian","white, beige, wood, green","stucco, linen, wood, metal","Natural light, soft and bright.","Warm and inviting.","sofa, coffee table, planter with plant, rug, potted tree","Open concept with central seating area.","This is a bright, open-concept space with a cozy and inviting atmosphere. The Scandinavian style influences the design through clean lines, natural materials, and a mix of neutral tones with accent pops of color. A comfortable seating area is arranged around a central coffee table, with additional seating on a plush sofa and lounge chairs surrounding a fire pit. The space is filled with natural light, enhancing the warm and welcoming ambiance."
"mediterranean_64.jpg","Modern Minimalist","white, light wood","oak wood, marble","soft natural light from large windows","clean and modern","sleek countertops, modern sink, large window, wooden cabinet","open space with central island for food preparation","The kitchen features a minimalist design with sleek countertops and modern appliances set against the backdrop of marble walls. The large window allows natural light to flood in, creating a bright atmosphere."
"mediterranean_641.jpg","Modern","blue, beige, light wood","stone, wood, metal","Natural sunlight with outdoor lighting at night","Bright and welcoming","bench, planter box, outdoor chairs, potted plant","An outdoor living area that leads to the entrance of a home with a cobblestone patio.","This is an example of a modern exterior design that uses natural materials and a neutral color palette to create a warm and inviting space for relaxation and socialization."
"mediterranean_642.jpg","Scandinavian","white, gray","wood, linen, metal","natural soft light from large windows","calm and airy","bed, dresser, chair, lamp","modern bedroom with a split living area in back","This is a modern Scandinavian-style bedroom featuring white walls, gray linens, wood furniture and metal accents. The room has large windows that let in natural soft light. A neatly made bed sits against the wall, accompanied by a chair and lamp for reading. A dresser is also present near one of the windows."
"mediterranean_643.jpg","Modern Minimalist","white, gray, black","marble, metal, wood","Recessed lights and sconces providing soft, ambient light.","Serene and sleek, with a touch of elegance.","vanity mirror, sink with faucet, cabinet","Hallway leading to a bathroom with ample natural light coming in from the left side.","A modern, minimalist design featuring marble surfaces and sleek metal fixtures."
"mediterranean_644.jpg","Modern Minimalist","white, light green","oak wood, white marble","bright and natural with recessed ceiling lights","clean, modern, and spacious","bathtub, freestanding shower, vanity sink, wooden bench","linear layout with a long vanity sink underneath a large mirror","This is a modern bathroom with a minimalist design, featuring oak wood for warmth and white marble for elegance."
"mediterranean_645.jpg","Rustic Cottage","green, purple, orange","wood, stone, metal","natural light from the sky and the surrounding trees, with a hint of shade on the left side","peaceful and idyllic","wooden fence, dirt path, stone steps, garden","a tranquil garden setting with a wooden fence, stone path, and stairs leading to it","This rustic cottage garden is inviting and serene, offering a natural retreat for relaxation."
"mediterranean_646.jpg","Modern","beige, wood tones, blue accents","wood, leather, metal","bright and well-lit due to numerous windows","spacious and inviting","dining table, chairs, potted plants, large vases, wooden flooring","open concept with a combined kitchen and living area leading into a dining space","This is an image of a modern, spacious interior design that combines kitchen, living, and dining spaces in a brightly lit home with wood accents and blue decor."
"mediterranean_647.jpg","Modern","green, red, white","concrete, stone, wood","Natural light, possibly filtered through window coverings for soft glow.","Calm and serene","outdoor sofa, plants, large potted tree, metal railing","Garden area with curved walkway leading to house entry. Straight line of greenery on wall divider.","Modern style garden area with colorful flowers and well-maintained plants, creating a calm and inviting atmosphere."
"mediterranean_648.jpg","Modern","white, beige, brown","wood, brick, metal","natural light from windows, supplemented by ceiling lights and wall sconces","calm and inviting","outdoor furniture set, potted plants, kitchen appliances","open concept with living area leading to outdoor patio","This modern house features a bright and airy interior, with white walls and beige furnishings. The open layout creates an inviting atmosphere, while the wood elements bring warmth to space."
"mediterranean_649.jpg","Elegant Contemporary","light beige, dark brown, green accents","oak wood, marble, silk, gold","Warm, ambient light from chandeliers and sconces.","Opulent and luxurious","ornate chandelier, antique armoire, large area rug, tall potted plant","Floor-to-ceiling windows, high ceilings, elegant staircase leading to second floor.","Elegant interior with opulent decor and a grand staircase, featuring luxurious materials like silk and marble."
"mediterranean_65.jpg","Cottage Garden","natural greens, soft pinks, rustic browns","stone, wood, slate","Natural light filtering through the trees above and soft artificial spotlights in the evening.","Warm, inviting, and intimate.","small garden table with four chairs, ornamental iron bench, tall terracotta planter, weathered stone planter, antique-style lantern","A curved path leads from a wooden entrance gate through the center of a lush, flowering garden to a small patio with seating area.","This is an idyllic outdoor space that combines elements of nature and rustic design to create a charming and intimate atmosphere."
"mediterranean_650.jpg","Scandinavian","blue, white, gray","linen, wood, glass","natural and soft lighting","calm and airy","bed, nightstands, pillows, blankets","functional with a mix of storage and seating areas","A clean, simple room with natural textiles and light wood tones, designed to feel relaxed and uncluttered."
"mediterranean_652.jpg","Modern","white, black, brass","marble, wood, metal","recessed lighting throughout space, complemented by a chandelier above island","spacious and open","kitchen island, high bar stools, modern kitchen appliances","kitchen with central island, flanked by cabinets and counter space on both sides","A modern kitchen with a sleek design, featuring marble counters, dark wood cabinetry, brass fixtures, a chandelier above the island, and plenty of seating options."
"mediterranean_653.jpg","Modern","white, light wood, silver","glass, wood, stainless steel","Natural and ambient","Bright and airy","open shelves, spice rack, pantry door, cookware","Clean lines with open storage and organization","The kitchen design is modern, featuring a pantry with white shelves that are open for easy access to ingredients. The color palette includes light wood and silver accents complementing the glass materials throughout the space."
"mediterranean_654.jpg","Mid-Century Modern","beige, red, green","brick, wood, glass","soft, warm ambient lighting","welcoming and inviting","sofa, coffee table, plant, floor lamp","open space with central seating area around the steps leading to a covered patio","This interior design captures a warm and cozy mid-century modern style with a rich color palette, featuring a mix of brick walls, wooden furniture, and greenery that bring life to the space."
"mediterranean_657.jpg","Modern Spanish Colonial","beige, brown, green","stone, wood, tile","sunlit with soft ambient light","warm and welcoming","large wooden door, arched window, stone chimney, palm tree","central courtyard around which all spaces radiate","A two-story Spanish colonial home with a central courtyard, featuring stone construction and large archways."
"mediterranean_658.jpg","Modern Minimalist","light gray, dark gray, green","stone, metal, glass","Natural soft light from large windows and outdoor lanterns","Calm and airy","Garden pathway, Succulent plants, Outdoor seating area, Birdhouse, Water fountain","A curved stone walkway leading to a garden with succulents and outdoor furniture.","The space is designed in a minimalist style, using soft colors and natural materials to create a serene atmosphere. The garden path leads the eye down the line of plants, inviting exploration of the outdoor seating area."
"mediterranean_659.jpg","Modern Minimalist","beige, wood, white, green","oak wood, linen, concrete, steel","natural soft light from large windows","calm and airy","mirror, vase with flowers, towel rack, sink","open space with central vanity area","A modern, minimalist bathroom with a neutral color palette, featuring oak wood and concrete materials for a warm and calming atmosphere."
"mediterranean_66.jpg","Southwest","beige, terracotta, blue","brick, wood, clay","natural light and warm ambient lighting","vibrant and eclectic","bathtub, sink, mirror, bench, plants, cacti","small space with intimate seating and bathroom areas","This Southwest-style bathroom combines natural materials like brick, wood, and clay with vibrant color accents to create a cozy and eclectic atmosphere."
"mediterranean_660.jpg","Modern Minimalist","white, beige, dark brown","wood, fabric, metal","natural soft light from large windows","calm and airy","sofa, coffee table, plant, floor lamp, chair","open space with central seating area","A modern minimalist living room featuring a neutral color palette, natural lighting, and comfortable seating with ample open space."
"mediterranean_662.jpg","Modern Minimalist","beige, light wood, gray","wood, fabric, leather","recessed lighting with a chandelier and floor lamp","contemporary and sophisticated","sofa, coffee table, armchair, framed artwork, flat-screen TV","open space with a focal point by the fireplace","This modern living room features a warm color palette, comfortable seating options and a minimalist design. A central fireplace serves as a cozy gathering spot, while a chandelier adds elegance to the space."
"mediterranean_663.jpg","Modern Minimalist","white, beige, red accent","leather, wood, brass, velvet","natural soft light from large windows","calm and airy","sofa, coffee table, plant, floor lamp, throw pillows, area rug","open space with central seating area","This living room features a Modern Minimalist design with an emphasis on clean lines and neutral colors. The space is well-lit, creating an airy atmosphere. The furnishings are a mix of leather and wood textures, providing both comfort and style. Red accent pillows add a pop of color to the room."
"mediterranean_664.jpg","Southwestern","white, terracotta, blue","stucco, wood, metal","warm and ambient from ceiling lights and natural sunlight","inviting and relaxed","sofa, coffee table, throw pillows, potted plants, vase","open floor plan with living room, kitchen, and outdoor pool area visible","This Southwestern-style home is characterized by its white stucco walls, terracotta tile roof, and blue trim. The interior combines warm wood tones with bold blue accents to create a relaxed and inviting atmosphere."
"mediterranean_665.jpg","Modern Minimalist","white, gray, black","wood, fabric, metal","ambient light from ceiling and floor lamps","calm and organized","bed, sofa, coffee table, armchair, plant","open space with central seating area surrounded by walls and windows","This room is designed in a modern minimalist style, featuring a neutral color palette of white, gray, and black. The materials include wood for the floors, fabric for the bedding and curtains, and metal for the furniture frames. The lighting comes from ceiling and floor lamps, creating a calm and organized atmosphere. The room contains a bed with a central seating area surrounded by walls and windows, with furnishings such as a sofa, armchair, coffee table, and a potted plant adding to the cozy ambiance."
"mediterranean_669.jpg","Modern Minimalist","light gray, cream, dark brown","stone, metal, wood","natural soft light from large windows and a wooden awning over the seating area","calm and relaxed","chairs, coffee table, potted plants, floor lamp, outdoor rug","open space with central seating area defined by wooden furniture pieces, including a table with chairs for intimate gatherings.","A modern outdoor living space featuring minimalist design elements such as clean lines and neutral colors. The natural surroundings enhance the peaceful atmosphere of the space."
"mediterranean_67.jpg","Modern Minimalist","white, beige, gray","marble, glass, stainless steel","recessed lighting and natural sunlight","calm and serene","tub, shower stall, cabinet","open space with central tub area","A modern bathroom with a minimalist design featuring marble and glass materials, a calm color palette of white, beige, and gray, recessed lighting, and natural sunlight streaming in."
"mediterranean_671.jpg","Tile Mosaic","beige, brown, gold","tile, grout, metal","Natural light from overhead window","Vintage and luxurious","Bathroom sink, Tiled wall, Ceramic tiles","Small space with functional tilework","This bathroom features a vintage tile mosaic design, giving it an antique feel. The color palette includes beige and brown tones, which are complemented by metallic grout. The layout is functional for the small space, maximizing its utility."
"mediterranean_672.jpg","Modern Minimalist","brown, beige, gold","marble, wood, brass","recessed lighting with soft white bulbs","luxurious and serene","bathtub, cabinet, shower head","spacious bathroom with separate tub and shower area","This modern minimalist bathroom features a neutral color palette, rich marble surfaces, and a separate bathtub and shower area for luxurious comfort."
"mediterranean_673.jpg","Modern","blue, white, wood","wood, leather, fabric","dimmable recessed lights, modern floor lamp","modern and cozy","sofa, coffee table, media console, area rug","open concept with living room leading into dining room","Modern interior design with a neutral color palette, wood accents, and comfortable seating."
"mediterranean_674.jpg","Modern Minimalist","dark blue, light grey, brass","oak wood, stainless steel, marble","natural soft light from large window","calm and spacious","coffee maker, metal framed mirror, wine rack, bottle of olive oil, ceramic fruit bowl","small galley kitchen with counter space on both sides","This modern minimalist kitchen features dark blue cabinetry, a light grey backsplash adorned with intricate tiles, and stainless steel appliances. The space is illuminated by soft natural light coming through the large window above the sink. On one side of the kitchen is an olive oil dispenser and a wine rack, while on the opposite side is a coffee maker and a fruit bowl for convenience. The overall atmosphere is calm and spacious."
"mediterranean_675.jpg","Modern Minimalist","green, grey, white","brick, metal, glass","ambient lighting with natural sunlight filtering through the vine canopy","serene and inviting","large urn planters, dining table, woven bench, hanging light fixtures","open courtyard with seating arrangement under the vines","This modern outdoor space is designed with a minimalist approach, featuring neutral color tones and natural materials. The central walkway leads to an inviting seating area where guests can enjoy the peaceful ambiance."
"mediterranean_676.jpg","Modern Minimalist","white, gray, black","marble, steel, glass","recessed lighting and natural soft light from large windows","calm and airy","large marble-tiled floor, white countertop with two sinks, glass shower door and enclosure, steel towel rack, white porcelain tub","open space with central bathroom area flanked by vanity areas","A modern bathroom with a minimalist design, featuring marble tiles and fixtures, white countertops, glass shower enclosure, and large windows allowing for soft natural light."
"mediterranean_678.jpg","Modern","black, white, brown","wood, metal, marble","recessed lighting and ambient track lighting","serene and sophisticated","shoe rack, leather ottoman, dresser, lounge chair","long narrow space with open shelving on walls","This is a modern shoemaking shop with wooden storage cases, white leather shoes, and metal hanging racks. The color palette is dark with black accents, creating a sophisticated atmosphere."
"mediterranean_679.jpg","Modern Minimalist","yellow, black, white","stainless steel, glass, wood","natural soft light from large windows","bright and energetic","oven, cookware, cutting board, kitchen utensils","well-organized with a central cooking area and counter space on both sides","This kitchen features a modern minimalist design, emphasizing bright yellow walls and black appliances against white backsplash tiles. Stainless steel appliances contrast sharply with the wooden cabinets and cutting board, while large windows let in soft natural light."
"mediterranean_680.jpg","Modern Minimalist","white, grey, black","oak wood, leather, stainless steel","natural soft light from large windows and recessed lights in ceiling","calm and airy","sofa, coffee table, floor lamp, area rug, large artwork","open space with central seating area, surrounded by windows","This modern living room combines minimalist design principles with a monochromatic color scheme to create a serene and inviting atmosphere."
"mediterranean_681.jpg","Modern","white, wood tones, blue accent","stainless steel appliances, light wood cabinets, granite countertops, brass fixtures","recessed lighting with warm white bulbs and a central pendant light for focus","inviting and contemporary","stainless steel refrigerator-freezer combo, wooden kitchen island with built-in seating, white countertop stove top, decorative floral centerpiece","open concept layout with a central cooking area and a designated dining space","This modern kitchen features clean lines, warm wood tones, and sleek stainless steel appliances. The open floor plan promotes easy movement and interaction between the living and dining spaces."
"mediterranean_685.jpg","Modern","gray, white, brass","stone, stainless steel, wood","warm and ambient","comfortable and inviting","grill, outdoor furniture, water feature, potted plants","open patio with covered seating area","This outdoor space features a modern, sleek design with stone walls, stainless steel appliances, and warm lighting. The grill is nestled under a covered pergola, while the outdoor furniture creates a cozy seating area for socializing. A water feature adds a soothing sound to the space, and potted plants bring in some greenery."
"mediterranean_686.jpg","Scandinavian","gray, white, navy","wood, marble, stainless steel","natural light from large windows and modern recessed lighting","bright, airy and inviting","double sink vanity, large mirror, potted greenery, floor lamp","long narrow hallway with bathroom on the right","This is a luxurious bathroom in an upscale home, featuring Scandinavian design elements such as minimalist fixtures, natural wood accents and soft color palette."
"mediterranean_687.jpg","Spanish Mediterranean","beige, ochre, blue","stone, tile, wood","bright and diffuse natural light","quiet and serene","fountain, shrubs, doorway, vase","enclosed outdoor courtyard","This Spanish Mediterranean-style building features a beige color scheme with stone and tile accents, creating a warm and inviting atmosphere. A central fountain serves as the focal point of an enclosed outdoor courtyard, surrounded by shrubs and plants that add to the serene ambiance."
"mediterranean_688.jpg","Modern Rustic","navy blue, white, natural wood","wooden beams and paneling, woven wicker, black metal hardware","Natural light from large windows and doors, with additional warm overhead lights.","Cozy and inviting, perfect for outdoor entertaining in a tropical climate.","dining table with chairs, outdoor rug, cushioned bench, flowering potted plant","A semi-enclosed patio space with an open airy feel, featuring a dining area under a vine-covered trellis.","This outdoor living space combines the best of modern and rustic design elements with natural materials to create a comfortable and stylish setting for relaxation or entertaining."
"mediterranean_689.jpg","Modern Minimalist","white, light wood","wood, linen, glass","natural soft light from large windows and ceiling lights","calm and airy","mirror, cabinet, plant, vase, towel rack, toilet","open space with central vanity area","This is a modern bathroom that utilizes minimalist design principles. The color palette focuses on white and light wood, creating an airy atmosphere. Natural light from windows and ceiling lights add soft illumination to the space, contributing to its serene ambiance."
"mediterranean_69.jpg","Garden Courtyard","green, brown, gray","stone pavers, concrete path, grass","Natural sunlight, interspersed with shade from trees.","Peaceful and inviting.","Hedge border, Pathways, Sculpture","Central lawn surrounded by symmetrical hedge paths leading to a central point, possibly an entrance or focal area.",""
"mediterranean_692.jpg","Scandinavian","white, light gray, natural wood","wood, linen, brass","Natural light flooding in from a large window above the mirror.","Calm and airy with a touch of elegance.","sofa, mirror, coffee table, plant","Open space that leads to another area, with a raised seating arrangement around the fireplace.",""
"mediterranean_694.jpg","Southwestern","beige, rustic red, earthy green","natural stone, wood, brass","dimmable recessed lighting and a large chandelier","warm and inviting with rustic charm","large fireplace, traditional sofa set, antler decoration, western-style rug","open floor plan with a central living area and additional seating spaces around it","This Southwestern-inspired living room combines natural materials like stone, wood, and brass with warm beiges and earthy greens for a cozy atmosphere. The traditional sofa set, chandelier, and fireplace create a focal point around which the space is arranged for easy conversation and entertaining."
"mediterranean_696.jpg","Modern Minimalist","white, light wood, gray","oak wood, linen, metal","natural soft light from large windows, complemented by recessed LED lights and a floor lamp","calm and airy","dining table, kitchen island, bar stools, plant, vase with flowers","open space with central seating area around kitchen island, flanked by dining table and bar stools","This modern minimalist interior features clean lines, neutral tones, and a harmonious blend of functional furniture and decorative elements that create an inviting and serene atmosphere."
"mediterranean_697.jpg","Modern","white, gray, black","wood, metal, fabric","Natural light from large windows and additional warm lighting from wall sconces.","Elegant and contemporary, with a touch of coziness from the fireplace.","sofa, coffee table, floor lamp, bookshelf, vase","Open space with a central seating area around a fireplace, flanked by large windows and additional decorative pieces.","This modern living room combines sleek design elements with warm materials to create an inviting and stylish space."
"mediterranean_698.jpg","Modern Minimalist","white, beige, light wood","wood, glass","bright and natural light from windows and recessed ceiling lights","clean and organized","spice rack, canned goods, bottled condiments","vertical organization with a mix of open shelving and glass-fronted cabinetry","This image features a modern spice rack in a minimalist style, highlighting clean lines and a simple color palette. The materials used include wood and glass for both the cabinetry and the storage elements, contributing to a bright and airy feel. The lighting is natural and bright, accentuating the simplicity of the design. The objects on display are everyday items such as spices and canned goods, suggesting functionality and practicality without sacrificing style."
"mediterranean_699.jpg","Modern Minimalist","beige, white, light wood","concrete, oak wood, steel","natural soft light from large windows","calm and airy","sofa, coffee table, plant, floor lamp","long hallway with high ceiling and arched windows","A serene modern space with a minimalist design, featuring concrete walls, oak wood accents, and an inviting open layout."
"mediterranean_7.jpg","Modern","white, light wood, gray","wood, metal, tiles","The kitchen has recessed lighting and an overhead island lamp that provides ample light for cooking.","The kitchen is bright, clean, and modern with a warm ambiance.","island with sink, wall oven and stove top range, dishwasher under counter","The kitchen has an L-shaped layout with the island in the center. There are two sinks, one on each side of the island.","This modern kitchen features a warm palette with white cabinets and light wood counters, providing a bright and inviting atmosphere."
"mediterranean_701.jpg","Modern Minimalist","beige, cream","porcelain, tile","natural soft light from window","clean and serene","shower head, faucet","small space with corner shower","A bathroom designed in a minimalist style, featuring neutral colors and simple fixtures."
"mediterranean_702.jpg","Modern","blue, green, purple","wood, stone, metal","natural sunlight from above and ambient lighting from plants","serene and refreshing","flowers, herbs, trees","a garden with a variety of different flowers in front of wooden fencing and stone edging","This is a well designed modern garden with a variety of blue, green, and purple flowers set against a backdrop of natural materials like wood and stone. The space creates a serene and refreshing atmosphere through the use of nature's beauty and the modern style."
"mediterranean_703.jpg","Modern Minimalist","gray, white, wood","wood, leather, metal","modern with sleek fixtures and LED lights","modern and serene","sofa, coffee table, floor lamp, area rug, flat-screen TV","open floor plan with seating arranged around central fireplace","This modern living room features a minimalist design with neutral colors, sleek materials and fixtures, and a cozy atmosphere centered around the fireplace."
"mediterranean_704.jpg","Mid-Century Modern","red, white, blue","brick, tile, wood","warm and ambient, with warm tones from the fireplace glow","cozy and inviting, perfect for a winter's evening","fireplace, potted plant, outdoor seating area, vase","a patio or outdoor living space with the fireplace as the centerpiece, surrounded by pots and planters with plants.","This cozy outdoor space is designed to provide warmth and a comfortable atmosphere for gathering and relaxation, with a focus on vibrant colors and materials that complement the natural surroundings."
"mediterranean_705.jpg","Modern Minimalist","white, light wood","wood, stainless steel","natural soft light from large windows","calm and airy","kitchen island, open shelves, oven range, chandelier","open space with central kitchen island","This modern minimalist kitchen combines natural light with a palette of white and light wood to create a calm and airy atmosphere. The open design emphasizes the use of simple, clean lines and the materials are predominantly wood and stainless steel. A central kitchen island serves as both a workspace and additional counter space."
"mediterranean_706.jpg","Modern Minimalist","white, beige, light wood","oak wood, linen, steel","bright and natural with recessed lighting","clean and serene","white shelving units, large mirror, wooden floor","long corridor with multiple shelving units on both sides","A long narrow storage room featuring recessed lighting, white shelves, and a large mirror, creating an airy and minimalist atmosphere."
"mediterranean_709.jpg","Southwestern","beige, green, red","adobe, wooden beams, tile","natural light coming from large windows and sliding glass doors","warm and welcoming","couch, table and chairs, potted plants, vases with flowers","open space with central seating area surrounded by outdoor living spaces","A charming southwestern style home with beige walls, green accents, wooden beams, and tile surfaces that create a warm and welcoming atmosphere."
"mediterranean_71.jpg","Scandinavian","white, light wood, blue accent","wood, metal, fabric","sunlit interior from large windows and overhead lights","calm and serene","kitchen island, kitchen cabinetry, chandelier, cookware","open layout with central kitchen island","This interior design presents a modern Scandinavian style, characterized by white cabinetry, light wood accents, and blue accent elements. The space is illuminated by natural sunlight streaming through the large windows, complemented by overhead track lighting. A central kitchen island serves as a focal point, with ample counter space for food preparation. Kitchen appliances are tucked away neatly within the cabinetry."
"mediterranean_710.jpg","Modern Minimalist","white, grey, green accent","wood, leather, glass","natural soft light from large windows","calm and airy","dining table, sofa, sideboard, plant, floor lamp","open space with central seating area","This modern dining room features a minimalist design with wood, leather, and glass materials. Natural light from large windows creates a calm and airy mood."
"mediterranean_711.jpg","Modern Minimalist","white, beige, light wood","oak wood, linen, steel","natural soft light from large windows","calm and airy","sofa, coffee table, plant, floor lamp","open space with central seating area","This spacious living room is designed in a modern minimalist style, featuring clean lines, neutral colors, and a mix of natural materials such as oak wood and linen. The room is filled with light from large windows, creating a calm and airy mood that emphasizes the open space and central seating area. Key furniture pieces include a sofa for lounging, a coffee table for convenience, a plant for greenery, and a floor lamp for ambient lighting."
"mediterranean_713.jpg","Modern Minimalist","beige, white, light wood","concrete, steel, wood","bright and open with natural light from high windows","calm and airy","dining table, chairs, sofa, couch, coffee table","spacious kitchen and living area with central island for food preparation","This modern house combines functionality with minimalist design, featuring a neutral color palette, concrete walls, and steel accents. The open plan kitchen and living area allows for easy interaction between spaces while still providing separate areas for dining and relaxation."
"mediterranean_714.jpg","Modern Minimalist","green, brown, white","wood, stone, metal","natural light from skylights and overhanging plants, augmented by outdoor floodlights","calm and serene","raised planter, ornamental garden statues, circular mulch bed","curved pathway around central circular garden area","A modern minimalist garden with a stone border, curved pathway and raised planter filled with ornamental plants."
"mediterranean_715.jpg","Rustic","Earthy tones, Greenery accents","Wooden posts, Stone wall","Natural light from the surrounding foliage","Peaceful and inviting","Garden gate, Hedge, Pathway","A winding path leading to a garden entrance","This rustic garden scene features wooden gates framing a stone wall, with hedges lining the path. The natural light and earthy tones create a serene atmosphere."
"mediterranean_716.jpg","Modern Minimalist","white, beige, navy blue","glass block tile, marble countertop, brass fixtures","well-lit with recessed lighting and a chandelier","calm and spacious","bathtub, sink, vanity, shower stall, wooden bench","spacious with separate areas for bathing and dressing","This modern, minimalist bathroom combines clean lines and neutral tones with natural materials and lighting to create a serene, spacious atmosphere."
"mediterranean_717.jpg","Modern","brown, green","wood, metal","natural light from large windows","calm and serene","large wooden doors, grass, flowers","organized with a clear path to the house entrance","This image depicts a modern outdoor design featuring large wooden gates, natural wood colors, metal accents, and an organized layout that leads up to a serene garden area."
"mediterranean_719.jpg","Modern Minimalist","white, black, brown","glass, brass, wood","overhead fluorescent lighting, natural sunlight coming through window","clean and sleek","modern bathroom sink with black faucet, rectangular mirror above sink, large glass shower door, white toilet next to bathtub","open space with central bathtub and sink area","A modern minimalist bathroom with a clean, sleek design featuring glass elements, black fixtures, and a palette of white and brown colors."
"mediterranean_72.jpg","Scandinavian","white, light green, dark wood","oak wood, stainless steel, quartz countertop","bright and natural light from overhead lights and a skylight","light and airy","kitchen island, recessed lighting, white pendant light, stainless steel appliances","open kitchen layout with a central island","The kitchen features a Scandinavian style, characterized by light wood and white accents. The open layout is complemented by stainless steel appliances and a skylight that allows for natural light to flood the space."
"mediterranean_720.jpg","Contemporary","white, wooden tones, neutral","oak veneer cabinetry, silver hardware, marble countertop, wood flooring","The bathroom has a combination of recessed lighting and wall sconces that provide brightness while also creating a warm atmosphere.","The overall mood of the space is spacious, luxurious and serene with a color scheme that feels both inviting and calming.","large mirror above double vanity, two sinks with a single faucet, his and her bathtub area, modern wood stool for sitting","The bathroom features a large vanity space between two windows, with a separate area for a deep bathtub. The layout is designed to provide ample room for multiple users at once.","This modern bathroom combines contemporary design elements with high-end materials and fixtures, creating an elegant and functional space."
"mediterranean_721.jpg","Modern Loft","white, grey, wooden","concrete, linoleum, oak","natural light from large windows and ceiling recessed lights","modern and airy","sofa, coffee table, potted plant, floor lamp","open space with central seating area near a kitchenette","This modern loft-style space features concrete floors, wooden accents and linoleum countertops, creating an airy and contemporary feel. A large window provides natural light to the room, while a central island serves as the main gathering spot."
"mediterranean_722.jpg","Modern Minimalist","white, gray, beige","wood paneling, linen drapes, brass hardware","natural soft light from large windows","calm and airy","queen-size bed, accent pillows, bedside table, armchair","open space with central seating area","This modern minimalist room features a calming color palette of white, gray and beige with natural wood paneling. The large windows let in soft light, enhancing the room's airy feel. Functional furnishings include a queen-size bed with accent pillows, an armchair for seating and a bedside table for storage."
"mediterranean_723.jpg","Modern Minimalist","white, light wood","glass, wood","natural soft light from large windows","calm and airy","staircase, floor lamp, plant","open space with central staircase and surrounding furniture","This interior design presents a modern minimalist style, characterized by clean lines, simple yet elegant woodwork, and a bright atmosphere from natural light. The color palette consists of neutral tones with white as the dominant choice. A large floor lamp provides additional lighting, complemented by a glass railing that adds to the openness of the space. Furniture is kept minimal, but there's ample room for comfort and functionality."
"mediterranean_726.jpg","Modern Minimalist","white, beige, gold","wood, stone, brass","natural light from large windows, complemented by modern pendant lights","modern and inviting","island with bar stools, white countertops, stainless steel appliances, large potted plant","open concept layout with kitchen flowing into dining area","This modern kitchen and dining space combines sleek design elements with warm materials for a welcoming atmosphere."
"mediterranean_727.jpg","Modern Minimalist","beige, cream, brown","wood, fabric","soft ambient lighting","warm and cozy","sofa, coffee table, plant, floor lamp, round mirror","open space with central seating area around fireplace","A modern minimalist living room featuring neutral tones, wood and fabric materials, ambient lighting, and comfortable furniture arranged around a central fireplace."
"mediterranean_728.jpg","Modern Minimalist","white, beige, light wood","wood, fabric, metal","natural soft light from large windows","calm and airy","mirror, treadmill, exercise bike, yoga mat, water bottle","open space with central fitness equipment area","The gym is clean, modern, and minimalist with a warm color palette. Large windows allow natural light to flood the space, creating a calm and airy atmosphere."
"mediterranean_731.jpg","Modern Minimalist","white, oak wood, black, grey","oak wood, marble, stainless steel","Natural light from large windows and recessed lighting in ceiling","Calm and airy with a touch of luxury","kitchen island, modern range hood, stainless steel appliances, marble countertops, modern pendant lights","Kitchen features an open layout with central kitchen island and modern range hood centered above it.","This kitchen is a modern minimalist design, featuring natural oak wood, marble, and stainless steel appliances. The lighting is bright and airy, creating a calm yet luxurious space."
"mediterranean_732.jpg","Modern Minimalist","white, gray, wood","stainless steel, natural wood, marble","ambient lighting with under-cabinet lights and recessed track lighting","spacious and serene","built-in oven, stainless steel refrigerator, kitchen island, chandelier","linear layout with work triangle","This kitchen is a modern minimalist space that combines functionality and style with stainless steel appliances, built-in wood cabinetry, and marble countertops."
"mediterranean_733.jpg","Mediterranean","beige, green, blue","stone, wood, brick","natural light from windows and outdoor lighting","warm and inviting","couches, potted plants, pool, outdoor furniture","open courtyard with stone steps leading to arched entranceway","A Mediterranean-style home with warm colors and natural materials, featuring an outdoor pool in a beautifully landscaped courtyard."
"mediterranean_734.jpg","Modern Minimalist","white, beige, light wood","stone, wood, fabric","natural soft light from large windows","calm and airy","sofa, coffee table, plant, floor lamp","open space with central seating area around pool","This is a modern minimalist living space designed for relaxation, featuring a neutral color palette and natural materials."
"mediterranean_735.jpg","Scandinavian","white, beige, natural wood","wood, fabric, leather, metal","natural soft light from large windows","calm and airy","sofa, coffee table, plant, floor lamp, area rug, pillows","open space with central seating area and minimal furniture to maintain openness","The room is a modern, well-lit living space that combines natural materials like wood and fabric for a Scandinavian aesthetic. The neutral color palette contributes to the calm atmosphere, while the minimalistic furnishings keep the space feeling open and spacious."
"mediterranean_736.jpg","Modern","dark green, light brown, white","wood, stone, plastic","natural light from windows and skylights","clean and organized","vegetable garden, raised beds, outdoor lights","spacious with clear paths between raised beds","This is a modern vegetable garden with an emphasis on clean lines, organization, and natural lighting."
"mediterranean_737.jpg","Modern Minimalist","light brown, white, dark wood","oak wood, linen, concrete, steel","natural soft light from large windows","calm and airy","sofa, coffee table, plant, floor lamp","long narrow space with central seating area","The interior of this house features a Modern Minimalist style, with light brown walls that contrast well against the white ceiling. The material palette includes oak wood for warmth, linen for comfort, and steel for an industrial touch. Large windows let in soft, natural light. The mood is calm and airy, enhanced by the central seating area with a sofa and coffee table, flanked by floor lamps that cast a warm glow. Decorative elements like plants add life to the space."
"mediterranean_738.jpg","Modern Industrial","dark wood, light beige, silver","stainless steel, marble, wood","natural light from large windows and overhead recessed lights","clean, sleek, and modern","stainless steel range hood, large island with countertop space for food preparation, sleek stove top oven","open kitchen layout with central island","This is a clean, sleek and modern kitchen design. The use of industrial materials like stainless steel and wood creates a stylish and functional space for cooking and entertaining."
"mediterranean_739.jpg","Southwestern","earth tones","stone walls, rustic wood beams, plaster walls, brick floor","natural light from large window","calm and relaxed","large oval bathroom sink, small potted plant on windowsill, hand towels hanging near sink","single-room space with large window for natural light","This is a spacious, well-lit bathroom designed in a southwestern style. The walls and floor are made of materials commonly found in this region, such as stone, rustic wood beams, plaster, and brick. The color palette consists mainly of earth tones, which complements the natural materials used throughout the space. Lighting is primarily provided by the large window that lets in soft, warm light during daytime hours. A single oval bathroom sink serves as a focal point, with a small potted plant nearby adding a touch of nature to the room. Hand towels hang conveniently near the sink for easy access after washing hands."
"mediterranean_740.jpg","Scandinavian","white, wood accents, navy blue","light wood, glass, brass","recessed lighting, with a mix of undercabinet and pendant lights.","Warm and inviting with a touch of modern simplicity.","white kitchen island, black stove top range, modern blue barstools","Open plan with the kitchen area flowing into the dining room.","This beautiful, modern kitchen design features clean lines, a neutral color palette, and natural materials that create an inviting and functional space."
"mediterranean_741.jpg","Modern Minimalist","green, white, light wood","gravel, concrete, wood","natural light from trees and skylights","calm and serene","pathway, trees, rocks","curved stone walkway through gardens","A modern minimalist garden with a curved stone pathway surrounded by lush greenery, rocks, and trees. The color palette is natural with a hint of white and light wood, while the materials used are gravel, concrete, and wood."
"mediterranean_742.jpg","Traditional","white, gold, blue","wood, silk, brass","Soft, warm ambient lighting with accent lighting from chandeliers and sconces.","Elegant and inviting","large dining table, sofa set, chandelier, potted plant","Open-concept living area with a central seating arrangement around the fireplace.",""
"mediterranean_743.jpg","Modern","white, wood tone, gray, black","stainless steel appliances, marble countertops, brick backsplash, oak cabinets","natural light from windows and recessed lighting","elegant and sophisticated","stainless steel oven/range top combination, large island with built-in stove top, high ceilings, under-cabinet lighting","open kitchen with center island, adjacent to living area and dining room","This modern kitchen features a clean, elegant design with stainless steel appliances, marble countertops, wood accents, high ceilings, and recessed lighting. The open layout integrates seamlessly with the adjacent living and dining areas."
"mediterranean_744.jpg","Spanish Colonial","light yellow, beige, blue","wooden beams, tiles on ceiling and walls, stone details","Ample natural light from large windows and open patio","Warm and inviting with rustic charm","large sofa, wooden coffee table, colorful throw pillows, potted plant on the balcony","Ground floor features a living area with an open patio, bedrooms are upstairs","This Spanish Colonial style home is painted in warm tones and offers plenty of natural light through its large windows and outdoor space."
"mediterranean_745.jpg","Modern Minimalist","white, beige, light wood","wood, linen, brass","natural soft light from large windows and ceiling lights","calm and airy","bed, bedframe, headboard, pillows","spacious bedroom with central bed placement","This is a modern minimalist bedroom with a serene and calming vibe, featuring a large bed as the focal point, surrounded by natural materials such as wood and linen, and decorated in a light color palette. The room has ample space around it, allowing for easy movement and providing a sense of openness."
"mediterranean_746.jpg","Modern","white, light wood","stone, wood, metal","Natural light with recessed ceiling lights","Warm and inviting","door, pillars, landscaping, window","Front entrance with large foyer","This is a modern style house with an all-natural color palette. The design is warm and inviting, featuring stone and wood as the main materials. Lighting comes from recessed ceiling lights and natural light. The front entrance has a grand foyer with a large door and pillars, providing a welcoming space."
"mediterranean_747.jpg","Spanish Revival","white, beige, red, green","wood, brick, tile, glass","Natural light from large windows and high ceiling","Warm and inviting","sofa, coffee table, plant, floor lamp, mirror","Open space with central seating area, formal dining room to one side","Spanish Revival-style home with a welcoming and comfortable atmosphere."
"mediterranean_748.jpg","Modern Minimalist","gray, white, black","wood, leather, glass","natural soft light from large windows","calm and airy","sofa, coffee table, plant, floor lamp","open space with central seating area around dining table","This modern dining room features a minimalist design with a gray palette, soft lighting from large windows, and warm materials such as wood, leather, and glass. The open layout promotes airy calmness, enhanced by the central seating arrangement around a wooden coffee table."
"mediterranean_749.jpg","Modern","brown, white, gray","concrete, wood, glass","bright sunlight through windows with blinds","lively and social","bar stools, stone bar, bottles, potted plant","square layout with bar as centerpiece","This image shows a modern outdoor seating area designed for comfort and functionality, with ample space for guests to gather around the central bar. The stone elements and wood accents give the space a warm feel, while the bright sunlight illuminates the area and makes it inviting."
"mediterranean_750.jpg","Mid-Century Modern","beige, brown, blue","stone veneer, wood, metal","Sunlit with natural light coming through the windows","Bright and welcoming","sofa, coffee table, plant, floor lamp","Open space with central seating area, front door leading to a courtyard or garden",""
"mediterranean_751.jpg","Modern Minimalist","light wood, white, gray","oak wood, linen, stainless steel","overhead recessed lights with a warm tone and soft glow","clean, bright, and spacious","wood dining table, modern chairs, metal pendant light, contemporary artwork","open concept with kitchen seamlessly leading into living area","The room features a large hard wood floor, modern minimalist decor and fixtures, and an open layout that leads from the kitchen to the living space."
"mediterranean_752.jpg","Vintage or Country","antique gold, dark wood, faded red","wood, velvet, metal","Muted and subdued with the warmth of candlelight","Nostalgic and inviting","antique bookshelf, comfortable armchair, vintage globe, classic fireplace","Informal sitting area with a focal point being the large bookcase","This room is a cozy and inviting space that harkens back to an earlier time period, characterized by its rich wood tones, antique furnishings, and soft candlelit ambiance."
"mediterranean_753.jpg","Modern Minimalist","gray, white, green","wood, glass, steel","natural soft light from large windows","calm and airy","sofa, coffee table, plant, floor lamp, chandelier, area rug","open space with central seating area","A modern house interior that combines minimalist design elements, using a neutral color palette of gray, white, and green to create a calm and airy atmosphere. The space features wooden floors, steel accents, large windows allowing in soft natural light, and a central seating area with a sofa and coffee table."
"mediterranean_756.jpg","Modern Minimalist","black, white, brass","leather, wood, metal","ambient light from recessed ceiling fixtures","cool and contemporary","pool table, dining table, bar stools, couches, wall decor","open space with central seating area and wall of guitars","A modern minimalist interior design featuring a pool table, a dining table, bar stools, leather couches, and guitars displayed on the wall."
"mediterranean_757.jpg","Spanish Colonial","white, beige, gray","brick, tile, wood","natural light from windows and outdoor lights illuminate the space","warm, inviting and spacious","front door with wooden archway and glass panes, large covered patio, tall palm tree","formal two-story residence with large windows and open space","This Spanish Colonial style home features a warm palette of white, beige, and gray, complemented by materials such as brick, tile, and wood. The home is characterized by spacious rooms, high ceilings, and ample natural light streaming in through large windows and outdoor lights. The open layout creates an inviting atmosphere, with a formal two-story residence that includes a covered patio and tall palm tree for added elegance."
"mediterranean_759.jpg","Modern Minimalist","green, beige, gray","concrete, wood, metal","natural and artificial light creating bright atmosphere","refreshing and inviting","large vase with greenery, bamboo plants in pots, small tree in corner","linear pathway leading to main entrance","A modern minimalist courtyard garden with a bright and refreshing atmosphere, featuring natural materials and plants."
"mediterranean_76.jpg","Modern Minimalist","white, beige, natural wood","marble, brass, wood, cabinetry","soft, ambient light from recessed and pendant lights, with additional natural light from windows.","contemporary, elegant, and sleek","center island, modern kitchen chairs, kitchen cabinetry, stainless steel appliances","open-concept design with a central kitchen island that serves as the focal point of the space.","This modern kitchen combines minimalist design elements with natural materials and lighting to create an elegant, contemporary space."
"mediterranean_760.jpg","Modern Minimalist","white, beige, light wood","wood, stone, stainless steel","natural soft light from large windows and overhead recessed lights","calm and airy","kitchen island, bar stools, potted plant, hanging pendant lights","open space with central kitchen island serving as a focal point","This modern minimalist kitchen features a neutral color palette, natural lighting from large windows and overhead fixtures, a central kitchen island for casual dining or gathering, and sleek materials that give it a clean, contemporary feel."
"mediterranean_761.jpg","Modern","dark blue, white, beige","wood, fabric, glass","ambient lighting with overhead track lighting and warm floor lamps","comfortable and sophisticated","couch, coffee table, pillows, books, vases","open space concept with sectional sofa facing large window to create a central conversation area","This modern living room features a dark blue wall, a white and beige color palette, wood accents, and sophisticated furnishings including a sectional couch, pillows, books, vases, and a large window that provides ample natural light. The design is both comfortable and stylish."
"mediterranean_762.jpg","Modern Minimalist","green, red, brick","concrete block pavers, rope lighting, steel railing","natural soft light from a covered outdoor area","calm and welcoming","plant, floor lamp, seating bench, brick wall planter","narrow pathway with brick-paved steps leading to an open courtyard space","A modern minimalist garden courtyard design, featuring a green palette with red accents and a warm welcoming ambiance created through the use of natural lighting, concrete block pavers, and steel railing."
"mediterranean_764.jpg","Scandinavian","natural wood tones, neutral greys, white","wood, linen, glass, brick","soft, natural light from large windows and a stone fireplace","calm and airy","sofa, coffee table, plant, floor lamp, pillows","open space with central seating area around the fireplace","The living room has a modern Scandinavian design, featuring natural wood tones, neutral greys, and white accents. It's furnished with a sofa, coffee table, floor lamp, plant, and pillows arranged on a stone patio around the fireplace."
"mediterranean_765.jpg","Modern Minimalist","white, neutral gray, green accent","oak wood, linen, natural stone","bright natural light from large windows with white frames","calm and serene","bench, white storage bench, wicker basket, plant on the floor","modern open space with minimalistic design","This is a modern minimalist bathroom designed to feel calm and serene with a clean, uncluttered look."
"mediterranean_766.jpg","Modern Minimalist","white, beige, dark grey","oak wood, marble, steel","natural soft light from large windows","calm and airy","two-tiered sink vanity, large rectangular mirror, two wall sconces, freestanding bathtub","long, narrow bathroom with a central tub area","The bathroom is designed in a modern minimalist style featuring dark grey and beige tones. The oak wood creates a warm contrast against the marble surfaces. The space is illuminated by natural light streaming through large windows. The two-tiered sink vanity with a large rectangular mirror reflects this light, creating an airy and open atmosphere. A freestanding bathtub anchors one end of the room, while two wall sconces provide additional lighting."
"mediterranean_767.jpg","Scandinavian","white, beige, light wood, dark blue","wood, tile, stainless steel, brass","Ample natural light from large windows and skylights, with accent lighting over island.","Light, airy, and serene.","kitchen island, white cabinetry, wooden dining table, stainless steel appliances","Open kitchen layout transitioning into a separate dining area with an island in the center.","Modern Scandinavian-style kitchen and dining area with white cabinetry, dark wood accents, stainless steel appliances, and plenty of natural light."
"mediterranean_768.jpg","Modern Minimalist","light beige, dark brown, gray","stone wall, wood floor, concrete fixtures","bright overhead lighting, with soft ambient lighting from wall sconces","calm and luxurious","large mirror above bathroom vanity, freestanding bathtub, modern shower fixtures","L-shaped design with bathtub on one side, shower area on the other, and vanity in between","This modern bathroom features a luxurious stone wall and wood floor, with a large mirror above the vanity, freestanding bathtub, and contemporary fixtures. The color palette is neutral, with light beige walls complemented by dark brown accents."
"mediterranean_769.jpg","Modern Minimalist","white, beige, grey","oak wood, leather, steel","bright and natural, with soft ambient light","calm and serene","sofa, coffee table, bookshelf, flat screen TV","open floor plan with central seating area","This modern living room features a clean, minimalist design with neutral colors and natural wood accents. The space is well-lit and cozy, creating an inviting atmosphere for relaxation."
"mediterranean_77.jpg","Modern Tropical","green, brown, white","wood, stone, metal","Natural light from large windows and sliding glass doors, accentuated by ambient lighting.","Relaxed and luxurious","large outdoor dining table, poolside lounge chairs, outdoor fire pit, palm trees","Poolside entertainment area with seating surrounding an outdoor bar.","A luxurious tropical outdoor space featuring a pool, bar, and dining area surrounded by palm trees."
"mediterranean_770.jpg","Modern Minimalist","white, light wood, black accent","wood, leather, fabric","Natural light through large windows and floor lamps for warm ambiance.","Calm and airy with a touch of luxury.","large sofa, modern coffee table, plant in corner, floor lamp, abstract art","Open space layout with a central seating area surrounded by windows.","This modern minimalist living room features a clean and elegant design, using neutral colors with black accents to create a sense of luxury. Large windows let in natural light, while floor lamps add warmth for cozy evenings. A comfortable sofa invites relaxation, while the abstract art adds an artistic touch. The layout is open, allowing for a spacious and welcoming atmosphere."
"mediterranean_772.jpg","Southwest","blue, green, red","tile, wood, glass","natural light from a window","warm and inviting","vase with flowers, soap dispenser, towels, faucet","bathroom with a long sink counter","A bathroom featuring an abundance of colorful tile, wooden cabinets, and a large window that allows for natural light to fill the space."
"mediterranean_774.jpg","Modern","white, beige, light brown","tile, glass, wood","Natural light from windows and additional ambient lighting","Calm and serene","bathtub, shower area, sink, cabinets, flowers","A long and narrow space with separate areas for the tub and shower, a sink and cabinets for storage, and decorative elements such as flowers.","This is a modern bathroom with a calm atmosphere, featuring white walls, a beige tile floor, and light brown wood accents. Natural light from windows illuminates the space, which includes separate areas for the tub and shower, a sink, and cabinets for storage. A few decorative elements like flowers add a touch of freshness to the design."
"mediterranean_775.jpg","Modern Minimalist","dark wood, grey, white","wood, glass, metal","overhead recessed lighting with subtle spotlighting on the wine","sophisticated and inviting","large dark wood door, black metal railing, bottles of wine","centrally arranged racks of wine bottles with a dark wood frame over archway","A modern, minimalist cellar room with a focus on the sophisticated display of wine bottles."
"mediterranean_776.jpg","Scandinavian","pink, white, cream","wood, linen","natural soft light from large windows","calm and airy","bed, nightstand, chest of drawers, dresser, lamp","open space with central seating area","A cozy bedroom with a pink color scheme, featuring wooden furniture and linen textiles."
"mediterranean_777.jpg","Modern","beige, light brown, white","wood, stone, tile","Natural light from windows and outdoor lanterns.","Elegant and inviting","large stone fireplace, wooden door, wooden garden bench, potted plants","Open concept with outdoor access to backyard.","This house features a modern design with a warm color palette, creating an elegant and inviting atmosphere. The use of natural materials like wood and stone adds texture to the space, while large windows and outdoor lanterns provide ample natural light. The open concept layout includes a cozy living room area, a wooden fireplace as the focal point, and easy access to the backyard garden."
"mediterranean_778.jpg","Mid-Century Modern","beige, brown, red","oak wood, leather, brass, glass","warm and cozy with ambient light from recessed ceiling lights","welcoming and comfortable","sofa, coffee table, fireplace, end tables, area rug","open plan with central seating area flanked by wooden walls, stone fireplace, and a vaulted ceiling","This living room is designed in the Mid-Century Modern style, with warm tones and materials creating an inviting atmosphere. The room features oak wood flooring, leather furniture, brass accents, and a stone fireplace, all arranged around a central seating area, enclosed by wooden walls."
"mediterranean_78.jpg","Modern Minimalist","gray, white, natural wood","stone, wood, concrete, metal","natural soft light from window above sink area","calm and spacious","wooden vanity, toiletries on countertops, flowers in vase","open space with central vanity and towel rack on left side of frame","The modern minimalist design focuses on clean lines, natural materials, and a sense of openness. The stone wall and concrete sink add texture and depth to the space, while the wooden vanity and plants bring warmth."
"mediterranean_781.jpg","Modern Minimalist","blue, white, copper","glass, tile, brass","natural soft light from large windows","calm and airy","bathtub, shower, sink, toilet, plant","open space with central bathtub surrounded by tile walls","This modern bathroom features a clean, minimalist design with a color palette of blue and white accented by copper fixtures. The room is bathed in natural light from large windows that overlook an outdoor garden, creating a calm and airy atmosphere."
"mediterranean_782.jpg","Modern Minimalist","white, gray, black","stainless steel, glass, wood","modern pendant lights over island, recessed lighting in ceiling","bright and airy, sleek and contemporary","kitchen island with bar stools, stainless steel appliances, large windows for natural light","open kitchen and living space, with seating area around island","This modern kitchen features a minimalist design with a neutral color palette of white, gray, and black. The materials used include stainless steel appliances, glass backsplash, and wood cabinetry. Lighting is provided by pendant lights over the kitchen island and recessed lighting in the ceiling. The overall atmosphere is bright and airy, with a sleek and contemporary feel."
"mediterranean_783.jpg","Mid-Century Modern","white, beige, wood, blue","wood, tile, linen, metal","Natural soft light from large windows.","Bright and energetic with a touch of vintage charm.","sofa, coffee table, plant, floor lamp, artwork","Open space with central seating area, anchored by a fireplace. Natural light from the large picture window illuminates the room. A front door leading to steps and entrance is also visible.","This mid-century modern house has an open floor plan with clean lines and bright colors. Wooden floors and natural fixtures contrast with white walls and a beige ceiling, creating a warm yet vibrant atmosphere."
"mediterranean_784.jpg","Modern","beige, grey, black","brick, stone, wood","Recessed lighting and floor lamps","Calm and sophisticated","couches, coffee table, potted plants, floor lamp","Open space with a covered patio","This modern design features a beige color palette, brick walls, stone floors, and wood accents, creating a sophisticated and calm atmosphere. Recessed lighting provides warm illumination, while floor lamps add ambient light. The space is furnished with comfortable couches, a coffee table, and plants to bring in natural elements. A covered patio adds additional outdoor living space."
"mediterranean_785.jpg","Spanish Colonial","white, beige, brown","stucco wall, wood ceiling beams, iron grillwork","Warm, ambient lighting with tiffany style lamps and recessed lighting","Elegant, inviting and welcoming","ornate metal gate, cast stone fountain, large outdoor seating area","L-shaped floor plan with central courtyard","Beautiful Spanish Colonial style home with white stucco walls, beige shutters and wrought iron grills. The architecture features wood ceiling beams and a warm interior lighting scheme."
"mediterranean_786.jpg","Modern Minimalist","white, light wood, blue accent","marble countertops, stainless steel appliances, wooden bar stools","natural soft light from large windows and hanging fixtures","calm and airy","white island with sink, white pendant lights, white bar stools, blue wall accents","open space with central seating area, featuring a marble kitchen island as the focal point","This modern kitchen is designed with a minimalist approach, utilizing white and light wood tones to create an airy and clean atmosphere. The stainless steel appliances contrast with the wooden bar stools and blue accents, while the large windows allow for ample natural light to brighten up the space."
"mediterranean_789.jpg","Modern Minimalist","white, beige, dark wood","wood, glass, metal","bright and natural light from skylights","modern yet warm, with a touch of elegance","vase with flowers on the wall, small round table, two armchairs in front of the steps","open space with a central focal point on the staircase and a symmetrical arrangement of furniture","This modern minimalist interior features a skylit room with clean lines, a warm palette and a mix of textures."
"mediterranean_79.jpg","Modern","gray, black, white","marble, wood, metal","overhead lights with recessed lighting and natural light from large windows","modern and sleek","kitchen island, built-in oven and microwave, stainless steel cookware","open concept layout with kitchen bar stools for seating","This modern kitchen features a sleek design with marble countertops, wood cabinetry, and metal appliances. The color palette is neutral, giving the space a clean and sophisticated look."
"mediterranean_791.jpg","Modern","beige, dark grey, wood accents","stone, brick, metal grate","ambient and natural light from outside, with a low-energy electric fireplace providing additional warmth","warm and inviting","electric fireplace in center of stone structure, wooden chairs surrounding the fireplace, potted plants lining the perimeter","circular arrangement around the fireplace, creating a cozy gathering space","This modern outdoor living space features a stone fireplace as its central piece, surrounded by comfortable seating and natural elements to create a warm and inviting atmosphere."
"mediterranean_792.jpg","Modern Minimalist","navy blue, beige, white","wood, leather, linen","natural soft light from large windows","calm and airy","king-size bed, nightstands, lamps, throw pillows, area rug","open space with central seating area, featuring a king-size bed flanked by nightstands and accentuated by a large window overlooking the backyard.","This modern minimalist bedroom features navy blue walls, beige linens, and white elements, creating a calm and airy atmosphere. The space is characterized by natural light from the large windows and includes key furnishings such as a king-size bed with a leather headboard, nightstands with lamps, and throw pillows for added comfort and style."
"mediterranean_794.jpg","Modern","green, white, brown","concrete, wood, metal","natural and artificial light blending seamlessly","calm and peaceful","large planter with plants, modern patio chair, stone stepping path, wall-mounted lantern","organic, free flowing spaces leading to central gathering spot","This outdoor space merges modern design principles with natural elements for a serene and inviting garden."
"mediterranean_795.jpg","Modern Minimalist","black, white, grey","dark wood, glass, stainless steel","recessed lighting and ambient light from the window","contemporary and sleek","flat screen TV on wall, island with marble countertops, black bar stools","open kitchen concept with island as a focal point","The modern, minimalist interior design features a dark wood palette with white accents. The space is enhanced by recessed lighting and ambient natural light from the window. A flat screen TV on the wall serves as a central feature, while the island with marble countertops offers additional workspace and seating options."
"mediterranean_796.jpg","Modern Minimalist","white, navy blue, wood accent","glass tile backsplash, porcelain toilet, brushed nickel fixtures","natural light from large window with open blinds","clean and serene","rectangular mirror over sink, white cabinet with chrome hardware, small potted plant on counter","space is narrow and elongated, with sink area positioned under window for light","Bathroom design features a minimalist approach, emphasizing clean lines and a soothing color scheme."
"mediterranean_797.jpg","Modern Minimalist","white, beige, brown","tile, glass, metal","well-lit by natural light coming through windows","clean and serene","shower unit, toilet, sink","compact space with efficient use of square footage","A modern, minimalist bathroom that feels clean and spacious."
"mediterranean_798.jpg","Modern Minimalist","black, white, brass","marble, wood, metal","soft ambient light from recessed lighting and wall sconces","contemporary and luxurious","round mirror, toothbrush holder, blue and white bathroom sink, flower arrangement","small space with efficient use of vertical and horizontal lines","This modern bathroom features a compact layout with a focus on clean lines and minimalist design elements. The black and white color palette is accented by brass fixtures, creating a luxurious feel. A round mirror over the sink reflects light into the space while a blue and white bathroom sink adds a touch of pattern to the otherwise monochrome setting."
"mediterranean_799.jpg","Country Cottage","beige, golden brown, rustic red, cozy green","natural wood, stone, woven fabrics","Natural soft light from large windows and overhead beams","Warm and inviting with a touch of rustic charm","vintage farmhouse kitchen sink, wooden island with butcher block top, stuffed rooster decoration, candlestick holders","Open space with central seating area around the island and an adjacent couch","This cozy country-style kitchen combines rustic elements like stone and wood with soft, comfortable fabrics to create a warm and inviting atmosphere. The natural light streaming in enhances the cheerful mood of the space."
"mediterranean_8.jpg","Modern Minimalist","white, beige, wood","oak wood, linen, glass","natural light from a window","calm and serene","shower caddy, soap dispenser, plush bath mat, candle","small enclosed space with shower area","This is a modern minimalist bathroom, featuring wood and linen materials that provide a warm and cozy atmosphere. The natural light from the window creates a calm and serene mood."
"mediterranean_80.jpg","Spanish Colonial","beige, wooden paneling, navy blue","stone, brass hardware, stucco","chandelier with multiple arms hanging from the ceiling, providing ample light and a focal point in the room","warm and inviting","wooden door, antique wooden chair, artwork on wall","hallway with an arched walkway, flanked by doors and benches","This Spanish Colonial-style hallway combines traditional materials like stone and brass hardware with warm wood tones and a chandelier as the centerpiece."
"mediterranean_801.jpg","Modern Minimalist","white, beige, gray","wood paneling, linen, glass","natural soft light from large windows","calm and serene","king-size bed, sofa, chair, flat-screen TV, floor lamp","open space with central seating area around fireplace","This modern minimalist bedroom is designed for comfort and relaxation. The neutral color palette creates a calm and serene atmosphere, while the wood paneling adds warmth to the space. The large windows allow natural light to fill the room, enhancing its open layout with central seating around a fireplace."
"mediterranean_802.jpg","Modern Minimalist","white, beige, light wood","wood, fabric, leather","recessed lighting with warm tones","calm and airy","sofa, coffee table, plant, floor lamp","open space with central seating area and wood-beamed ceiling","The living room features a minimalist design with a focus on open space, warm lighting, and a mix of natural and man-made materials."
"mediterranean_803.jpg","Spanish Colonial","white, beige, light brown","concrete block, stucco, tile","sunlit with shade from trees and awnings","warm and inviting","patio set, potted plants, outdoor rugs, wall-mounted lighting","two-story house with covered walkway to front door","A two-story Spanish Colonial home with a stucco facade, featuring white trim and beige accents. The front door is flanked by outdoor lighting and a covered porch area."
"mediterranean_804.jpg","Industrial","black, white, brass","concrete, wood, metal","recessed and track lighting complemented by large windows","modern and sleek with a touch of rustic charm","sofa, coffee table, floor lamp, plant","open space with a seating area near the large glass doors","This open floor plan living room combines industrial design elements with a touch of modern simplicity and natural light from the windows."
"mediterranean_805.jpg","Modern Minimalist","white, gray, wood","wood, marble, metal","natural light from large windows, supplemented by recessed and hanging light fixtures","calm and serene","bathtub, sink, mirror, toilet, vanity","open space with central vanity area flanked by toilet and bathtub","This bathroom features a modern minimalist design, using light wood tones, white accents, and marble countertops. Natural light illuminates the space, creating a calm and serene atmosphere."
"mediterranean_806.jpg","Modern","neutral, brown, white","wood, glass, stainless steel","recessed ceiling lights and under cabinet lighting","modern, clean, spacious","bar stools, kitchen island with marble top, stainless steel appliances","open concept kitchen-living room area","This is a modern kitchen featuring neutral colors and a mix of wood, glass, and stainless steel materials. The design includes recessed lighting, an island with marble top, bar stools for seating, and appliances made of stainless steel."
"mediterranean_808.jpg","Modern Minimalist","white, gray, wood accents","stone, glass, metal","natural soft light from large windows and recessed ceiling lights","calm and airy","sofa, coffee table, plant, floor lamp","open space with central seating area under archway","This interior design features a modern, minimalist style with a monochromatic color palette. The use of stone, glass, and metal materials creates a clean and contemporary feel. Large windows allow natural light to fill the space, contributing to a calm and airy mood. Furnishings include a sofa, coffee table, plant, and floor lamp arranged around a central seating area under an archway."
"mediterranean_809.jpg","Modern","gray, white, black","tile, metal, wood","recessed lighting and dimmable lights","clean, minimalist and elegant","showerhead, bottles, vase with flowers, toiletries, towel holder","enclosed bathroom space with open shelving for storage","This is a modern bathroom design featuring gray tile walls and floor, white fixtures, black accents, minimalist decor and a mix of metals and wood elements."
"mediterranean_81.jpg","Southwestern","earth tones, sandstone, cactus green","adobe brick, terracotta tile, wood beams","natural light from windows, supplemented by warm outdoor lights","warm and inviting","sofa set with pillows, fireplace, cactus potted plant, outdoor rug, saguaro cactus","open floor plan with seating areas flowing into one another","This Southwestern-style home offers an inviting atmosphere with warm earth tones, adobe brick walls, and a fireplace as the centerpiece."
"mediterranean_810.jpg","Modern","white, black, gold","oak wood, marble, brass","soft, warm LED lighting with dimmer switch","modern and luxurious","vase of flowers, large mirror, metallic pendant light, art print on the wall","kitchen island in center of room, flanked by white cabinets","This is a modern kitchen with an elegant color scheme and high-quality materials. The space features an island in the center for food preparation and socializing, surrounded by white cabinets for storage and display. Natural light from windows enhances the warm ambiance created by soft LED lighting."
"mediterranean_811.jpg","Spanish Colonial","white, beige, terracotta, red accent","stucco exterior walls, tile flooring, wood ceiling beams, ironwork decorations","warm ambient light from recessed lighting and outdoor lanterns","elegant and inviting","sofa with colorful throw pillows, wood-burning fireplace, large potted plants, woven area rug","open courtyard with central seating area, flanked by two wings","This Spanish Colonial style home features a warm and inviting atmosphere, characterized by stucco walls, wood beams, tiled floors, and outdoor lanterns. The open courtyard layout encourages social interaction with seating areas and fireplace, while the colorful accents add vibrancy to the space."
"mediterranean_812.jpg","Modern Minimalist","white, gray, wood accents","wood paneling on walls and floor, metal fixtures","natural light through large windows","calm and serene","glass shower door, bench in the shower area, double sinks, large mirror above vanity","linear layout with open doorway","This bathroom is a modern, minimalist space featuring wood paneling and fixtures. Natural light from large windows creates a calm and serene atmosphere."
"mediterranean_813.jpg","Modern","gray, white, beige","tile, wood, marble","Well-lit with a mix of natural and artificial lighting, accentuated by recessed ceiling lights.","Clean and serene","standalone shower, his/her sinks, marble countertops","Open concept with a walk-in shower, double vanities, and a separate tub space.","A modern bathroom with elegant marble finishes, a standalone shower, and his/her sinks in an open floor plan."
"mediterranean_814.jpg","Modern Minimalist","black and white, brass accents","concrete flooring, oak wood paneling, linen upholstery","soft, natural light from large windows","modern, sleek, and elegant","round wooden dining table, antler chandelier, abstract artwork, wild grasses in a glass vase","open space with central seating area and separate bar zone","This modern dining room features a clean, monochrome color palette with brass accents. The concrete flooring complements the oak wood paneling on the walls. A round wooden table sits at the center of the space, flanked by chairs and an antler chandelier overhead. Abstract artwork adorns the wall, and wild grasses in a glass vase provide a touch of nature. The lighting is soft, filtering through large windows to create a modern, elegant atmosphere."
"mediterranean_815.jpg","Scandinavian","white, beige, light wood","wood, fabric, glass","natural soft light from large windows","calm and airy","sofa, coffee table, plant, floor lamp","open space with central seating area","This Scandinavian-style living room features a minimalist design, natural light from the large windows, and warm wood tones."
"mediterranean_816.jpg","Spanish Colonial","beige, tile red and beige, dark brown","stucco wall, wood doors, terracotta tile roof, stone steps","natural light from large windows and patio doors, with some interior lighting for evening ambiance","warm and welcoming","large wooden door, clay pot outside entry, plant on window sill, stone fireplace","open plan with central courtyard, arched entryways to rooms","This Spanish Colonial style house features a warm and welcoming atmosphere through the use of terracotta tiles, wooden doors, and large windows. The interior is illuminated by natural light during the day and soft interior lighting at night."
"mediterranean_817.jpg","Modern","natural wood, gray, copper","stainless steel, stone, wood","ambient and task lighting from LED fixtures","modern, cozy and inviting","built-in grill, outdoor kitchen island, potted plants, metal wall art","L-shaped design with an open view of the outdoors","Modern outdoor kitchen and bar area with stainless steel appliances, natural wood accents and built-in grill in a L-shaped layout providing ample space for entertaining."
"mediterranean_818.jpg","Scandinavian","blue green, white, wood","wood, stone, plant material","Natural light from the open windows","Calm and inviting","modern sofa, minimalist coffee table, potted plant, contemporary floor lamp","Open space with central seating area, surrounded by plants and stones","This interior design showcases a Scandinavian style with a minimalistic approach, using natural materials like wood and stone to create a calming atmosphere. The open window plan allows for an abundance of natural light, enhancing the inviting ambiance. A central seating area is complemented by modern furniture and a floor lamp for a warm glow during evenings."
"mediterranean_819.jpg","Modern Minimalist","white, gray, blue","wood, fabric, leather","natural soft light from large windows","calm and airy","bed, sofa, coffee table, chair, lamp","open space with central seating area","This is a modern, minimalist bedroom featuring a clean color palette and natural light. The room has a large bed, sofa for sitting, coffee table for placing items, chair for relaxation, and lamp for reading. The layout is open and inviting, with the seating area central to the space."
"mediterranean_82.jpg","Scandinavian","white, light blue, dark wood","natural stone, wooden floors, silk upholstery, metal frame chairs","Natural light from windows, with additional ambient lighting that creates a warm atmosphere.","Calm and airy, with a touch of elegance due to the high ceilings and clean lines.","sofa, coffee table, large floor-to-ceiling windows, modern chandelier, plants","Open space with central seating area, featuring a curved bench that provides a cozy nook.","This Scandinavian-style living room offers a warm and inviting atmosphere, characterized by natural materials, soft lighting, and an open layout that encourages conversation and relaxation."
"mediterranean_820.jpg","Modern Minimalist","white, beige, green accent","wood, fabric upholstery, natural stone, metal","A combination of natural soft light from large windows and ambient indoor lighting, with recessed lighting highlighting the vaulted ceiling.","Calm and inviting, with a touch of warmth from the stone fireplace.","large sectional sofa, coffee table, area rug, floor lamp, plant","An open space layout that features a central seating area around the stone fireplace and large windows.","This living room combines modern minimalist design with natural materials, creating an inviting and warm atmosphere."
"mediterranean_821.jpg","Modern Minimalist","white, grey, neutral accents","wood paneling on ceiling and walls, leather upholstery","Natural light from a large window and ambient lighting provided by recessed LED lights","Bright, airy, and open","white sofa with throw pillows, black leather armchair, wooden coffee table with glass top, white marble fireplace, framed artwork","Open floor plan with living room seamlessly flowing into dining area","A modern minimalist living space featuring clean lines, neutral tones, and a mix of natural wood elements and black leather accents, enhanced by soft ambient lighting."
"mediterranean_822.jpg","Scandinavian","dark green, light brown, white","wood, metal, ceramic","Natural light from large windows","Calm and cozy","kitchen island, wooden cabinets, stainless steel appliances, black countertops","Open concept with kitchen, dining, and living room connected","This modern Scandinavian kitchen combines a dark green color palette with wooden accents to create a warm, cozy atmosphere. The large island in the center of the room provides additional workspace, while the open layout promotes a feeling of spaciousness and easy movement between different living areas."
"mediterranean_823.jpg","Southwestern","orange, white, brown","wood, tile, cork","bright natural light","warm and inviting","kitchen island, colorful pottery, potted cacti, handcrafted artwork","a galley style kitchen with a central eating area","This kitchen has a Southwestern theme, featuring warm wood and tile surfaces, bright natural lighting, and a mix of handmade pottery and colorful decor. The layout is a functional galley design, with a central dining space that's perfect for casual meals or entertaining guests."
"mediterranean_824.jpg","Modern Minimalist","black, white, gray","wood, glass, stainless steel","bright and even natural light from large windows","modern, clean, sophisticated","kitchen island, stainless steel appliances, subway tile backsplash, modern cabinet handles","open space with central kitchen island and separate shower area","This modern bathroom features a sleek black and white color scheme, stainless steel fixtures, and a large window that lets in natural light. The design is minimalist yet sophisticated, with a kitchen island that adds functionality and style to the space."
"mediterranean_825.jpg","Modern Spanish Colonial","white, beige, rust, terra cotta","stone veneer, wrought iron, wood, glass","Natural light from many windows and doorways, complemented by outdoor lanterns.","Warm and inviting with a hint of luxury.","pool table, outdoor seating, fire pit, large patio umbrella, fountain","Open floor plan with outdoor living area adjacent to the swimming pool.",""
"mediterranean_826.jpg","Mid-Century Modern","light tan, dark brown, green accent","brick, wood paneling, stucco, metal","Soft indoor lighting from recessed lights and wall sconces.","Warm and inviting, with a focus on cozy seating areas.","vintage-style sofa, large armchair, cacti plants, wooden coffee table","A central courtyard in the middle of an L-shaped layout with living room on one side and bedroom wings on the other.","This image showcases a charming mid-century modern style home, featuring a warm color palette and cozy seating areas. The space is well-lit with indoor lighting, enhancing its welcoming atmosphere."
"mediterranean_827.jpg","Contemporary","beige, blue, green","stone, wood, metal","Natural light from large windows and outdoor seating areas","Relaxed and inviting","pool, chairs, planter boxes, fountain","Outdoor entertainment space with a pool and seating area overlooking waterfront","A modern outdoor living space that features a pool, seating areas, a water feature, and a relaxed atmosphere."
"mediterranean_829.jpg","Modern","light grey, brown, green","stone, wood, glass","Warm, ambient lighting with a few natural accents from windows.","Relaxing and inviting.","outdoor seating, poolside fireplace, outdoor kitchen grill, stone fountain","A well-defined outdoor living space with a centralized pool, seating, and stone features.","This backyard features modern design elements such as stone construction, wood accents, and warm lighting. The fireplace adds a cozy touch while the grill hints at entertainment possibilities. The stone fountain serves as a visual focal point, with the pool offering relaxation."
"mediterranean_83.jpg","Modern Rustic","beige, wood brown, light grey","rustic wood, leather, brass","natural light from large windows, warm tones of ambient and accent lighting","cozy and inviting","king size bed with wooden headboard, wooden bench at foot of bed, rustic wooden nightstands, brass floor lamp","open space layout with a central seating area underneath the window","This room features a modern rustic design with warm tones and natural materials, creating a cozy atmosphere that is inviting and comfortable."
"mediterranean_830.jpg","Modern Minimalist","white, light brown, green","wood, plastic, fabric","subtle, warm lighting from recessed ceiling lights and string lights strung around trees and patio area","calm and relaxing","large tree in center of yard, pool, lounge chairs, string lights","open space layout with sitting areas facing pool and large tree","The backyard features a contemporary design with minimal decor, creating a calm atmosphere. The color palette is neutral, complemented by green accents from the string lights. Natural wood elements contrast nicely with plastic materials used in furniture. Lighting provides a warm glow and is enhanced by recessed ceiling lights and string lights strung around the outdoor areas."
"mediterranean_831.jpg","Contemporary","dark brown, golden bronze, white","wood, brass, silver","warm ambient light with track lighting over countertops","luxurious and inviting","huge center island, crystal chandelier hanging from high ceiling, antique silver coffee pot","U-shaped kitchen with central island and counters on all sides","This kitchen is a luxurious space featuring an elegant dark wood design, brass accents, and warm ambient lighting. The center island serves as a hub for cooking and dining, while the high ceiling and chandelier provide a grand sense of scale."
"mediterranean_833.jpg","Modern Minimalist","white, light wood, blue","oak wood, stainless steel, linen","overhead fixtures with additional pendant lights over island","bright and energetic","kitchen cabinets, center island, sink, dishwasher, washing machine","U-shaped layout with kitchen area on one side of the counter","A modern, minimalist kitchen with a clean design featuring oak wood cabinetry and stainless steel appliances. The space is brightened by overhead fixtures and pendant lights over the center island."
"mediterranean_834.jpg","Southwestern","white, beige, rustic red","adobe, wood, leather, brass","natural light streaming in from multiple windows","cozy and warm","king size bed with headboard against wall, wooden chest at foot of bed, woven area rug on floor, decorative wall hanging above bed, framed artwork over the bed","split level space with a raised sleeping area and lower level sitting area","This interior has a Southwestern design style, featuring adobe walls and flooring. The color palette includes rustic red accents on the furnishings and decor. The room is illuminated by natural light streaming in from multiple windows. The space has a cozy and warm atmosphere with wooden furniture, leather elements, and decorative textiles."
"mediterranean_835.jpg","Southwestern","red, orange, beige","adobe, wood, stone","Natural light from large windows and outdoor patio lights","Warm and welcoming","chimney fireplace, round sofa with wooden legs, cactus plant in corner, black metal lanterns","Round courtyard with seating areas around central fireplace","This southwestern-style living area features a warm color palette, adobe walls and flooring, wood furniture and fixtures, and outdoor lantern lighting. The layout is designed to facilitate conversation and relaxation with ample seating arranged around the central fireplace."
"mediterranean_836.jpg","Modern Minimalist","beige, grey, green accent","brick, wood, stone","natural soft light from large windows and outdoor lighting","calm and inviting","flat-screen TV, modern sofa set, dining table and chairs, outdoor seating area","open space with central seating area, featuring an outdoor patio and hot tub in the front yard.","This is a modern minimalist living room that combines indoor and outdoor spaces for entertainment and relaxation."
"mediterranean_837.jpg","Scandinavian","light wood, white, blue","wood paneling, natural stone, leather","bright and airy with natural light from large windows","cozy and inviting","golf simulator, barstools, bookshelf, chess set","open space with seating arranged around golf simulator","A modern Scandinavian interior design featuring a golf simulator in the center, surrounded by wood paneling and comfortable barstools, creating an inviting cozy atmosphere."
"mediterranean_839.jpg","Scandinavian","black, white, wood","steel, wood, glass","bright and natural light, with recessed lights in ceiling","clean and bright","kitchen sink, black stove top oven, shelf for cookbooks, plant on countertop","open space with central island in kitchen","This is a well-organized, open-concept kitchen with a clean and modern Scandinavian design. The black appliances contrast nicely with the white cabinets and the natural wood accents throughout the space."
"mediterranean_84.jpg","Modern Minimalist","purple, green, yellow","wood, stone, metal","natural soft light from large windows","calm and serene","rock wall, fountain, bench, plants","open space with central seating area","This modern minimalist garden combines stone, wood, and metal materials to create a calming outdoor retreat. The purple, green, and yellow color palette contributes to the serene atmosphere, while the natural soft light from large windows enhances the space's tranquil mood. Central features include a fountain and bench, surrounded by various plants that bring life and color to the area."
"mediterranean_840.jpg","Scandinavian","white, light pink, beige, wood","wood paneling, natural stone, metal handles, textured wallpaper","recessed lighting with warm white LED bulbs, accentuated by natural light from large windows and skylights.","calm and inviting","mid-century modern dining table, pink velvet chairs, modern kitchen island, brass pendant lights, minimalist sculpture","open concept with a large central island separating the living area from the kitchen.","This interior design presents a modern, yet warm and welcoming Scandinavian style space. The color palette is predominantly light pink and beige tones, paired with natural wood accents that complement the minimalist furnishings."
"mediterranean_841.jpg","Modern Minimalist","white, beige, light wood, green accent","wood, stone, fabric","natural soft light from large windows and ceiling lights","calm and airy","sofa, coffee table, potted plant, floor lamp, candle holder","open space with central seating area around a fireplace and outdoor view","A cozy modern patio space featuring wooden furniture, natural lighting, a warm fireplace, and an inviting dining table for intimate gatherings."
"mediterranean_842.jpg","Modern Minimalist","white, gray, blue","marble, wood, glass","ambient light from recessed lights","calm and relaxing","shower faucet, tub, shower head, toiletries","small space with shower area on one side and toiletry counter on the other","This is a small, modern bathroom designed for functionality with clean lines and minimal decor."
"mediterranean_844.jpg","Modern","white, gray","wood, stainless steel","soft overhead lighting with recessed lights in ceiling and wall sconces","warm and inviting","center island, built-in refrigerator, stainless steel range hood, large kitchen table with chairs, wooden cabinets","kitchen with open concept dining area","This modern kitchen has a clean and spacious layout, featuring white cabinets, gray walls, stainless steel appliances, and a center island. The soft lighting creates a warm atmosphere that invites guests to gather around the table for meals."
"mediterranean_845.jpg","Mediterranean","warm beige, rustic brown, dark green","stone, brick, wood","Natural light from large windows and outdoor patio flood lights","Calm and inviting","large wooden door, outdoor seating area with cushions, poolside bar, wine rack","U-shaped courtyard with pool in center, flanked by living space on two sides","A Mediterranean style home built around a pool, featuring stone and brick walls, wooden doors, and an inviting outdoor seating area."
"mediterranean_847.jpg","Modern Minimalist","grey, black, beige","brick, stone, wood","sunlit with soft shadows cast by nearby trees","serene and cozy","outdoor sofa, low table, potted plant, large stone fireplace, wall fountain","semi-circular arrangement with central stone fire pit as focal point","This outdoor space is designed in a modern minimalist style, featuring a brick and stone fireplace set into a circular stone wall. The use of warm neutral colors creates a serene and cozy atmosphere, while the natural lighting and nearby trees add soft shadows to the space."
"mediterranean_848.jpg","Spanish Colonial","white, light brown, dark wood","stucco facade, tile flooring, wood beams","warm ambient light from chandeliers and sconces","luxurious and inviting","large stone entryway, potted plants, wooden bench, decorative metal fencing","expansive open-concept interior with high ceilings and archways","This Spanish Colonial mansion features a clean, elegant design with stucco walls, light wood elements, tile flooring, and chandeliers. The house is inviting with its warm, ambient lighting and comfortable furnishings."
"mediterranean_849.jpg","Modern Minimalist","white, beige, light wood","wood, fabric, glass","natural soft light from large windows","calm and airy","sofa, coffee table, plant, floor lamp","open space with central seating area","A modern minimalist house featuring a clean color palette, wood finishes, and large windows that allow for soft natural light to fill the interior."
"mediterranean_85.jpg","Modern Minimalist","white, gray, black","stone tile, glass panels, stainless steel","Natural light from large windows, with recessed ceiling lights in the main living area.","Clean and uncluttered","flat-screen TV on the wall, modern armchair, floor lamp with a white shade, plant, contemporary coffee table","Open space with a central seating area, flanked by two bedroom wings.","The interior design showcases a clean, minimalist style with a monochromatic color palette. The use of natural light and contemporary furniture creates a spacious, uncluttered atmosphere."
"mediterranean_850.jpg","Modern Minimalist","white, beige, grey","stone, wood, glass","Natural soft light from large windows","Calm and airy","Poolside sofa, Marble table, Green plant, Outdoor fireplace","Open space with central seating area near pool","An elegant modern outdoor living room that exudes a serene and stylish vibe."
"mediterranean_851.jpg","Modern Minimalist","dark gray, light wood, navy","black granite countertops, stainless steel appliances, brushed nickel hardware","natural soft light from recessed ceiling lights and large windows","calm and serene","wooden island with seating, sleek modern stools, backsplash of subway tiles, modern pendant light","open space with central island seating area, flanked by cabinets on each side","This kitchen combines a minimalist design approach with natural materials for a modern and serene atmosphere."
"mediterranean_853.jpg","Modern Minimalist","light pink, purple, green","metal, stone, wood","natural soft light from large windows","calm and airy","tall grasses, low-maintenance shrubs, purple coneflower","organic, asymmetrical layout that embraces the natural beauty of the plants","This garden is designed in a minimalist style with natural materials and soft lighting to create an airy and serene atmosphere. The use of tall grasses, low-maintenance shrubs, and purple coneflower adds texture and color without overwhelming the space."
"mediterranean_854.jpg","Modern Minimalist","white, gray, tan","stone, wood, fabric","subtle recessed lighting with warm ambient glow, complemented by natural light from windows","calm and sophisticated","sectional sofa, coffee table, floor lamp, large area rug, wall art","open space with central seating area, surrounded by large glass windows and stone walls.","This modern minimalist living room features a neutral color palette, natural materials, and subtle lighting. The layout is open and welcoming, with a cozy yet sophisticated ambiance."
"mediterranean_856.jpg","Contemporary Modern","neutral, gray, brass","stainless steel appliances, marble counters, white oak cabinets","recessed ceiling lights and undercabinet lighting","bright and welcoming","chandelier, dining table, chairs, wine cooler","open concept with kitchen, dining, and living areas combined","This modern kitchen and living space features a neutral color palette, stainless steel appliances, marble counters, white oak cabinets, undercabinet lighting, and a chandelier hanging from the vaulted ceiling."
"mediterranean_857.jpg","Modern","gray, red, brass","wood, brick, copper","natural and ambient lighting from large windows and recessed lights","contemporary and inviting","bar counter with display of beverages, high stools for seating, brass pot on back wall as decor","open space with central bar area and seating options","A modern brick and wood bar with a warm, inviting atmosphere and contemporary design elements."
"mediterranean_859.jpg","Spanish Colonial","white, burnt orange, terracotta","stucco, wood, wrought iron","ambient from ceiling lights, warm tones from natural light through arches and doorways","inviting and warm with a touch of elegance","entry patio table and chairs, large plant in front courtyard, antique wooden doors","two-story house with central courtyard, balcony above entry","This Spanish Colonial style home features warm terracotta tones with white trim, stucco exterior walls, and wood windows. The interior includes an open patio that serves as a central gathering space."
"mediterranean_86.jpg","Traditional","beige, brown, black","wood, silk, velvet","natural light from large windows, soft ambient lighting from floor lamps and table lamps","warm and inviting","sofa, coffee table, area rug, floor lamp, candlestick","open space with central seating area around fireplace, flanked by windows on either side","This living room exudes a traditional, warm and inviting atmosphere through its choice of materials like wood and silk, the use of natural light from large windows, and soft ambient lighting. The space is arranged in an open plan with a central seating area around a fireplace, flanked by windows on either side."
"mediterranean_860.jpg","Modern","purple, green, cream","stone, wood, metal","natural light from the large windows and skylights","clean, bright, and inviting","vase with flowers, plant, potted cactus, floor lamp","open floor plan with a central hallway leading to different rooms","This modern home interior design features a colorful palette, natural materials and lighting, and decorative plants that create a bright and welcoming atmosphere."
"mediterranean_861.jpg","Modern Minimalist","white, beige, light wood","stainless steel, wood veneer cabinets, black countertops","modern track lighting with recessed lights on the ceiling","bright and open, clean and uncluttered","large island in center of room, flat-screen TV mounted on wall, modern pendant light over island, stainless steel backsplash","kitchen is L-shaped with the island as a divider","This kitchen is designed with clean lines, modern fixtures and ample space to prepare meals."
"mediterranean_862.jpg","Modern","light gray, white, wood accent","stone, glass, metal","Natural lighting from large windows, enhanced by under-cabinet LED lighting","Contemporary with a touch of elegance","pool table, modern poolside chairs and table, fire pit","Open space with a covered seating area that overlooks the swimming pool","This backyard combines modern design elements with functional outdoor amenities for relaxation."
"mediterranean_863.jpg","Modern Minimalist","white, beige, light wood","concrete, oak wood, linen","soft warm light from ceiling chandelier and floor lamps","calm and airy","sofa, coffee table, plant, floor lamp","open space with central seating area in front of fireplace","This modern minimalist living room features a neutral color palette with concrete and oak wood accents, soft lighting from a chandelier and floor lamps, and comfortable seating centered around a fireplace. The arrangement invites relaxation and conversation."
"mediterranean_864.jpg","Spanish Colonial","white, beige, brown, green","wood, stone, tile, brick","natural light from the courtyard and windows, with soft overhead lights","welcoming and inviting","high ceiling, large doorway, tiled patio, stone pillars","a spacious open layout with a central courtyard and outdoor seating area","This Spanish Colonial style home is warm and inviting, featuring wooden beams and white walls that reflect the natural light."
"mediterranean_865.jpg","Modern","white, beige, silver","marble, wood, brass","recessed lighting and large windows","clean, bright and spacious","freestanding tub, double sinks, vanity mirror, cabinetry, chandelier","open plan with separate bathing area","This is a luxurious and modern bathroom featuring marble countertops, large windows for natural light, and a spacious feel."
"mediterranean_866.jpg","Scandinavian","white, beige, light wood","wood, linen, brass","natural soft light from large windows","calm and airy","vintage oak sink vanity with marble top, blue hand-hammered metal bowl, brass wall sconces, white candle holder, potted plant","small, open space with minimal decoration and a central focal point on the sink vanity","A serene Scandinavian-style bathroom featuring an oak sink vanity with marble top, a blue bowl, brass sconces, and natural lighting."
"mediterranean_867.jpg","Modern Minimalist","white, beige, light wood","concrete, steel, oak wood","natural soft light from large windows and a glass ceiling","bright and airy","wooden table with fireplace, large vase of flowers, potted plants","open space with central seating area around the fireplace","This interior design creates a modern minimalist atmosphere, featuring a neutral color palette and natural lighting to give it a bright and airy feel. The materials used are predominantly concrete, steel, and oak wood, creating an industrial loft vibe that is contrasted with the warmth of the wooden table and fireplace. The space layout features an open plan, emphasizing the central seating area around the fireplace, making it a welcoming hub for gathering and relaxation."
"mediterranean_868.jpg","Traditional","dark wood, blue-gray, white","wood, velvet, silk, brass","natural light coming from large windows and a central chandelier","warm and inviting","desk with chair, bookshelf with books, lamp on table, artwork on wall","office space designed for comfort with functional furniture arrangement","A well-appointed office features traditional design elements, including wood furniture and a blue-gray color palette. Natural lighting accentuates the rich textures and materials used, creating a warm and inviting atmosphere."
"mediterranean_869.jpg","Modern Minimalist","blue, white, wood","leather, metal, brick","natural soft light from large windows","calm and airy","sofa, coffee table, plant, floor lamp, wooden ceiling beams","open space with central seating area","This living room combines a modern minimalist style with warm, natural elements such as wood and leather to create a calm and airy atmosphere."
"mediterranean_870.jpg","Modern Minimalist","gray, blue, green","concrete, wood, metal","natural soft light from large windows and outdoor setting","calm and airy","sofa, coffee table, plant, floor lamp","open space with central seating area around fire pit","This is a cozy outdoor living area featuring a modern minimalist style with gray and blue tones, concrete elements and wood accents. The layout includes an open patio with a central seating area centered around a glowing outdoor fireplace. Natural soft light from large windows enhances the calm and airy mood of the space."
"mediterranean_871.jpg","Modern","white, beige, gray","glass, wood, tile","well-lit with natural light from window and overhead fixtures","clean and serene","shower, sink, toilet, plant","compact and functional space with clear demarcation between bathroom areas","This modern bathroom features a clean and minimalistic design, utilizing glass for a sleek look while maintaining functionality with essential fixtures."
"mediterranean_872.jpg","Modern Minimalist","white, black, brown","marble, wood, metal","bright and even, with accent lighting highlighting features","elegant and serene","bathtub, sink, cabinet, towel rack, mirror","a neatly arranged corner bathroom with a large marble sink and vanity cabinet.","A modern, minimalist bathroom design in black, white, and brown tones featuring elegant marble elements."
"mediterranean_873.jpg","Modern Minimalist","brown, white, black","wooden cabinets, granite countertops, stainless steel appliances","recessed lighting with under-cabinet lights and pendant lights over island","warm and inviting","centre island, wooden stools at island, large range hood above stove","island in middle of kitchen, barstools around it, appliances on one side, seating area on other","Modern and functional design with clean lines and a neutral color palette, featuring wooden cabinets, granite countertops, stainless steel appliances, recessed lighting, under-cabinet lights, pendant lights over island, and stools at island for seating."
"mediterranean_874.jpg","Modern Minimalist","white, beige, light wood, blue accent","oak wood, linen, concrete, steel","soft and warm from recessed lighting and ceiling fan","calm and inviting","large sectional sofa, coffee table with storage, floor-to-ceiling windows offering outdoor views, flat screen TV mounted on wall","open floor plan with kitchen integrated into living space","This living room features a contemporary design with clean lines and natural materials, creating an inviting and relaxing atmosphere."
"mediterranean_875.jpg","Modern Minimalist","white, beige, light wood","marble, glass, brass","recessed lighting and large windows allow for ample natural light","clean, sleek, spa-like","round freestanding bathtub, freestanding shower with glass doors, modern pedestal sink, wooden stool for storage and seating, plants for natural touches","open space with separate tub and shower areas connected by a large window","This modern bathroom features a clean, minimalist design, utilizing marble, glass, and brass materials to create a spa-like atmosphere. The round freestanding bathtub is the focal point of the space, leading the eye towards the large windows that provide ample natural light."
"mediterranean_876.jpg","Modern","white, beige, brown","wood, fabric, leather","natural light from the windows and ceiling fans for warmth","cozy and inviting","sofa, coffee table, floor lamp, potted plant","living room with a central sitting area around fireplace","This is a modern living room designed to be cozy, featuring a neutral color palette, natural materials and lighting, and comfortable seating arranged around the fireplace."
"mediterranean_877.jpg","Modern","white, silver, black","stainless steel, glass, wood","recessed lighting with track lights and overhead fixture","bright and modern","kitchen island, built-in dishwasher, stove top oven, overhead hanging cabinets","galley style layout with center island for added workspace","This kitchen is a modern space that combines functionality with style, featuring stainless steel appliances and wood cabinetry."
"mediterranean_878.jpg","Spanish Courtyard","terracotta, beige, olive green","stone tiles, wooden furniture, brick walls","dimmable lanterns and candles provide a warm glow","serene and inviting","terrace seating area, fountain, decorative potted plants","a central courtyard surrounded by outdoor furniture, with pathways leading to other areas of the property","The interior design combines traditional Spanish elements with modern amenities for a comfortable and relaxing outdoor living space."
"mediterranean_879.jpg","Modern Minimalist","white, beige, gray","marble, glass, metal","well-lit with recessed lighting and a chandelier","clean, serene, and spacious","freestanding bathtub, double sinks, large mirror above the tub","open floor plan with bathroom adjacent to bedroom","A modern, minimalist-style bathroom featuring a freestanding tub and double sinks, set in an open floor plan adjacent to the bedroom."
"mediterranean_88.jpg","Southwest","sand, terra cotta, sky blue","wood, stone, clay tiles","Natural sunlight through large windows and doors.","Warm, inviting, with a touch of rustic charm.","Large outdoor dining table, Outdoor seating area made from reclaimed wood, Green vines growing up the trellis and along the eaves, Large pottery planter with succulents, Hanging light fixture with a Southwestern design","Courtyard-style outdoor space enclosed by walls of various heights.","This outdoor living area is designed in the warm, earthy tones of the Southwest style, featuring natural materials like stone and wood. The large windows and open layout allow for plenty of natural light to fill the space, creating an inviting atmosphere that is both rustic and sophisticated."
"mediterranean_880.jpg","Scandinavian","white, beige, light wood","oak wood, linen, concrete","natural soft light from large windows","calm and airy","bathtub, vanity mirror, shower glass door, freestanding tub, toilet","open space with central bathroom vanity area","This is a modern, clean bathroom with an open layout featuring a large bathtub, vanity mirror, and separate glass shower. The color palette consists of light wood tones, white walls, and linen materials that contribute to the calm and airy atmosphere."
"mediterranean_881.jpg","Modern Minimalist","light wood, black metal","oak wood, linen","natural soft light from large windows","calm and airy","sofa, coffee table, plant, floor lamp, framed art","spacious open floor plan with white staircase leading to upper level","This modern interior design features a minimalistic color palette, using light wood and black metal as the primary materials. The space is characterized by an open layout, a spacious white staircase, and soft natural lighting that creates a calm and airy atmosphere."
"mediterranean_882.jpg","Scandinavian","white, beige, light wood, pink","wood, linen, metal, plastic","Natural soft light from large windows","Calm and airy","Bunk beds, Bookshelf, Pink cushions, White sheets, Wooden ladder","Spacious room with bunk beds against wall","This is a cozy Scandinavian-style bedroom with white walls and light wood accents, featuring a neatly made bunk bed with pink cushions and a wooden ladder."
"mediterranean_884.jpg","Scandinavian","blue, white, wood","wood, tile, fabric","natural light from large windows","calm and airy","sofa, coffee table, potted plant, table lamp","open space with central seating area surrounded by walls and pillars","This is a Scandinavian style room featuring a blue, white, and wood color palette. The room is characterized by wooden beams and arches, large windows allowing for natural light, and furniture that includes a sofa, coffee table, potted plant, and table lamp."
"mediterranean_885.jpg","Scandinavian","white, light gray, dark brown","wood, stone, brick","bright natural light from windows and sliding glass doors","warm and inviting","sofa, coffee table, rug, floor lamp","spacious open floor plan with outdoor deck access through large sliding glass doors","This Scandinavian-style home combines a warm color palette of white, light gray and dark brown with natural wood, stone and brick materials to create an inviting and bright atmosphere. The layout features a spacious open floor plan that extends outdoors through sliding glass doors leading to a deck."
"mediterranean_887.jpg","Industrial Loft","dark brown, tan, gray","wood, stone, metal","recessed lighting on the ceiling with a dimmable ambiance","warm and inviting","large wooden barrel, wine rack, high top table, modern lamps","a circular stone archway leading to a cozy wine tasting room","The interior design of the wine cellar features an Industrial Loft style with warm and inviting mood, using materials such as wood and stone for an authentic ambiance. A large wooden barrel serves as the centerpiece of the space, accompanied by a high top table, modern lamps, and a well-organized wine rack to store and display bottles."
"mediterranean_888.jpg","Modern Minimalist","white, black, wood","wood, glass, metal","bright and airy natural light from a large window","calm and relaxing","shelving unit with plants, vintage style sink and cabinet, wooden basket","open space with minimal wall coverage, bathroom vanity on the right side of the room.",""
"mediterranean_889.jpg","Modern Minimalist","white, blue, gold","marble, brass, glass","warm and cozy with recessed lighting","calm and elegant","sink, mirror, soap dispenser, cabinet, shelf","linear with sink in front of shelf and mirror above it","The image shows a modern bathroom with minimalist design elements, predominantly featuring white, blue, and gold tones. The marble countertop and brass fixtures add luxury to the space. Recessed lighting provides a warm ambiance while maintaining an elegant atmosphere."
"mediterranean_89.jpg","Modern Minimalist","white, grey, wood","oak wood, leather, metal, stone","natural soft light from large windows and chandelier","warm and cozy with a touch of luxury","sofa, coffee table, plant, floor lamp, flat screen TV","open space with central seating area and fireplace","This is an elegant living room designed with clean lines, neutral colors, and high-end materials. The space is well-lit by natural light from the large windows and chandelier, creating a warm atmosphere. The furniture includes a comfortable sofa facing a flat screen TV, flanked by a floor lamp on either side of a wooden coffee table in the center of the room. A fireplace adds to the cozy ambiance, while decorative elements such as sculptures and artwork add personality and visual interest."
"mediterranean_891.jpg","Modern Rustic","warm wood tones, cream and beige, bronze accents","wood, stone, metal","warm ambient lighting with additional under-cabinet lights for task areas","inviting and cozy","kitchen island, stainless steel appliances, large dining table, framed artwork","open kitchen to dining area with breakfast bar seating","This modern rustic kitchen and dining space features warm wood tones, cream accents, and bronze fixtures. The open layout connects the kitchen and dining areas with a breakfast bar seating arrangement."
"mediterranean_892.jpg","Scandinavian","white, light wood, blue, dark brown","oak wood, linen, copper, stainless steel","natural soft light from large windows and overhead fixtures","calm and inviting","white stove top oven, dark wooden cabinetry, blue and white patterned backsplash, brass cookware","open space with central island for food preparation, surrounded by light wood cabinets","This kitchen has a Scandinavian design, featuring natural materials, a color palette of whites, blues, and light woods, and soft overhead lighting. The layout is open and inviting, centered around a central island for food preparation."
"mediterranean_893.jpg","Southwest","tan, beige, rust, black","wood, clay tile, iron, glass","natural sunlight","vibrant and warm","sofa, dining table, chairs, bed, pool","open space with pool in center, surrounded by terrace","Southwestern style house with an open floor plan featuring a large pool in the center of the backyard. The design incorporates natural materials like wood and clay tile, and has a warm color palette that includes rust, beige, and black. The space is brightly lit by natural sunlight, creating a vibrant and welcoming atmosphere."
"mediterranean_894.jpg","Modern Industrial","brown, white, beige","metal, wood, tile","natural and ambient light from a large window","elegant, rustic, and inviting","vintage-style sink, large mirror above vanity, candle on counter","space with a compact yet functional design","This bathroom combines modern industrial elements with vintage touches to create an elegant, rustic space that feels inviting and well-organized."
"mediterranean_895.jpg","Modern Minimalist","beige, green, pink","stone, metal, wood","bright natural light from large windows and outdoor lamp","calm and serene","sofa, chairs, coffee table, plants, fire pit","open space with central seating area and outdoor access","This spacious patio offers a modern minimalist design, featuring beige tones with accents of green and pink. The use of stone, metal, and wood in the structure creates an inviting outdoor living space that is brightened by natural light from large windows and an outdoor lamp. The arrangement includes comfortable seating options like chairs around a coffee table, while plants add a touch of nature and color to the space. A fire pit adds warmth and coziness, making this patio area perfect for relaxation or entertaining guests."
"mediterranean_896.jpg","Modern Minimalist","white, black, brass","stainless steel, marble, wood","well-lit with recessed lighting and floor lamps providing warm ambient light","calm and sophisticated","modern sofa, coffee table, minimalist artwork, floor lamp","open space with curved staircase to a balcony overlooking living area","This modern home features clean lines, neutral colors, and minimalistic decor, creating a serene and elegant atmosphere."
"mediterranean_897.jpg","Scandinavian","white, beige, light wood, green accent","oak wood, linen, concrete, steel","natural soft light from large windows","calm and airy","sofa, coffee table, plant, floor lamp","open space with central seating area","This Scandinavian-style interior features a neutral color palette, oak wood accents, and large windows that let in soft natural light. The space is designed for comfort and simplicity, with a cozy seating area at the center of the open floor plan."
"mediterranean_899.jpg","Cottage Garden","purple, blue, white","stone, wood, metal","natural and warm lighting from overhead skylights","peaceful and inviting","garden bench, flowering shrub, courtyard fountain, wicker basket","cobblestone courtyard with garden benches, stone wall, and flowering plants","A charming outdoor space featuring a cobblestone pathway, wooden benches, stone walls, and a fountain, all bathed in natural light."
"mediterranean_9.jpg","Scandinavian","white, beige, light wood","oak wood, linen, concrete","natural soft light from large windows","calm and airy","sofa, coffee table, plant, floor lamp","open space with central seating area","A spacious and well-lit Scandinavian-style living room featuring oak wood, linen, concrete, and large windows allowing for a serene atmosphere."
"mediterranean_90.jpg","Modern Minimalist","white, black, wood","wood, metal, marble","recessed lighting with a mix of natural and ambient light","contemporary, sleek, and clean","kitchen island, stainless steel appliances, large windows, potted plants","an L-shaped layout with the island as a focal point","This kitchen is characterized by a modern design, minimalistic approach, and a color palette that features black, white, and wood accents. It utilizes materials like wood for the cabinets and countertops, stainless steel appliances, and marble for the backsplash. The lighting consists of recessed lights with additional natural light coming in from the large windows. The island serves as a central workspace, while the L-shaped layout optimizes space usage."
"mediterranean_900.jpg","Modern Minimalist","stone grey, off-white, deep green","natural stone, glass block, stainless steel, brass","ambient light with accent from the water feature","calm and relaxed","round pool, stone tiles on the floor, outdoor wall sconces, landscaping plants","a circular stone wall surrounds the pool, with an opening in the center leading to a fountain feature that runs water into the pool.","This is a modern design featuring natural stone and glass block materials, providing a relaxing outdoor setting for visitors."
"mediterranean_902.jpg","Modern Minimalist","white, cream, wood, black","light wood, marble, brass, glass","recessed lighting with warm-toned LED bulbs providing ambient and accent lighting","calm and serene","freestanding bathtub, modern gold-toned faucet, wooden shelving unit with towels and bath products","curved wall forming a niche around the bathtub, flanked by two windows allowing natural light into the space","A luxurious modern bathroom featuring a freestanding tub, gold-toned fixtures, and a curved shelving unit that provides both storage and decoration."
"mediterranean_903.jpg","Classic","green, white, brown","metal, stone, wood","Natural and soft lighting, with some ambient lighting from the garden area.","Peaceful and serene","Garden gate, Manicured hedges, Pathway, Stone steps","Open space leading to a garden area, with neatly trimmed greenery and pathways.","A classic and inviting outdoor entryway that leads into a serene garden space."
"mediterranean_904.jpg","Modern Spanish","white, blue, gray","stone wall, glass mosaic tiles, wood fence","sunlit and shaded, highlighting the colorful tiles and stone work.","vibrant and lively with a touch of elegance.","fountain, potted plants, stone wall decoration","an outdoor patio with a decorative fountain as the central feature.","A modern Spanish style patio, featuring sunlit and shaded areas, colorful glass mosaic tiles, stone walls, wooden fence, and plants for a vibrant yet elegant atmosphere."
"mediterranean_907.jpg","Modern","white, neutral tones, wood accents","stone, concrete, natural wood","Natural light from large windows and overhead skylights, complemented by soft artificial lighting.","Calm and serene.","pool, outdoor furniture, potted plants, large area rug","Open floor plan with a central pool surrounded by outdoor furniture and landscaping elements.","This image depicts a modern, luxurious backyard with a large swimming pool at the center. The space is designed with an open layout that leads to a beautifully landscaped yard. Natural light fills the space through overhead skylights and windows, creating a calm and serene atmosphere. Wood accents and natural materials like stone and concrete complement the overall design."
"mediterranean_909.jpg","Classic European","white, gray, black","concrete, cast iron, wood","natural sunlight with ambient lighting from torchieres","elegant and stately","iron gates, ornamental columns, manicured bushes","formal entrance with symmetrical design","This is an elegant classical European-style entrance with decorative cast iron gates, ornamental columns, and carefully maintained landscaping."
"mediterranean_91.jpg","Mid-Century Modern","beige, brown, green","brick, wood, fabric","natural soft light from large windows","warm and cozy","couch, coffee table, plant, floor lamp","open space with central seating area","This room features a warm and inviting Mid-Century Modern design with a neutral color palette of beige, brown, and green. The space is illuminated by soft natural light filtering through large windows. Key furniture includes a comfortable couch for seating, a coffee table, a plant for life, and a floor lamp providing additional lighting."
"mediterranean_910.jpg","Modern Minimalist","white, gray, navy","leather, brass, cane","natural soft light from large windows","calm and airy","sofa, coffee table, plant, floor lamp, chair","open space with central seating area","This is a modern, minimalist living room with neutral tones and natural materials, providing a calm and airy atmosphere."
"mediterranean_912.jpg","Scandinavian","dark wood, light wood, natural stone","oak veneer panels, leather upholstery, stainless steel fixtures","recessed ceiling lights provide ambient illumination, with additional task lighting for precise visibility.","calm and modern atmosphere","wooden sauna benches, steam inhalation unit, aromatherapy diffuser","compact, efficient layout maximizes space utilization while maintaining functionality.","This sauna interior design focuses on a sleek and modern Scandinavian style, with materials that are both luxurious and natural. The use of wood paneling gives the room warmth, while the stainless steel fixtures add a touch of contemporary elegance."
"mediterranean_914.jpg","Modern Minimalist","purple, green, brown","tile, wood, concrete","natural soft light from large windows","calm and airy","garage door, vase with flowers, sofa, outdoor rug","open space with central garage area","A modern minimalist house with a calming open layout, featuring purple accent walls and garage doors, surrounded by natural light that creates a peaceful ambiance."
"mediterranean_915.jpg","Scandinavian","white, gray, black, wood","light wood, concrete, linen, steel","Natural light flooding the space through arched windows and doors, supplemented by pendant lights hanging from ceiling","Bright and airy with a touch of sophistication due to high design elements","vaulted ceiling, arched window frames, wooden floors, pendant light fixtures","An elongated corridor with doors on both sides, leading to different rooms.","This is an entryway that leads into a home. The design combines a Scandinavian influence with high-end finishes and furnishings, creating a bright, airy, yet sophisticated atmosphere."
"mediterranean_917.jpg","Modern Spanish Colonial","beige, terracotta, green","stone, wood, glass","Mixed natural and ambient light with accent lighting for architectural features.","Warm and inviting with a touch of sophistication.","outdoor seating area, large front door, potted plants, stone fireplace","Front patio leading to entryway, flowing into living room and down hallway to outdoor space in back.","A two-story Spanish Colonial house with stone facade, wooden accents, and a combination of indoor and outdoor living spaces."
"mediterranean_919.jpg","Garden Pathway","dark green, light gray, red","stone, metal, wood","Moonlight illuminates the garden and walkway","Peaceful and serene","trees, flowers, garden gnome","A curving path through a garden with borders of red flowers.","The garden is dark but lit by moonlight, providing a peaceful atmosphere for the visitor."
"mediterranean_921.jpg","Modern Minimalist","white, beige, light wood","oak wood, stainless steel, quartz","natural soft light from large windows","calm and airy","large island with sink, wooden stools at island, backsplash tiles, recessed lights","open space with central seating area and ample counter space around island","The kitchen is a spacious, modern minimalist design with warm beige and light wood tones creating a calm and airy atmosphere. The large island serves as the centerpiece of the room, providing ample counter space while also incorporating a sink for convenience. Stainless steel appliances complement the oak cabinetry, while quartz countertops add a touch of modernity to the space. Natural light from large windows floods the room, enhancing the sense of openness and contributing to the serene ambiance."
"mediterranean_922.jpg","Spanish Colonial","earth tones, white, rust","wood, brick, tile, stone","natural light from windows and archway above door","warm and inviting","door with window at top, vase with flowers on step, potted plants on either side of door","arched entrance with tiled floor leading to courtyard","Spanish colonial style house with earth tone color scheme, wooden and brick accents, arched entryway, potted plants, and flowers."
"mediterranean_923.jpg","Modern Spanish","beige, white, brown","stone, wood, brick","warm ambient light from multiple overhead fixtures and floor lamps","luxurious and inviting","sofa, coffee table, dining table, chairs, potted plant","central courtyard with outdoor seating leading to main living areas","This large two-story Spanish-style house features a warm and inviting atmosphere, with natural materials such as stone, wood, and brick creating a luxurious feel. Multiple lighting sources provide ample illumination throughout the space."
"mediterranean_924.jpg","Modern Minimalist","white, beige, light wood","oak wood, linen, concrete, steel","natural soft light from large windows","calm and airy","sofa, coffee table, plant, floor lamp","open space with central seating area and winding staircase","This is a modern minimalist style home interior with a calm and airy atmosphere, featuring light wood and linen elements, large windows for natural light, a comfortable sofa and coffee table, a plant that adds life to the space, and a winding staircase as a focal point. The open layout invites movement throughout the area."
"mediterranean_926.jpg","Modern Minimalist","white, stainless steel, wood","oak wood, steel, linen","natural soft light from large windows and overhead lights","warm and cozy","kitchen island, metal range hood, stainless steel refrigerator freezer, wall-mounted shelving","open space with central kitchen island for dining, surrounding countertops and cabinets","The interior design of this kitchen is characterized by its modern minimalist style, featuring a clean and sleek color palette of white, stainless steel, and wood. The space is well-lit by natural light from large windows, supplemented by overhead lights. The mood of the room is warm and inviting, achieved through the use of oak wood and linen materials. Key elements include a kitchen island with built-in seating for dining, stainless steel appliances, and a wall-mounted shelving unit for decorative items."
"mediterranean_928.jpg","Scandinavian","white, gray, navy","wood, fabric, metal","soft, natural light from large windows","calm and airy","sofa, coffee table, plant, floor lamp, throw pillows, area rug","open space with central seating area","This modern living room features a neutral color palette, predominantly white and gray, with accents of navy. The space is well-lit by natural light from large windows. The sofa, throw pillows, and rug create a cozy seating area at the center of the room. A coffee table sits in front of the couch for easy access to items on the floor."
"mediterranean_929.jpg","Modern Minimalist","white, dark wood, stainless steel","glass, brick, wood","recessed lighting with a mix of natural and artificial sources","calm and modern","kitchen island, stainless steel appliances, plants, metal chairs","open space with central kitchen area and seating at the end","This modern kitchen features a minimalist design with clean lines, neutral tones, and a mix of materials including glass, wood, and metal. The space is illuminated by recessed lighting and natural sunlight filtering in through large windows. A central island serves as the heart of the space, providing ample workspace while also offering seating. Modern appliances are complemented by a warm brick wall and wooden cabinetry. Plants add a touch of life and color to the otherwise sleek design."
"mediterranean_93.jpg","Modern Minimalist","neutral color palette with some earthy tones","wood and stone","natural light from large windows, complemented by indoor lighting fixtures","calm and serene","large sectional sofa with accent pillows, reclaimed wood coffee table, potted plant, vintage style floor lamp","open space concept with a central seating area, surrounded by arched doorways leading to other spaces","This living room offers a modern minimalist design with neutral colors and materials such as wood and stone. The natural light streaming in creates a calm and serene atmosphere, while the reclaimed wood coffee table and vintage floor lamp add warmth and character."
"mediterranean_930.jpg","Modern Minimalist","white, beige, wood","natural wood, leather, linen, brass","soft ambient light from built-in lighting fixtures and natural light from windows","warm and inviting","sofa, coffee table, area rug, floor lamp, potted plant","open space with central seating area, flanked by side tables on either side of the couch","This modern living room features a minimalist design with clean lines and natural materials. The color palette is neutral, with pops of color provided by accent pillows and textiles. Built-in lighting fixtures cast a soft glow throughout the space, while windows allow for ample natural light during the day."
"mediterranean_931.jpg","Modern Minimalist","white, beige, brown","brick, wood, metal","Natural soft light from large windows","Warm and cozy","sofa, coffee table, plant, floor lamp","Open space with central seating area, leading to other spaces","This is an elegant and modern interior design. The color palette consists of neutral tones with white walls and beige flooring. The brick walls create a warm atmosphere, while the wood elements add texture to the room. The metal accents contribute to the sleek and contemporary look. The furniture arrangement includes a central seating area for conversation and relaxation."
"mediterranean_932.jpg","Mid-Century Modern","white, beige, dark brown","stone, wood, metal","bright and open with natural light from large windows","warm and welcoming","sofa, coffee table, floor lamp, dining table, cushioned bench","open plan with a central living area that extends into dining space","A modern two-story home with a warm and inviting atmosphere, featuring large windows that flood the interior with natural light."
"mediterranean_933.jpg","Modern","beige, white, neutral gray","fabric upholstery, wooden frame and legs, metal accents","Natural light from large windows illuminates the space","Warm and inviting","sofa, coffee table, fireplace, end tables, floor lamp","Open plan living room with central seating area near fireplace","This modern living room has a clean and minimalist design with neutral tones, natural light from large windows, and cozy furnishings for a warm and inviting atmosphere."
"mediterranean_936.jpg","Modern Rustic","neutral tones, earthy browns, contrasting black and white","stone walls, wood beams and floors, stainless steel appliances","warm ambient lighting with a mix of natural and artificial sources","cozy and inviting","outdoor grill, sofa set, potted plants, wood-burning fireplace","open-concept layout with kitchen, living, and dining spaces connected together","This modern rustic space combines natural elements with sleek appliances to create a warm and inviting atmosphere."
"mediterranean_937.jpg","Mediterranean","brownstone, white, green","brick, wood, concrete","soft natural light and warm interior lighting","inviting and cozy","vase, potted plant, outdoor chair, wall art","an open courtyard connected to the main room","A Mediterranean-style home with a warm and welcoming atmosphere, featuring stone archways, an outdoor sitting area, and natural lighting."
"mediterranean_938.jpg","Modern Minimalist","white, gray, orange","wood, fabric, concrete","soft and natural light from large windows","open and airy","sofa, coffee table, floor lamp, chairs, throws","open space with central seating area","The living room has a modern minimalist style, featuring white walls and gray accents. Wood furniture is complemented by orange cushions, creating a warm atmosphere. Large windows fill the room with soft, natural light. The layout includes a central seating arrangement surrounded by chairs and pillows."
"mediterranean_939.jpg","Southwestern","white, red, blue, brown","brick, concrete, tile, wood","Natural sunlight","Bright and warm","mailbox, lamppost, planter, fence","Outdoor courtyard with open spaces","Southwestern style home exterior featuring a white mailbox on a brick pillar, flanked by a lamppost and planter."
"mediterranean_940.jpg","Modern Minimalist","white, beige, light wood","marble, linen, glass","natural soft light from large windows","calm and airy","bath tub, seating bench, floor lamp, potted plant","open space with central seating area","A modern bathroom design with a minimalist approach, featuring natural light from windows and an all-white color scheme."
"mediterranean_941.jpg","Scandinavian","neutral tones, soft green accents","natural wood finishes, white marble countertops, brushed nickel fixtures","natural light from large windows and recessed LED lights","bright and airy with a touch of coziness","kitchen island with built-in sink and seating, wooden dining table with eight chairs, hanging pendant lights","open concept layout, connecting kitchen to dining area","A modern Scandinavian kitchen and dining space featuring a neutral color palette, natural wood finishes, marble countertops, recessed LED lighting, and a cozy yet bright atmosphere."
"mediterranean_942.jpg","Mediterranean","green, beige, rust","stone, wood, metal","soft, natural light from surrounding plants and trees","inviting and relaxed","cactus garden, large planter with succulents, small palm tree","informal grouping of various plants along the border of a paved area","This Mediterranean-style garden features an informal arrangement of plants in various shades of green and beige, providing a warm and inviting atmosphere."
"mediterranean_944.jpg","Modern Minimalist","white, beige, light wood","wood, fabric, glass","natural soft light from large windows and recessed ceiling lights","calm and airy","sofa, coffee table, plant, floor lamp, flat screen TV, bookcase","open space with central seating area, kitchen island","This modern living room combines minimalist design elements with natural lighting and neutral colors to create a calm and airy atmosphere. The wood accents and white walls give the space a warm feel, while the glass doors offer views of the outdoors. A central seating area is surrounded by a kitchen island and additional seating options."
"mediterranean_945.jpg","Traditional","beige, brown, white","wood, brass, velvet","The lighting in this room is natural and soft, with large windows that let in plenty of sunlight.","This living room has a warm and inviting atmosphere, with a classic design that feels comfortable and cozy.","sofa, coffee table, lamp, painting","The layout features a central sitting area with the sofa facing the fireplace. The coffee table is placed in front of the sofa, making it accessible for guests to use. A floor lamp stands on the side, adding extra lighting. To the left, there's a piano, and above the staircase, there's a painting.","This room has a warm, inviting atmosphere with natural light from large windows. The classic design features wood floors, brass accents, and velvet fabrics."
"mediterranean_947.jpg","Modern Minimalist","white, black","concrete, steel","natural light from large windows with arched stained glass windows above the door","clean and serene","modern sofa, wooden coffee table, contemporary floor lamp, abstract artwork on the wall, black rug in front of the sofa","open space with a central seating area and stairs leading up to a second floor","A modern minimalist interior design featuring a white and black color palette, concrete and steel materials, and natural light from arched windows above the door."
"mediterranean_948.jpg","Modern Minimalist","white, beige, black","tile, glass, metal","natural soft light from large windows","calm and serene","bath tub, large shower, plant, toothbrushes","space is divided by a glass wall","This bathroom combines modern design with minimalist elements, creating a calm and serene atmosphere. The color palette consists of white, beige, and black tones that complement the tile walls and floors, while the large shower and bathtub contribute to relaxation. Natural light from windows fills the space, enhancing its openness."
"mediterranean_95.jpg","Modern","white, gray, stainless steel","wood, marble, brass","Recessed ceiling lights and pendant lights provide ample illumination for the space.","Warm and inviting with a touch of elegance.","large center island, stainless steel appliances, modern chairs, contemporary artwork","An open kitchen and dining area, designed for functionality and style.","This modern space seamlessly combines a kitchen with an adjacent dining area, featuring high-quality materials and sleek design elements."
"mediterranean_950.jpg","Modern","beige, light wood, blue accent","stone, stainless steel, wood","well-lit with natural light from large windows","calm and serene","large sofa, coffee table, floor lamp, potted plant","modern open space with clean lines, flowing through to back patio","This modern house features a calming color palette and natural lighting that creates a serene atmosphere."
"mediterranean_951.jpg","Tropical Modern","green, white, brown","wood, glass, metal","bright and natural","relaxed and inviting","pool table, bar stools, palm tree, potted plants","open floor plan with central seating area and bar","This image portrays an interior design that embodies a tropical modern style. The color palette consists of shades of green, white, and brown. The space is accented with natural materials like wood, glass, and metal. Lighting is bright and natural, creating a relaxed and inviting atmosphere. Key objects include a pool table, bar stools, a palm tree, and several potted plants. The layout features an open floor plan with a central seating area around a bar."
"mediterranean_952.jpg","Spanish Colonial","beige, white, brown","tile flooring, wooden ceiling beam, iron railing","natural light from large windows and archways","spacious and elegant","large sofa, coffee table, potted plant, artwork on wall","open space with central seating area, surrounded by arched doorways and windows","This Spanish Colonial-style room combines beige and white tones with brown accents for a warm and elegant atmosphere. The room features wooden ceiling beams, iron railings, tile flooring, and large arched windows that allow natural light to fill the space."
"mediterranean_953.jpg","Modern","beige, white, black","marble, glass, steel","natural and ambient light","clean and sophisticated","mirror, sink, candle holder, potted plant","wall-mounted sink with mirror above it, marble countertop","This modern bathroom is designed for functionality and aesthetics, with clean lines and neutral colors creating a serene atmosphere."
"mediterranean_954.jpg","Modern Minimalist","white, beige, light wood","glass, wood, ceramic","well-lit with natural light from window above tub","calm and relaxing","bathtub, toilet, sink","linear layout with bathtub against wall, toilet next to sink","This is a modern bathroom with minimalistic design elements. The color palette includes white and light wood tones, complemented by the natural light coming in through the window above the tub. Materials used include glass for the tub surround, wood for the fixtures, and ceramic for the floor. The space is well-lit with a clean and bright atmosphere."
"mediterranean_955.jpg","Modern Minimalist","white, dark gray, metallic accents","stainless steel, marble, oak wood","natural light from window with blackout shades, and under-cabinet lighting","calm and serene","black gas range, white subway tile backsplash, glass pendant lights, modern island with built-in seating","U-shaped layout with island in the middle, providing ample counter space and a central cooking area","This kitchen combines modern minimalist design elements with a touch of luxury through materials such as marble and stainless steel appliances."
"mediterranean_957.jpg","Modern","white, beige, wood accents","stucco, tile flooring, glass","Bright natural light due to large windows and glass doors","Elegant and contemporary","modern sofa, sectional sofa, minimalist coffee table, abstract art on the wall","Open floor plan with living room adjacent to kitchen, leading to backyard through sliding glass doors","This modern two-story house features an open floor plan with large windows and glass doors that allow for abundant natural light. The neutral color palette of white and beige is complemented by wood accents, stucco walls, and tile flooring. The minimalist design includes a sectional sofa in the living room area, which opens up to an inviting backyard patio."
"mediterranean_958.jpg","Modern Minimalist","white, black, wood","wood, stone, fabric","ambient light from ceiling recessed lights, accent lighting on fireplace and artwork","calm and serene","sofa, coffee table, fireplace, bookshelf, plant","open floor plan with central seating area around fireplace","This modern minimalist living room features a neutral color palette of white, black and wood tones, with accent pieces in stone and fabric. The open layout allows for natural light to flow through the space, creating a calm and serene atmosphere."
"mediterranean_959.jpg","Modern","white, gray, wood","wood, metal, fabric","Natural light coming through the large windows and recessed ceiling lights.","Warm and inviting with a touch of modern sophistication.","sofa, coffee table, rug, fireplace","Open floor plan with living room, kitchen, and dining area flowing together without walls.",""
"mediterranean_96.jpg","Industrial Loft","dark grey, light wood, black accent","brick wall, concrete flooring, stainless steel appliances, wood cabinets","warm and ambient with visible pendant lights","edgy yet warm, a blend of modern industrial design elements","industrial style kitchen island, hanging pendant lights, brick backsplash, wooden bar stools","open concept space with an L-shaped layout for the bar area and countertops","An industrial loft-style kitchen that blends modern design elements like exposed brick and wood with metal accents, creating a warm yet edgy space."
"mediterranean_961.jpg","Spanish Colonial","red-orange terracotta, white, dark brown","terracotta tiles, stone, metal, wood","natural light with some artificial accents","warm and inviting","candle wall sconces, fountain, ceramic tile artwork","central patio with a raised seating area","This outdoor space combines Spanish Colonial design elements with vibrant terracotta tiles, stone accents and fountains to create an inviting, warm atmosphere. The central patio has a raised seating area perfect for gatherings."
"mediterranean_964.jpg","Scandinavian","light brown, white, green","wood, brick, glass","natural sunlight through large windows","calm and serene","minimalist furniture, large decorative mirror, modern lighting fixture, contemporary artwork","open space with central seating area on a tile floor","This is an image of a modern Scandinavian-style house with a minimalist design and warm, natural colors."
"mediterranean_965.jpg","Modern Minimalist","white, beige, light wood","black metal, wooden stair railing, stone, brass","natural soft light from large windows","calm and airy","vase of flowers, framed dog pictures on wall, large pot with plant, wooden side table","open space with central seating area around stairwell","This modern minimalist interior features a clean and simple design with a focus on natural light and organic materials."
"mediterranean_966.jpg","Industrial Loft","silver, black, brown","steel, concrete, glass","bright and natural sunlight streaming through windows","industrial with warmth and comfort","outdoor kitchen island, grill, oven, refrigerator, cabinet","open space with outdoor cooking area","This image showcases a modern industrial-style outdoor kitchen island, featuring a stainless steel refrigerator integrated into the stone wall. The design includes metallic accents and is bathed in bright natural light."
"mediterranean_967.jpg","Nature Inspired","gray stone, light brown brick, green moss","brick, stone, metal grate","Natural light from above","Peaceful and cozy","outdoor stone fireplace, grill in front of the fireplace, landscaped area around fireplace","Circular patio with the fireplace at the center","This is an outdoor fireplace and grilling area set into a circular landscaped patio surrounded by nature. The design incorporates stone, brick, and metal to create a warm and cozy atmosphere for gathering around the fire."
"mediterranean_968.jpg","Modern Minimalist","white, oak wood, stainless steel","light wood cabinets, quartz countertops, stainless steel appliances","soft, warm light from under-cabinet LED lights and recessed ceiling lights","clean, sleek, and inviting","island with seating for four, stainless steel refrigerator with freezer drawer, dishwasher, stove","spacious layout with central island and separate zones for cooking and dining","This modern kitchen is designed to be both functional and visually appealing, with a warm color palette that includes white, oak wood, and stainless steel. The space features light wood cabinets and quartz countertops, giving it a bright and clean look. Under-cabinet LED lights provide soft, warm illumination, while the island seating area offers a central gathering spot for family meals or casual conversations."
"mediterranean_969.jpg","Nature-Inspired","green, brown, orange","wood, stone, glass","Dappled sunlight from trees and clouds","Peaceful, inviting, earthy","pathway with natural stone pavers, benches facing the view, garden beds with various plants","Open space that leads to a picturesque hillside view","This garden is a tranquil retreat from everyday life, inviting visitors to sit, relax and enjoy the beauty of nature."
"mediterranean_97.jpg","Modern Minimalist","black, white, brass","wood, metal, glass","natural soft light from large windows and under-cabinet lighting","sleek, contemporary and sophisticated","cabinet with wine rack, copper bar cart, metal stools","modern open kitchen plan with central island for seating and serving","This modern kitchen combines minimalist design elements with sleek materials, creating a contemporary and sophisticated space that feels both stylish and welcoming."
"mediterranean_970.jpg","Scandinavian","white, black, gold","marble, wood, linen","soft and warm lighting with a modern fixture","sophisticated and luxurious","bath tub, vase of flowers, mirror, towel rack","small and intimate bathroom layout","This is a modern, Scandinavian-style bathroom with a sophisticated mood. The space features marble and wood materials, soft lighting, and fixtures made of gold. The color palette consists of white, black, and gold accents. The bath tub and vase of flowers add a touch of luxury to the intimate setting."
"mediterranean_971.jpg","Modern Minimalist","white, beige, wood tones","oak wood, fabric upholstery, metal frame","natural soft light from large windows, supplemented with floor lamps and wall sconces","calm and airy","dining table, sofa, coffee table, plant, floor lamp","open space with central seating area, featuring a kitchen bar for social interaction","This modern minimalist living room is designed for comfort and functionality, with an emphasis on natural light and uncluttered space."
"mediterranean_972.jpg","Modern Minimalist","blue, white, wood","wood, stone, metal","natural soft light from large windows","calm and airy","swimming pool, chaise lounge, poolside table, outdoor furniture","circular deck with built-in swimming pool","A modern minimalist outdoor space featuring a circular wood deck with a built-in pool and surrounded by a mix of natural and man-made materials, creating a calm and airy atmosphere."
"mediterranean_973.jpg","Modern Minimalist","white, light wood, blue","concrete, oak wood, steel","natural soft light from large windows and ceiling fans","bright and energetic","sofa, coffee table, plant, floor lamp","open space with central seating area under arched entryway","A modern open-plan living room with minimalist design elements, natural light, and a bright blue accent color."
"mediterranean_974.jpg","Scandinavian","blue, green, white","wood, glass, metal","Natural light from ceiling windows and recessed track lighting in kitchen area","Light, airy and open with a touch of warmth from the wood tones and cozy textiles.","round wooden dining table, black metal pendant lights, blue woven rug, green plant","A spacious kitchen with an island for casual seating and a separate dining area off to the side","This kitchen is a blend of modern and traditional styles, featuring green cabinetry, blue accents and natural lighting. The space is organized yet open, providing a comfortable atmosphere for cooking and entertaining."
"mediterranean_975.jpg","Modern Minimalist","white, navy blue","wood, fabric","natural soft light from large windows and chandeliers","cozy and elegant","sofa, chair, coffee table, rugs, lamps, couch","open space with central seating area and bedroom wings on either side","This modern minimalist living room features a soothing color palette, natural materials, and elegant furnishings to create a cozy yet stylish space."
"mediterranean_977.jpg","Modern Minimalist","white, beige, light wood","oak wood, linen, steel","natural soft light from large windows","calm and airy","sofa, coffee table, plant, floor lamp, woven throw rug, decorative vase","open space with central seating area around fireplace","This modern living room features a minimalist design with neutral colors and natural materials. Large windows fill the space with soft, diffused light that enhances the calm atmosphere. The furniture arrangement is centered around a stone-framed fireplace, creating a cozy focal point. The combination of textures and subtle decor adds depth and visual interest to the room."
"mediterranean_978.jpg","California Coastal","sage green, stone gray, copper accent","stone pavers, wooden slats, concrete planters, stainless steel","Natural light from large windows and overhead vaulted skylights.","Warm and inviting with a touch of rustic elegance.","outdoor sofa and table set, large potted plants, stainless steel fire pit","An open space with a stone patio, outdoor seating area, and landscaped garden","This is an outdoor living space that combines modern design elements with natural materials to create a warm and inviting atmosphere. The color palette consists of muted earth tones with the addition of copper accents to add warmth to the space. Lighting is provided by large windows and vaulted skylights, creating a bright and airy feel. Materials used in this design include stone pavers, wooden slats, concrete planters, and stainless steel, which contribute to the overall modern and natural look."
"mediterranean_979.jpg","Modern","beige, brown, white","wood, linen, brass","modern chandelier and recessed lighting","spacious, cozy and welcoming","oversized sectional sofa, large flat-screen TV, floor lamp, stone fireplace","living room with open concept to dining area","This living room is designed in a modern style, featuring a warm color palette of beige, brown and white. The space is furnished with natural materials such as wood and linen, complemented by brass accents that add a touch of elegance. The lighting scheme includes both ambient and task lighting, providing ample illumination while maintaining a cozy atmosphere. Key elements in the room include an oversized sectional sofa for comfortable seating, a large flat-screen TV for entertainment, a floor lamp for reading or ambiance, and a stone fireplace that adds warmth to the space. The layout is open concept, connecting the living area with the dining area, encouraging interaction between family members and guests."
"mediterranean_98.jpg","Modern Minimalist","white, beige, light wood","oak wood, linen, concrete","natural soft light from large windows and overhead fixtures","calm and airy","king size bed, wooden nightstand, white lampshade, blue throw blanket","open space with central seating area, centered around large bed","This room features a king-sized bed at the center of an open floor plan. The design is minimalistic, with a color palette of white and light wood tones, complemented by oak wood accents. Natural light floods in through the windows and overhead fixtures, creating a calm and airy atmosphere."
"mediterranean_980.jpg","Craftsman","green, beige, rust, gray","wood, stone, metal, glass","Natural sunlight streaming through the arched windows and doorway","Warm, welcoming and rustic","plant box, door with greenery overhang, potted plant, colorful tile steps","Centered around the archway entrance to a patio","This Craftsman style home features natural materials and an emphasis on handcrafted elements, creating a warm, inviting space."
"mediterranean_981.jpg","Modern Minimalist","white, beige, light wood","oak wood, linen, concrete, steel","natural soft light from large windows","calm and airy","sofa, coffee table, plant, floor lamp, couch, chair","open space with central seating area","This modern minimalist living room features a neutral color palette, hardwood floors and walls, concrete accents, and large windows allowing natural light to fill the space. The furniture includes a sofa, coffee table, floor lamp, couch, and chair arranged around a central seating area."
"mediterranean_983.jpg","Modern","white, black, gray","wood, metal, glass","bright and natural light from windows","modern and sleek","bar stools, island with sink, potted plants, hanging pendant lights","open kitchen area with island in center","Modern kitchen featuring clean lines, black accents, and natural light from large windows."
"mediterranean_985.jpg","Modern Minimalist","gray, white, wood","oak wood, stainless steel, brass","soft and ambient from recessed lighting","serene and clean","modern cabinetry, glass vases, textured gray rug","L-shaped kitchen with island in center, dining room adjacent with open layout","Modern minimalist design creates a serene atmosphere with clean lines and neutral tones."
"mediterranean_986.jpg","Mexican Hacienda","white, beige, terracotta","stucco, tile roofing, wooden beams","Natural light with shade from outdoor furniture and plants","Casual and relaxed, inviting social interaction","large patio door, black metal handrails, potted cacti, wooden trellis","Open concept with living area flowing into outdoor space","This Mexican Hacienda-style home is built to blend indoor and outdoor living spaces. The open layout enhances social interaction, while the stucco walls and terracotta roof tiles create a warm and inviting atmosphere."
