"filename","style","color_palette","materials","lighting","mood","objects","layout","summary"
"scandinavian_0.jpg","Modern","white, gray, navy","oak wood, steel, linen","ambient with under-cabinet lighting and a large window for natural light","modern and sleek, with a touch of warmth from the wood accents","sofa, coffee table, plant, floor lamp","open concept layout with an island in the center","This modern kitchen design features oak cabinetry, steel appliances, and a mix of grays and whites for a sleek yet warm atmosphere."
"scandinavian_1.jpg","Scandinavian","white, beige, light wood","wood, fabric, glass","natural soft light from large windows","calm and cozy","table, chairs, couch, vase, potted plant, bookshelf","open space with central seating area","This is a Scandinavian-style kitchen and dining room combination. The design features white walls, beige cabinets, and light wood floors to create a warm and inviting atmosphere. Natural light from the large windows contributes to the cozy ambiance. The space includes a wooden table surrounded by chairs for dining, as well as a comfortable couch for relaxation in front of a bookshelf. A vase with flowers adds a touch of life to the room."
"scandinavian_10.jpg","Scandinavian","light wood, white, dark blue","cedar siding, wooden ceiling beams, glazing","natural soft light from large windows","warm and cozy","sofa, coffee table, plant, floor lamp, bookshelf, throw blanket, dining table","open space with central seating area, flanked by dining area and bedrooms on sides.","A Scandinavian-style cabin with a light wood palette, featuring wooden siding, wooden ceiling beams, and large windows allowing natural light to fill the space. The interior is warm and cozy, with a comfortable sofa for seating, a coffee table for drinks and snacks, a plant adding life, a floor lamp for ambient lighting, and a bookshelf full of books. Adjacent to the living area is a dining space with a table and chairs for meals, surrounded by windows that offer views of the forest beyond. The bedrooms on either side of the cabin provide privacy while maintaining the open feeling of the main space."
"scandinavian_101.jpg","Modern Minimalist","beige, light wood, gray","wood, linen, leather","natural light from large windows, complemented by ambient and accent lighting","calm and serene","queen-size bed, nightstand with lamp, artwork on wall, floor rug","open space with central seating area created by two beds positioned back to back","This modern, minimalist hotel room features a warm beige color palette, with natural lighting creating a serene atmosphere."
"scandinavian_102.jpg","Modern Minimalist","white, gray, wood","wood, metal, leather, marble","recessed lighting with ambient and task lighting","clean, sleek, and contemporary","island, bar stools, potted plant, modern pendant lights","open concept layout featuring large kitchen island as focal point","This modern kitchen design combines minimalism with functionality, offering ample space for cooking and socializing, while maintaining a contemporary look."
"scandinavian_103.jpg","Scandinavian","white, beige, light wood","wood, linen, wicker, brass","natural soft light from large windows and floor lamp","calm and airy","sofa, coffee table, plant, floor lamp, bed, nightstands, rug","open space with central seating area around a large window and bed at the end of the room","A bright and clean Scandinavian-style bedroom with natural wood tones, linen textures, wicker accents, and a minimalist design."
"scandinavian_104.jpg","Modern Farmhouse","white, gold, wood","wood, marble, metal","natural light from large windows and recessed lights","warm and inviting","center island, hanging pendant lights, kitchen island flowers, vintage-style sink","open concept with kitchen open to living room and dining area","This modern farmhouse kitchen exudes warmth and a welcoming ambiance, featuring an open layout that connects it to the adjacent living and dining spaces. The design is anchored by a white and gold color scheme, with natural wood accents providing a touch of rustic charm. A large center island serves as both a practical workspace and a stylish focal point, while hanging pendant lights add a pop of shine. The space is filled with thoughtful details like vintage-style fixtures that add character."
"scandinavian_105.jpg","Modern","white, black, gray","concrete, wood, metal","recessed lighting with adjustable track lights on ceiling","clean and contemporary","stainless steel kitchen appliances, white countertops, gray cabinetry, modern pendant light","kitchen layout features a central island with sink, open shelving on one wall and a refrigerator opposite. The space has a bright and airy feel.","This modern kitchen design is characterized by minimalistic aesthetics with clean lines and a palette of black, white, and gray. Highlights include stainless steel appliances, concrete countertops, a central island, and recessed lighting that provides adjustable track lighting on the ceiling."
"scandinavian_106.jpg","Modern","white, wood, black","tile, wood, metal","natural light from large windows and recessed lights in ceiling","clean and bright with a touch of rustic warmth","shower curtain, toilet, sink, vanity mirror","efficient small bathroom layout with separate shower and toilet area, wood cabinet for storage","This is a modern bathroom design with clean lines, a blend of tile and wood materials, and an efficient use of space."
"scandinavian_107.jpg","Modern Minimalist","beige, white, light wood","wood, linen, cork","soft natural light from large windows","calm and airy","baskets, toiletries, potted plant","modular storage shelves along wall in bathroom","The bathroom features a Modern Minimalist design with a beige color palette, wood finishes, linen textiles and cork accents. Natural light from large windows creates a calm and airy atmosphere. The storage shelves hold baskets filled with toiletries and a potted plant adds a touch of greenery."
"scandinavian_108.jpg","Scandinavian","white, beige, light wood","oak wood, linen, concrete","natural soft light from large windows","calm and airy","dining table, wooden shelves, plant on the countertop, kitchen island","open space with kitchen island in the center, white tiled walls, and a view of the outdoors.","A bright Scandinavian-style kitchen with clean lines, natural materials, and an open floor plan that leads to the backyard."
"scandinavian_109.jpg","Scandinavian","white, black, blue","wood, tile, metal","natural light from windows with blackout blinds for control.","calm and spacious with a touch of coziness.","dining table, chairs, shelving unit, cooktop, sink","kitchen adjacent to living area, creating an open concept space.","This modern kitchen combines Scandinavian design principles with a touch of sleek industrial flair. The color palette is simple yet elegant, featuring white and black tones with accents in blue. Wood and metal materials add warmth to the space, while the use of large windows lets in natural light that can be controlled by blackout blinds."
"scandinavian_112.jpg","Modern Minimalist","white, beige, light wood","wood, marble","ambient lighting with warm tones","calm and relaxed","sink, mirror, cabinet, soap dispenser, towel rack, plant","linear design with a focus on functionality and clean lines","A modern bathroom with minimalist design elements, featuring a wood vanity set against a backdrop of beige tiles and warm lighting."
"scandinavian_113.jpg","Minimalist","gray, white, black","tile, wood, steel","Natural soft light from wall-mounted LED lights","Calm and serene","toilets, mirror, sink","Compact space with efficient use of corner locations for fixtures.","Bathroom features a minimalist design with monochromatic color scheme, clean lines and modern fixtures."
"scandinavian_115.jpg","Scandinavian","white, beige, light wood","wood, linen, metal","natural soft light from large windows","calm and airy","bed, nightstand, mirror, woven artwork, coffee table, floor lamp","open space with central seating area","This room is a modern, minimalist Scandinavian-style bedroom. The color palette includes white, beige, and light wood, creating a calm and airy atmosphere. Materials used include wood for the furniture, linen for bedding, and metal for fixtures such as lamps and the coffee table. Natural soft light from the large windows illuminates the room, contributing to its open layout with a central seating area."
"scandinavian_117.jpg","Modern Minimalist","white, light wood, copper","oak wood, marble, stainless steel","Natural light from large windows and recessed ceiling lights.","Calm and clean.","center island with stools, hanging pendant lights, large marble countertops, stainless steel appliances","Open space with central seating area around center island.","A modern minimalist kitchen featuring light wood and copper accents, oak cabinets, stainless steel appliances, marble countertops, pendant lights, and a large island with bar stools."
"scandinavian_118.jpg","Scandinavian","white, beige, light wood","wood, fabric, plastic","natural soft light from large windows","warm and cozy","bed, bookshelf, chair, plant","small bedroom with compact layout, focusing on functionality and comfort","The room has a simple Scandinavian design featuring light wood tones, natural light from the windows, and a cozy atmosphere with a small bed, bookshelf, chair, and plant."
"scandinavian_119.jpg","Modern Minimalist","white, gray, green","wood, fabric, metal","natural soft light from large windows","calm and airy","sofa, coffee table, plant, floor lamp, artwork","open space with central seating area","A modern living room with a minimalist design featuring white, gray, and green accent colors. The space is illuminated by natural light from large windows, creating a calm and airy atmosphere."
"scandinavian_12.jpg","Scandinavian","grayscale, natural greens, wood tones","whitewashed wood paneling, wool textiles, stone","Natural soft light from large windows, accentuated by white shades on pendant lights and string lights hanging in the ceiling.","Calm and airy, with a touch of rustic coziness.","sofa, coffee table, area rug, wicker basket, potted plant","Open space with a central seating area, flanked by two pendant lights above the sofa and a string light on one side of the room.","A Scandinavian-style living room with natural materials and soft textures, inviting a sense of tranquility."
"scandinavian_121.jpg","Modern Minimalist","white, beige, light wood","wood veneer, marble, stainless steel","soft, natural light from large windows","bright and airy","kitchen island with built-in seating, modern farmhouse sink, decorative wall hanging, herbs in a white pot on the window sill, wooden cutting board hanging on the wall","open concept design with a central kitchen island as the focal point","This modern, minimalist kitchen features an open layout, wood veneer cabinetry, marble countertops, and a variety of natural light sources from large windows. The color palette is soft and neutral, creating a bright and airy atmosphere."
"scandinavian_122.jpg","Scandinavian","white, beige, light wood","oak wood, linen, concrete","natural soft light from large windows","calm and airy","sofa, coffee table, plant, floor lamp, area rug","open space with central seating area","This Scandinavian-style living room features a warm and airy atmosphere, with natural light streaming in from large windows. The space is defined by a central seating area consisting of a sofa, coffee table, and floor lamp, all arranged around a cozy area rug. Additional decor elements include plants and wooden furniture pieces."
"scandinavian_123.jpg","Modern Minimalist","dark brown, white, brass","black metal, marble, wood","natural soft light from large windows and recessed ceiling lights","calm and elegant","kitchen island with bar stools, modern pendant lights, high-rise apartment view","open space with central kitchen island and surrounding seating","This modern minimalist kitchen features black metal cabinetry, marble countertops, and a high-end open layout that maximizes natural light."
"scandinavian_124.jpg","Minimalist","white, gray","leather, metal, wood","natural light from large windows and ceiling recessed lights","calm and modern","sofa, armchair, coffee table, plant, lamp","open space with central seating area, separated by a fireplace and large windows","Modern living room with minimalist design, featuring white and gray color palette, leather and metal materials, natural lighting, and a cozy ambiance centered around the fireplace."
"scandinavian_125.jpg","Modern Minimalist","white, black, gray","metal, wood, stone","recessed ceiling lights and pendant lights","clean, sleek, and uncluttered","bar stools, counters, vase with flowers","open-concept kitchen and dining area with island","A modern kitchen with clean lines, a neutral color palette, stainless steel appliances, and an open layout that connects to the dining area."
"scandinavian_126.jpg","Modern Minimalist","grey, white, wood accents","oak wood, linen, acrylic","natural soft light from large windows","calm and airy","sofa, coffee table, plant, floor lamp","open space with central seating area","This room showcases a modern minimalist design, utilizing a neutral color palette with wood accents for warmth. The open layout provides a sense of spaciousness and tranquility."
"scandinavian_127.jpg","Modern Minimalist","white, navy blue, wood tones","oak wood, marble, metal, leather","natural soft light from a large window above the sink and vanity area","calm and sophisticated","freestanding sink with modern faucet, rectangular mirror, small plant, wooden toothbrush holder","efficient use of space, with vanity area placed under a large window","This modern bathroom features clean lines and a simple color palette, with wood tones providing warmth. The vanity area is well-lit from the natural light above, contributing to a serene and sophisticated atmosphere."
"scandinavian_13.jpg","Modern","blue, white, yellow","wood, porcelain, metal","natural light from windows and ceiling lights","bright and cheerful","modern sink, colorful wallpaper, simple white cabinet","narrow space with two sinks side by side on a long countertop","This modern bathroom features a colorful geometric wallpaper, providing a cheerful backdrop for the simple white cabinets. The narrow space is efficiently utilized, with two sinks placed side by side along the long countertop."
"scandinavian_130.jpg","Scandinavian","white, beige, natural wood","oak wood, linen, glass","bright and natural light coming from large windows","calm and serene","bed, nightstand, plant, floor lamp","open space with a bed in the center of the room, framed by large windows on two sides","This is a modern Scandinavian-style room featuring natural wood accents and a minimalist design that emphasizes lightness and simplicity."
"scandinavian_131.jpg","Modern","black, white, light wood","stainless steel, wood, leather, glass","recessed lighting with task lamps on the countertop","clean, bright and functional","kitchen island, bar stools, sink, oven","kitchen with open shelving for display of cookware","This modern kitchen combines clean lines, a neutral color palette, and high-quality materials to create a bright, functional space."
"scandinavian_132.jpg","Scandinavian","beige, green accent","wood, glass","natural soft light from large windows","calm and airy","table, chairs, plant","open space with central seating area","This interior design features a Scandinavian style, with a color palette of beige and green accents. The space is filled with natural light from large windows, creating a calm and airy atmosphere. Materials include wood for the walls and glass for the windows, which complement each other nicely. The layout consists of an open space with a central seating area consisting of a table and chairs, ideal for casual gatherings or family dinners."
"scandinavian_134.jpg","Scandinavian","white, beige, wood, green","oak wood, linen, concrete, steel","natural soft light from large windows and a hanging pendant light","calm and airy","sofa, coffee table, plant, floor lamp, chair","open space with central seating area around the coffee table, flanked by chairs on either side","The living room is a modern Scandinavian design featuring light oak wood flooring and furniture, white walls and linens, concrete accent pieces, steel pendant lights, green plants, and natural sunlight streaming in through the windows."
"scandinavian_135.jpg","Modern Minimalist","black, white, wood","wood, glass, fabric","modern and bright with LED lighting","inviting and festive","bookshelf, gifts, pillow, plant, garland","open shelving with decorative items on top","The space is a modern, minimalist interior with a focus on simplicity and functionality. The color palette consists of black, white, and wood accents, creating a clean and refreshing environment. Natural materials like wood are complemented by glass and fabric elements to add warmth and texture. LED lighting illuminates the space brightly, contributing to an inviting atmosphere. This area features open shelving where decorative items like gifts, pillows, garland, and a plant are displayed on top."
"scandinavian_136.jpg","Scandinavian","white, gray, wood","wood, fabric, glass","natural soft light from large windows","calm and airy","bed, nightstand, curtains, framed artwork","open space with central seating area","A modern Scandinavian bedroom featuring a large bed with minimalist design elements, complemented by natural light and clean lines."
"scandinavian_137.jpg","Scandinavian","white, blue, brown","wood, fabric, glass","bright and natural light from the windows","calm and serene","bed, chair, shelves, plant","open space with a central bedroom area, surrounded by built-in shelving","A bright and airy Scandinavian bedroom featuring white walls, blue bedding, wooden furniture, natural light from the windows, and a cozy seating area."
"scandinavian_138.jpg","Modern Minimalist","white, black, silver","wood, glass, metal","natural soft light from large windows","bright and energetic","sofa, coffee table, plant, floor lamp","open space with central seating area",""
"scandinavian_140.jpg","Modern","white, gray","brick wall, wood floor, metal frame","well-lit with natural light from large windows","modern and airy","sofa, coffee table, plant, floor lamp","open floor plan with kitchen in back of living room","The interior design is modern, with a clean color palette of white and gray, natural lighting from the large windows, and an open layout that connects the living area to the kitchen."
"scandinavian_141.jpg","Modern","black, white, wood","wood, glass, marble","Natural light from large mirror and windows, supplemented by recessed ceiling lights.","Minimalist with a touch of luxury.","mirror, sinks, cabinet, soap dispenser, potted plant","Two sinks flanking a vanity area, with a mirror above and a doorway leading to another room in the background.","This modern bathroom features a sleek design with marble countertops, large mirrors, and recessed lighting. The minimalist color scheme is punctuated by natural wood accents and black fixtures."
"scandinavian_142.jpg","Modern Minimalist","white, light wood, black accents","concrete, stainless steel, oak wood","natural soft light from large windows","calm and serene","bathtub, shower head, towel rack, small tree","linear layout with tub as focal point","This modern bathroom features a large bathtub, concrete floor and walls, stainless steel fixtures, and minimalist decor. The design is serene and calming."
"scandinavian_143.jpg","Modern Minimalist","white, black, gray","stainless steel, marble, wood","well-lit with recessed lighting and under-cabinet lights.","calm and inviting, clean and contemporary.","stainless steel refrigerator-freezer combo, black countertops, white cabinetry, silver stove","open kitchen layout with island in center for added seating and food preparation space.","This modern, minimalist kitchen features clean lines, a neutral color palette, and stainless steel appliances."
"scandinavian_144.jpg","Modern Minimalist","white, beige, light wood","wood, glass, stone","natural soft light from large windows and recessed ceiling lights","calm and airy","double vanity with mirrors, freestanding bathtub, walk-in shower, large plant","open space with central sink area, surrounded by windows for natural light","This bathroom features a clean and modern design with neutral tones and natural materials. The large window fills the room with light, creating an open feel. The freestanding bathtub adds a touch of luxury to space."
"scandinavian_147.jpg","Scandinavian","white, light blue, peach","wood, linen, marble","natural soft light from large windows","calm and airy","hanging swing, round mirror, plant, books","open space with central seating area","This Scandinavian-style room features a light blue wall, a hanging swing from the ceiling, a round mirror on the wall, and soft lighting that creates an airy atmosphere. The wooden bench sits underneath the swing with linen cushions for comfort. Marble elements are used in the decor to add elegance."
"scandinavian_148.jpg","Scandinavian","white, light wood, beige","oak wood, linen, woven textile","natural soft light from large windows and a skylight","calm and airy","sofa, coffee table, floor lamp, plant","open space with central seating area and an open doorway into another room","A modern Scandinavian style living room with a warm, welcoming atmosphere featuring light oak wood accents, linen upholstery, woven textiles, and natural lighting."
"scandinavian_149.jpg","Scandinavian","white, light wood, natural green","wood, glass, metal","Natural soft light from large windows and pendant lights.","Warm and cozy, with a touch of minimalism.","dining table, kitchen island, kitchen cabinets, wooden chairs","Open space with central seating area, including kitchen island that doubles as a dining table.","This modern kitchen and dining room combines natural materials like wood and glass with minimalistic design, creating an inviting and warm atmosphere."
"scandinavian_151.jpg","Modern","white, light wood","oak wood, cork","recessed lighting and natural window light","clean and serene","sink vanity, wooden countertops, framed mirror, storage cabinet","narrow hallway with one wall serving as bathroom space","A modern bathroom design with a minimalist approach, featuring wooden cabinets and countertops for a natural look."
"scandinavian_152.jpg","Modern Minimalist","white, navy blue, gray","concrete, wood veneer paneling, brass","natural soft light from large windows with blackout shades","calm and airy","daybed with built-in bookshelves, modern armchair, abstract painting, minimalist coffee table","open space with central seating area around daybed, flanked by storage and nightstands","A modern minimalist bedroom featuring a concrete floor, built-in bookshelves on the daybed, and soft lighting from large windows."
"scandinavian_153.jpg","Scandinavian","white, light wood","wood, linen, rattan","natural soft light from large windows, pendant lights over dining table","calm and airy","sofa, coffee table, plants, chairs, floor lamp","open space with central seating area, dining table to one side","This is a modern Scandinavian living and dining room with natural lighting, simple lines and organic materials."
"scandinavian_154.jpg","Scandinavian","white, beige, gray","wood, linen, glass","natural soft light from large windows and ceiling light fixtures","calm and airy","sofa, coffee table, vase, plant, floor lamp","open space with central seating area","The living room features a Scandinavian design with a white color palette, natural materials such as wood and linen, soft lighting from large windows and ceiling fixtures, and a calming atmosphere with a central seating arrangement."
"scandinavian_155.jpg","Modern","white, black, wood","steel, glass, stone","ambient and natural light from windows","clean and bright","kitchen island, hanging pendant lights, stainless steel appliances, wooden cabinetry, high back chairs","open concept with kitchen, dining and living spaces connected","This modern kitchen combines a clean design with natural light from large windows to create a bright, spacious space that feels open and inviting."
"scandinavian_156.jpg","Modern Minimalist","white, beige, light wood","wood, marble, glass","natural soft light from large windows","calm and airy","bathroom sink, cabinets, plants, large mirror","open space with central vanity area","This modern bathroom features a minimalist design with wood, glass, and marble materials. The color palette is light to create an airy feel. There's a large sink with plenty of counter space and cabinets for storage. Plants are placed throughout the room for a touch of greenery. A large mirror spans across one wall, providing ample reflection. The layout is open and inviting, with a central focus on the vanity area."
"scandinavian_158.jpg","Scandinavian","white, beige, natural wood","stainless steel appliances, wood veneer cabinetry, solid surface countertops, porcelain tiles","The space is well lit with natural light streaming in from the large windows.","The overall atmosphere of the kitchen feels bright, open and airy, contributing to a sense of spaciousness.","center island, dining table, stainless steel refrigerator and oven, chairs","A galley-style layout with an L-shaped countertop and center island that provides additional space for food preparation or seating.","This Scandinavian-inspired kitchen features a mix of natural wood, stainless steel appliances, and white cabinetry to create a modern yet warm space."
"scandinavian_159.jpg","Modern Minimalist","white, light wood","stainless steel, wood","recessed lighting providing bright and even illumination","clean and modern with a touch of coziness","modern stove top oven, white ceramic bowls, stainless steel knife set","an L-shaped counter providing ample workspace","This modern kitchen with a minimalist design features light wood and stainless steel accents, creating a bright and clean space that is both functional and comfortable."
"scandinavian_16.jpg","Modern Minimalist","white, black, brass","stainless steel, wood, marble","natural soft light from large windows and recessed lights","bright and airy with a touch of sophistication","bar stools, dining table, kitchen island, potted plant","open space with a central seating area, separate kitchen and dining zones","This modern kitchen features sleek design elements and an open floor plan that creates a bright and inviting atmosphere. The neutral color palette is complemented by brass accents, while the stainless steel appliances add a touch of sophistication. The kitchen island provides additional workspace and storage."
"scandinavian_160.jpg","Scandinavian","white, beige, wood","wood, porcelain, silk","ambient and natural light with a focus on the mirror","serene and calm","bathroom vanity, sink, toiletries, potted plant","a small, narrow space with an L-shaped counter","A compact bathroom design with a focus on clean lines and natural materials."
"scandinavian_161.jpg","Modern Minimalist","white, grey, wood","oak wood, linen, leather","natural soft light from large windows","calm and airy","sofa, coffee table, floor lamp, plant, books","open space with central seating area","This is a modern, minimalist living room featuring an open floor plan, with natural light streaming in through large windows. The color palette includes neutral tones of white and grey accented by wood elements. Materials used include oak wood, linen, and leather for furniture. The mood of the space is calm and airy, and the arrangement includes a central seating area with a sofa and coffee table, complemented by floor lamps and books."
"scandinavian_162.jpg","Modern Minimalist","white, black, natural wood","oak wood, metal handles on furniture, glass shelving","well-lit space with natural light from windows and overhead fixture","calm and airy","sofa, coffee table, shelf unit, floor lamp, vase","long, narrow hallway leading to an open living space with a seating area at the end.","This modern minimalist interior features a clean and uncluttered design with a monochromatic color palette of black, white, and natural wood. The space is well-lit with natural light from overhead fixtures and windows. Materials include oak wood for the floors and furniture handles, metal for the shelving unit, and glass for the shelf unit in the hallway."
"scandinavian_163.jpg","Modern Minimalist","white, grey, dark wood","oak wood, glass, stainless steel","natural soft light from large windows and under-cabinet lights","bright and energetic","kitchen island with bar stools, oven/stove combo, large vase with flowers, black and white striped rug","modern galley kitchen layout with central workspace","This modern galley kitchen features a minimalist design with a focus on natural light, contrasting colors, and sleek materials."
"scandinavian_164.jpg","Modern Minimalist","gray, black, white","steel, leather, concrete","soft, natural light from large windows and pendant lights","modern and inviting","dining table with chairs, bar stools at island, floor lamp, plant","open concept layout with bar and dining area combined into one space","This modern minimalist kitchen and dining room combines both functional spaces into a cohesive, inviting area. Grays and blacks dominate the color palette, while steel, leather, and concrete materials provide a sleek, contemporary feel."
"scandinavian_165.jpg","Scandinavian","white, blue, wood accents","wood paneling on walls, linen drapes, natural stone floor","natural soft light from large windows","cozy and inviting","white canopy bed with wooden frame, white nightstands, yellow striped pillows, wooden rocking chair, floral wall hanging","spacious room with a central seating area and cozy corners","This Scandinavian-style bedroom features a white canopy bed with a wooden frame, natural wood accents throughout the space, soft linen drapes, a large window for plenty of natural light, and a rocking chair for relaxation."
"scandinavian_166.jpg","Modern Minimalist","white, black, gray","metal, leather, wood","ambient and natural light from floor-to-ceiling windows","modern, clean, and serene","black leather sofa, black leather chair, gray metal coffee table, white rug, floor lamp","open floor plan with no walls separating living spaces","This modern minimalist living space features a monochromatic color palette, sleek materials, and ample natural light that creates a clean, serene atmosphere."
"scandinavian_168.jpg","Modern","white, gray, wood","wood, linen, cashmere","ambient and natural light from large windows, with additional task lighting provided by floor lamps.","cozy and warm","gray sofa with cushions, wicker coffee table, floor lamp, plant in a pot, artwork on wall","open concept living space with kitchen and dining area visible.","This modern, cozy living room features a bright color palette and natural materials like wood and linen. The open layout allows for easy interaction between the spaces in this home."
"scandinavian_169.jpg","Scandinavian","white, blue, wood","oak wood, fabric, glass","Natural soft light from large windows","Calm and airy","sofa, coffee table, plant, wooden bench, floor lamp","Open space with central seating area flanked by side tables","A bright, airy living room featuring a Scandinavian design with natural materials and textures."
"scandinavian_17.jpg","Scandinavian","white, gray, wood","wood, linen, metal, fabric","bright and natural sunlight entering through large windows and sliding glass doors","calm and airy","bed, nightstands, floor lamp, sofa, area rug, framed artwork","open space with central bedroom area adjacent to living room/balcony","This is a well-lit Scandinavian-style bedroom featuring light wood furniture and linen accents, providing a calm and airy atmosphere."
"scandinavian_170.jpg","Modern","blue, white, metallic","tile, glass, brass","bright and even light from recessed ceiling fixtures","clean and contemporary","shower head, handheld showerhead, bathmat, tiled wall","small space with all necessary bathroom items efficiently arranged","This is a modern-style bathroom with a primarily blue color scheme. The walls are tiled in a metallic hue, and the fixtures feature brass accents that give it a sleek look. The space is compact but well-organized, featuring a shower, handheld showerhead, bathmat, and wall-mounted sink."
"scandinavian_171.jpg","Modern Minimalist","gray, white, wood","oak wood, linen, leather","natural soft light from large windows","calm and airy","sofa, coffee table, plant, floor lamp, armchair","open space with central seating area around fireplace","This is a modern living room with a minimalist design. The color palette consists of gray, white, and wood tones, creating a clean and airy feel. The space features wooden shelves and oak paneling, along with linen upholstery and leather accents. Natural light fills the room through large windows, contributing to the calm atmosphere. The furniture includes a sofa, armchair, coffee table, plant, and floor lamp. The layout is open and centered around the fireplace, creating a warm and inviting space."
"scandinavian_172.jpg","Modern Minimalist","white, black, grey","glass, metal, wood","natural soft light from large windows","calm and airy","dining table, chairs, kitchen island, floor lamp","open space with central seating area around the table","This modern minimalist kitchen features a simple design with clean lines, contrasting colors, and natural light. The layout is open with a large center island and ample seating at the dining table."
"scandinavian_173.jpg","Scandinavian","white, gray, black","glass, wood, concrete","natural soft light from large windows and recessed lighting","calm and airy","bathtub, walk-in shower with glass door, white countertops, bathroom sink","linear layout with vanity at center, tub to one side, and walk-in shower on the other","This bathroom is designed in a Scandinavian style, featuring clean lines, neutral colors, and natural materials. The space has a large bathtub with a glass door for the shower area, providing an open feel. A long countertop sits between two areas of the room, functioning as both storage and vanity space. Overall, the bathroom is designed to be spacious and airy, with plenty of natural light."
"scandinavian_175.jpg","Modern","white, wood brown, black","wood, glass, fabric","Recessed lighting and desk lamp","Clean, contemporary and well-organized","desk lamp, framed picture, books, pen holder","Clutter free workspace with organized items on top of the desk","This is a modern office space featuring a clean, contemporary design with wood accents and minimal clutter."
"scandinavian_176.jpg","Modern Minimalist","gray, white, black","wood, metal, fabric","soft and ambient lighting from recessed lights and floor lamps","modern and clean","sofa, coffee table, chairs, side tables, area rug","open space with a central seating area surrounded by dark walls","This living room exhibits modern minimalist design, featuring dark wood and metallic accents, soft lighting, and gray color scheme."
"scandinavian_178.jpg","Scandinavian","white, light wood, green","oak wood, linen, concrete","natural soft light from large windows and a pendant light above the table","calm and airy","kitchen island, dining table with chairs, pendant light, plants, vases","open space with central seating area featuring a kitchen island with bar stools","This Scandinavian-style kitchen and dining area features a warm, airy atmosphere with natural materials like wood and concrete. The lighting is soft, enhancing the calm mood of the space. The layout centers around a kitchen island with bar stools for additional seating."
"scandinavian_179.jpg","Modern Minimalist","white, beige, light wood","oak wood, linen, concrete","natural soft light from large windows","calm and airy","sofa, coffee table, plant, floor lamp","open space with central seating area",""
"scandinavian_180.jpg","Modern Minimalist","white, beige, gray","fabric, wood, metal","balanced natural and artificial light from ceiling lights","modern and relaxed","bed, seating area, side table with shelves, floor lamp","space arranged for functionality with room to move around","The bedroom design incorporates a minimalist aesthetic, featuring a large bed as the focal point with simple and clean lines. The neutral color palette creates a calm atmosphere, complemented by natural lighting that enhances the modern feel of the space."
"scandinavian_181.jpg","Scandinavian","white, light wood, beige","wood, plastic, fabric","bright with natural light from windows","clean and organized","chair, desk, shelves, lamp","open space with desk under window","A minimalist home office with a modern Scandinavian design, featuring light wood tones, a white color palette, and simple furniture made of wood and plastic."
"scandinavian_182.jpg","Modern","beige, brown, light green","wood, linen, metal","natural soft light from large windows","bright and energetic","sofa, coffee table, plant, floor lamp","open space with central seating area around a dining table","This modern living room features a neutral color palette, natural light from large windows, and is furnished with a comfortable sofa, a coffee table, and a floor lamp."
"scandinavian_184.jpg","Modern Minimalist","neutral tones, wood accents","wood flooring, metal fixtures, stone fireplace","natural light from large windows, supplemented by hanging pendant lights","calm and serene","sectional sofa, modern coffee table, statement light fixture, plant, abstract art","open-concept living space with clear sightlines between kitchen, dining, and living areas","This modern minimalist home features a neutral color palette with wood accents throughout the space. The living room area boasts hardwood flooring and a statement light fixture, leading to an open kitchen and dining area. The stone fireplace adds warmth to the space, while the large windows allow for ample natural light."
"scandinavian_186.jpg","Modern Minimalist","white, light wood","wood, metal, glass","natural light from large windows","clean and airy","refrigerator, oven, kitchen island, shelves, pots and pans","open space with central kitchen island","This modern minimalist kitchen features a light wood color palette, natural wood cabinetry, and metallic appliances. The design is open and airy, with large windows letting in plenty of natural light. The layout includes an efficient L-shaped counter and central island for food preparation."
"scandinavian_187.jpg","Modern Minimalist","light wood, white, black","steel appliances, wood cabinetry, marble countertop","natural soft light from large windows and recessed LED strip lights","bright and energetic","stainless steel stove top oven, steel fridge, wood island with marble top, modern pendant lights","open space with central seating area between counters","This modern minimalist kitchen has a bright and energetic vibe with its light wood tones, steel appliances, and recessed LED strip lighting. The open layout features a central island with marble top for preparation, and a large window allows natural soft light to fill the space."
"scandinavian_19.jpg","Modern Minimalist","light grey, white, wood accents","marble countertops, white cabinetry, brushed nickel fixtures","ambient lighting with under-cabinet LED strips","clean and serene","kitchen island, range hood, backsplash, metal bar stools","U-shaped layout centered around the kitchen island","This modern kitchen features a minimalist design with light gray cabinets, white countertops, and wood accents. The space is lit by ambient LED strip lights under the cabinetry and has an efficient U-shaped layout centered around the island."
"scandinavian_190.jpg","Industrial Loft","white, dark wood","wood, steel","bright and natural light from large windows","warm and inviting","bar cart, stools, plant, reclaimed wood wall","open space with counter in the center","This kitchen features a rustic and modern design, with warm lighting that creates an inviting atmosphere."
"scandinavian_191.jpg","Modern","black, white, natural wood","stainless steel, wood, glass","overhead LED lights and under-cabinet strip lighting","modern, sleek, clean","kitchen island with built-in seating, modern pendant lights, stainless steel refrigerator","kitchen is L-shaped with island in center, open to dining area","The kitchen features a modern design with clean lines and minimalist color palette. The materials used include black cabinetry, stainless steel appliances, and natural wood accents. Overhead LED lights provide bright illumination, while under-cabinet strip lighting adds warmth to the space."
"scandinavian_192.jpg","Modern","white, light wood","wood, metal, marble","recessed lighting with soft glow","bright and inviting","coffee maker, spice rack, potted plant, kitchen utensils","small galley kitchen with island","A modern, compact kitchen featuring a mix of natural materials and soft lighting that creates a bright, welcoming space."
"scandinavian_193.jpg","Modern Minimalist","white, natural wood tones, black, metallic accents","oak veneer cabinetry, quartz countertops, stainless steel appliances, marble backsplash","bright and airy with pendant lighting over island","clean, bright, and inviting","island with bar stools, double oven range, built-in refrigerator, large potted plant","open concept kitchen with dining area in adjacent space","This modern kitchen combines minimalistic design elements with a warm and inviting color scheme, creating an open and spacious feel that's ideal for cooking and entertaining."
"scandinavian_194.jpg","Modern Minimalist","beige, white, wood","concrete, wood, linen","soft and natural light from ceiling-mounted circular lights","clean, contemporary, spacious","dining table, bar stools, vase, potted plant","open space with a central island bar seating area","This modern minimalist dining room features a clean and contemporary design with a beige color palette. The circular ceiling lights provide soft, natural light that complements the concrete floor and wood-framed windows. The wooden table and chairs are surrounded by stylish bar stools and accented by plants and decorative vases."
"scandinavian_195.jpg","Scandinavian","light grey, white, wood","wood, ceramic tiles, stainless steel","bright and even light from recessed lights","clean, modern, and spacious","large island with built-in cooktop, sleek stainless steel appliances, wooden cutting board on counter, wooden knife block, basket of fresh produce","open space with kitchen island serving as focal point","A modern, minimalist kitchen with a focus on clean lines and natural materials."
"scandinavian_198.jpg","Scandinavian","white, beige, wood accent","oak wood, cotton linens, leather, brass","natural soft light from large windows","calm and cozy","white sofa, wooden coffee table, potted plant, floor lamp","open space with central seating area","This is a tranquil Scandinavian-style nursery room, featuring natural materials and soft colors that create a calm and cozy atmosphere. Large windows fill the space with soft, warm light, while furniture pieces like a white sofa and wooden coffee table provide comfortable seating. A potted plant adds a touch of nature to the room, while a floor lamp provides additional lighting for late-night reading sessions. The space layout is open and conducive to social interaction, with a central seating area that encourages conversation among family members."
"scandinavian_199.jpg","Modern Minimalist","white, light wood, dark gray","steel, linen, marble","natural soft light from large windows","calm and airy","sofa, coffee table, plant, floor lamp, framed artwork","open space with central seating area","This living room is a modern take on minimalism, featuring natural materials and soft lighting that creates an open and airy atmosphere."
"scandinavian_20.jpg","Scandinavian","white, light wood, green accent","oak wood, linen, concrete","natural soft light from large windows and skylights","calm and airy","kitchen island with seating, modern pendant lights, large potted plant, white-framed open windows, scandinavian rugs","open space with central kitchen island and seating area, adjacent to outdoor patio","This modern kitchen combines Scandinavian design principles with a focus on natural light and a bright, airy atmosphere."
"scandinavian_200.jpg","Modern Minimalist","light beige, soft pink, deep blue","natural linen, velvet, wood, glass","natural soft light from large windows","calm and airy","white sofa, wood coffee table, plush doll on the sofa, pink tassel curtains, potted plant next to the window","open space with central seating area","This modern minimalist living room exudes a calm and airy atmosphere, featuring a white sofa, wood coffee table, pink tassel curtains, a plush doll on the sofa, and a plant by the window. The natural light pouring in enhances the soft pink and deep blue color palette."
"scandinavian_201.jpg","Modern Minimalist","white, beige, light wood","concrete, steel","natural soft light from large windows and warm ambient lighting","calm and airy","sofa, coffee table, plant, floor lamp","open space with central seating area and a separate living room","This modern minimalist house features clean lines, open floor plans, and neutral color tones for a serene, airy atmosphere. The concrete walls and steel accents provide a contemporary touch, while the large windows allow plenty of natural light to fill the space. The open concept living area is complemented by a separate living room with comfortable seating and a cozy fireplace."
"scandinavian_202.jpg","Modern Minimalist","white, light grey, brass","wood, glass, marble","natural soft light from large windows","calm and airy","double vanity mirrors, wall sconces, soap dispenser, faucet handles","spacious with central vanity and surrounding cabinets","The bathroom has a modern minimalist design, featuring natural materials and a soothing color palette that creates a calm and airy atmosphere. The double vanity mirrors are flanked by wall sconces, providing soft lighting for the space. The wooden cabinetry is complemented by a marble countertop, while brass fixtures add a touch of luxury to the room."
"scandinavian_203.jpg","Modern Industrial","black, white, wood, natural","steel, concrete, wood, fabric","natural soft light from large windows","warm and cozy","wood burning stove, faux wood shelving unit, stainless steel fireplace tools, wooden baskets, wooden logs","modern open floor plan with living space flowing into kitchen and dining area","This modern industrial interior design features a warm and cozy atmosphere with a mix of stainless steel, wood, and natural materials. The large window allows for soft, natural light to fill the room, while the rustic fireplace adds a touch of traditional charm."
"scandinavian_205.jpg","Modern","gray, black, white","wood, metal, glass","overhead lighting with floor lamps and table lamps","modern and minimalistic with a touch of warmth","dining table, chairs, cabinets, bar stools, vases","open concept with kitchen and dining area connected","This is a modern interior design space with sleek lines, neutral color palette, and various materials used in the furniture and decor. The open layout allows for easy movement between spaces."
"scandinavian_206.jpg","Modern","dark grey, white, light wood","wood, glass, stainless steel","Natural soft light from the large window above the sink.","Modern and minimalistic with a touch of rustic charm from the wooden cabinets.","kitchen sink, white range hood, black stove, wooden dish rack","A galley-style kitchen with an efficient layout for cooking and preparation. The large window above the sink lets in natural light, making the space feel airy and spacious.","This modern kitchen combines sleek design elements with warm wooden accents, creating a stylish yet inviting space that is perfect for home cooking."
"scandinavian_209.jpg","Modern Minimalist","black, white, gray","wood, glass, metal","Natural soft light from large windows, with additional warm lighting provided by interior light fixtures.","Calm and airy.","Modern sofa with clean lines, Coffee table made of glass and metal, Large plant in a corner for a touch of nature, Vintage floor lamp providing additional lighting, Minimalist coffee pot on the countertop","Open space with central seating area, surrounded by windows that provide natural light.","This modern minimalist home features a clean, sleek design with a color palette of black, white and gray. The materials used include wood for the flooring and walls, glass for the windows, and metal for various accents and fixtures. The space is lit by natural soft light from large windows, complemented by interior lighting fixtures. A vintage floor lamp adds a touch of warmth to the space. The interior furniture includes a modern sofa with clean lines, a glass and metal coffee table, a corner plant for a connection with nature, and minimalist accents such as a coffee pot on the countertop."
"scandinavian_21.jpg","Scandinavian","white, dark brown, light wood","wood paneling, leather, glass","soft natural light from large windows","cozy and inviting","sofa, armchair, coffee table, plant, floor lamp","open concept with a central seating area and wood floor","This is an image of a modern Scandinavian-style living room featuring light wood paneling, leather furniture, and natural light from large windows."
"scandinavian_212.jpg","Modern Minimalist","gray, white, wood","stone, wood, glass","natural soft light from large windows","calm and airy","sofa, coffee table, floor lamp, plant","open space with central seating area","This modern minimalist living room features a neutral color palette, natural lighting, and clean lines. A stone fireplace serves as the focal point in this open floor plan."
"scandinavian_213.jpg","Modern Minimalist","white, gray, black","stainless steel, marble, oak wood","natural soft light from large windows and under-cabinet lighting","bright and airy","kitchen island, modern cookware, sleek glassware, modern appliances","open space with central kitchen island as focal point, flanked by cabinets and countertops on both sides","A modern minimalist kitchen with a focus on clean lines, neutral colors, and high-quality materials that reflect light and create an inviting atmosphere."
"scandinavian_214.jpg","Modern Minimalist","white, beige, light wood","oak wood, linen, concrete","natural soft light from large windows","calm and airy","bunk bed, wooden headboard, fairy lights, blanket","space with bunk bed and fairy lights above the top bunk","The room's design is minimalistic, featuring a wooden bunk bed under soft lighting with an airy feel to it. The colors are light and natural, creating a cozy atmosphere."
"scandinavian_215.jpg","Modern Minimalist","gray, white, beige","concrete, steel, wood","natural soft light from large windows","calm and airy","bathtub, shower, towel rack, plant, stone wall","open space with central bathroom area","A modern, minimalist bathroom design featuring concrete walls, steel fixtures, and a gray color palette. The space is illuminated by natural light through large windows."
"scandinavian_216.jpg","Scandinavian","white, natural wood, light gray","wood, leather, plants","warm and inviting","calm and relaxed","TV stand, sofa, coffee table, plant, floor lamp, large artwork","open layout with living room in front of kitchen","This Scandinavian-style living room features a clean, modern design with neutral colors and natural materials. The space is well-lit with soft, warm lighting that contributes to the calm and relaxed mood."
"scandinavian_218.jpg","Scandinavian","white, beige, light wood","oak wood, linen, concrete","natural soft light from large windows","calm and airy","coffee table, sofa, plant, floor lamp, picture frame","open space with central seating area","This is a bright, open living room with a Scandinavian style. The color palette consists of white, beige and light wood, creating a warm and airy atmosphere. The room features oak wood flooring, linen textiles and concrete accents that add texture to the space. Large windows allow for natural soft light to enter the room, enhancing the inviting ambiance. The furniture includes a comfortable sofa facing a coffee table, a plant adding a touch of greenery, and a floor lamp providing adjustable lighting. The walls are decorated with artwork that complements the overall design."
"scandinavian_22.jpg","Modern Minimalist","white, light wood, dark blue","wood, marble, concrete","recessed lighting and natural light from windows","calm and inviting","kitchen island with stools, wooden cabinets, marble backsplash, stainless steel appliances","open concept with kitchen open to dining and living areas","This modern minimalist kitchen features a clean, streamlined design with warm materials and a mix of natural light and recessed lighting for a calm, inviting atmosphere."
"scandinavian_220.jpg","Modern Minimalist","beige, light wood","wood, cotton, wool","natural soft light from large windows","calm and airy","crib, woven basket, hanging ABC poster, small potted plant, cushioned rocking chair","open space with central crib and surrounding furniture","This modern nursery features a minimalist design, with a light wood color palette and natural light. The room includes essential furniture such as a crib, woven basket, hanging ABC poster, small potted plant, and cushioned rocking chair."
"scandinavian_221.jpg","Scandinavian","white, black, green","wood, marble, metal","natural and soft light from windows and ceiling lights","airy and spacious","kitchen island, dining table, chairs, sofa","open concept layout with separate kitchen and living areas","This interior features a Scandinavian design style, characterized by the use of natural materials such as wood and marble. The color palette is dominated by white, green, and black tones. Lighting is soft and comes from both natural sources like windows and artificial lights on the ceiling. The space has an airy and spacious feeling, thanks to its open layout that separates the kitchen and living areas while still maintaining a connected flow between them. The furniture includes a kitchen island, dining table, chairs, and sofa, all of which contribute to the overall minimalist aesthetic."
"scandinavian_222.jpg","Modern","off-white, gray, tan","tile on walls and floor, glass shower enclosure, metal towel rack","dimmable ceiling lights","clean and functional","white freestanding bathtub, shower head with handheld option, white shower curtain, tiled backsplash","bathroom with walk-in shower and toilet next to bathtub","This modern bathroom features a minimalist design with off-white tile on walls and floor, gray accents, and a clean metal rack. The glass enclosure for the shower keeps water contained, while dimmable ceiling lights provide soft lighting."
"scandinavian_223.jpg","Modern","white, gray, black","stainless steel, wood, marble","ambient and recessed lighting with accents from overhead track lighting","clean, sleek, and modern","modern kitchen island with sink, stainless steel appliances, marble countertops, wood cabinetry","open floor plan with separate cooking area and dining space","This modern kitchen boasts a sleek design, featuring stainless steel appliances, marble countertops, wood cabinetry, and overhead track lighting. The open layout allows for easy movement between the cooking area and the adjacent dining space."
"scandinavian_224.jpg","Modern Minimalist","white, beige, wood accents","tile, wood, metal","recessed and pendant lighting with warm white bulbs","clean, bright, and inviting","metal kitchen faucet, hanging pot holder rack, herb planter on shelf","efficient galley layout with room for multiple users at once","This modern minimalist kitchen design features a palette of white, beige, and wood accents. The space is efficiently designed to maximize functionality and provide ample storage while maintaining a bright and airy atmosphere."
"scandinavian_225.jpg","Modern","white, gray, wood","oak wood, stainless steel, glass","well-lit with ample natural light from windows","clean, bright and spacious","kitchen island, large stainless steel refrigerator, stainless steel range, white farmhouse kitchen sink, wooden countertops","open-concept with connected kitchen and dining area","A modern open-concept kitchen featuring wood cabinets, stainless steel appliances, ample natural lighting, and a stylish island."
"scandinavian_226.jpg","Modern Minimalist","white, black, brass","oak wood, porcelain, steel","soft natural light with under cabinet lights","clean and bright","sink, mirror, cabinets, towel rack, soap dispenser","linear arrangement of sink, mirror, cabinets on the wall.","This is a modern minimalist bathroom with white cabinetry, black accents and brass hardware. The space is well lit with natural light and under cabinet lights, creating a clean and bright atmosphere."
"scandinavian_227.jpg","Modern","gray, white","tiles, wood","bright and airy","clean and minimalistic","bottle of soap, bottle of shampoo","linear with a recessed alcove","This is an interior design image showcasing a modern style with gray tiles, white accents, and minimalistic decor. The lighting is bright and airy, and the space features clean lines and simple objects such as bottles of soap and shampoo."
"scandinavian_228.jpg","Modern","black, white, light gray","brass, glass, marble","recessed and recessed lighting, with soft natural light from a large window","spacious and clean","round mirror above sink, black freestanding tub, white vanity cabinet, sleek towel rack","open floor plan with no dividing walls, creating a seamless flow from bathroom into bedroom/closet area","This modern bathroom design features a monochromatic color scheme with natural elements like marble and brass. The space is illuminated by recessed lighting and soft natural light, creating a spacious and clean atmosphere."
"scandinavian_23.jpg","Modern Minimalist","white, black, gray","linen, cotton, wood","warm and inviting, with natural light coming in from a window","calm and serene","king size bed, nightstand, large mirror, decorative pillows","modern, clean lines with space to breathe","The room features a king-size bed adorned with white linens and fluffy fur throw. The color palette is neutral with touches of black, gray, and wood tones. The large mirror above the bed enhances the spaciousness of the room, while the nightstand holds personal items. A decorative pillow adds a pop of color to the overall minimalist design."
"scandinavian_231.jpg","Scandinavian","white, light blue, natural wood","wood, tile, glass","Natural light from large window creating bright, open space","Calm and airy","sink, mirror, towel rack, storage shelves","Efficient use of small space with compact fixtures for functional bathroom","This Scandinavian-style bathroom maximizes the use of a small area, featuring natural wood and tile accents, glass elements for storage, and a large window that allows ample light to fill the room."
"scandinavian_234.jpg","Modern","white, pink, wood","plywood, fabric","natural sunlight from window","bright and cheerful","desk with chair, bookshelf, plant, dollhouse","minimalistic layout with open space and simple furniture","This room features a modern style with a minimalistic layout, bright pink accents, and an emphasis on natural sunlight."
"scandinavian_236.jpg","Modern Minimalist","white, light wood, black","oak wood, linen, steel","natural soft light from large windows","calm and airy","sofa, dining table, coffee table, plant, floor lamp","open space with central seating area","This modern minimalist living room features a warm light palette, natural wood accents, and simple furnishings arranged for easy flow."
"scandinavian_237.jpg","Modern Minimalist","white, black, wood tones","oak wood, brass, marble","natural soft light from a large window","calm and airy","large mirror above sink, wooden vanity with brass fixtures, two towel racks with tan towels, small plant on countertop, ceramic vase with dried flowers","space is well lit and organized, featuring a long sink area beneath a mirror and a wooden vanity unit flanked by two hanging towel racks.","The modern minimalist bathroom features a clean and streamlined design with oak wood elements and brass accents. The color palette is neutral, creating a calm and serene atmosphere, while the natural light from the large window adds warmth."
"scandinavian_238.jpg","Scandinavian","light gray, wooden tones, green accents","light-colored wood, glass, metal handles on cabinets","natural light from the window and under-cabinet lights","bright and airy","modern pendant light, white porcelain sink, wooden kitchen island, hanging herb planter, set of matching bowls","open layout with central island and additional counter space along the walls","This Scandinavian-style kitchen features light wooden tones, a green accent color, and modern fixtures. Natural light streams in from the large window, illuminating the spacious countertops and sleek stainless steel appliances."
"scandinavian_239.jpg","Modern Minimalist","white, beige, light wood","tile, wood, brass","well-lit with natural light from a large window","calm and serene","sink, mirror, soap dispenser, plant","small space with a single sink station","A modern minimalist bathroom with a clean and uncluttered design, featuring natural lighting that enhances the tranquil atmosphere."
"scandinavian_24.jpg","Modern","white, gray, wood","wood, leather, metal","Warm, ambient lighting with a mix of ceiling and wall sconces.","Calm and organized.","coat rack, bench, potted plant, wall art","A narrow hallway that opens up to an office space.","This modern style hallway features a simple, clean design with wood accents and ambient lighting. The coat rack, bench, potted plant, and wall art add character while maintaining functionality in the small space."
"scandinavian_241.jpg","Modern Minimalist","white, wood, stainless steel","wood, stainless steel, natural stone","soft overhead lighting and natural light from large windows","clean, bright, and airy","modern stools, kitchen island with integrated seating, metal pendant lights, large abstract artwork","open concept layout with central kitchen island serving as a focal point","This is a modern minimalist kitchen design that emphasizes open space, clean lines, and natural materials. The color palette consists of whites, wood tones, and stainless steel accents. Large windows provide ample lighting, creating a bright and airy atmosphere. The kitchen island serves both functional and aesthetic purposes, offering additional seating and storage space."
"scandinavian_242.jpg","Scandinavian","white, wood, blue","wood, cotton, linen","natural light from large windows","bright and airy","bed, nightstand, shelves, stairs","modular with open space","A minimalist bedroom design with a Scandinavian influence, featuring wooden furniture and neutral colors."
"scandinavian_243.jpg","Scandinavian","white, light wood, navy blue","wood, leather, glass","natural soft light from large windows","bright and airy","dining table with chairs, hanging lights, large landscape artwork, plants on the walls, decorative boxes on wall","open space with central seating area","This modern Scandinavian-style dining room features a warm and inviting atmosphere, characterized by clean lines, natural materials, and ample lighting from the large windows."
"scandinavian_244.jpg","Modern Minimalist","white, beige, gray","wood, linen, porcelain","natural soft light from large windows","calm and airy","bathtub, shelves, towel rack, vase with flowers","long narrow space with tub along one wall and shelving unit across from it","A modern minimalist bathroom design featuring a calming color palette, natural lighting, and functional yet stylish fixtures."
"scandinavian_245.jpg","Modern Minimalist","grey, white, navy blue","woven rattan, wood, plastic, metal","natural soft light from large windows","calm and airy","lounge chair, sofa, coffee table, plant, floor lamp","open space with central seating area","This modern living room features a minimalist design with clean lines, neutral color palette and natural materials. A large window allows for ample light to fill the room, creating a calm and airy atmosphere."
"scandinavian_248.jpg","Scandinavian","light pink, white, wood tones","wood paneling, natural fiber fabrics, bamboo","bright and natural with a soft glow","airy and spacious","ladder leading to upper bunk, wooden storage bench, wicker basket, framed artwork on wall","space is designed for efficient use of vertical space with bunks and shelves","A small, well-designed room with a minimalist Scandinavian style, featuring a ladder leading to an upper bunk bed, wood paneling, and wicker basket storage."
"scandinavian_249.jpg","Modern Minimalist","white, gray, wood accent","glass shower enclosure, marble bathroom countertop, brass fixtures","soft and diffused light from recessed lights in ceiling","calm and spa-like","shower with glass door, white towels hanging on rod, wood bathroom stool","long narrow space with shower at one end and counter at the other","This is a modern, minimalist bathroom with a focus on clean lines and neutral colors. The glass shower enclosure adds a touch of luxury while the wood accents provide warmth. The lighting is soft and diffused, contributing to a calm and spa-like atmosphere."
"scandinavian_25.jpg","Modern Minimalist","white, wood, gray","oak wood, linen, concrete","bright and airy with natural light from two large windows","calm and serene","bed, dresser, table lamp, plant, floor rug","open space with central sleep area","A modern minimalist bedroom with a calm and airy vibe, featuring oak wood furniture, linen sheets, concrete accents, natural light from windows, and a plant for a touch of greenery."
"scandinavian_250.jpg","Modern Minimalist","white, beige, light wood","oak wood, linen, concrete","bright and even overhead lighting, under-cabinet LED strip lighting","modern and clean","stainless steel refrigerator, kitchen island with double sinks, dining table, bathroom vanity","open floor plan with kitchen adjacent to dining area, which is adjacent to living room","This modern minimalist space features a neutral color palette with wooden elements and stainless steel appliances. The open layout connects the kitchen, dining, and living areas, creating a spacious feel that is both functional and stylish."
"scandinavian_253.jpg","Scandinavian","white, light gray, beige","oak wood, marble, linen","natural soft light from large windows","calm and airy","sofa, coffee table, plant, floor lamp, area rug","open space with central seating area","A serene Scandinavian-style bathroom and living room design, featuring light wood finishes, linen textures, a marble floor, and natural window light."
"scandinavian_254.jpg","Scandinavian","white, gray, wood","wood, fabric, glass","Natural light from large windows, supplemented by ceiling lights.","Calm and airy.","bed, chair, coffee table, side tables, shelves","Open space with bed facing a window, flanked by nightstands. Chair in corner of room.","A serene and inviting Scandinavian-style bedroom featuring natural materials and soft colors."
"scandinavian_256.jpg","Modern","blue, orange, white","wood, fabric, metal","recessed lighting with task lamps on shelving and desk","organized and contemporary","office chair, small wooden desk with storage, shelving unit for toys and books","space is divided into distinct areas: sitting, working, and play","This well-appointed home office combines functionality with a modern design sensibility."
"scandinavian_257.jpg","Modern Minimalist","beige, light wood, gray","wood, linen, glass","natural soft light from large windows, enhanced by modern pendant lights.","calm and airy","bed, nightstand, floor lamp, plant, wall art","open space with central seating area under arched ceiling.","This modern minimalist bedroom features a beige color palette, wood accents, and natural light from large windows. The room is furnished with a bed, nightstand, floor lamp, plant, and wall art."
"scandinavian_258.jpg","Scandinavian","white, light wood, beige","wood, linen, leather","bright and natural light from windows","calm and airy","sofa, coffee table, plant, floor lamp","open space with central seating area","This living room has a Scandinavian design, featuring white walls and light wood accents. The furniture is made of natural materials like leather and wood. There's ample seating for relaxation in the center of the room, illuminated by natural bright light that fills the space."
"scandinavian_259.jpg","Modern","white, black, wood accent","brass, glass, wood","recessed lighting and natural light from window","serene and calm","modern desk, leather chair, wood shelf, framed artwork","open concept with central workspace","A modern office space featuring a simple, clean design with natural wood accents. The room is well lit with recessed lighting and large windows that allow in natural sunlight."
"scandinavian_26.jpg","Scandinavian","white, wood, green, black","wood, marble, glass, metal","natural light from large windows and skylights","bright and airy","kitchen island, hanging planter, plant stand with greenery, wooden shelf, copper kitchenware","open space with defined work zones and storage areas","This modern kitchen combines minimalist Scandinavian design with warm wood tones, creating a bright and airy atmosphere. The open layout provides ample natural light and easy access to cooking and storage areas."
"scandinavian_260.jpg","Modern Minimalist","beige, white, green accent","linen, natural wood, concrete","bright and airy with natural light","calm and serene","bed, potted plant, floor lamp, blanket","simplistic open space design","This minimalist bedroom features a beige color palette, concrete walls, and modern furniture for a bright and serene atmosphere."
"scandinavian_261.jpg","Scandinavian","white, blue, wood","wood, linen, glass","natural soft light from large windows","calm and airy","table, chairs, plant, lamp, drawings","open space with central seating area","This is a Scandinavian-style room featuring natural materials and light colors, creating a calm and airy atmosphere."
"scandinavian_263.jpg","Modern Minimalist","black, white, wood","oak wood, stainless steel, brushed brass","recessed lighting with accent track","clean and contemporary","kitchen island, counter-height stools, modern stove, black cabinetry","galley style kitchen with open shelving","This modern kitchen combines sleek black cabinetry with warm wood accents and a minimalist design for a stylish and functional space."
"scandinavian_264.jpg","Modern Minimalist","white, gray, black","stainless steel, marble, glass","natural soft light from large windows","calm and airy","countertop, bar stools, vase with flowers, wine bottle","open space with central seating area around the island","This modern kitchen has a sleek, minimalist design featuring high-quality materials and a monochromatic color palette. The lighting is natural and soft, creating a calm atmosphere. Key objects include a marble countertop with an integrated bar and stools, a vase with flowers adding a touch of nature, and a wine bottle hinting at leisurely meals in this stylish space."
"scandinavian_265.jpg","Modern Minimalist","beige, light wood, white","stone tiles, bamboo mirror frame, brass faucet","recessed lighting and natural soft light from large windows","calm and airy","bathtub with no curtain, wooden toiletry caddy, small art print","square layout with glass shower door and large window in back wall","A modern bathroom with a minimalist design featuring light wood tones, stone tiles, bamboo mirror frame, brass fixtures, and natural soft lighting. The space is uncluttered with clean lines and simple decor elements."
"scandinavian_266.jpg","Scandinavian","white, beige, light wood, green accent","wood, fabric, metal","Natural soft light from large windows","Calm and airy","computer desk, office chair, wall shelves, plants","Open space with central seating area","The room features a minimalist Scandinavian design, with an all-white color palette and natural light from large windows. The desk is set in the center of the room under wall shelves, creating a sense of openness. A computer chair sits at the desk, ready for use, while plants add a touch of greenery to the space."
"scandinavian_267.jpg","Modern","wood, white, metal","wood, glass, steel","Natural light from the vaulted ceiling and overhead track lighting","Luxurious and inviting","racks of wine, metal rack in center, bottle of wine on counter","Wine bottles arranged neatly on wooden racks against a backdrop of dark wood with overhead track lighting.","A luxurious and inviting modern wine cellar featuring wooden racks, natural light from the vaulted ceiling, and steel accents."
"scandinavian_268.jpg","Modern Minimalist","white, beige, light wood","tile, metal, porcelain","dimmable LED lights in ceiling","clean and serene","shower head, bathroom faucet, shower curtain, floor mat","enclosed space with corner shower unit","This is a small, modern bathroom featuring tile walls and floor, minimalist fixtures and an all-white color scheme. It has a clean and serene atmosphere."
"scandinavian_269.jpg","Scandinavian","white, light wood","oak wood, marble, brass","natural soft light from large windows","calm and airy","large mirror, wooden bench, cactus plant, modern sconces","open space with central seating area","This bathroom combines a Scandinavian design style with natural materials and soft lighting to create a calm and airy atmosphere. The large mirror, wooden bench, cactus plant, and modern sconces add functionality and interest to the space."
"scandinavian_27.jpg","Modern Minimalist","white, beige, wood accents","oak wood, linen, metal, glass","natural soft light from large windows and recessed lights","calm and organized","wood desk, office chair, potted plant, framed artwork, bookshelves","open space with central wood desk, flanked by bookshelves and a window on one side","A modern minimalist home office featuring a simple wooden desk in an open floor plan, enhanced by the soft natural light streaming in from large windows."
"scandinavian_270.jpg","Scandinavian","white, beige, light wood","oak wood, linen, metal","bright and even natural light from large windows","calm and airy","sofa, coffee table, books, potted plant","open space with central seating area around fireplace","This living room features a minimalist Scandinavian design with light wood and linen textures, metallic accents, and a bright and airy atmosphere. The large windows allow for ample natural light to fill the space, creating a cozy yet elegant environment. A central fireplace serves as a focal point, surrounded by comfortable seating options including a sofa and chairs. Decorative elements such as a potted plant add a touch of greenery and warmth, while books and artwork on the walls contribute to a personalized and welcoming feel."
"scandinavian_271.jpg","Modern Minimalist","white, gray, wood","glass, metal, wood","natural light from windows, soft overhead lights","calm and peaceful","shower shelf with towels, soap dispenser, plants, shower curtains","small open space with glass door shower area","This modern minimalist bathroom features a clear glass door shower, white and gray color scheme, wood elements for warmth, and an organized shelf for towels and essentials. The layout allows for easy use of the shower while still maintaining a feeling of spaciousness in the small bathroom."
"scandinavian_272.jpg","Modern Minimalist","gray, white, brown","wood, fabric, leather","ambient light from overhead fixture and natural light from a window","calm and peaceful","bed, dresser, chair, nightstand","a spacious bedroom with a comfortable sitting area in front of the bed","This modern minimalist room features a neutral color palette and carefully chosen materials, creating a serene and welcoming atmosphere."
"scandinavian_273.jpg","Modern Minimalist","white, beige, wood, green","wood, fabric, leather, glass","natural soft light from large windows","calm and airy","dining table, chairs, framed artwork on wall, potted plant","open space with central seating area around dining table, flanked by chairs and potted plant","A modern minimalist interior design that features a neutral color palette, wood materials, soft lighting from windows, and artwork on the wall."
"scandinavian_275.jpg","Modern","neutral tones, black accents","white painted woodwork, concrete flooring, brushed nickel hardware","overhead track lighting and natural light from windows","cozy and inviting","sectional sofa, coffee table, floor lamp, area rug, plant","open concept with kitchen, dining, and living areas combined into one space","A modern, neutral-toned living space that combines a kitchen, dining, and living area for an open and airy feel."
"scandinavian_276.jpg","Modern Minimalist","white, wood, gray","oak wood, stainless steel, marble","natural soft light from large windows and recessed lighting","bright and airy, with a touch of rustic warmth","wooden kitchen island with stools, large hanging glass chandelier, white shaker-style cabinets, industrial-style metal pendant lights","open space with central kitchen island, flanked by countertop seating and a dining area","This modern minimalist kitchen combines clean lines, rustic wood elements, and natural light to create a bright and airy atmosphere."
"scandinavian_277.jpg","Modern Minimalist","white, beige, wood, green","oak wood, linen, concrete, steel","natural soft light from large windows and pendant lights","calm and airy","stainless steel refrigerator-freezer combo, wooden kitchen island with bar seating, silver range hood over stove, modern wood cabinetry","open space layout with island in the middle and stove on one side","This modern, minimalist kitchen features an open floor plan with a central island providing bar seating. The design uses oak wood and linen for a warm and natural feel, while concrete counters add a touch of industrial style. A range hood is installed over the stove, and pendant lights add soft illumination to the space."
"scandinavian_278.jpg","Scandinavian","white, black, grey, wood","oak wood, linen, leather, glass","natural soft light from large windows, complemented by warm overhead lights","calm and airy","sofa, coffee table, plant, floor lamp, side table","open space with central seating area, flanked by side tables","This living room features a Scandinavian design aesthetic with a predominantly neutral color palette of white, black, grey, and wood. The materials used include oak wood for the flooring and walls, linen for cushions and drapes, leather for upholstery, and glass for accent pieces. Lighting in this room is soft with natural light streaming in from large windows, supplemented by warm overhead lights. The mood of the space is calm and airy. Key furniture pieces include a sofa for seating, a coffee table for function and style, a plant for life and color, and a floor lamp for additional lighting. The layout is open and spacious with a central seating area flanked by side tables."
"scandinavian_279.jpg","Minimalist","white, beige, light wood","wood, linen, metal","natural soft light from large windows","calm and airy","bed, nightstand, lamp, chair","open space with central seating area","This is a clean, modern bedroom that uses neutral colors and simple, functional furnishings to create a serene atmosphere."
"scandinavian_28.jpg","Modern Minimalist","white, black, natural wood","oak wood, stainless steel appliances, glass cabinets, leather bar stools","overhead track lighting with recessed ceiling lights and under-cabinet LED strip lights","calm and airy","kitchen island, barstools, metal countertops, modern kitchen faucet","L-shaped layout with island in center of room, flanked by bar stools on one side","A modern minimalist kitchen with a bright and open feel, featuring oak cabinets, stainless steel appliances, and overhead track lighting."
"scandinavian_280.jpg","Scandinavian","beige, light brown, white","linen, wood, marble","Natural soft light from large windows.","Clean, minimalist, and cozy.","bed with white linens and two pillows, two-toned wooden bed frame, white shade floor lamp, small round wooden table, plant in a light wood pot","Space is well organized, with a bed at the center of a large open area.","A clean and minimalist Scandinavian-style bedroom with natural lighting that creates a calm and cozy atmosphere."
"scandinavian_281.jpg","Scandinavian","gray, white, light wood","wood, linen, glass","natural soft light from large windows","calm and airy","bed, sofa, floor lamp, plant, coffee table","open space with central seating area","This is a serene Scandinavian-style bedroom featuring a large bed, wooden furniture, and soft lighting."
"scandinavian_282.jpg","Modern","light wood, white, gray","oak wood, linen, metal","recessed lighting and under-cabinet lights","warm and inviting","kitchen island, stools, wooden cabinetry, brass fixtures","open layout with central island","This modern kitchen features a warm color palette, natural wood materials, and an open layout centered around a large kitchen island."
"scandinavian_283.jpg","Modern Minimalist","white, gray, light wood","oak wood, steel, glass","bright and natural with plenty of windows","clean, contemporary, and inviting","sleek stainless steel appliances, white countertops, modern sink with faucet, wooden island for casual dining","open floor plan with kitchen and living space flowing seamlessly into each other","This modern minimalist kitchen combines functionality with style, featuring a bright and inviting color scheme and sleek appliances."
"scandinavian_286.jpg","Modern Minimalist","neutral, green accent","natural wood, linen, cushion, metal","bright and airy with natural light from windows","modern and relaxed","sofa, coffee table, plant, floor lamp","open space layout with central seating area","Modern design with neutral color palette, natural materials, and bright lighting that creates a relaxed atmosphere."
"scandinavian_287.jpg","Scandinavian","white, black, wood accents","porcelain, wood, brass","natural light from large windows","calm and serene","bathtub, sink, soap dispenser, window sill planter","small bathroom with double sink vanity","A Scandinavian-style bathroom with a minimalist design and natural light."
"scandinavian_288.jpg","Scandinavian","white, beige, gray, black","wood, leather, brass, fabric","Natural light from floor-to-ceiling windows","Modern and airy","sofa, coffee table, side chair, floor lamp, area rug","Open space with central seating area","A modern and minimalist living room featuring a Scandinavian design, with a focus on clean lines, natural materials, and light wood tones."
"scandinavian_289.jpg","Modern Minimalist","white, light wood, gray","concrete, steel, wood","natural soft light from large windows","bright and airy","sofa, coffee table, plant, floor lamp","open space with central seating area","This modern home boasts a clean and minimalist design, with bright natural light accentuated by large windows. The color palette is simple yet sophisticated, using white walls and wood accents to create a warm and inviting atmosphere. The open layout facilitates easy flow and interaction within the space, while sleek furnishings like the sofa and floor lamp maintain the home's contemporary feel."
"scandinavian_29.jpg","Modern","white, light wood, grey","wood veneer, stainless steel, glass","ambient recessed lighting with natural soft light from large windows","bright and airy","modern oven range, silver-colored sink faucet, kitchen island countertops, greenery plants, black stove top, wooden cabinetry","open space with central seating area, surrounded by cabinets and counters","This modern kitchen features a clean, minimalistic design with open shelving, sleek countertops, wood veneer accents, and ample natural light from large windows."
"scandinavian_290.jpg","Modern","black, white, gray","wood, fabric, metal","recessed lighting and floor lamps provide ample illumination.","modern, elegant, sophisticated","sofa, coffee table, area rug, media console, floor lamp","open concept design with a central seating area and an L-shaped sofa facing the entertainment center.","This modern living room features a monochromatic color scheme, sleek furniture pieces, and stylish decorative accents that create an elegant and sophisticated atmosphere."
"scandinavian_291.jpg","Modern","white, black, gold","marble, wood, metal","overhead fixtures with gold accents, plus a wall sconce","elegant and luxurious","mirror above the sink, round bath towel holder, a glass vase, bath products","his-and-hers vanity with a separate doorway leading to walk-in shower","This modern bathroom features marble counters, gold fixtures and hardware, and a luxurious color palette that gives it an opulent feel."
"scandinavian_292.jpg","Scandinavian","dark wood, light gray, bright green","wood paneling, glass doors and windows, concrete floors","natural soft light from large glass panels on the ceiling","calm and airy","wooden bench, modern floor lamp, large potted plant, dining table with four chairs","open space with central seating area, surrounded by plants","The image shows an interior design of a cabin-style house. The style is Scandinavian, characterized by the use of natural materials and light wood tones. The color palette is simple and natural, featuring dark wood on the walls and furniture, complemented by a light gray ceiling and bright green accents from plants. The space is lit naturally with soft light from large glass panels on the ceiling. The overall mood of the space is calm and airy, enhanced by the open layout and the surrounding plants."
"scandinavian_294.jpg","Modern Minimalist","white, black, grey","wood, leather, metal","natural light from large windows","clean and serene","bed, nightstand, chair, plant","open space with central seating area","A modern, minimalist bedroom design featuring a black metal frame bed on a hardwood floor next to a large window."
"scandinavian_295.jpg","Scandinavian","white, light grey, wood accents","stainless steel, concrete walls, natural wood cabinets","recessed ceiling lighting and natural window light","bright and airy with a touch of coziness","open-shelf kitchen island, bar stools at the counter, hanging pendant lights, large potted plants","an L-shaped kitchen with ample counter space, an integrated sink, and appliances arranged for easy access","A modern, spacious Scandinavian kitchen with a light color scheme and natural elements that create a bright, airy atmosphere."
"scandinavian_296.jpg","Scandinavian","white, wooden tones, navy accents","natural wood finishes, black countertops, stainless steel appliances","bright and airy with natural light streaming through windows","calm and inviting, emphasizing simplicity and functionality","modern island in center of space, built-in ovens and dishwashers, open shelving for display, hanging pendant lights","an L-shaped kitchen with a central cooking area, open to the living room or dining area","A clean and minimalist Scandinavian kitchen design, with a warm color palette and natural lighting for a bright and serene atmosphere."
"scandinavian_297.jpg","Modern Minimalist","white, light wood, dark gray","oak wood, porcelain, glass, metal","bright and natural with overhead lighting","calm and serene","wall-mounted sink, wood vanity, round mirror, wood towel rack","space is organized into separate areas for bathroom tasks","The bathroom features a modern minimalist design with natural lighting and simple, clean lines."
"scandinavian_298.jpg","Modern Minimalist","white, beige, gray","oak wood, linen, steel","natural soft light from large windows","calm and airy","sofa, coffee table, floor lamp, plant","open space with central seating area","A modern living room with a minimalist design, featuring soft neutral colors and natural lighting that creates a calming atmosphere."
"scandinavian_3.jpg","Modern Minimalist","off-white, light wood, gray","marble, brass, glass","well-lit by recessed lighting and a single pendant light","calm and serene","shower system with wall-mounted controls, bamboo towel rack, cubby for storage","linear layout with shower head at one end and cubby at the other","A modern, minimalist bathroom design featuring a clean palette of off-white and light wood tones, marble countertops, brass fixtures, and glass walls."
"scandinavian_30.jpg","Scandinavian","beige, white, wood","oak wood, linen, concrete, steel","soft and natural light from large windows","calm and airy","sofa, coffee table, floor lamp, plant","open space with central seating area and surrounding shelving","This Scandinavian-style living room features a neutral color palette, exposed wooden beams, and furniture that blends functionality with comfort."
"scandinavian_301.jpg","Modern Minimalist","white, black, brass","wood veneer, stainless steel, marble","soft overhead lights and under-cabinet lighting","modern and elegant","kitchen island, high stools, hanging pendant light, metal range hood","L-shaped with kitchen island in the center of the space","This is a modern minimalist kitchen featuring an L-shaped layout, white and black color scheme, and materials such as wood veneer, stainless steel, and marble. The design includes an island with high stools for seating, pendant lighting, and metal range hood."
"scandinavian_302.jpg","Modern Minimalist","white, beige, light wood","wood, fabric","bright and natural, with a focus on the large windows","calm and relaxing","bed, shelving unit, chair","open space with bedroom area connected to cabinet/storage area","The room has a modern minimalist design, featuring light wood elements, white and beige color scheme, and natural bright lighting from the large windows. The furniture includes a bed in one area and a shelving unit for storage. The overall mood of the space is calm and relaxing."
"scandinavian_304.jpg","Modern Minimalist","white, black, light wood","wood, metal, glass","Natural light from large windows, supplemented by recessed LED lights","Bright and airy with a contemporary feel","Minimalist sofa, Modern coffee table, Sculptural staircase railing, Large-format art on wall, Recessed shelving","Open space with a central seating area, flanked by the dining and kitchen areas","A modern minimalist home interior that utilizes natural light and clean lines to create an airy and contemporary atmosphere."
"scandinavian_305.jpg","Modern","white, beige, light wood","oak wood, linen, concrete","natural soft light from large windows","calm and airy","freestanding tub, wood cabinetry, plant on window sill, round mirror over vanity","modern spa-like bathroom with clean lines and ample counter space","This modern bathroom features a freestanding tub, wood cabinets, and a large round mirror. The use of natural light and beige tones creates a calm and airy atmosphere."
"scandinavian_307.jpg","Modern Minimalist","white, beige, black","wood, marble, metal","bright and natural light from windows and recessed lights","clean, sleek, and elegant","kitchen island with seating, modern range hood, contemporary faucet","open layout with kitchen island as the focal point","This modern kitchen features a minimalist design with clean lines and a monochromatic color scheme, highlighted by the wooden cabinets, marble counters, and black stove. The bright and natural light from windows and recessed lights enhances the sleek and elegant atmosphere."
"scandinavian_308.jpg","Modern Minimalist","white, beige, gray","concrete, wood, metal","natural soft light from large windows and skylight above the bed","clean, bright, serene","bed with wood headboard, narrow nightstands on either side of the bed, large abstract artwork above the bed, blue armchair in front of windows","open space layout with a long window bench for seating at one end and a bedroom area at the other","A modern, minimalist living space that combines concrete walls with wooden accents and large windows to create a bright, serene atmosphere."
"scandinavian_309.jpg","Modern Minimalist","white, beige, light wood","glass block wall, wood vanity top, stainless steel faucet","bright and airy","clean and serene","tall plant, small artwork, white candle","bathroom with walk-in shower, open vanity area","This bathroom features a sleek and modern design with minimalist elements. The color palette is neutral, creating a clean and serene atmosphere. The materials used are contemporary, such as glass block for the shower wall and wood for the vanity top. The lighting is bright and airy, providing a sense of openness. A tall plant adds a touch of greenery, while a small artwork contributes to the minimalist feel."
"scandinavian_31.jpg","Modern Minimalist","white, natural wood, gray","oak wood, marble countertops, steel appliances","soft natural light, combined with recessed ceiling lights and under-cabinet LED strip lighting","clean, organized, and inviting","bar stools, island bar counter, hanging pendant light fixture, open shelves","an open plan with a central island for cooking and gathering around a breakfast bar","A modern kitchen with a minimalist design, featuring warm wood tones against white cabinets and marble countertops. The space is well-lit by natural light and a combination of pendant lights and under-cabinet LED strip lighting."
"scandinavian_312.jpg","Industrial Loft","black, white, light wood","metal siding, wood flooring, glass windows","ambient and accent lighting, highlighted by large garage door window","modern and sleek","black leather sofa, white shelving unit, wooden coffee table, metal floor lamp, black metal console","open concept living space with combined kitchen and dining area leading to garage","This modern industrial loft features a black exterior with white trim, large glass windows for natural light, a combination of wood flooring and metal siding interiors, and a sleek design throughout."
"scandinavian_313.jpg","Modern Minimalist","white, light wood, concrete","oak wood, linen, stainless steel","recessed lighting with LED under-cabinet lights and pendant lights over island","clean, contemporary, and inviting","sofa, coffee table, flat-screen TV, potted plant","open floor plan with kitchen and living room areas separated by barstools","A modern minimalist kitchen and dining area featuring oak cabinets, stainless steel appliances, concrete countertops, and a clean design."
"scandinavian_314.jpg","Modern Minimalist","white, gray, black","wood, leather, fabric, glass","natural soft light from large windows and recessed ceiling lights","calm and airy","couches, coffee table, shelves, floor lamp, plant","open space with central seating area","The living room has a modern, minimalist design featuring wood flooring, leather and fabric upholstery, a black rug in the center of the room, and large windows that let in natural light. The color palette is neutral with black accents. Furniture includes a comfortable gray sofa set around a wooden coffee table on a patterned rug, flanked by shelves holding decorative items."
"scandinavian_316.jpg","Minimalist","white, beige","wood, tiles","natural soft light from large windows","calm and airy","kitchen island, chairs, counters, plant","open space with central kitchen area","This minimalist kitchen features a monochromatic color scheme, emphasizing natural light and simplicity. The room is outfitted with wood countertops and tiles for warmth and texture, while large windows let in ample sunlight that brightens the space. A central kitchen island serves as a gathering spot around which chairs are placed, fostering a communal atmosphere. The layout maintains an open feel, making the room appear larger and more inviting."
"scandinavian_317.jpg","Modern Minimalist","white, beige, light wood","wood, cotton, steel","natural soft light from large windows","calm and airy","bed, nightstand, lamp, plant","simple, clean lines with a focus on open space","This bedroom features a modern minimalist design with a light color palette, predominantly white and beige. The room includes wood elements for warmth, steel accents for structure, and cotton textiles for comfort. Large windows allow natural light to flood the space, creating an airy atmosphere. A single bed sits on a wooden frame, and a nightstand holds a lamp with a white shade. A plant adds a touch of greenery, contributing to the overall feeling of calmness."
"scandinavian_318.jpg","Industrial","black, brass, oak","metal, wood, glass","soft overhead lighting, under-cabinet lights and pendant lights","modern and warm","kitchen island with built-in seating, brass pendant lights, wood kitchen cabinets, black stainless steel refrigerator","open kitchen layout with separate cooking area","This is a modern industrial kitchen with a warm and inviting atmosphere. The space features metal accents, wood cabinetry, black appliances, and pendant lights that create a stylish and functional space."
"scandinavian_319.jpg","Modern Minimalist","grey, white, orange","wood, fabric, leather","natural soft light from large windows","calm and airy","bed, headboard, nightstands, large window, ruffled bedding","open space with central seating area","A modern minimalist hotel room with a calm and airy atmosphere, featuring a large bed on a wooden headboard, nightstands with fabric bedding."
"scandinavian_32.jpg","Modern Minimalist","white, bright yellow, teal accent","light wood, fabric, steel, acrylic","natural soft light from large windows","bright and energetic","bed, desk, chair, shelves, bookcase, coffee table, purple rug","modular with open space in the center of room","A modern, minimalist bedroom with a bright color scheme and a layout that promotes an open, airy feeling."
"scandinavian_320.jpg","Scandinavian","white, beige, light wood","oak wood, linen, concrete","natural soft light from large windows","calm and airy","sofa, coffee table, plant, floor lamp","open space with central seating area","This modern Scandinavian living room features light wood floors, a neutral color palette, and natural lighting. The space is characterized by openness and minimalism, creating a calm and airy atmosphere."
"scandinavian_322.jpg","Modern Minimalist","white, gray, navy","wood, linen, metal","natural soft light from large windows","calm and airy","sofa, coffee table, plant, floor lamp, ruffled throw blanket","open space with central seating area","The room features a modern minimalist design with a focus on simplicity and functionality, utilizing natural light and neutral tones to create a serene atmosphere. The wooden walls add warmth while the linen and metal materials contribute to a cozy yet stylish vibe."
"scandinavian_323.jpg","Scandinavian","white, beige, light wood","wood, porcelain, metal","natural soft light from a large window","calm and spacious","wooden toilet paper holder, white porcelain toilet, brass towel rack, black metal door handle","space is narrow with limited movement, but appears open due to light colors and tile design","The image depicts a small bathroom designed in a minimalist Scandinavian style, with wood and natural materials lending a warm feeling."
"scandinavian_324.jpg","Modern Minimalist","white, beige, dark wood","oak wood, linen, concrete","natural soft light from large windows","calm and airy","tub, cabinet, plant, lamp","open space with central bathroom area","This modern bathroom is designed with a minimalist approach, featuring clean lines, natural materials, and abundant natural light. The color palette is neutral with dark wood accents, contributing to the calm and serene atmosphere."
"scandinavian_325.jpg","Modern","gray, beige, white","concrete, wood, metal","ambient with pendant lights over island","cozy and inviting","island countertop, stools, potted plant","kitchen design features a central island for preparation and dining, flanked by bar-height stools on either side.","This modern kitchen combines industrial elements with contemporary design. A concrete countertop contrasts with warm wood accents. A central island provides both food prep space and seating options."
"scandinavian_327.jpg","Modern Minimalist","white, gray, natural wood","oak wood, linen, concrete","bright and natural light","calm and airy","sofa, coffee table, plant, floor lamp, bench","open space with central seating area, surrounded by windows.","The interior design has a minimalistic style with modern furniture and natural materials."
"scandinavian_328.jpg","Modern Minimalist","white, grey, black","leather, wood, metal","natural soft light from large windows","modern and serene","bed, table lamp, armchair, large artwork","space divided into two equal areas","The room is designed in a modern minimalist style, with clean lines and a monochromatic color palette. The space features large windows that allow natural light to fill the room, creating a serene atmosphere. The bed is dressed in linens in shades of white and grey, while the armchair adds a touch of comfort with its leather upholstery. A table lamp provides additional lighting when needed, and the large artwork serves as a focal point on one wall."
"scandinavian_33.jpg","Modern Minimalist","gray, white, wood accents","oak wood, leather, stone, metal","natural soft light from large windows and modern chandelier","calm and airy","sectional sofa, coffee table, plant, floor lamp, artwork","open space with central seating area and fireplace","This modern living room features a minimalist design, with clean lines and neutral colors. The centerpiece is the gray sectional sofa, which faces a large white fireplace. A wooden coffee table sits in front of the couch, holding decorative items like a plant and artwork. The room is filled with natural light from several windows, and a contemporary chandelier hangs above the seating area."
"scandinavian_330.jpg","Scandinavian","white, light wood, gray","oak wood, linen, stainless steel","bright and natural, with overhead pendant lights","modern and cozy","open shelves, sleek range hood, vase of flowers, black bar stools","open kitchen and dining area with island in center","A modern, light-filled kitchen with sleek design elements and a welcoming atmosphere."
"scandinavian_332.jpg","Modern Minimalist","white, light wood, navy","wood, linen, steel","natural soft light from large windows and ceiling lights","calm and airy","wood bed frame, white duvet, blue throw pillows, nightstand, floor lamp","open space with central seating area","A simple, modern bedroom with minimal decoration, featuring a wood-framed bed, linen and steel materials, and natural light from large windows."
"scandinavian_334.jpg","Modern Minimalist","white, light wood, grey","wood, metal, glass","natural soft light from large windows and pendant lights","calm and airy","kitchen island with bar stools, modern range hood, stainless steel appliances, wooden cutting board","open space with central kitchen island as focal point, flanked by counter space and cabinets","This modern minimalist kitchen combines light wood tones with stainless steel appliances to create a bright and functional space."
"scandinavian_335.jpg","Modern Minimalist","white, light wood, gray","oak wood, marble, stainless steel","natural soft light from large windows","calm and airy","dining table with chairs, sofa, coffee table with plants, modern pendant lights, large framed window, open kitchen","open space layout with central seating area","This modern minimalist home features an open space design with a neutral color palette, oak wood and marble materials, natural soft lighting from large windows, and an airy feeling created by the white walls."
"scandinavian_336.jpg","Modern Minimalist","white, beige, light wood","oak wood, linen, concrete","natural soft light from large windows","calm and airy","sofa, coffee table, plant, floor lamp","open space with central seating area","This modern minimalist interior design features a clean, bright space with oak wood accents and large windows that let in soft natural light. The neutral color palette contributes to the calming atmosphere of the room."
"scandinavian_337.jpg","Scandinavian","light gray, natural wood, white","wood, tile, metal","well-lit with natural light from windows and a single pendant light over the island","warm, inviting, and organized","kitchen island, modern cabinets, brass faucet, wooden cutting board","open layout with galley-style kitchen and dining area","This Scandinavian-style kitchen combines light wood, natural tile flooring, and brass accents to create a warm and inviting space that is both organized and functional."
"scandinavian_339.jpg","Modern","white, beige, wood","wood, stone, concrete","natural light from windows with black framed glass panels","clean and spacious","freestanding bathtub, cabinet under the sink, shelving on the wall","a long hallway leading to a bathroom with a large window, providing an open feel","This modern bathroom features a spacious layout with clean lines and natural lighting, creating a serene atmosphere."
"scandinavian_34.jpg","Scandinavian","light gray, dark brown, blue","wooden siding, glass, metal roofing","natural sunlight streaming through windows and skylights","warm, inviting, and cozy","modern wooden dining table with chairs, large sectional sofa facing a fireplace, sleek black coffee table on a rug, floor lamps providing ambient lighting in the evenings, a collection of indoor plants adding life to the space","modern farmhouse with open kitchen and living areas, connected by glass doors","This contemporary two-story house offers a blend of Scandinavian design elements with a touch of modern flair. The exterior features wooden siding and a metal roof, while the interior boasts natural lighting from large windows and skylights that fill the space with warmth. The open layout connects the kitchen to the living area, creating an inviting atmosphere for family gatherings or relaxation."
"scandinavian_340.jpg","Modern Minimalist","white, light gray, beige","wood, linen, wool","natural soft light from large windows and wall sconces","calm and airy","queen-size bed, nightstand, plant, floor lamp","open space with central seating area","A modern minimalist hotel room featuring a serene color palette, natural materials, soft lighting and well-curated decor."
"scandinavian_341.jpg","Modern","white, black, wood","tiles, metal fixtures, wood cabinet","natural light from large windows above mirrors and lights underneath cabinets","clean, minimalist, and serene","double sink vanity, large wall-mounted mirror, wood cabinet with storage","two sinks side by side in front of large mirrors above a tile backsplash","This modern bathroom design features clean lines and neutral colors, creating a serene and minimalist atmosphere."
"scandinavian_342.jpg","Modern Minimalist","gray, white, natural wood","stone tiles, light-colored wood, metal accents","well-lit with natural light from large windows and recessed lights in the ceiling","calm, modern, and clean","kitchen island, wooden bar stools, modern pendant lights, stone wall","open kitchen with a central island in the center","A spacious, well-designed kitchen featuring modern minimalist design elements such as gray and white color palette, stone tiles, wooden accents, large windows for natural lighting, and functional furniture like a central kitchen island."
"scandinavian_343.jpg","Modern","beige, light brown","natural wood","bright and airy with natural light from large windows","modern and minimalistic","coffee maker, wooden countertop, kettle, ceramic pitcher","open concept kitchen with island in the center of living area","A modern, spacious kitchen with minimalistic design elements and an open layout that connects to the living area."
"scandinavian_344.jpg","Scandinavian","white, beige, wooden tones","brick walls, wood floors, plants","natural light from large windows","calm and airy","sofa with throw blanket, coffee table with decorative tray, large framed animal print on wall, floor lamp, plant","open space with central seating area under large window","This modern Scandinavian living room features a minimalist design with natural materials like wood and brick walls, providing a calm and airy atmosphere. The layout is centered around a seating area in front of a large window, which allows for plenty of natural light to fill the space."
"scandinavian_345.jpg","Scandinavian","light wood, white, neutral","wood, metal, marble","Recessed lights and track lighting provide ample illumination, while the natural light from the large windows adds warmth.","Calm and airy.","stainless steel appliances, wooden kitchen island with seating, built-in shelves for displaying decor items","The kitchen is open concept with a walkway between the cooking and dining areas, creating an unobstructed flow.","This Scandinavian-style kitchen features natural wood elements and modern appliances, with a focus on functionality and ease of movement."
"scandinavian_346.jpg","Modern","white, black, beige","steel appliances, wood cabinets, glass shelf","bright overhead lighting with under-cabinet lighting","clean and minimalist","coffee maker on counter, empty bottles of lotion on shelf, red towel hanging over sink","small galley kitchen with appliances on one wall","This is a modern, clean galley kitchen with minimalist design. The color palette includes white, black and beige. Materials used are steel for the appliances, wood for cabinets, and glass for shelving. Lighting is bright overhead with under-cabinet lights providing additional illumination. There are a few personal items such as bottles of lotion on a shelf and a red towel over the sink. The layout has appliances along one wall and minimal decor."
"scandinavian_348.jpg","Scandinavian","black, white, natural wood","dark metal, glass, wood","The space is bathed in natural light from large windows and a skylight.","Calm and airy, with a touch of rustic charm.","sofa, coffee table, chair, plant, floor lamp","The living room features an open space with a central seating area.","This Scandinavian-style living room is characterized by its minimalist design, use of natural materials like wood and metal, and the incorporation of light wood tones for warmth. Large windows and skylights provide an abundance of natural light, creating a bright and inviting atmosphere. The furnishings are kept to a minimum with a focus on comfort and functionality, including a sofa, chair, coffee table, plant, and floor lamp."
"scandinavian_349.jpg","Modern Minimalist","light grey, white, dark wood","marble, glass, wood","natural light from skylights and wall sconces","calm and serene","freestanding bathtub, floating sink, large mirror, woven basket, potted plant","space is divided into separate areas for bathing, washing, and relaxation.","This modern minimalist bathroom features a serene color palette of light grey, white, and dark wood. The design focuses on clean lines and functionality, with materials such as marble, glass, and wood. Natural light from skylights and wall sconces creates a calm and serene atmosphere."
"scandinavian_35.jpg","Modern Minimalist","white, gray","wood, stone, steel","bright and airy with natural light from large windows and skylights","spacious and serene","modern sectional sofa, contemporary coffee table, large area rug, floor lamp, modern artwork","open floor plan with a central seating area and expansive windows for viewing the outdoor landscaped yard","This modern two-story home features minimalist design elements, neutral color palette, and spacious open layout that connects to an immaculate outdoor space."
"scandinavian_352.jpg","Modern Minimalist","blue, white, wood","wood, tile, metal","Natural light from the large window above the sink and mirror.","Bright and clean, with a touch of natural texture.","sink, mirror, plant","L-shaped bathroom layout, with sink on the left wall and mirror on the right wall.","This modern minimalist bathroom features a blue geometric tile backsplash that complements the white sink basin and wooden towel rack. The large window above the sink and mirror lets in plenty of natural light, creating a bright and clean atmosphere."
"scandinavian_353.jpg","Modern Minimalist","white, beige, light wood","glass, porcelain, stainless steel","bright and even lighting from recessed ceiling lights","calm and relaxing","bathtub, showerhead, soap dish, bath mat, towel rack","space divided by glass shower door into a clear, open wet zone and dry zone","This modern bathroom has a clean and minimalist design with white fixtures, a light wood accent wall, and stainless steel hardware."
"scandinavian_354.jpg","Modern Minimalist","neutral grey, white, brass","wood, marble, metal","well-lit with natural light","calm and serene","mirror, bathroom sink, potted plant, soap dispenser","efficient use of space with a simple vanity set against the wall","This bathroom has a minimalist design featuring neutral colors and materials, creating a serene atmosphere."
"scandinavian_355.jpg","Modern Minimalist","white, beige, light wood","oak wood, linen, concrete","natural soft light from large windows","calm and airy","kitchen island, stainless steel appliances, white subway tile backsplash, dining table and chairs","open space with central kitchen island and dining area","This modern minimalist kitchen features a light wood color palette, stainless steel appliances, and an open layout with a kitchen island and dining area. The large windows allow natural soft light to fill the space, creating a calm and airy atmosphere."
"scandinavian_357.jpg","Modern Minimalist","light gray, beige, green","oak wood, linen, concrete, steel","natural soft light from large windows and recessed ceiling lights","calm and airy","sofa, coffee table, plant, floor lamp, sleek pendant light, artwork","open space with central seating area, featuring a large window and a staircase leading to an upper level","This modern minimalist living room features light gray and beige tones, oak wood accents, and a warm green palette. The space is brightened by natural soft light from large windows and recessed ceiling lights. A comfortable sofa sits in the center of the open floor plan, with a sleek pendant light hanging above it for additional illumination. Decorative elements include a plush coffee table, contemporary artwork on the walls, and a lush green plant adding life to space."
"scandinavian_359.jpg","Modern Minimalist","white, beige, light wood","glass, wood, metal","natural soft light from large windows","calm and airy","sofa, coffee table, plant, floor lamp","open space with central seating area","This modern minimalist living room features clean lines and simple furniture arrangements. The color palette is neutral, creating a serene atmosphere. Large windows let in natural light, enhancing the calm and airy feeling of the room."
"scandinavian_36.jpg","Modern Minimalist","white, light wood, dark gray","oak wood, stainless steel, silestone","recessed lighting with a large window allowing natural sunlight to fill the space","calm and airy","bar stools, dining table, kitchen island, range hood, backsplash","open space with kitchen island as focal point and dining area to the side","This modern minimalist kitchen features an open design, a mix of light wood and dark gray tones, stainless steel appliances, and a large window that allows natural light to fill the space. The bar stools provide seating at the island, while the dining area is off to the side. The clean lines and simple aesthetic create a calm and airy atmosphere."
"scandinavian_360.jpg","Modern Minimalist","white, beige, light wood","oak wood, linen, steel, glass","bright and natural light from windows","calm and serene","sofa, coffee table, flat screen TV, floor lamp","open space with central seating area, stairway leading to upper level","This is a modern minimalist living room with oak wood flooring and white linen upholstery. The space features a bright, open layout with ample natural light coming through large windows. The seating area is centered around a comfortable sofa and coffee table, and there's a flat screen TV for entertainment. A floor lamp adds additional lighting for the room."
"scandinavian_361.jpg","Scandinavian","gray, white, black","leather, wood, fabric","natural light from large windows and a chandelier","calm and cozy","sofa, coffee table, plant, floor lamp, chairs","open space with central seating area, flanked by windows and a large chandelier","This Scandinavian-style living room has a soothing gray color palette with white and black accents. The materials used include leather, wood, and fabric, creating a warm and comfortable atmosphere. Natural light from large windows illuminates the space while a chandelier adds an elegant touch. The layout features a central seating area flanked by windows, with additional seating provided by two armchairs near a plant."
"scandinavian_362.jpg","Modern","white, wood tones, green accents","wood, glass, steel","bright natural light from large windows and ceiling fan with recessed lights","spacious, open and airy","large floor-to-ceiling window, wooden floors, modern furniture, potted plants","open concept with no walls dividing spaces","An expansive studio/gallery space for displaying art and creating new work, featuring a mix of modern design elements and bright lighting."
"scandinavian_363.jpg","Scandinavian","white, grey, natural wood","marble, wood, stainless steel","recessed lighting with warm tone","clean and bright","bar stools, island countertop, sink, kitchen appliances","open kitchen concept with island as focal point","This is a modern, Scandinavian-style kitchen featuring marble surfaces and an open layout. The color palette consists of neutral tones that create a clean, bright space. The island provides ample countertop area for food preparation and serves as a seating area with the bar stools. Natural light is allowed in through large windows or skylights, contributing to the overall airy feeling."
"scandinavian_364.jpg","Modern Minimalist","white, black, brass","wood, steel, marble","natural soft light from large windows and recessed track lighting","calm and sophisticated","modern island with built-in seating, brass pendant lights, stainless steel range hood, large wall art","open space with central island for dining and cooking","This modern kitchen combines a minimalist design with luxurious materials to create a sophisticated space that is both functional and inviting."
"scandinavian_365.jpg","Scandinavian","light brown, white, dark green","rattan, wood, wicker","natural soft light from large windows","calm and airy","mid-century modern sofa, bamboo sideboard, large potted plant, modern floor lamp, framed artwork","open space with central seating area","This living room is styled in a Scandinavian manner, featuring light brown rattan elements, white accents, and dark green plants. The space is well-lit with natural light from the windows, creating a calm and airy atmosphere."
"scandinavian_367.jpg","Modern Minimalist","white, gray, wood","glass, metal, porcelain","ambient light from ceiling fixtures and natural light entering through window","calm and serene","shower head, white towel, wooden bench","walk-in shower with no curtain, toilet next to wall","A modern bathroom with minimalistic design, featuring a walk-in shower, white towel, and wooden bench. The space has an open feel with natural light entering through the window."
"scandinavian_369.jpg","Modern Minimalist","black, white, wood","metal siding, glass windows, wood deck","natural soft light from large windows","calm and airy","deck chair, plant on porch, wooden stairs, patio heater","open space with central deck area","A modern, minimalist cabin in the woods featuring a black exterior siding, wood deck and stairs, and large windows for natural light."
"scandinavian_37.jpg","Modern Minimalist","white, wood tones, black accents","marble, wood, glass","ambient light with recessed ceiling fixtures and sconces on the sides of the mirror","calm and sleek","double sink vanity, large rectangular bathroom mirror, wooden medicine cabinet","long, narrow space with a wall-mounted sink centered below the mirror","This modern minimalist bathroom features a large double sink vanity with a wood cabinet and a sleek design. The white countertops complement the wood tones throughout the space. A wall-mounted mirror provides storage above, while the recessed ceiling fixtures offer ambient lighting. A medicine cabinet adds functionality to the space."
"scandinavian_370.jpg","Modern Minimalist","white, beige, light wood","oak wood, linen, concrete, steel","natural soft light from large windows and hanging lights","calm and airy","sofa, coffee table, plant, floor lamp","open space with central seating area, flanked by storage shelves and a fireplace","This modern living room features minimalist design elements, with a neutral color palette that creates an airy and serene atmosphere. Natural light is complemented by hanging lights to provide warm illumination. The open space arrangement promotes comfort and relaxation."
"scandinavian_371.jpg","Modern Minimalist","white, beige, natural wood","oak wood, linen, stainless steel","recessed and track lighting providing bright, even illumination throughout space","clean, crisp, and modern with a touch of warmth","wooden dining table, four matching chairs, large woven basket as wall decor","open plan layout with kitchen area seamlessly integrated into living space","This is a modern, minimalist interior design in an open-plan layout. The color palette consists of neutral tones, the materials used include oak wood and linen, and the lighting is bright and even through recessed and track lighting. The room has a touch of warmth with natural elements like the woven basket on the wall."
"scandinavian_372.jpg","Modern Minimalist","white, light wood, green accent","wood, stainless steel, concrete","natural soft light from large windows and under-cabinet lighting","bright and airy, with a touch of warmth","kitchen island, wooden bar stools, plants, hanging pendant lights","open kitchen layout with a central island for food preparation and seating area","This modern minimalist kitchen features an open design with a wooden bar, plants adding warmth to the space, and under-cabinet lighting illuminating the workspace."
"scandinavian_375.jpg","Scandinavian","beige, light wood, white","marble, wood, glass","natural lighting accentuated by recessed ceiling lights","calm and serene","sink, mirror, shelf, plant","open space with long counter along one wall, framed mirror above sink, shelf on opposite wall.","A modern bathroom with a Scandinavian design style, featuring marble walls, wooden and glass materials, recessed ceiling lights, and a minimalist layout that emphasizes open space and natural light."
"scandinavian_376.jpg","Modern Minimalist","white, beige, light wood","leather, wood, metal","natural soft light from large windows","calm and airy","sofa, coffee table, potted plant, floor lamp","open space with central seating area","This is a modern minimalist living room featuring clean lines, neutral colors, leather upholstery, and ample natural light."
"scandinavian_377.jpg","Modern Minimalist","white, black, grey","marble, stainless steel, wood","natural soft light from large windows","calm and airy","countertop stove, pots and pans, wooden cutting board, vase","open space with central cooking area","This modern kitchen features a minimalist design with black and white accents, marble countertops, and an open layout centered around the stove."
"scandinavian_379.jpg","Modern Minimalist","white, beige, light wood","wood, fabric, glass","well-lit with natural light from large windows","calm and airy","vase, cushioned bench, bookshelf","open space with central seating area near staircase","A modern minimalist interior design featuring a calming color palette, natural light from large windows, and simple, elegant furnishings."
"scandinavian_38.jpg","Scandinavian","white, beige, light wood","wood, fabric, metal","natural soft light from large windows","calm and airy","sofa, coffee table, plant, floor lamp","open space with central seating area","A modern Scandinavian living room featuring light wood elements, a white sofa in a central open layout, and natural light from large windows creating a calm and airy atmosphere."
"scandinavian_380.jpg","Scandinavian","beige, light wood, white","brick, wood, glass","Natural light from large windows and ceiling lights.","Cozy and inviting.","sofa, coffee table, plant, floor lamp","Open space with central seating area.","The home has a warm, welcoming atmosphere with a blend of natural materials and modern design elements."
"scandinavian_381.jpg","Scandinavian","white, beige, light wood","oak wood, linen, concrete, steel","natural soft light from large windows","calm and airy","modern white dining table, white plastic chairs with wooden legs, colorful toys, wooden storage boxes on shelves, light wood stools in corner","open space with central seating area","A modern Scandinavian designed nursery room with natural light, wooden furniture and toys, featuring a calm and airy atmosphere."
"scandinavian_382.jpg","Modern Minimalist","dark gray, light gray, white","oak wood, black metal, white subway tile","natural soft light from large windows","calm and airy","island with stools, large open shelves, green plant","open space with central island and surrounding counters","This is a modern kitchen featuring minimalist design elements, dark wood tones, and an airy feel due to the large windows. The palette consists of soft grays and white, with oak wood used for cabinetry, black metal for fixtures, and subway tile backsplashes. The layout includes central island seating surrounded by counters for food preparation."
"scandinavian_383.jpg","Modern","white, light wood","wooden cabinetry, marble countertops, stainless steel appliances","ambient and task lighting with recessed fixtures","clean, bright, and organized","kitchen island, built-in oven and microwave, stainless steel faucet","linear design with central work triangle","A modern kitchen space featuring clean lines, wooden cabinetry, marble countertops, stainless steel appliances, and a central island for cooking and dining."
"scandinavian_385.jpg","Modern Minimalist","white, beige, light wood","wood, porcelain, stainless steel","natural soft light from a wall-mounted light fixture","calm and airy","sink, mirror, toiletries, shelving","small bathroom with separate sinks and walk-in shower","This is a modern, minimalist bathroom designed for efficiency and calmness, featuring light wood accents and natural lighting."
"scandinavian_386.jpg","Modern","white, beige, black","wood, linen, metal","Natural soft light from large windows and recessed ceiling lights.","Bright and airy","Platform bed, Mid-century modern armchair, Minimalist desk, Modern floor lamp, Rustic wood console table","Spacious open space with a large bed in the center and modern furnishings around it.","This room combines modern design elements with a bright and airy atmosphere, featuring natural light from large windows that provide a stunning view of the outdoors."
"scandinavian_387.jpg","Scandinavian","white, gray, wood","glass, steel, wood","natural soft light from large windows and recessed ceiling lights","calm and airy","sofa, coffee table, plant, floor lamp, dining table and chairs","open space with central seating area surrounding a dining table","This modern Scandinavian-style kitchen is characterized by clean lines, natural lighting, and minimalistic decor. The color palette consists of white and wood tones, complemented by gray accents. Materials include glass, steel, and oak wood. The layout features an open space with a central seating area around the dining table."
"scandinavian_388.jpg","Modern","white, light wood, gray","steel, glass, marble","natural soft light from large windows","bright and airy","dining table with metal legs, wooden chairs, abstract artwork on wall, white pendant lights, green plant","open space with central seating area","This modern dining room features a steel and glass table set in the center of a white kitchen. The color palette is neutral, with light wood accents and gray walls. Large windows fill the space with natural light, creating a bright and airy mood."
"scandinavian_389.jpg","Scandinavian","dark teal, white, light gray","wood, linen, brass","natural soft light from large windows","calm and airy","bed with white linens, wooden headboard, floor lamp, small sofa, white bedside table, potted plant","open space with central seating area around the fireplace","This interior design presents a clean, minimalist Scandinavian style, with soft and natural colors. The room features light wood elements and a linen color palette, contributing to a calm and airy atmosphere. A small sofa and bedside table sit around the fireplace, which acts as a central focal point in the open space."
"scandinavian_39.jpg","Modern Minimalist","white, black, gray","wood, leather, glass","natural soft light from large windows","calm and airy","sofa, coffee table, plant, floor lamp","open space with central seating area","This is a modern, minimalist living room with a focus on clean lines and neutral colors. The space features wooden floors, a white sofa, and large windows that let in soft natural light. A floor lamp adds to the ambiance, while a leather armchair and a vase of flowers contribute to the comfortable, cozy atmosphere."
"scandinavian_392.jpg","Modern Minimalist","white, neutral tones, black accents","stone, metal, wood, fabric","natural soft light from large windows and glass roof","calm and airy","white sofa with black cushions, wooden coffee table, floor lamp, plant","open space with central seating area, outdoor grill to side","The interior design features a modern minimalist style with neutral tones and black accents. The stone fireplace and grill add warmth to the otherwise cool color palette. Natural light streams through the large glass roof and walls, creating an airy atmosphere."
"scandinavian_395.jpg","Modern","white, black, neutral","wood, leather, metal","Natural light from large windows.","Calm and modern","sofa, coffee table, lamp, rugs, pillows","Open concept with central seating area.","This is a modern living room featuring a neutral color palette, wood and leather materials, natural light from windows, and an open floor plan. The furniture includes a sofa, coffee table, lamp, rugs, and pillows."
"scandinavian_396.jpg","Modern Minimalist","off-white, wood, brass","glass, tile, marble","Natural light from large window and ceiling light fixture","Calm and serene","round mirror, wooden towel rack with brown towels, small plant on top of bathtub","Bathtub centered between two glass shower walls","This modern bathroom features a minimalist design with off-white tiles, wood accents, and brass fixtures. A large window provides natural light to the space, enhancing the spaciousness of the room."
"scandinavian_397.jpg","Modern Minimalist","light wood, white, black","oak wood, linen, concrete","bright and natural light from large windows","calm and airy","sofa, coffee table, floor lamp, plant, wooden barstools","open space with central seating area and dining table under a skylight","A modern minimalist living room with a light wood palette, featuring oak wood furniture, linen upholstery, concrete accents, and natural light from large windows."
"scandinavian_398.jpg","Modern Minimalist","white, gray","concrete, wood","natural light from large windows","calm and relaxed","sofa, chair, coffee table, floor lamp","open space with central seating area","A modern minimalist beach house with a neutral color palette, featuring wooden accents and large windows to let in natural light. The design creates a calm and relaxed atmosphere with a comfortable seating area for enjoying the view."
"scandinavian_399.jpg","Scandinavian","white, wood tones, blue accents","tiles, oak wood, glass","natural light from window","calm and serene","shower with glass door, vanity sink with mirror above, walk-in shower with curved wall, wood framed glass door, matte black faucet","small room layout with open doorway to bedroom","This bathroom is styled in a clean, modern Scandinavian design with natural lighting and minimalistic color palette. The shower is the central feature of this space, which also includes a vanity sink and a walk-in shower."
"scandinavian_4.jpg","Modern Minimalist","light gray, white, natural wood","steel appliances, oak cabinets, marble countertops, glass backsplash","well-lit, with recessed lighting and natural light from windows","clean, bright, and welcoming","refrigerator, oven, coffee maker, sink, potted plants","efficient galley layout with island in the center for additional counter space","This kitchen combines modern minimalist design with clean lines and natural materials, creating a bright and welcoming space that is both functional and stylish."
"scandinavian_40.jpg","Scandinavian","white, orange, grey","wood, linen, metal","sunlit and bright","modern and clean","bed, desk, bookshelf, lamp","small, efficient space with bed in corner","A small room with a bed, desk, bookshelf, lamp, and orange blanket on the bed. The design is Scandinavian with minimalist style."
"scandinavian_401.jpg","Modern Minimalist","white, beige, light wood","oak wood, linen, concrete","natural soft light from large windows","calm and airy","sofa, coffee table, plant, floor lamp","open space with central seating area","This modern living room is designed for simplicity and comfort, featuring a neutral color palette and natural light from large windows."
"scandinavian_405.jpg","Modern Minimalist","white, gray, wood","glass, steel, wood","natural soft light from large windows","calm and airy","chair, coffee table, plant","open space with central seating area","This interior design is characterized by a modern minimalist style, featuring clean lines and simple color palette. The main materials used are glass for the walls, steel for structural support, and wood for accents. The lighting comes from large windows, creating a bright and open space with a calm atmosphere. The room contains a central seating area with a chair and a coffee table, along with a plant to add a touch of nature."
"scandinavian_406.jpg","Modern Minimalist","white, black, wood","oak wood, steel, glass","bright with natural light from large windows","calm and serene","sofa, coffee table, floor lamp, plant, artwork","open space with a central seating area","This modern minimalist living room features oak wood walls, black accents, and a bright lighting scheme that enhances the natural light from large windows. The space is furnished with a sofa, coffee table, floor lamp, plant, and artwork, creating a calm and serene atmosphere."
"scandinavian_408.jpg","Modern Minimalist","dark gray, white, wood tones","oak wood, linen, concrete, steel","natural soft light from large windows","calm and airy","crib, baby changing table, small side table, area rug, bookshelf","open space with central seating area","A modern, minimalist nursery with a dark gray color scheme and oak wood accents. Large windows let in natural light to create an airy atmosphere. The crib is the focal point of the room, flanked by a baby changing table and a small side table for books and essentials. An area rug on the floor adds warmth underfoot."
"scandinavian_41.jpg","Modern Minimalist","white, light gray","oak wood, marble, glass","natural light from window","calm and serene","sink, mirror, plant, towel rack, soap dispenser","rectangular space with central sink area","A modern, minimalist bathroom with a clean white color palette and natural light."
"scandinavian_410.jpg","Modern Minimalist","white, light wood","glass, oak, steel","natural soft light from large windows","calm and airy","sofa, coffee table, floor lamp, plant, modern chairs","open space with central seating area","A modern, minimalist interior with natural light and a clean design, featuring glass staircase and steel accents."
"scandinavian_412.jpg","Scandinavian","white, navy blue, light wood","oak wood, porcelain, steel","natural soft light from large windows","calm and airy","wooden floor lamp, rectangular mirror, black countertop sink","small space with wall-to-wall tile","The bathroom features a Scandinavian design, with white tiles on the walls and navy blue accent tiles. A wooden floor lamp provides soft lighting that complements the natural light coming through large windows. The countertop sink is mounted into a black countertop, providing a stark contrast against the lighter backdrop."
"scandinavian_413.jpg","Modern","black, white, brass","stainless steel, black stained wood, quartz countertops","recessed and hanging lighting with a mix of warm and cool white tones","modern and sleek, with a hint of industrial influence","high-rise kitchen faucet, brass pendant lights, black bar stools","open concept kitchen and dining room layout with central island","The modern kitchen design features black cabinetry, quartz countertops, a large island, hanging brass pendant lights, stainless steel appliances, and high-rise faucets for a sleek, clean look."
"scandinavian_414.jpg","Modern Minimalist","black, white, gray","wood, metal, fabric","natural soft light from large windows and ceiling lights","clean, contemporary, and inviting","modern sofa, black coffee table, minimalist console, simple floor lamp, white pendant lights","open space with central seating area around television","A spacious and modern living room featuring black, white, and gray color tones, a minimalist design style, and a focus on natural light."
"scandinavian_415.jpg","Modern Minimalist","light gray, beige, dark wood","oak wood, linen, leather","natural soft light from large windows","calm and airy","sofa, coffee table, plant, floor lamp, tv","open space with central seating area","The living room features a modern minimalist design, with light gray walls and beige carpeting. The dark wood furniture adds warmth to the space. Large windows allow for natural soft light that fills the room, creating a calm and airy atmosphere."
"scandinavian_416.jpg","Modern Minimalist","white, beige, light wood","oak wood, linen, steel","natural soft light from large windows","calm and airy","sofa, coffee table, plant, floor lamp, potted plant","open space with central seating area around the window","This modern minimalist interior features a neutral color palette and natural materials, creating a calm and airy atmosphere. The large windows provide plenty of natural light, while the central seating arrangement around them provides a cozy spot to relax."
"scandinavian_417.jpg","Modern","white, light wood","wood, metal, porcelain","good natural light from windows, and ambient lighting fixtures","clean, modern, and serene","double vanity with mirrors above each side, single towel holder on wall, white rug under sink, small potted plant","long narrow room with bathroom area set against a single wall","A modern double-vanity bathroom with clean lines and natural lighting."
"scandinavian_418.jpg","Scandinavian","white, beige, light wood","wood, fabric, metal","natural soft light from large windows and interior lamps","calm and airy","white sectional sofa, wooden coffee table with plants on top, gray armchair, floor lamp with a beige shade, large abstract art piece","open space with central seating area and a view of the ocean","This living room combines Scandinavian minimalism with coastal views, featuring natural light, soft textiles, and an airy color palette."
"scandinavian_419.jpg","Scandinavian","black, white, wood","cedar shake siding, concrete block exterior wall, glass block accents","natural soft light from large windows with frosted glass","calm and airy","wooden sofa, coffee table, potted plant, vintage floor lamp","open space with central seating area, flanked by exterior walls","This house is a Scandinavian-style home with a black exterior, white trim, and wood accents. The interior features a natural light color palette with cedar siding and glass block windows. The open layout includes a central seating area flanked by walls on both sides."
"scandinavian_42.jpg","Modern Minimalist","white, black, wood","wood, steel, glass","natural soft light from large windows and recessed lights in the ceiling","calm and airy","sofa, coffee table, plants, floor lamp","open space with a central seating area on the raised platform that is level with the street, creating an inviting outdoor connection.","This modern minimalist home features clean lines and natural materials such as wood and steel, giving it a warm yet refined look. With large windows allowing in ample natural light and plenty of plants, it creates a calm and airy atmosphere."
"scandinavian_420.jpg","Modern Minimalist","dark grey, white, natural wood","steel, concrete, wood","modern with large windows for natural light","clean and serene","couch, coffee table, chairs, potted plant","spacious with open concept and a central seating area","This modern minimalist style house is painted in dark grey, features natural wood accents, and has an open layout that creates a serene atmosphere."
"scandinavian_421.jpg","Modern Minimalist","white, beige, light wood","oak wood, linen, concrete","natural soft light from large windows","calm and airy","bunk beds, white bedding, pink desk and chair, bookshelves with knick-knacks, wooden storage boxes underneath desk","small multi-functional room with lofted bunk beds above desk area, creating a sense of openness.","This minimalist bedroom features modern furnishings and decor, including wood accents and concrete elements. The large windows allow for natural light to fill the space, while the bunk beds offer both sleeping quarters and a cozy seating area. The pink desk and chair provide a pop of color against the otherwise neutral tones, and the bookshelves with knick-knacks add a personal touch to the room."
"scandinavian_423.jpg","Modern Minimalist","white, gray, beige","metal, leather, wood","soft, diffused light from ceiling recesses and natural light from large windows","calm and serene","modern sofa, low-profile coffee table, contemporary pendant lights, mid-century modern armchair","open floor plan with a central area for seating, flanked by walls of windows","This minimalist living room features clean lines and a neutral color palette, creating a serene atmosphere that is both stylish and functional."
"scandinavian_424.jpg","Modern Minimalist","black, white, gold","steel, concrete, linen","recessed and track lighting, creating a clean and sleek look","calm and elegant","bed with geometric headboard, round wall art, square pendant lights, round mirror, large window","long narrow space with a view to the outside","This is a modern minimalist bedroom with clean lines and monochromatic color scheme, featuring a geometric headboard, round wall art, square pendant lights, large window for views."
"scandinavian_425.jpg","Modern Minimalist","white, beige, light wood","wood, linen","soft natural light from large windows","calm and airy","table, chairs, vase with flowers, wall art","open space with central seating area","This is a modern minimalist dining room with a warm and inviting atmosphere, featuring natural wood tones and soft lighting that creates an open feel."
"scandinavian_426.jpg","Modern Minimalist","white, gray, wood accent","steel beams and supports, leather upholstery, light wood floors","modern and bright with recessed lighting and large windows for natural light","calm and contemporary","gray sectional sofa, tufted leather ottoman, reclaimed wood coffee table, industrial style floor lamp","open space with a central focus on the television","This modern living room combines minimalist design elements with industrial accents for a stylish and contemporary feel."
"scandinavian_427.jpg","Modern Minimalist","white, wood tones, black accents","stainless steel appliances, wood cabinets and island, marble countertops, concrete flooring","recessed lighting with track system for ambient lighting, under-cabinet lights for task lighting, dimmer switches for flexibility.","bright and airy","large island with built-in cooktop, bar stools at the island, sleek countertops, stainless steel refrigerator","open space layout with central island serving as a focal point for dining and socializing. The kitchen is situated between the living room and the backyard, creating an open flow.","This modern minimalist kitchen features stainless steel appliances that provide a sleek look while maintaining functionality. Wood cabinets and island add warmth to the space, and the marble countertops contribute elegance. The concrete flooring enhances the clean lines of the space. Recessed lighting with track system illuminates the room evenly, allowing for easy cooking tasks."
"scandinavian_428.jpg","Modern Minimalist","white, beige, light wood","tile, wood, metal","natural light from the windows","clean and serene","toilet, sink, mirror, shower door","small, compact space with separate areas for toilet and sink","This is a modern bathroom design with minimal decorations. The color palette consists of white, beige, and light wood tones. The materials used are tile, wood, and metal. The bathroom features a large mirror above the sink, as well as a window that allows for natural lighting during the day. The layout is efficient, utilizing the limited space with separate areas for the toilet and sink."
"scandinavian_429.jpg","Scandinavian","white, light blue, natural wood","wood, glass, stainless steel","Natural light from large windows and pendant lights.","Bright, clean, and inviting.","kitchen cabinets, butcher block island, vase with flowers, small plant, coffee maker","Open kitchen layout with a central island that serves as both storage and workspace.","This is an interior design image of a modern Scandinavian-style kitchen. The color palette consists of white, light blue, and natural wood, with the use of glass and stainless steel materials giving it a contemporary feel. The space is well lit by natural light coming in through large windows and pendant lights hanging from the ceiling. The mood is bright, clean, and inviting, creating an atmosphere that feels both cozy and open at the same time. Objects include kitchen cabinets, a butcher block island, a vase with flowers, a small plant, and a coffee maker. The layout features an open kitchen design with ample counter space and storage provided by the central island."
"scandinavian_43.jpg","Scandinavian","white, light gray, wooden tones","natural wood, textile, leather","dimmable floor lamps and overhead lighting with adjustable color temperature","calm and inviting","bed, wardrobe with mirror, plants, storage unit","open space with bed in corner, wardrobe adjacent to it, plants against wall, and storage unit along opposite wall","This modern bedroom incorporates Scandinavian design principles with a calming color palette of whites and light tones, natural materials like wood and linen, and a minimalist layout that maximizes open space."
"scandinavian_430.jpg","Modern Minimalist","light blue, beige, brass","oak wood, marble, stainless steel","bright and even natural light from a large window above the sink","clean, modern, and serene","white porcelain bathroom sink with brass faucet, rectangular mirror, shelving unit with towel rack","efficient use of space with a narrow cabinet below the sink providing storage","The bathroom features a modern minimalist design with a clean, uncluttered look. The color palette includes light blue walls and beige accents, complemented by brass fixtures. Natural light from the large window above the sink illuminates the space, creating a serene atmosphere."
"scandinavian_431.jpg","Scandinavian","white, beige, wood","oak wood, linen, glass","soft light from a chandelier above the mirror and natural light from the window.","calm and serene","mirror, sink, vanity, plants","space is organized with a sink area in front of a large window for natural light, and a mirror above the sink to create a feeling of openness.","A clean, modern bathroom design with a focus on natural materials and colors that create a calming atmosphere."
"scandinavian_432.jpg","Scandinavian","white, light wood, black","oak wood, marble, stainless steel","natural soft light from large windows","calm and airy","countertop, cabinets, oven range, kitchen island","modern galley kitchen with central island","This is a modern, clean-lined galley kitchen featuring white cabinetry, marble countertops and stainless steel appliances. The layout includes an efficient work triangle centered around the kitchen island."
"scandinavian_433.jpg","Modern","white, light wood, black","oak wood, marble, steel","soft overhead light with accent lighting around mirrors","clean, minimalist and bright","large vanity mirror, sleek wooden cabinet, metal sink, round metal towel rack","wall-mounted sinks with large mirrors above them, flanking a central vanity","This is a modern bathroom featuring minimalist design elements and clean lines. The space is brightly lit and centered around the double wall-mounted sinks and large mirrors."
"scandinavian_434.jpg","Scandinavian","white, light blue, beige","wood, fabric, metal","natural light from windows and wall sconces","calm, inviting and clean","bookshelf, coffee table, sofa bed, wooden rocking horse, artwork on the walls","open concept space with a central area for sitting and reading","A neatly arranged, modern room with a clean Scandinavian design featuring white furniture, natural light and minimal decor."
"scandinavian_435.jpg","Modern Minimalist","white, neutral tones","wood, glass, metal","natural light from windows, supplemented by soft overhead lights","calm and serene","cabinets with gold handles, large bathroom mirror, sleek wall-mounted sink","square footage with efficient use of space, including corner placement for fixtures","A modern minimalist bathroom with a neutral color palette and natural lighting."
"scandinavian_436.jpg","Modern Minimalist","white, black, beige","wood, leather, metal","natural soft light from large windows","calm and airy","sofa, coffee table, plant, floor lamp","open space with central seating area","This is a modern minimalist living room featuring a clean and uncluttered design. The color palette is simple, with white walls and black accents on the leather furniture. The wooden coffee table adds warmth to the room. The large windows let in plenty of natural light that complements the wood ceiling beams. A plant sits near the floor lamp, adding a touch of nature to space."
"scandinavian_437.jpg","Modern Minimalist","grayscale, wood tones, green accent","tiled backsplash, granite countertop, brushed nickel fixtures","ambient and task lighting with a focus on natural light from the large windows","clean, calm and serene","freestanding bathtub, walk-in shower with glass door, wooden toilet paper holder, large round mirror","linear layout with bathroom vanity centered between toilet and bathtub","This modern minimalist bathroom features a monochrome color scheme, natural light from large windows, and sleek materials that create a serene and clean environment."
"scandinavian_438.jpg","Modern Minimalist","white, natural wood tones, grey","oak wood, stainless steel, marble, glass","soft and diffused lighting from recessed lights in ceiling","clean, bright and inviting","kitchen island with stools, wooden table and chairs, hanging pots, large green plant","open space with kitchen island and countertop seating area","The interior of a modern home features clean lines, minimalist design elements, natural wood tones, stainless steel appliances and fixtures, and a soft lighting scheme that creates a bright and inviting atmosphere."
"scandinavian_439.jpg","Modern Minimalist","beige, light wood, white","wood, linen, glass","soft, warm light from recessed LED fixtures and a large window","calm and serene","built-in wood shelves, copper sink faucet, decorative wall mirror, beige throw blanket, woven basket","a long narrow space with a built-in desk underneath the window and floating wood shelves against a backdrop of white painted walls","A modern minimalist bathroom design, featuring clean lines and a neutral color palette. The space is bright and airy with soft lighting that complements the natural light from the large window. There's a built-in wood shelf for storage and decoration, and a copper sink faucet adds a touch of color and elegance to the space."
"scandinavian_44.jpg","Modern Minimalist","off-white, light wood, navy blue","wood-look tile, glass shower door, brass hardware","natural soft light from large windows","calm and airy","bathtub, plant, woven basket, brass faucet","open space with central bathtub, flanked by plant and woven basket on left and brass faucet on right","This modern bathroom features a minimalist design with natural wood elements, off-white walls, and a large window that brings in soft sunlight. The main focus is the freestanding bathtub in the center, which is flanked by a plant and a woven basket on one side, and a brass faucet on the other."
"scandinavian_440.jpg","Scandinavian","white, beige, light wood","oak wood, linen, concrete","natural soft light from large windows","calm and airy","kitchen island, black bar stools, wood cutting board, silver kitchen faucet","open space with central kitchen island","This Scandinavian-style kitchen features a clean, minimalist design with an emphasis on natural light and warm wood tones. The centerpiece is the large kitchen island, topped with light wood, which provides both a workspace for cooking and a casual dining spot. The black bar stools add a touch of modern style to the space. Decorative elements like the silver kitchen faucet contribute to the sleek aesthetic."
"scandinavian_441.jpg","Scandinavian","white, gray, wood","oak wood, linen, glass, steel","natural soft light from large windows","calm and airy","sofa, coffee table, plant, floor lamp, staircase railing","open space with central seating area, stairwell in the middle of the living room and dining room","This Scandinavian-style open floor plan creates a bright and airy atmosphere. The space is filled with soft linen textures and natural wood accents, complemented by the warm glow of the large windows."
"scandinavian_442.jpg","Modern","white, gray, wood","tile, glass, brass","natural light from a large window above the bathtub and a recessed light above the sink","calm and relaxing","bathtub with clear glass door and brass hardware, sink with wooden cabinet below it, brown towels hanging on racks","small space layout featuring a compact bathroom vanity next to the shower area","A modern bathroom with a tile-wrapped bathtub, glass door, and clear walls. A sink is placed under a large window for natural lighting."
"scandinavian_444.jpg","Modern Minimalist","white, beige, light wood","wood, metal, glass","recessed lights in the ceiling providing a bright and spacious feel.","clean and modern with a warm touch from the natural light.","kitchen island, stainless steel appliances, modern pendant lights","an open kitchen that leads to a dining area, with a visible cooking space and bar seating.","A modern minimalist kitchen with stainless steel appliances and wood cabinetry, featuring an island in the center for additional counter space."
"scandinavian_445.jpg","Modern Minimalist","white, light wood","wood, concrete","natural soft light from large windows and ceiling lights","calm and airy","staircase, couch, side table, plant","open space with central seating area","This interior design showcases a clean, minimalist style with natural wood accents and ample natural light. The stairs leading to the upper level add an interesting architectural element, while the plant brings a touch of greenery to the space."
"scandinavian_446.jpg","Scandinavian","white, beige, natural wood","oak wood, linen, steel","natural soft light from large windows and skylights","calm and airy","sofa, coffee table, plant, floor lamp","open space with central seating area surrounded by cabinetry and windows","This Scandinavian-style kitchen and living room combines neutral colors, natural materials, and an open layout to create a calm and airy atmosphere."
"scandinavian_447.jpg","Scandinavian","white, beige, light wood","oak wood, linen, steel","natural soft light from large windows","calm and airy","white vanity cabinet, gold fixtures, bathroom mirror, white towels","clean lines and organized space","A bright, clean bathroom with a white color palette and gold accents."
"scandinavian_448.jpg","Modern Minimalist","white, beige, wood accent","oak wood, linen, metal","soft natural light from large windows and ceiling lights","calm and cozy","sofa, coffee table, plant, floor lamp","open space with central seating area in front of large windows","A modern minimalist living room with a calming color palette, soft lighting, and simple furniture arrangement."
"scandinavian_449.jpg","Modern Minimalist","black, white, wood","wood, stone, metal","natural soft light from large windows","calm and airy","sofa, coffee table, plant, floor lamp","open space with central seating area","This modern minimalist house features clean lines, an open floor plan, and natural lighting that creates a serene atmosphere."
"scandinavian_451.jpg","Modern Minimalist","beige, white, light wood","oak wood, linen, steel","natural soft light from large windows","calm and airy","sofa, coffee table, plant, floor lamp, bookshelf","open space with central seating area","This is a modern minimalist living room that combines light wood and white tones for a calm and airy atmosphere. Natural light from large windows enhances the spacious feel of the open floor plan, which includes a central seating area centered around a sofa and coffee table with a plant on top. A bookshelf filled with books adds a touch of coziness to the otherwise minimalist design."
"scandinavian_452.jpg","Modern Minimalist","black, white, light wood","brick, wood, steel","natural soft light from large windows and pendant lights over dining table","calm and airy","modern sofa with metal frame, white coffee table, tall plant in corner, floor lamp with curved arm","open space with central seating area, dining table against wall","A modern minimalist interior design featuring a mix of natural and industrial elements, including brick walls, black and white color palette, steel accents, pendant lights, tall plant, and floor lamp. The open layout maximizes space while the central seating area provides a cozy focal point."
"scandinavian_454.jpg","Modern Minimalist","white, wood tones","brick backsplash, stainless steel appliances, wooden shelving","natural soft light from large windows","calm and airy","vase with flowers, white coffee machine, wooden cutting board","open kitchen concept with window overlooking garden","A modern minimalist kitchen featuring a brick backsplash, wood tones, stainless steel appliances, and large windows that let in natural light. The space has an airy feel with a few carefully chosen objects such as flowers and a coffee machine."
"scandinavian_455.jpg","Modern Minimalist","white, light wood","glass, oak wood","bright and well-lit from recessed ceiling lighting","modern and sleek","shower stall, white toilet, wooden bench","small and compact space with walk-in shower on the left wall","This modern bathroom features a minimalist design with glass walls, white fixtures, oak wood accents, and recessed ceiling lights that provide bright illumination."
"scandinavian_457.jpg","Modern Minimalist","white, beige, gray","wood, tile, glass","soft, natural light from large windows and ceiling light fixtures","calm and inviting","bathtub, large mirror, freestanding vanity, shelving unit","a small bathroom with an open design, featuring a tub in the center and a large sink on the right wall","This is a clean, minimalist bathroom design that focuses on natural light and simple lines. The color palette consists of soft whites and beiges to create a calm atmosphere, while materials like wood and tile give it a modern feel. Large mirrors reflect the light and make the space appear more open."
"scandinavian_458.jpg","Modern Minimalist","white, beige, light wood","glass tile flooring, porcelain bathroom fixtures, marble countertop","bright and well-lit with recessed lighting","clean, uncluttered, and serene","freestanding bathtub, his/her sink vanity, floor mirror, towel rack","efficiently utilized space with separate areas for shower, bath, and washroom","This modern minimalist bathroom features a clean and uncluttered design with a marble countertop, glass tile flooring, a freestanding bathtub, his/her sink vanity, and ample lighting. The space is efficiently organized for functionality."
"scandinavian_459.jpg","Modern Minimalist","white, light wood, steel","oak wood, stainless steel, marble","bright and airy with high ceilings allowing for ample natural light","clean, sleek, and elegant","large island, freestanding sink, high-rise refrigerator, modern pendant lights","open space with a central island and adjacent high-rise appliances for ease of movement","This modern kitchen features minimalist design elements, sleek stainless steel appliances, natural wood accents, and abundant lighting. The open layout is functional and stylish, perfect for contemporary living."
"scandinavian_46.jpg","Scandinavian","white, gray, green","wood, fabric, glass","natural soft light from large windows","calm and airy","sofa, coffee table, plant, floor lamp, bookcase, pillow","open space with central seating area, flanked by bookcases on either side","This is a modern Scandinavian-style living room featuring a neutral color palette of white, gray, and green. The space is illuminated by soft natural light streaming in from the large windows, creating a calm and airy atmosphere. The furniture arrangement includes a sofa positioned for conversation with two bookcases on either side, providing storage and decoration without overwhelming the room. A coffee table offers functionality while a plant adds life to the space. The floor lamp provides additional lighting options."
"scandinavian_461.jpg","Modern Minimalist","white, natural wood","oak wood, marble, steel","soft ambient lighting from recessed lighting in ceiling and track lighting","modern, clean, and bright","kitchen island, stainless steel appliances, open shelves with kitchenware","L-shaped layout with open kitchen to living area","This kitchen combines a modern minimalist design with clean lines and bright lighting, featuring oak wood cabinetry, marble countertops, stainless steel appliances, and an L-shaped layout that flows seamlessly into the adjacent living space."
"scandinavian_462.jpg","Modern Minimalist","black and white, natural wood accents","tiled walls and floor, glass shower enclosure","well-lit space with natural light from glass windows","clean and contemporary","shower with black glass wall, coffee table with towel, wooden stool, green plant","small but functional space with separate areas for shower and storage","A modern bathroom design with a minimalist approach, featuring tiled walls and floor, glass enclosure, natural wood accents, and efficient use of space."
"scandinavian_463.jpg","Modern Minimalist","black, white, wood","concrete, steel, glass","natural light from large windows and skylights","modern and airy","large window, skylight, bicycle, wooden door, plant","open space with a single beam supporting the roof","The interior design features a minimalist aesthetic with clean lines and simple furnishings, utilizing concrete walls and flooring alongside natural wood accents. The large windows and skylights bring in ample daylight, creating an airy and modern atmosphere."
"scandinavian_464.jpg","Modern Minimalist","white, beige, light wood","oak wood, linen, glass","natural soft light from large windows and overhead skylights","calm and airy","sofa, dining table, chairs, floor lamp, plant","open space with central seating area","A modern minimalist dining room with a neutral color palette, featuring oak wood accents and large windows that fill the space with soft natural light."
"scandinavian_467.jpg","Modern Minimalist","white, light gray, wood accents","stainless steel appliances, solid wood cabinetry, glass backsplash","bright and natural, with a mix of overhead and under-cabinet lighting","clean, bright, and spacious","cooktop, vent hood, sink, wooden kitchen island","open kitchen layout with an L-shaped design that promotes interaction between cooking area and dining/social space","The modern minimalist kitchen features a clean, bright aesthetic with stainless steel appliances, light wood accents, and glass backsplash. The open layout, with an L-shaped design, promotes interaction between the cooking area and dining/social space while providing ample natural light through large windows."
"scandinavian_468.jpg","Modern Minimalist","white, gray, wood","wood, metal, fabric","Natural soft light from large windows.","Cool and sleek with a touch of warmth.","sofa, coffee table, chair, bookshelf, dining table, floor lamp","Open space with central seating area.","This modern kitchen and living room combo is minimalist in style, featuring a warm color palette of white, gray, and wood. The materials used are primarily wood for the floor and walls, metal for the appliances and lighting fixtures, and fabric for the furniture. Natural light floods in through the large windows, creating a cool and sleek atmosphere with a touch of warmth from the wooden elements. The space is divided by a central seating area featuring a sofa, coffee table, chair, and bookshelf. A dining table is also present for more formal gatherings. The overall mood of the space is calm and inviting."
"scandinavian_469.jpg","Modern Minimalist","white, beige, dark wood","oak wood, concrete, glass, steel","recessed lighting with natural soft light from large windows","calm and airy","modern desk and chair, minimalist console table, large indoor plant, sleek floor lamp, abstract artwork","open space with central seating area","This modern minimalist workspace features a clean and airy design with a neutral color palette, oak wood accents, and recessed lighting that lets in soft natural light. The room includes a minimalist desk and chair set against concrete walls, a sleek floor lamp, abstract artwork on the wall, a console table for decoration, and an indoor plant to add greenery. The layout consists of an open space with a central seating area."
"scandinavian_47.jpg","Scandinavian","gray, white, beige","cedar shingles, glass, wood","warm soft light from recessed ceiling lights and floor lamps","calm and modern","modern sofa with clean lines, minimalist coffee table, contemporary artwork on wall, floor lamp with white shade, plant for a touch of nature","open concept space with kitchen, living room, and dining area flowing seamlessly into one another","This is a Scandinavian-style home that combines clean lines, natural materials, and modern design elements to create a warm and contemporary space."
"scandinavian_470.jpg","Modern","white, light wood, dark gray","marble, steel, wood","bright and airy with pendant lights above the island","modern and clean","island with cooktop in the center, bar stools, kitchen backsplash with white subway tile","L-shaped kitchen with island at one end","A modern kitchen with a clean, minimalist aesthetic featuring pendant lights above the island, marble countertops, and a subway tile backsplash."
"scandinavian_474.jpg","Scandinavian","beige, light wood, white, green","wood, fabric","natural soft light from large windows and pendant lights above table","calm and airy","dining table, bench seating, bookshelves, vase with flowers","open space with central seating area next to bookshelves and large windows","This kitchen/dining area combines a Scandinavian aesthetic with an open layout for a bright and welcoming feel."
"scandinavian_478.jpg","Modern Minimalist","white, beige, light wood","oak wood, linen, concrete","natural soft light from large windows","calm and airy","sofa, coffee table, plant, floor lamp, armchair","open space with central seating area","A modern and minimalist living room featuring an all-white color scheme, natural wood accents, concrete flooring, a floor lamp for soft lighting, and contemporary furniture in a warm, welcoming atmosphere."
"scandinavian_479.jpg","Modern Minimalist","white, gray, natural wood","wood veneer cabinets, marble countertops, stainless steel appliances","recessed lighting with under-cabinet LED strips and pendant lights over island","bright, clean, and sophisticated","center island with integrated seating, high-efficiency range with built-in exhaust hood, subway tile backsplash","open kitchen layout connecting to dining area with peninsula countertop extension","This modern minimalist kitchen combines clean lines, natural materials, and well-thought-out storage solutions for a bright, functional space."
"scandinavian_48.jpg","Modern Minimalist","white, beige, light wood","wood, linen, fabric","natural soft light from large windows","calm and airy","bed, nightstand, lamp, plant","open space with central seating area","The bedroom is a modern, minimalist space with a calming atmosphere. The room features light wood furniture and linen textiles, creating a cozy yet sophisticated look. A large window allows for ample natural light to fill the room, enhancing the overall feel of calmness and simplicity."
"scandinavian_480.jpg","Scandinavian","white, beige, light wood","oak wood, linen, concrete","natural soft light from large windows","calm and airy","sofa, coffee table, plant, floor lamp","open space with central seating area","This living room is a perfect example of Scandinavian design, featuring a neutral color palette, natural materials and ample lighting."
"scandinavian_481.jpg","Modern","white, gray, wood","metal, quartz countertops, stainless steel appliances","recessed and under cabinet lighting","clean and minimalist","island with seating, pendant lights, open shelving, built-in banquette","galley kitchen layout with open concept dining area","This modern kitchen is characterized by a clean, minimalist design with an emphasis on functionality and simplicity. The color palette is neutral with white and gray for the walls and floor, while wood adds warmth to the space. The materials used include stainless steel appliances and quartz countertops that provide durability and low maintenance. Lighting fixtures are recessed in the ceiling and under cabinets, providing ample light for cooking and entertaining. The layout features a galley kitchen with an open concept dining area that allows for easy interaction between spaces while maintaining separation. Built-in elements like banquettes and shelving provide additional functionality and storage without taking up valuable space."
"scandinavian_483.jpg","Modern","gray, white, brass","metal, wood, glass","well-lit with ambient and task lighting","clean, sleek, and functional","washing machines, storage cabinets, bottle of detergent","space designed for efficiency and utility with laundry as the main focus","The interior design is modern and minimalistic, featuring a monochromatic color scheme, metal surfaces, and well-organized spaces."
"scandinavian_484.jpg","Modern Minimalist","gray, white, wood","steel beams, marble countertops, stained oak cabinetry","bright and airy from multiple windows and recessed lighting","modern, comfortable, and inviting","sectional sofa, wooden coffee table, potted plant, floor lamp","spacious open layout with central seating area and bar/dining island","A modern minimalist kitchen that combines wood, steel, and marble elements for a bright and inviting space."
"scandinavian_485.jpg","Modern Minimalist","white, light wood, grey","wood, marble, stainless steel","natural soft light from large windows and under-cabinet lights","calm and airy","stools, countertop, potted plant, kettle","open space with central island and counter seating","This kitchen showcases a modern minimalist design with a light wood palette, clean lines, and natural materials. The open layout and ample countertops make it a functional space for cooking and socializing."
"scandinavian_486.jpg","Modern Minimalist","blue-gray, white, natural wood","tile, metal, wood","soft and ambient","calm and serene","toilet paper holder, towel rack, soap dispenser, bottle of lotion","linear arrangement with vanity and toilet side by side","The bathroom is designed in a modern minimalist style, featuring a calming blue-gray color palette. The space utilizes tile for the walls, wood accents, metal fixtures, and soft ambient lighting. Key objects include a toilet paper holder, towel rack, soap dispenser, and bottle of lotion."
"scandinavian_487.jpg","Modern","white, light wood, gray","wood, concrete, glass","soft and ambient with natural light from a large window","minimalist and clean","bed, nightstand, dining table, chairs, shelves","open-concept design with bedroom, dining room, and kitchen spaces visible","This is a modern interior space with a minimalist style, featuring natural light from the large window. The color palette includes white, wood tones, and gray. Materials used include wood, concrete, and glass. There's a bed in the foreground with a nightstand on one side and a dining table with chairs visible behind it."
"scandinavian_488.jpg","Modern Minimalist","gray, white, black","stainless steel, quartz countertops, brushed nickel","under-cabinet LED lights and pendant light fixtures","contemporary with a touch of elegance","stainless steel refrigerator, modern cooktop stove, brushed nickel faucet, wooden bar stools","open kitchen with central island and seating area","This modern minimalist kitchen is designed for style, efficiency, and ease of use. The color palette features a mix of grays, blacks, and whites, while the materials used are primarily stainless steel, quartz countertops, and brushed nickel fixtures. Under-cabinet LED lights and pendant light fixtures illuminate the space, creating an atmosphere that is both contemporary and elegant."
"scandinavian_49.jpg","Modern Minimalist","black and white","leather, metal","overhead light with black and white pattern","clean and sharp","modern sinks, black countertops, white backsplash, waste bin","space is split into two main areas: bathroom and laundry room.","This modern bathroom incorporates clean lines, a neutral color palette, and minimalistic design elements to create a sharp and elegant space."
"scandinavian_490.jpg","Modern","light wood, gray, white","oak wood, stainless steel, quartz countertops","Natural and ambient light from overhead recessed lights, complemented by a large pendant light over the island.","Contemporary and inviting with a touch of warmth.","large island, sofa, coffee table, floor lamp, framed art","Open layout with a central kitchen island, flanked by stools for casual seating. Stainless steel appliances integrated into the cabinets.","This modern kitchen is stylish and functional, featuring an open layout with a large island providing ample workspace and casual dining options."
"scandinavian_491.jpg","Modern","white, gray, wood","wood, brick, glass","Mixed lighting with natural sunlight from the large windows and supplementary artificial lights.","Warm, inviting, and comfortable.","modern sofa, coffee table, floor lamp, wooden mantelpiece, wall art","Open space with a central seating area in front of the fireplace.",""
"scandinavian_493.jpg","Modern Minimalist","white, light wood","stainless steel, glass, wood","well-lit with recessed lighting and a small window for natural light","clean, bright, and spacious","kitchen island with bar stools, stainless steel appliances, white cabinets, pendant lights","open layout with a central kitchen island for seating and cooking space","This is a modern, minimalist kitchen with clean lines and natural materials. It features an open layout centered around a stainless steel island with bar stools and pendant lights. The color palette is light wood and white, providing a bright and airy atmosphere."
"scandinavian_494.jpg","Scandinavian","white, light wood, gray","wood, linen, glass","natural soft light from large windows","calm and airy","sofa, coffee table, plant, floor lamp","open space with central seating area","This is a clean, modern office/living room space that combines functionality with style. The use of light wood and neutral colors creates a warm atmosphere while the large windows let in plenty of natural light. A comfortable sofa and coffee table invite relaxation or socializing, and the floor lamp provides additional illumination for evening use. The open layout promotes an efficient flow between spaces and allows for easy movement within the room."
"scandinavian_495.jpg","Modern Minimalist","white, black, wood accents","brick wall, wood ceiling beam, marble tabletop","natural soft light from large windows","calm and airy","dining table with chairs, plant in corner, framed artwork above fireplace, wicker basket on floor","open space with central seating area around dining table and rug underneath","A modern minimalist living room with a brick wall, wood accents, white color scheme, and natural lighting."
"scandinavian_496.jpg","Modern Minimalist","white, black, wood","tile, metal, fabric","well-lit with natural light from windows and recessed ceiling lights","modern, clean, and minimalist","bathroom sink, bathtub, shower head, wall mirrors, cabinet","efficiently designed space with separate areas for shower, bath, and sink.","This modern bathroom features a clean and minimalist design with black and white tiles, wood accents, metal fixtures, and large mirrors."
"scandinavian_497.jpg","Modern","white, gray, black","wood, leather, metal","ambient lighting from recessed ceiling lights, accentuated by a fireplace","modern and minimalistic with warm and inviting atmosphere","sofa, coffee table, armchair, floor lamp, artwork","open space design with sectional sofa as central focal point, framed by large windows","This modern living room features a minimalistic style with clean lines and neutral colors. The open floor plan allows for natural light to fill the space, creating a warm and inviting atmosphere. A fireplace adds coziness, while artwork brings visual interest and character to the room."
"scandinavian_498.jpg","Modern Minimalist","white, gray, wood","oak wood, linen, steel","natural soft light from large windows","calm and airy","sofa, coffee table, plant, floor lamp","open space with central seating area","This modern minimalist living room features a neutral color palette of white, gray, and wood. The materials include oak wood walls and floor, linen upholstery, and steel accents. Natural soft light from large windows creates a calm and airy mood. Key objects in the space include a sofa, coffee table, plant, and floor lamp."
"scandinavian_499.jpg","Modern Minimalist","blue, white, wood","wood, leather, fabric","bright and natural light from large windows","modern and sleek with a touch of warmth","sofa, coffee table, floor lamp, plant, bookshelf","open space layout with central seating area","This modern living room design features clean lines and minimal decor, creating a bright and inviting atmosphere."
"scandinavian_5.jpg","Modern Minimalist","white, black, brass","porcelain, acrylic, stainless steel","recessed lighting with a central track and ambient fixtures","clean, sleek and uncluttered","wall-mounted sconces, black faucet, yellow towels, white vase","a long, narrow space with a central focus on the bathroom vanity","The bathroom is designed in a modern minimalist style, featuring clean lines and an all-white color palette. The use of brass fixtures adds a warm contrast to the cool tones, while black accents provide visual interest. The space is well lit with recessed lighting that casts soft shadows on the walls. The overall atmosphere is calm and uncluttered."
"scandinavian_50.jpg","Industrial Loft","wood, white, blue","wood, brick, metal","soft and warm ambient light from wall sconces and overhead track lighting","inviting and rustic","barstools, long kitchen island, potted plant, wooden beams, metal frame","open concept layout with exposed wooden beams and an L-shaped bar seating","This is a modern industrial loft style kitchen, featuring a warm color palette of wood, white, and blue. The space uses materials like wood, brick, and metal, with soft ambient lighting from wall sconces and track lighting overhead."
"scandinavian_500.jpg","Modern Minimalist","white, light wood, blue accent","oak veneer panels, glass shelves, white marble countertops, brushed nickel hardware","bright and airy natural light from high ceiling windows","clean, bright, and spacious","sectional sofa with accent pillows, modern coffee table with metal legs, tall floor lamp with white shade, white pendant lights hanging above island, large-scale artwork on the wall","open space layout with central seating area flanked by kitchen and dining zones","This modern kitchen and living room combination showcases a minimalist design with clean lines, natural materials, and bright lighting that creates an inviting and spacious atmosphere."
"scandinavian_501.jpg","Scandinavian","white, natural wood tones, soft greys","wood, porcelain, glass","natural light from large windows","calm and peaceful","freestanding bathtub, double vanity with oval mirrors, round wooden stool, square woven rug","open space with central bathroom island","This is a modern, minimalist bathroom design featuring natural materials and soft colors for a serene atmosphere."
"scandinavian_502.jpg","Modern Minimalist","white, wood, neutral","oak wood, fabric, concrete","natural soft light from large windows and outdoor lanterns","calm and airy","wooden front door with wreaths, potted plants, outdoor lamps","front porch leading to central entrance","This modern minimalist home exterior features a natural palette of white, wood, and neutral tones. The design focuses on clean lines, simplicity, and harmony with nature, creating an inviting and serene atmosphere."
"scandinavian_503.jpg","Modern Minimalist","gray, white, wood","tile, oak wood, marble","natural soft light from large windows","calm and airy","round mirror, sink vanity, plants, toothbrushes","narrow space with long counter and mirrored wall for illusion of depth","This is a modern bathroom design that features a minimalist color palette, with wood materials and marble accents. The natural light from the large windows creates a calm atmosphere, while the round mirror and vanity provide functionality for daily use."
"scandinavian_504.jpg","Modern Minimalist","white, light wood, beige","oak wood, linen, steel","natural soft light from large windows","calm and airy","sofa, coffee table, plant, floor lamp","open space with central seating area",""
"scandinavian_505.jpg","Modern Minimalist","white, beige, light wood","oak wood, linen, steel","natural soft light from large windows","calm and airy","sofa, coffee table, plant, floor lamp","open space with central seating area","This is a modern, minimalist living room featuring neutral tones and materials such as oak wood, linen, and steel. Natural light floods in through large windows, creating a calm and airy atmosphere. The layout consists of an open floor plan centered around a seating area with a sofa and coffee table. A plant adds a touch of greenery, while the floor lamp provides additional illumination."
"scandinavian_507.jpg","Minimalist","black, white, wood","metal, wood, glass","natural light from a large window","calm and organized","bookcase, stairs with metal handrail, grandfather clock, dining table, chair","open plan with divided spaces","This space is a minimalist living room featuring black shelving, a mix of natural and industrial materials, and furniture that offers both functionality and style. The open design encourages movement and interaction."
"scandinavian_509.jpg","Modern Minimalist","white, beige, black","glass, steel, marble","Recessed lighting with a mix of ambient and task lighting from track fixtures","Sleek and uncluttered","freestanding tub, walk-in shower with glass panel, double sink vanity with mirror","Large open space with the main focus being on the bathtub, with the walk-in shower adjacent and sinks to one side.","This modern bathroom is designed for functionality and relaxation, with a minimalist style that emphasizes clean lines and uncluttered surfaces."
"scandinavian_51.jpg","Modern Minimalist","white, gray, black","oak wood, steel, concrete","natural soft light from large windows and white walls reflecting the sun","bright and airy","sofa, coffee table, plant, floor lamp, bookshelf","modern open space with central seating area under skylights","A modern minimalist living room featuring a white color palette, oak wood floors and walls, steel shelving units, and large windows allowing for ample natural light. The room is bright and airy with a central sofa facing a coffee table, flanked by a floor lamp and a plant. A bookshelf filled with artwork adds personality to the space."
"scandinavian_511.jpg","Scandinavian","white, gray, orange","wood, linen, metal","natural soft light from large windows","calm and airy","dining table, chairs, coffee table, sofa, vase of flowers","open space with central seating area","This is a modern Scandinavian-style interior design that creates a calm and airy atmosphere. The color palette consists mainly of white, gray, and orange accents. Materials used include wood, linen, and metal. Natural soft light from the large windows fills the space. Key objects in the room are a dining table surrounded by chairs, a coffee table, a sofa, and a vase with flowers that bring a pop of color to the otherwise neutral palette."
"scandinavian_512.jpg","Modern Minimalist","light gray, blue, black","wood, stainless steel, glass","natural light from windows and under-cabinet lights","clean, bright, and spacious","refrigerator, range hood, sink, wooden island","open kitchen with no dividing walls, leading to dining area","This modern kitchen features a minimalist design with light gray countertops and stainless steel appliances. The color palette is complemented by blue accents on the backsplash. The space has a clean, bright atmosphere with plenty of natural light coming through the large windows. The kitchen includes essential appliances such as a refrigerator and an oven, along with additional features like a wooden island and range hood."
"scandinavian_513.jpg","Scandinavian","white, blue, orange","wood, porcelain, metal","natural sunlight and warm ambient lighting","calm and cozy","bath towel, soap dispenser, tissue box, vase with flowers","long bathroom vanity with mirror above it, windows for natural light","A Scandinavian-styled bathroom with a minimalist design, featuring wood and blue accents to create a warm, calming atmosphere."
"scandinavian_514.jpg","Scandinavian","white, gray, wood","oak wood, leather, steel","natural soft light from large windows","calm and airy","desk with wooden drawer, wooden bookshelf filled with books, vase of fresh flowers on desk, floor lamp next to desk, black leather armchair","open space with central seating area and large windows providing ample natural light","This room combines a Scandinavian design style with natural materials and soft lighting, creating a calm and airy atmosphere. The desk is placed centrally in the open space, next to a bookshelf filled with books. A floor lamp provides additional lighting, and a leather armchair offers a cozy seating area. Large windows fill the room with natural soft light, enhancing the overall mood of calmness."
"scandinavian_515.jpg","Modern Minimalist","white, beige, light wood","oak wood, linen, concrete, steel","natural soft light from large windows","calm and airy","sofa, coffee table, plant, floor lamp","open space with central seating area","This is a modern minimalist interior design image. The color palette is neutral, consisting of white, beige, and light wood tones. Materials used include oak wood, linen, concrete, and steel. Natural soft lighting illuminates the space through large windows, creating a calm and airy atmosphere. Key furniture includes a sofa, coffee table, plant, and floor lamp. The layout is open with a central seating area."
"scandinavian_516.jpg","Modern","white, light wood, gray","wood, metal, fabric","Natural light from windows, complemented by pendant lights over dining area.","Light and airy with a touch of warmth.","wooden dining table, gray armchairs, abstract artwork on wall, floor rug","Open space layout with a central seating area, defined by the dining table and chairs.",""
"scandinavian_517.jpg","Scandinavian","white, gray, wood, green","oak wood, marble, stainless steel, glass","Natural light from large windows, complemented by recessed ceiling lights.","Calm and airy, with a warm and inviting atmosphere.","kitchen island, dining table and chairs, floor lamps, woven baskets, plants","Open space with central kitchen island surrounded by dining area with table and chairs, and a cozy seating nook created by floor lamps.","A bright and modern Scandinavian-style kitchen and dining area featuring natural materials, soft lighting, and an open layout that combines the functionality of a kitchen island with the intimacy of a breakfast nook."
"scandinavian_518.jpg","Modern Minimalist","white, wood, grey","wood, glass, metal","natural soft light from large windows","bright and airy","sofa, coffee table, plant, floor lamp","open space with central seating area","The modern minimalist design features wood elements, glass walls that allow natural light to filter in, a metallic roof, and simple furnishings. The mood is bright and airy due to the abundance of windows."
"scandinavian_519.jpg","Scandinavian","white, light wood, blue","wood, glass, stainless steel","natural soft light from large windows and under-cabinet lighting","calm and airy","kitchen island with seating, wooden cutting board on wall shelf, wood utensil holder","open kitchen layout with island in center of room","The kitchen is designed in a Scandinavian style with light wood accents, stainless steel appliances and fixtures. The space features natural light from large windows and has a clean, open layout with a central island that serves as both countertop and seating area."
"scandinavian_52.jpg","Modern Minimalist","white, light gray","wood, stone","well-lit with natural light from two windows and ceiling lights","clean and serene","double sink vanity, large mirror above sinks, green plant in corner","rectangular space with double sink vanity positioned against one wall","This modern bathroom is designed with a minimalist aesthetic, featuring light colors and natural materials to create a serene and clean atmosphere."
"scandinavian_520.jpg","Modern","white, wood, silver","stainless steel, wood, glass","bright and natural light from windows and under-cabinet lights","modern, clean, and spacious","oven, refrigerator, kitchen island, wine rack","open kitchen with adjacent eating area","This is an image of a modern kitchen interior featuring stainless steel appliances and wooden accents, creating a spacious and clean atmosphere. The design includes an open layout that connects the kitchen to an adjacent dining area, highlighted by ample natural light from large windows and under-cabinet lights."
"scandinavian_522.jpg","Modern Minimalist","white, black, gray, wood","stainless steel, glass, wood, leather","natural soft light from large windows","calm and airy","sofa, coffee table, plant, kitchen island, floor lamp","open space with central seating area, L-shaped kitchen counter","This is a modern and minimalist living and kitchen space. The color palette features neutrals and wood accents. Materials include stainless steel appliances, glass for the backsplash, wood cabinets, and leather for seating. Natural light from windows creates a calm and airy atmosphere. The layout includes an open living area with central seating around a coffee table and a kitchen with a large island and L-shaped counter."
"scandinavian_525.jpg","Scandinavian","white, beige, light wood","oak wood, linen, concrete","natural soft light from large windows","calm and airy","bed, pillows, plant, small bedside table","open space with central sleeping area","This is a cozy Scandinavian-style room featuring a bed surrounded by white walls, a linen headboard and pillows, a concrete floor, and natural light from large windows framed with beige curtains. A plant adds a touch of green to the space."
"scandinavian_526.jpg","Modern Minimalist","white, beige, light wood","oak wood, linen, stainless steel","natural soft light from large windows","calm and airy","wood countertops, kitchen island, vase with fresh herbs, modern pendant lights","open space with central kitchen island","This is a modern, minimalist kitchen that combines wood elements with stainless steel appliances and fixtures for a clean and contemporary look."
"scandinavian_527.jpg","Scandinavian","white, blue, wood","oak wood, glass, stainless steel","natural soft light from large windows","calm and airy","sofa, coffee table, plant, floor lamp, vase","open space with central seating area","This modern kitchen combines a Scandinavian design style with natural materials and lighting to create a calm and airy atmosphere."
"scandinavian_528.jpg","Modern Minimalist","black and white, brass accents","white wall paint, metal, plastic, fabric","recessed lighting with warm tone","clean, bright, and contemporary","black leather armchair, white round coffee table, large plant in corner, floor lamp with curved metal frame, wooden surfboard decoration","open concept layout with living area flowing into dining area","This modern minimalist interior design creates a sleek and stylish atmosphere with a focus on functionality, simplicity, and the use of contrasting colors."
"scandinavian_529.jpg","Modern Minimalist","white, gray, black","wood, fabric, metal","natural soft light from large windows","calm and airy","bed, nightstand, lamp, ruffled blanket, framed print","space layout with bed against a wall and nightstand on each side","A modern, minimalist bedroom with a calming color palette of white, gray, and black. Natural light fills the room through large windows, creating a calm and airy atmosphere."
"scandinavian_53.jpg","Modern Minimalist","gray, white, black","wooden paneling, glass, concrete","bright with natural light","clean and airy","open concept kitchen and living room, large windows, modern furniture, minimalist decor, neutral color scheme","modern design with open plan living space","Modern Minimalist interior design showcasing a bright and airy, clean and spacious living area with large windows and minimalist decor."
"scandinavian_530.jpg","Modern","neutral beige, white, dark wood","marble, stainless steel, wood","recessed lighting with modern fixtures, and natural sunlight from large windows","modern and spacious with a warm ambiance","island for food preparation, sleek bar stools, hanging pendant lights, large windows","open layout with central island, flanked by counters and stools on each side","This modern kitchen features a neutral color palette, marble countertops, sleek cabinetry, and an open layout that creates a spacious and inviting atmosphere."
"scandinavian_531.jpg","Modern Minimalist","white, light wood, gray","oak wood, stainless steel, white cabinetry","natural soft light from large windows and recessed ceiling lights","bright and airy","built-in oven, center island with bar stools, large potted plant","open space with central seating area around center island","This kitchen design features a modern minimalist style with white cabinetry, light wood accents, and gray countertops. The space is bright and airy with an open layout centered around a large island with bar stools for seating."
"scandinavian_532.jpg","Modern Minimalist","white, black, wood, natural greys","oak wood, stainless steel, marble, leather","bright and diffused natural light with recessed cannister lights in the ceiling","clean, elegant, and uncluttered","sleek modern island with built-in sink and faucet, flat-screen TV mounted above countertop, modern pendant lighting over island, set of four matching bar stools with wooden legs","kitchen with an open floor plan that includes a central island and seating area, adjacent to a living or dining space","This modern kitchen blends functionality with sleek design elements. The minimalist color palette is complemented by natural materials such as oak wood and marble, while the use of black accents adds a touch of sophistication. The space is well-lit by recessed cannister lights, creating an elegant and inviting atmosphere."
"scandinavian_533.jpg","Modern Minimalist","light blue, white, wood","wood, marble, glass","natural soft light from large windows and recessed lights","calm and airy","kitchen island, sink, oven, counters, shelves","open space with central kitchen island and counters on the sides for dining and cooking","A modern kitchen with a minimalist design, featuring light blue cabinets, white countertops, wood accents, marble backsplash, and a large window that lets in natural light."
"scandinavian_534.jpg","Modern Minimalist","white, gray, black","wood, glass, steel","natural light from large windows","calm and airy","sofa, coffee table, plant, floor lamp, pillows","open space with central seating area","A modern minimalist interior design featuring white, gray, and black color palette with natural light from large windows creating a calm and airy atmosphere."
"scandinavian_535.jpg","Scandinavian","white, beige, gray","wood, linen, brass","natural soft light from large windows","calm and airy","bed, storage unit, vase with flowers, ruffled throw blanket","open space with central seating area around storage unit","A serene bedroom with a neutral color palette, natural light, and minimalistic furniture."
"scandinavian_536.jpg","Scandinavian","white, black, wood tones","brushed nickel, woven textile, leather, wood","soft, ambient lighting with a mix of warm and cool whites","modern and serene","bed, nightstands, chandelier, wall art, ruffled textiles","simplified, modern bedroom with a minimalist design approach","This is a Scandinavian-style bedroom with a clean and serene atmosphere. The space is dominated by white tones, natural wood accents, and brushed nickel hardware, giving it a modern and contemporary feel."
"scandinavian_537.jpg","Modern Minimalist","white, light wood, navy","wood, linen, steel","natural soft light from large windows","calm and airy","two beds, bedside table with lamp, floral centerpiece on nightstand, wood-paneled headboard","bathroom in the corner of bedroom, next to doorway","This image depicts a modern minimalist style bedroom with a calming mood. The room features two beds with wooden headboards, a bedside table with a lamp, and linens in shades of white and navy. The walls are paneled with wood, creating a natural and serene atmosphere. The bathroom is tucked into the corner, next to the bedroom doorway, maximizing the use of space."
"scandinavian_538.jpg","Modern Minimalist","white, wood accents","marble, wood, steel","natural light coming from windows","clean and serene","double sinks with wooden base, rectangular mirror above double sink, white vase with flowers on countertop, brass-colored faucet handles","long rectangular bathroom layout with two windows on one side","This modern, minimalist bathroom features a double vanity set into a wooden base, providing an elegant and efficient space for daily routines. The natural light streaming in through the windows adds to the serene atmosphere."
"scandinavian_539.jpg","Modern","white, neutral, wood tones","wood paneling, brick wall, natural wood floors","recessed lighting with warm glow","organized and minimalist","modern desk chair, small easel, painting on wall, rolling stool, framed picture","rectangular open plan layout","A modern home office with clean lines, simple decor, and a focus on functionality."
"scandinavian_54.jpg","Modern Minimalist","white, dark wood, black","wooden floors, oak cabinets, stainless steel appliances, leather","recessed lighting with natural light accents","modern, clean, and open","dining table, chairs, pendant lights, kitchen island","open concept kitchen and living space with center kitchen island","This modern minimalist kitchen features a sleek design with an oak floor, wood cabinetry, and stainless steel appliances. A center kitchen island provides additional counter space and seating area in the open living space."
"scandinavian_540.jpg","Modern","white, gray","metal, wood, glass","Natural light from large windows with blinds open.","Clean and organized.","Washer, Dryer, Shelving Unit, Cabinets, Clothes Hanging on Rack","An L-shaped kitchen with the washer and dryer in the corner under a window.","A modern laundry area with a clean, organized design featuring metal, wood, and glass materials. Large windows allow natural light to fill the space."
"scandinavian_541.jpg","Modern Minimalist","white, beige, light wood","porcelain, glass, brass","recessed lighting with adjustable fixtures and a small window","calm and airy","freestanding tub with showerhead and handheld shower, modern toilet paper holder, rectangular mirror above sink","large rectangular space with open layout, tub in corner by window","This is a modern bathroom designed with minimalist principles. The color palette consists of white and light wood tones, and materials used include porcelain for the tub, glass for the shower, and brass for fixtures. The layout has a large rectangular space with an open feel to it, featuring a freestanding tub in the corner by a small window."
"scandinavian_542.jpg","Modern Minimalist","white, light wood, black","oak wood, linen, steel","natural soft light from large windows","calm and airy","leather chair, wooden bookshelf, floor lamp, plant, vase","open space with central seating area","This living room has a modern minimalist design with neutral colors, oak wood accents and natural lighting creating a calm and airy atmosphere."
"scandinavian_543.jpg","Modern Minimalist","white, natural wood tones","wood paneling, steel framing, linen bedding","natural soft light from a large window","calm and serene","bed, nightstand, lamp, window","open space with central sleeping area","This is a modern, minimalist bedroom design featuring wood paneling and steel framing. The room has a calming atmosphere due to the natural light from a large window and a white color palette."
"scandinavian_544.jpg","Modern Minimalist","white, black, brass","wood, marble, metal","natural soft light from large windows","calm and airy","sofa, coffee table, plant, floor lamp, vase, bookshelf","open space with central seating area and island","This modern minimalist kitchen features a clean and airy design, with white and black color accents. The space is illuminated by natural light coming in through large windows. The kitchen includes an island for casual dining or bar-style seating. The open layout extends into the living room area, creating a connected and inviting atmosphere."
"scandinavian_545.jpg","Modern","black, white, brass","glass, concrete, wood","Natural and bright, with ample windows allowing for maximum sunlight","Bright, airy, and modern.","modern sectional sofa, black leather armchair, floor lamp providing ambient lighting, large glass coffee table, brass pendant light fixture, white shag rug on floor, small section of modern artwork on wall","Open concept with kitchen and living room combined, featuring a central island for additional seating.","This modern two-story house has an open layout combining the kitchen and living areas. The exterior is clad in black metal siding, while the interior boasts concrete walls and wooden floors. Large windows fill the space with natural light, creating a bright and airy atmosphere."
"scandinavian_547.jpg","Modern","white, light brown","wood, linen, steel","Natural light from windows and recessed ceiling lights.","Clean and bright","sofa, coffee table, plant, floor lamp","Open concept with staircase leading to upper level","This modern interior features a neutral color palette, natural materials, and a focus on clean lines. The open layout allows for easy movement between the main living area and the upper level. Natural light fills the space, enhancing its airy feel."
"scandinavian_548.jpg","Scandinavian","white, beige, gray","wood, fabric, metal","soft, natural light from a large window","calm and cozy","couch, coffee table, plant, bookshelf","open space with central seating area","This is a modern Scandinavian living room with a calming color palette and minimalist design, featuring natural materials and soft lighting."
"scandinavian_549.jpg","Modern Minimalist","white, wood accents","oak wood, metal handles, stainless steel appliances","natural light from large windows with wooden frame","bright and airy","island with stools, white kitchen cabinets, modern cooktop range","open space with central island for seating and food preparation","This modern kitchen features a minimalist design with an all-white palette, natural wood accents, and sleek metal handles. The open layout includes a large island with bar stools for seating and ample counter space around the cooktop range."
"scandinavian_55.jpg","Scandinavian","white, light wood, blue","wood, metal, fabric","natural light from large windows and ceiling lights","airy and bright","bookshelf, stairs, sofa, coffee table","open space with central seating area, bookshelf on right side of stairway","A modern Scandinavian style interior featuring wooden elements, white walls, and a bright atmosphere."
"scandinavian_550.jpg","Modern Minimalist","white, light wood, gray","oak wood, linen, steel","natural soft light from large windows and white pendant lights","calm and airy","dining table, chairs, vases with flowers, artwork, coffee table","open space with central seating area, kitchen integrated into the living area","This is a modern minimalist interior design of an open-concept living and dining room. The color palette is soft and neutral, featuring oak wood floors and white walls. Light fixtures provide natural soft lighting, enhancing the calm and airy atmosphere. Materials include oak wood for furniture, linen for textiles, and steel for kitchen elements. A central dining table surrounded by chairs serves as a focal point in the space, with vases of flowers adding color and life to the room. The layout integrates the living area with the kitchen, creating an open feel."
"scandinavian_551.jpg","Modern","neutral, black, brass","wood, marble, stainless steel","recessed and pendant lights with soft illumination","modern yet warm, with a touch of industrial chic","modern range hood, stainless steel oven, sleek kitchen faucet, modern wooden cutting board","a kitchen with an open concept design featuring a central island and plenty of counter space for meal preparation","A modern kitchen designed with sleek lines and neutral tones, incorporating wood and metal materials to create a warm yet contemporary look."
"scandinavian_554.jpg","Modern Minimalist","white, beige, light wood","wood, fabric, plastic","natural soft light from large windows","bright and energetic","baby crib, white armchair with blue pillow, bookshelf with toys, wooden rocking horse, colorful rug","small room with furniture arranged close to walls for efficient use of space","A modern, brightly lit nursery with minimalist design and a colorful touch."
"scandinavian_555.jpg","Modern Minimalist","white, wood, grey","wood, glass, metal","Natural soft light from large windows and a skylight","Calm and airy","sofa, coffee table, rattan wicker chairs, large floor vase with flowers, stripped throw blanket","Open space with central seating area, bordered by a wall of windows on one side","This modern living room features minimalist design elements and an airy feel, with natural light pouring in through the large windows and skylight. The color palette is warm yet neutral, with wood tones and soft greys providing a comfortable backdrop for the stylish furniture."
"scandinavian_556.jpg","Scandinavian","white, gray, black","wood, fabric, glass","natural light from windows and artificial floor lamp","calm and cozy","bed, nightstand, plant, floor lamp","open space with central seating area between two beds","Bright and airy bedroom with clean lines, neutral colors, natural materials, and a potted plant to add life."
"scandinavian_557.jpg","Modern Minimalist","black, white, marble","marble, steel, glass","soft natural light from large windows and glass wall","modern, clean, spacious","black marble island countertop, stainless steel faucet, wooden cutting board, large mirror on the wall","open space with central kitchen island and no barriers between living room and kitchen","This open concept kitchen and living area is designed in a modern minimalist style, using marble for both the countertops and walls. The space is bright and spacious, with a focus on clean lines and simple elegance."
"scandinavian_558.jpg","Modern Minimalist","light grey, cream, navy","oak wood, linen, glass","natural soft light from large windows and floor lamp","calm and airy","sofa, coffee table, plant, floor lamp, cushions, throw blanket","open space with central seating area, adjacent to sliding glass doors leading out to balcony","This living room features a modern minimalist design with a neutral color palette and natural materials. The floor lamp provides additional lighting in the evenings. The open layout allows for easy interaction with guests and a seamless transition to the outdoor space through the sliding glass doors."
"scandinavian_559.jpg","Scandinavian","white, beige, natural wood","oak wood, linen, concrete, stainless steel","natural soft light from large windows and pendant lights above island","calm and airy","kitchen island with sink and faucet, dining table with chairs, floor lamps, plants","open kitchen and dining space leading to large windows","This Scandinavian-style open kitchen and dining room features a light wood floor, oak cabinets, concrete counters, pendant lights above the island, and a large window that allows for ample natural light."
"scandinavian_56.jpg","Modern Minimalist","beige, white, brown","marble, wood, metal","natural soft light from large windows","calm and airy","mirror, sink, towel holder, soap dispenser, faucet","space arranged with functional use of space","This bathroom showcases a modern minimalist design with its beige and white color palette. The materials used include marble for the countertop, wood for accents, and metal for the faucet. Natural light enters through the large windows to create a calm and airy atmosphere."
"scandinavian_560.jpg","Scandinavian","white, black, neutral, colorful accents","wooden furniture, marble floors, brass accents","soft and diffused natural light from large windows","calm and serene","modern sofa, coffee table, abstract artworks, floor lamp, potted plants","open plan living area with central seating arrangement around fireplace","This modern Scandinavian-style living space combines neutral tones with colorful accents and natural materials, creating a serene and inviting atmosphere."
"scandinavian_561.jpg","Modern Minimalist","white, grey, brass","oak wood, stainless steel, glass","natural soft light from large windows, overhead track lighting for task areas","calm and airy with a touch of elegance","stainless steel refrigerator, black stove top, white subway tile backsplash, modern pendant lights","open layout with kitchen island serving as central workspace, flanked by cabinets and appliances","This modern kitchen design features a minimalist aesthetic with neutral tones and sleek materials. The use of natural light and clean lines creates an airy and open feeling, while the black and white color palette adds a touch of elegance."
"scandinavian_562.jpg","Modern Minimalist","beige, white, gray","tile, metal, plastic","bright and even light from recessed lights in the ceiling","calm and relaxing","shower head, shower handle, shower faucet, tub faucet, plant","open space with central tub area","This is a modern minimalist bathroom featuring neutral colors, tile walls and floor, metal fixtures, and a single plant for greenery. The layout is open and spacious, centered around the shower and bathtub."
"scandinavian_563.jpg","Modern Minimalist","white, beige, light wood","oak wood, linen, concrete, steel","natural soft light from large windows","calm and airy","bathroom vanity with mirrored backsplash, freestanding tub, floor-mounted toilet, large glass shower enclosure","long narrow space with open floor plan","A modern bathroom featuring a minimalist design, with clean lines and a neutral color palette that creates a calm and airy atmosphere."
"scandinavian_565.jpg","Modern Minimalist","white, light gray, navy blue","wood, fabric, glass","natural soft light from large windows","calm and serene","crib, chair, picture frame, potted plant","simple space layout with a view of the outdoors","A calm and minimalist nursery design featuring a white crib, a chair by the window, and a potted plant, all set against light gray walls and wood flooring."
"scandinavian_566.jpg","Scandinavian","white, beige, gray, teal","wood, fabric, metal, glass","natural soft light from large windows and recessed lights","calm and airy","sofa, coffee table, floor lamp, rugs, cushions","open space with central seating area and minimal separation between areas","This is a bright, modern living room with a Scandinavian design style. The space features a neutral color palette, wood and fabric materials, and recessed lighting that provides soft illumination. The layout allows for an open feel with ample seating provided by the large gray sectional sofa."
"scandinavian_568.jpg","Modern Minimalist","white, dark wood, gray accent","wood paneling, stainless steel appliances, glass cabinet doors","bright and natural light from large windows","airy and spacious","island with stools, modern kitchen faucet, wooden cutting board, potted plant","an L-shaped kitchen design with a central island","This modern, minimalist kitchen features a palette of dark wood tones with gray accents, stainless steel appliances, and a focus on natural light. The layout includes an L-shaped counter with a central island for seating and cooking space."
"scandinavian_57.jpg","Modern Minimalist","beige, gray, black","oak wood, marble, brass","recessed lighting that illuminates the space evenly","modern and serene","large mirror, minimalistic cabinet, contemporary art piece","open space with clean lines and modern fixtures","This bathroom design showcases a modern minimalist approach with a color palette that is soft and calming, featuring oak wood, marble, and black accents. The lighting provides an even glow throughout the space, contributing to a serene atmosphere. The layout is open and uncluttered, allowing for easy movement and emphasizing the clean lines of the fixtures."
"scandinavian_570.jpg","Modern Minimalist","white, black, gray","wooden flooring, linen, metal frame on wall","soft, warm lighting from overhead track lights","calm and serene","crib with animal print cushions and teddy bear, small tree, white walls","open space with central seating area","This nursery combines a modern minimalist design with animal print accents to create a calming and serene space for a baby. The wood floor, linen cushions, and metal frame on the wall add warmth to the room, while the white walls keep it bright and airy."
"scandinavian_571.jpg","Scandinavian","beige, white, gray","wood, metal, fabric","bright natural light from large windows","calm and airy","chair, desk, shelves, plant, artwork","open space with central seating area and bookshelves along wall","This is a modern, minimalist interior design featuring light wood tones, metal accents, and natural light from windows. The room is designed for efficiency and comfort, with a focus on a central seating area surrounded by storage and decorative elements."
"scandinavian_572.jpg","Modern","green, gray, white","steel, wood, glass","natural lighting from large windows and skylights","modern and minimalist with a touch of coziness","blue sofa, green armchair, wooden coffee table, plant, hanging artwork","open plan with no walls dividing the living and dining areas","This modern-style house features a minimalist design, with a focus on natural materials and lighting. The color palette is simple yet striking, with green accents adding warmth to the space. Large windows and skylights allow for abundant natural light that complements the sleek steel and wood interiors. The open layout promotes a sense of spaciousness and connectivity between the living and dining areas."
"scandinavian_573.jpg","Modern Minimalist","light grey, white, dark brown","ceramic tile, wooden accents, stainless steel fixtures","soft, ambient lighting with natural light from a window above the bathtub","calm and relaxing","bathtub, shower head, bottles of soap and shampoo, potted plant","space is divided into two sections, a separate shower area with glass door and an open bathtub area","A modern minimalist bathroom design with a light grey color scheme featuring wooden accents and stainless steel fixtures."
"scandinavian_574.jpg","Modern Minimalist","white, beige, wood","oak wood, linen, concrete","natural soft light from large windows","calm and airy","mirror, sink, toilet, shelving unit, plant","open space with central seating area, leading to hallway","A modern minimalist bathroom with a calming and airy atmosphere, featuring oak wood cabinetry and linen accents, complemented by natural lighting from large windows."
"scandinavian_575.jpg","Industrial Loft","white, black, wood, metal","brick wall, concrete floor, wooden flooring, steel accents","Industrial style track lighting and exposed bulbs add a modern glow to the space","Edgy and cool, with an artistic touch","bed, sofa, coffee table, large statement piece above fireplace, framed prints","Open floor plan with brick walls on two sides leading to smaller rooms. A central seating area surrounded by the bed and sofa.","A stylish industrial loft with a large window, brick wall, concrete flooring, and modern furniture."
"scandinavian_576.jpg","Modern Minimalist","white, gold, black","marble, brass, black hardware","recessed lighting with gold fixtures","modern, clean, and spacious","wall sconces, wooden toothbrush holder, small green plant, large round mirror","single sink vanity in a large room with an open layout","This modern bathroom features a minimalist design with gold accents, a marble countertop, and recessed lighting. The space is clean and spacious, designed for functionality and style."
"scandinavian_577.jpg","Modern Minimalist","white, gray, wood","glass, metal, wood","natural soft light from large windows","calm and airy","staircase, sofa, coffee table, plant, floor lamp","open space with central seating area around the staircase","This modern minimalist interior features a monochromatic color scheme, using glass and wood materials. The space is filled with natural light from large windows, creating a calm and airy mood."
"scandinavian_578.jpg","Modern Minimalist","white, golden brown","tiles, brass, marble","soft overhead lighting with accent lighting around mirror","calm and luxurious","white sink basin, round brass faucet, white towel rack, black candle holder","single wall with large round mirror above the white sink, flanked by brass lighting fixtures and a candle on either side.","The bathroom features a modern minimalist style with clean lines and an elegant color palette of white and golden brown. The walls are adorned with ornate tiles that add a touch of luxury to the space, complemented by the brass fixtures and marble accents. The lighting is soft, casting a warm glow throughout the room while also highlighting the large round mirror above the sink."
"scandinavian_579.jpg","Modern Minimalist","white, light wood, gray","brick, stone, glass","natural soft light from large windows","calm and airy","front door, porch swing, potted plant, rocking chair","open space with central seating area","A modern minimalist exterior design in white, featuring a large front door and a cozy porch swing."
"scandinavian_58.jpg","Modern Minimalist","black, white, natural wood","oak wood cabinetry, brass hardware, plaster walls","soft, ambient lighting with recessed fixtures and under-cabinet LED strip lights","calm and contemporary","black barstools, white countertops, large indoor plants, black pendant lights","open concept layout with central island for seating and eating","This modern kitchen features a monochrome color scheme, minimalist design elements, and an open floor plan that emphasizes functionality and style."
"scandinavian_580.jpg","Modern Minimalist","white, beige, light wood","wood, metal, glass","bright and natural from overhead lighting","clean and bright","shelves, vase with flowers, kettle, bowls, spice jars","simple and efficient storage of kitchen items on shelves above countertop","This modern, minimalist kitchen features a clean and bright design with wood shelves displaying spices, a vase with flowers adding a touch of nature, and a simple yet functional layout that maximizes space."
"scandinavian_581.jpg","Modern Minimalist","white, black, brown","wood, metal, glass","bright and natural light from large windows","airy and clean","large island with marble countertop, dining table with modern design, floor lamp with curved base, vase with tall grasses, white pendant lights","open space with a central kitchen island","This modern minimalist kitchen features clean lines and a neutral color palette, with an emphasis on natural light from the large windows. The open layout allows for easy movement through the space, while the center island adds functionality and style."
"scandinavian_582.jpg","Scandinavian","white, blue, wood accents","wood paneling, linoleum flooring, glass shower walls","soft, natural light from the bathroom windows","calm and serene","toilet, bathtub with wooden side bench, wooden pet bed on floor, plants in corners","small, efficient space with a clear separation between the toilet and tub area and a cozy corner for pet resting.","A modern Scandinavian-inspired bathroom featuring wood accents, natural lighting, and a cozy pet resting area."
"scandinavian_583.jpg","Scandinavian","white, beige, wood tones","leather, wool, wood","Natural soft light from large windows and ambient lighting","Cozy and serene","bed, chair, coffee table, side tables, curtains","Spacious with a central bedroom layout, focusing on the large windows and seating area","This bedroom is designed in a Scandinavian style, with a focus on natural lighting, warm textures, and cozy furniture to create a serene and inviting atmosphere."
"scandinavian_584.jpg","Modern Minimalist","white, black, gold","oak wood, leather, glass","modern chandelier with multiple fixtures","clean, contemporary, and inviting","modern sofa, coffee table, floor lamp, round area rug, abstract artwork","open space layout with a central seating arrangement and a separate dining area","A modern minimalist living room with clean lines, neutral colors, and natural materials."
"scandinavian_585.jpg","Scandinavian","white, light wood, blue","wood, linen, glass","Natural light from windows","Bright and airy","sofa, coffee table, dining table with bench seating, kitchen island, framed art","Open space with central kitchen island","This modern Scandinavian-style kitchen features a minimalist design with light wood and white cabinetry. The space is brightened by natural light streaming in from the windows, creating an airy atmosphere. Key elements include a dining table with bench seating, a central kitchen island for food preparation, and a cozy sofa area for relaxation. Artwork adorns the walls, adding warmth to the space."
"scandinavian_586.jpg","Modern Minimalist","beige, light wood, white","oak wood, linen, concrete","natural soft light from large windows and under cabinet lights","calm and airy","wooden cabinets, large island with built-in stove, stainless steel appliances, modern pendant lights","open space with central seating area flanked by wooden cabinets on either side","This kitchen combines a minimalist design with a touch of luxury through the use of natural materials and understated elegance."
"scandinavian_587.jpg","Scandinavian","beige, white, navy","wood paneling, cork flooring, brass accents","natural soft light from large windows","calm and airy","sofa, coffee table, floor lamp, plant, bookshelf","open space with central seating area","This living room has a Scandinavian design, featuring beige and navy tones with white accents. The space is filled with natural light from large windows and includes a sofa, coffee table, floor lamp, plant, and bookshelf."
"scandinavian_588.jpg","Minimalist Modern","dark grey, light grey, navy blue","oak wood, metal accents, black marble","recessed lighting with black track fixtures and brass accents","modern yet cozy","white rug on wooden floor, black metal wall sconces, abstract painting above sofa","long narrow space with two doors at either end","A contemporary minimalist hallway with a dark color palette and neutral tones."
"scandinavian_589.jpg","Modern Minimalist","light wood, white, beige","oak wood, linen, cane","natural soft light from large windows and a skylight","calm and airy","king-size platform bed with natural linens, floor lamp with a cylindrical shade, wooden bench at the end of the bed, plants on either side of bed, small coffee table in front of bed","spacious room with bed set against a wall and flanked by plants, floor lamp to the right, wooden bench at the foot of bed.","A modern minimalist bedroom featuring light wood tones, oak wood floors, linen bedding and a platform bed. Natural lighting creates a calm and airy atmosphere accentuated by plants on either side of the bed."
"scandinavian_59.jpg","Minimalist Modern","gray, white, black","wood, metal, glass","natural and ambient lighting from recessed lights and a large window","calm, sophisticated, and functional","kitchen island, stainless steel appliances, black countertops, white cabinets","galley kitchen with central island for seating and storage","This modern minimalist kitchen features a palette of gray, white, and black, with stainless steel appliances and a large window to let in natural light. The galley layout provides an efficient workspace while the kitchen island offers additional seating and storage."
"scandinavian_590.jpg","Modern Minimalist","white, beige, light wood","oak wood, linen, concrete","bright and natural light from large windows","calm and airy","kitchen island, barstools, potted plants, hanging light fixture","open space with central kitchen island as focal point","This is a modern minimalist kitchen with a warm color palette, featuring oak wood cabinetry and linen accents. The natural light from large windows creates a bright and airy atmosphere. The open layout emphasizes the functionality of the space while the central island provides additional workspace and seating. Decorative elements include potted plants and a hanging light fixture."
"scandinavian_591.jpg","Scandinavian","blue, white, beige","wood, fabric, glass","bright with natural light from multiple windows and a central skylight","modern, cozy and inviting","bed, lounge chair, floor lamp, fireplace, wall art","open space with a seating area centered around the fireplace","This room features a modern Scandinavian design, with natural light and warm wood tones creating a cozy atmosphere."
"scandinavian_592.jpg","Modern Minimalist","beige, light wood, blue accent","tiles, glass, metal","natural soft light from large windows","calm and airy","shower, sink, cabinet, vase with flowers, bathroom mirror","small bathroom with compact layout","This bathroom has a modern minimalist design, featuring beige and light wood tiles, a glass shower door, metal fixtures, and a vase with flowers. The natural light streaming in creates a calm and airy mood."
"scandinavian_593.jpg","Modern Minimalist","gray, white, beige","steel, wood, plastic","recessed lighting and floor lamp","modern and clean","sofa, coffee table, area rug, floor lamp, framed artwork","open space with central seating area surrounded by brick wall","The living room features a modern minimalist design, with gray and white tones, a steel frame sofa, and wooden accents. Recessed lighting provides ample illumination, while a floor lamp adds a touch of warmth. A large area rug anchors the space, surrounded by exposed brick walls that add a rustic feel to the contemporary aesthetic."
"scandinavian_594.jpg","Modern Minimalist","white, black, wood","oak wood, black metal, clear glass","ambient natural light from large windows","calm and serene","coffee table, sofa, floor lamp, plants","open space with central seating area and black door leading outside to patio.",""
"scandinavian_595.jpg","Modern","beige, gray, navy","wood, leather, metal","Recessed lighting and floor lamps with warm-toned LED bulbs.","Sophisticated, cozy, and inviting.","sofa, coffee table, area rug, floor lamp, flat screen TV","Open floor plan with high ceilings and exposed beams.","This modern living room features a neutral color palette, wood accents, plush furnishings, and recessed lighting that create an inviting space for relaxation and entertainment."
"scandinavian_597.jpg","Scandinavian","white, green, wood","wood, fabric, steel","natural soft light from large windows","calm and airy","bunk bed, bookcase, bean bag chair, wooden nightstand, stuffed animal","open space with central seating area","A cozy and colorful children's room featuring a bunk bed, bean bag chair, bookcase, and stuffed animal. The walls are painted in a calming green hue, and the room has ample natural light from a large window."
"scandinavian_599.jpg","Modern Minimalist","white, gray, brown","wood paneling, brick accents, steel doors and windows","Natural soft light from large windows","Calm and airy","sofa, coffee table, plant, floor lamp, vase","Open space with central seating area around a fireplace","This modern minimalist home features clean lines, neutral tones, and natural materials. The open floor plan allows for a sense of spaciousness and connection to the outdoors."
"scandinavian_6.jpg","Modern Minimalist","light wood, white, black","oak wood, marble, linen","ambient and recessed lighting with warm tones","airy and open, evoking a sense of tranquility","island cooktop, modern range hood, barstools, bamboo plant, sleek kitchen sink","open concept layout with combined kitchen and dining area","This modern kitchen design features a light wood palette, sleek appliances, and minimalist elements that create a warm and inviting atmosphere for cooking and gathering."
"scandinavian_60.jpg","Modern","navy blue, white, light wood","oak cabinetry, stainless steel appliances, glass shelves","natural light from a large window and ambient recessed lights","spacious, clean, and airy","open cabinets with glass doors, white countertops, wooden floors, washer and dryer","open kitchen concept with central island for cooking and seating","The interior design combines modern and minimalistic elements, featuring a navy blue color scheme that creates a spacious and clean atmosphere. Glass shelves provide an open feel to the cabinetry, while stainless steel appliances add a touch of contemporary style. The large window allows for natural lighting during the day, creating an airy ambiance."
"scandinavian_600.jpg","Modern","white, wood, beige","wood, metal, brick","bright and natural from large window","clean and organized","sofa, coffee table, plant, chair","open floor plan with central seating area","A modern home with a minimalist interior design featuring wood, metal, and brick materials."
"scandinavian_602.jpg","Scandinavian","white, light wood, gray","oak wood, linen, stainless steel","natural soft light from large windows","warm and cozy","kitchen island, wood cabinets, black stove top, copper range hood","open space with central cooking area","This kitchen has a clean, modern Scandinavian design with a focus on natural materials and soft lighting. The space is warm and inviting, with a center island for food preparation."
"scandinavian_604.jpg","Modern Minimalist","light wood, white, navy blue","wood, stainless steel, glass","under-cabinet lighting and natural light","bright and open","kitchen cabinets, spice rack, cookware","straight lines and minimal decor","Modern minimalist kitchen with an emphasis on organization, cleanliness, and natural light."
"scandinavian_605.jpg","Modern Minimalist","white, beige, black","wood, leather, fabric","natural soft light from large windows and ceiling lights","calm and airy","sofa, coffee table, floor lamp, plant, rug, artwork","open space with central seating area around coffee table, flanked by armchair on each side of a fireplace or focal point","This modern minimalist living room features a neutral color palette with black accents and furnishings made from wood, leather, and fabric. The space is well-lit by natural light streaming in through large windows and the ceiling lights. The overall atmosphere feels calm and airy."
"scandinavian_606.jpg","Modern","white, gray, wood","tiles, acrylic, stainless steel","natural light from windows and ceiling lights","clean, minimalistic, spacious","white floating toilet, modern wooden sink vanity with glass doors, black metal faucet, wooden slatted shelving unit","wide space with open design that feels airy and well-lit","A modern bathroom with a clean, minimalistic aesthetic featuring white tile, floating toilet, wood vanity, and ample natural light."
"scandinavian_607.jpg","Scandinavian","white, light wood, teal","wooden countertops, metal shelves, mixed textiles","natural light streaming in from above and side windows","bright, airy, and inviting","coffee maker, tea kettle, wooden cutting board, vase with flowers","open galley kitchen with central workspace","This is a Scandinavian-style kitchen, characterized by its natural wood finishes and minimalist design. The room features open shelves for storage, allowing the light to pass through and illuminate the space. A large window on one side provides ample natural light, contributing to the airy feel of the room."
"scandinavian_608.jpg","Scandinavian","beige, green accent, light wood","wicker, wood, linen","natural soft light from large windows","calm and airy","chair, desk, plant, lamp, shelves","open space with central seating area under large window","A Scandinavian-style room with light wood accents and a cozy atmosphere, featuring a wooden chair at a wicker desk with a plant on top."
"scandinavian_609.jpg","Scandinavian","white, light wood, pink","wood, linen, metal","soft, natural light from large windows","calm and serene","desk, chair, plant, bookshelf","simple, open layout with a central work area","A bright, clean office space with Scandinavian design elements, featuring wood furniture and natural light."
"scandinavian_61.jpg","Modern","gray, black, red","wood, steel, rubber","bright overhead lights","energetic and intense","treadmill, exercise bench, weight stack, bicycle","a long narrow room with exercise equipment on both sides","The gym is designed in a modern style with minimalistic elements, featuring wood paneling and industrial fixtures. The layout is straightforward with the main focus being on providing ample space for workout equipment."
"scandinavian_611.jpg","Modern Minimalist","white, gray, navy","wood, leather, metal, glass","natural soft light from large windows and recessed ceiling lights","calm and serene","sofa, coffee table, plant, floor lamp, striped tote bag on hook","open space with central seating area in front of large windows","This modern minimalist living room features a clean and airy design with natural light. The color palette is restrained, focusing on neutral shades that create a calm and serene atmosphere. The materials include wood for the built-in storage and seating, leather for the sofa cushions, metal for the sleek coffee table legs, and glass for the large windows and doors that provide ample natural light. The layout is open, with a central seating area in front of these windows, making the space feel inviting and connected to the outdoors."
"scandinavian_612.jpg","Scandinavian","white, light gray, copper","wood, glass, metal","natural soft light from large windows","bright and cheerful","sofa, couch, dining table, chairs, kitchen island, potted plant","open space with central seating area, featuring an L-shaped kitchen that is integrated into the living area","This open concept home showcases a Scandinavian design style with neutral tones, natural lighting, and minimal clutter. The living room is furnished with comfortable seating options, while the modern kitchen features wood finishes and stainless steel appliances."
"scandinavian_615.jpg","Modern Minimalist","white, beige, light wood","stainless steel, marble, glass","soft natural light from large windows","calm and airy","sofa, coffee table, plant, floor lamp","open space with central seating area","This modern minimalist kitchen features a clean, bright design with stainless steel appliances and a marble countertop. The light wood accents create a warm tone that complements the natural light coming through the windows. The space is arranged around a central seating area for casual dining and socializing."
"scandinavian_616.jpg","Modern Minimalist","white, light wood, gray","tiles, wood, glass","natural soft light from large windows","calm and airy","bathtub, toilet, sink, shower head","small, compact space with efficient placement of fixtures for maximizing use of limited space","A modern bathroom designed with a minimalist approach. The color palette is neutral, the materials are simple and functional, and the layout efficiently utilizes the available space."
"scandinavian_617.jpg","Modern Minimalist","white, beige, black","wood, porcelain","natural soft light from large windows","calm and airy","sink, mirror, soap dispenser, towel rack, plant","linear layout with a central sink area flanked by mirrors on either side","This is a modern bathroom design that prioritizes clean lines and minimalist materials, creating a serene atmosphere through the use of natural light and neutral colors."
"scandinavian_618.jpg","Scandinavian","white, beige, light wood","wood, linen, leather, metal","natural light from large windows","calm and cozy","sofa, coffee table, plant, lamp, bed, cushioned bench","open space with central seating area, flanked by a bed and a cushioned bench","This is a modern Scandinavian-style living room that combines natural light from large windows with a simple color palette of white, beige, and light wood. The materials used include wood for the furniture, linen for drapes, leather for some accent pieces, and metal for hardware. The space is designed to feel calm and cozy, featuring a comfortable sofa, a coffee table with decorative items, a plant adding life and color, a lamp for warm lighting, and a cushioned bench for additional seating. A bed is tucked into the corner, maintaining an open floor plan that facilitates easy movement throughout the room."
"scandinavian_619.jpg","Modern","white, light wood","wood veneer cabinets, stainless steel appliances","natural light from window above sink","clean and bright","modern faucet, white countertops, stainless steel dishwasher","small galley kitchen with central sink","This modern kitchen features a clean, minimalistic design with white countertops and light wood cabinets that provide a warm yet contemporary feel. The stainless steel appliances add a sleek touch, while the natural light from a window above the sink creates a bright and inviting atmosphere."
"scandinavian_62.jpg","Modern Minimalist","white, beige, light wood","wood, linen, glass","soft and diffused natural light from ceiling to floor window","calm and serene","bed with white linens, wooden nightstand, wall art","bedroom with bed as focal point, flanked by nightstand on either side","This is a modern minimalist bedroom that utilizes natural light to create a calm and serene atmosphere. The room features a large bed at its center, surrounded by two wooden nightstands. The color palette consists of white, beige, and light wood, complemented by the warm tones of the wood in the furniture and decorations. A key design element is the window that allows for soft and diffused natural light throughout the space."
"scandinavian_620.jpg","Modern Minimalist","white, gray, brass","wood, porcelain, metal","soft, recessed lighting with accentuated features","clean and serene","white farmhouse sink, black framed mirrors, blue bottle soap dispenser, light wood vanity cabinets, brass towel rack","linear layout with vanity centered between two mirrors","This is a modern bathroom with clean lines, minimalist design elements, and an emphasis on light colors and natural materials."
"scandinavian_621.jpg","Modern Scandinavian","white, light wood, neutral gray","wood, glass, metal","Natural light streaming in from large windows and skylights.","Calm, modern, and inviting.","black leather sofa, round wooden coffee table, mid-century modern armchair, modern metal floor lamp, white abstract art","Open space with central seating area and walls of windows leading to the outdoors.","These cabins feature a minimalist, modern design that combines wood, glass, and metal materials. The interior is bathed in natural light, creating a calm and inviting atmosphere."
"scandinavian_622.jpg","Modern","white, gray, black","wood, metal, leather","Overhead recessed lighting with accent floor lamps and wall sconces.","Modern with a touch of warmth and comfort.","kitchen island with countertop seating, wooden dining table, black barstools, hanging pendant lights, large window for natural light","Open concept with kitchen, dining, and living areas flowing into each other.","This modern interior design features a warm color palette with wooden accents, open layout, and well-designed lighting to create a cozy yet stylish space."
"scandinavian_623.jpg","Scandinavian","white, beige, grey, blue","wood, linen, brass, glass","ambient with natural light filtering through windows","calm and serene","sofa, coffee table, chairs, plant, bookshelf","open layout with minimal division between spaces","This modern living room features a Scandinavian style with neutral color palette, wood and linen materials, ambient lighting, and modern furniture."
"scandinavian_626.jpg","Modern Minimalist","beige, light wood","wood, marble, glass","bright and natural light from large windows","calm and airy","vanity, mirror, faucet, towel rack, sink","clean lines with functional placement of items","A modern and minimalist bathroom design featuring warm beige tones, wood accents, and large mirrors for a bright and airy atmosphere."
"scandinavian_628.jpg","Modern Minimalist","white, light wood, gray","marble, wood, glass","natural soft light from large windows","calm and airy","large mirror, white bathtub, bathroom shelves with towels, sink with white countertop, wooden cabinet","wall-to-wall mirror reflecting shower and sink area, open layout with space for bath mat","This bathroom features a modern minimalist design with a soothing color palette of white, light wood, and gray. The space is illuminated by natural soft light from large windows, creating a calm and airy atmosphere. The marble flooring complements the wooden cabinet and adds an elegant touch. The large mirror enhances the sense of openness in the room."
"scandinavian_629.jpg","Modern Minimalist","white, orange, light wood","oak wood, linen, steel","ambient light from recessed ceiling lights","calm and airy","bunk bed, sofa, coffee table, hanging hammock chair, bookshelf","small room with open concept","A modern minimalist room featuring a bunk bed, hanging hammock chair, and a cozy seating area. The space is filled with natural light from large windows."
"scandinavian_63.jpg","Modern Minimalist","white, gray, black","cedar siding, concrete wall, stainless steel","natural soft light from large windows","calm and airy","sofa, coffee table, plant, floor lamp","open space with central seating area","Modern minimalist house with clean lines, neutral colors, natural light from large windows, and a cozy seating area."
"scandinavian_630.jpg","Scandinavian","white, light wood, blue accent","wood, glass, fabric","natural soft light from large windows","calm and airy","sofa, coffee table, plant, floor lamp, kitchen island","open space with central seating area, kitchen island as centerpiece","This is a modern Scandinavian design featuring light wood accents and a minimalist color palette. The room is filled with natural light from large windows, creating a calm and airy atmosphere."
"scandinavian_631.jpg","Modern","gray, white, green","wood, leather, metal, fabric","natural soft light from large windows","calm and airy","sofa, coffee table, plant, floor lamp","open space with central seating area","A modern, minimalist living room featuring a neutral color palette of gray, white, and green, furnished with wood, leather, and fabric materials. The natural light from the large windows creates a calm and airy atmosphere."
"scandinavian_633.jpg","Modern","white, gray, black","leather, wood, metal","modern chandelier, natural light from large windows and skylights","modern, sleek, sophisticated","sectional sofa, round coffee table, flat-screen TV, floor lamp, area rug","open plan with kitchen in the back, dining and living areas in the middle, and bedroom off to the side","This modern home design combines clean lines, neutral tones, and natural light to create a stylish and sophisticated space for relaxation and entertainment."
"scandinavian_634.jpg","Modern","white, black, wood","steel, marble, wood","bright and airy with natural light from windows","contemporary and sleek","island, bar stools, potted plant, kitchen appliances","open layout with island as focal point, stools along one wall for casual seating","Modern kitchen featuring a large central island, bright lights, and a warm wooden color palette."
"scandinavian_635.jpg","Modern Minimalist","white, beige, light wood","oak wood, linen, concrete, steel","natural soft light from large windows","calm and airy","sofa, coffee table, plant, floor lamp","open space with central seating area","This modern kitchen features a minimalist design, with clean lines and a light color palette. The open layout allows for easy movement within the space. Natural light floods in from large windows, creating a bright and airy atmosphere."
"scandinavian_636.jpg","Modern Minimalist","white, gray, green accent","oak wood, linen, glass, steel","natural soft light from large windows","calm and airy","sofa, coffee table, plant, floor lamp","open space with central seating area around a central rug","This modern living room is designed for comfort and simplicity, featuring oak wood accents that complement the gray and white color scheme. The natural light streaming in from large windows enhances the serene atmosphere of the space."
"scandinavian_637.jpg","Modern Minimalist","light wood, beige, natural greens","wood veneer, steel framing, glass, stone","Natural soft light from large windows and recessed ceiling lights.","Calm and airy with a touch of luxury.","sofa, coffee table, chandelier, large planter","Open space with central seating area, flanked by additional seating and lounge areas on either side. The kitchen is open to the living area.","This modern home showcases clean lines, natural materials, and a connection to nature through large windows and outdoor spaces."
"scandinavian_638.jpg","Modern Minimalist","white, light wood","oak wood, marble, metal","natural soft light from large windows","calm and airy","sink, vanity mirror, plant, small potted tree","clean lines, open space, and functional layout","This is a modern bathroom with minimalist design elements. The color palette consists of white and light wood to create an airy feeling. The materials used include oak wood for the vanity and marble for the sink, providing a natural touch. The lighting comes from large windows that allow soft, natural light into the space. The mood is calm and serene, perfect for relaxation. The objects in the bathroom include a sink with a vanity mirror above it, a plant to add life, and a small potted tree for decoration. The layout is clean and functional, with a focus on open space and easy movement."
"scandinavian_639.jpg","Modern Minimalist","white, black, gold","wood, fabric, metal","bright and natural with a skylight above the bed","cozy and serene","bed, bookshelf, chair, couch","compact and efficient, focusing on comfort and functionality in a small space","The interior design features a modern minimalist style with a black and white color palette, natural materials like wood and fabric, and efficient lighting. The space is designed to be both cozy and serene, with functional furniture like a bed, bookshelf, chair, and couch."
"scandinavian_64.jpg","Modern Minimalist","beige, light wood, gray","oak wood, fabric upholstery, glass panels","natural soft light from large windows","calm and airy","freestanding bathtub, cabinet towel rack, floor lamp, large potted plant","space with a clear focal point at the freestanding tub, surrounded by large windows.","This modern bathroom showcases minimalist design principles through its clean lines and neutral color scheme. The space is well-lit by natural light that reflects off of the large windows, creating an airy atmosphere. The bathtub is the centerpiece of the room, set against a backdrop of oak wood cabinets that add warmth to the otherwise cool palette. Overall, this bathroom exudes tranquility and elegance."
"scandinavian_641.jpg","Modern","white, silver, navy","steel, glass, wood","recessed and under-cabinet lighting, natural light from the windows","modern and sleek with a touch of warmth","stainless steel fridge, quartz countertops, brushed nickel hardware, a small succulent plant","an L-shaped kitchen with central island and bar stools underneath, open layout flowing into the adjacent dining area","This modern kitchen features a minimalist design with clean lines and neutral colors, providing ample workspace around the central island. The steel appliances contrast nicely with the wood elements, while the natural light from the windows adds warmth to the space."
"scandinavian_643.jpg","Modern Minimalist","white, light wood, grey","steel, wood, linen","natural soft light from large windows and pendant lights","calm and serene","bed, dresser, chair, plant, artwork","open space with central seating area",""
"scandinavian_644.jpg","Modern Minimalist","blue, white, light wood","oak wood, linen, concrete","natural soft light from large windows","calm and airy","sofa, coffee table, floor lamp, plant, wall art","open space with central seating area","This modern minimalist living room features a calming blue wall, light wood accents, and oak wood furniture. The space is brightened by natural soft light from large windows. The layout centers around a comfortable sofa, surrounded by decorative elements such as a plant, floor lamp, and artwork on the wall."
"scandinavian_645.jpg","Modern Minimalist","white, beige, light wood, green accent","oak wood, linen, concrete, steel","natural soft light from large windows","calm and airy","desk with chair, floor lamp, vase of flowers, potted plant, books","open space with central seating area around desk","This is a modern, minimalist interior design. The color palette includes shades of white, beige and light wood, complemented by green accents. Materials used include oak wood, linen, concrete, and steel. The lighting comes from large windows, giving the space a calm and airy feel. The room features a desk with chair, floor lamp, vase of flowers, potted plant, and books, arranged in an open layout around a central seating area."
"scandinavian_646.jpg","Modern Minimalist","grey, white, green","wood, metal, brick","natural soft light from large windows","calm and airy","sofa, coffee table, plant, floor lamp, outdoor rug","open space with central seating area and outdoor rug for transition to backyard patio","The image showcases a modern, minimalist garden space that combines the charm of rustic elements like brick walls with sleek metal and glass fixtures. The color palette is soothing, featuring grays and greens that blend seamlessly into the surrounding greenery. The backyard patio extends the outdoor living area, and the open layout encourages a relaxed flow throughout the space."
"scandinavian_647.jpg","Modern Minimalist","white, gray","wood, glass","ambient and task lighting with soft overhead LED fixtures","calm and serene","bathroom sink, toilet, shower faucet, floor mat, soap dispenser","compact design with all elements within easy reach from the center of the room","This modern minimalist bathroom features a clean and uncluttered aesthetic, using wood and glass materials to create a calming atmosphere."
"scandinavian_648.jpg","Modern Minimalist","white, light wood","wood, fabric","soft and natural light from large windows","calm and serene","sofa, coffee table, lounge chair, plant, floor lamp","open space with central seating area, including a fireplace as focal point","A modern minimalist living room with natural lighting and neutral color palette, featuring wooden furniture and textiles."
"scandinavian_649.jpg","Modern Minimalist","white, gray, wood accents","cedar shake siding, glass panels, brick chimney","Natural soft light from large windows, with additional recessed lights.","Bright and airy, with a cozy yet stylish vibe.","wooden coffee table, leather sofa, lounge chair, potted plant","An open space with a central seating area featuring a wrap-around deck. The living room opens up to the forest beyond, blurring the lines between indoor and outdoor spaces.","This modern log cabin in the woods features a stylish minimalist design with clean lines and neutral colors, creating an airy and bright atmosphere that connects seamlessly with its surroundings."
"scandinavian_65.jpg","Modern","white, wood, gray","light wood, marble, metal","recessed lighting with under-cabinet lights and overhead pendant lights.","contemporary and sleek","modern kitchen sink and faucet, stainless steel refrigerator, built-in oven, large island for food preparation","an L-shaped layout with a central island","This modern kitchen features an all-white color scheme with wood accents, marble counters, and stainless steel appliances."
"scandinavian_650.jpg","Modern Minimalist","white, gray, wood","pine wood, fabric, metal","natural soft light from large windows","bright and energetic","bunk beds, play table, rocking horse, stuffed animal","open space with central seating area and built-in furniture","This child's bedroom is designed with a modern minimalist style, featuring clean lines and a neutral color palette. The room includes a bunk bed for sleeping arrangements, a play table for activities, a rocking horse for playtime, and a stuffed animal for comfort. The space is well-lit from large windows and has an open layout with central seating areas that encourage interaction among the children who share the space."
"scandinavian_651.jpg","Scandinavian","white, beige, light wood","oak wood, marble, porcelain","natural soft light from a large window","calm and airy","round mirror above sink, sink with copper fixtures, towel rack on wall, wooden stool under counter","small space with compact arrangement of furniture","Scandinavian-style bathroom with minimalist design, featuring oak wood and beige tones for a warm and inviting atmosphere."
"scandinavian_652.jpg","Modern","white, black, wood","oak wood, glass, steel","natural light from skylights and recessed lighting","bright and airy","kitchen island, bar stools, hanging pendant lights, potted plant","open concept with kitchen, dining, and living areas flowing together","This modern industrial loft features a bright and open space with an emphasis on natural light and minimalist design."
"scandinavian_653.jpg","Modern Minimalist","white, beige, light wood","wood, fabric, glass","natural soft light from large windows","calm and airy","bed, chair, sofa, coffee table, plant, floor lamp","open space with central seating area around a focal point of the bed","This modern minimalist room features a clean and streamlined design, using natural light to create an airy atmosphere. The color palette is soft and neutral, complementing the materials chosen for their texture and durability. The layout places emphasis on the centerpiece of the room, which is the bed, creating a comfortable and inviting space."
"scandinavian_655.jpg","Scandinavian","beige, light wood, grey","wood, linen, concrete","natural soft light from large windows","calm and airy","tub, sink with faucet, robe on towel bar, bamboo wall paneling","small space with compact fixtures for efficient use of space","This bathroom design is a modern Scandinavian style, featuring clean lines and a neutral color palette. The bamboo wall panels add texture and warmth to the room, while the large windows allow for natural light to fill the space."
"scandinavian_656.jpg","Scandinavian","white, wood tones, pink accents","wood, fabric, metal","natural light from large windows and overhead lights","bright and cheerful","bed, shelves, chair, desk, books","open space with bed along one wall, desk in front of window","A neat and organized room featuring a Scandinavian design style with white walls, wood tones, pink accents, natural lighting from large windows, and a variety of furniture pieces including a bed, chair, desk, shelves, and books."
"scandinavian_657.jpg","Modern Minimalist","white, gray, red","wood, leather, textiles","natural soft light from large windows, complemented by table lamps","calm and airy","bed, dresser, rugs, pillows","open space with central seating area",""
"scandinavian_658.jpg","Modern","black, white, gray","concrete, leather, wood","natural soft light from large windows and recessed ceiling lights","calm and sophisticated","sofa, coffee table, plant, floor lamp","open space with central seating area surrounding a fireplace","This modern living room features a sleek black fireplace, natural lighting from large windows, and a minimalist color palette. The space is sophisticated and calm, with leather furniture and wood accents."
"scandinavian_659.jpg","Modern","black, white, steel","wood, stainless steel, cabinetry","recessed LED ceiling lights with ambient lighting under countertops","clean and contemporary","kitchen island, modern bar stools, cookware","open kitchen concept with no dividing walls","A modern kitchen featuring a color scheme of black, white, and steel. Wooden cabinetry complements the stainless steel appliances, while ambient lighting under the countertops enhances the contemporary feel."
"scandinavian_66.jpg","Modern","black, white, gray","wood, glass, metal","bright with overhead fixtures and recessed lighting","modern, sleek, and functional","island counter, kitchen sink, refrigerator","open concept design with island at center","This modern kitchen features a black-and-white color scheme with sleek lines and minimal decor. The space is well-lit, functional, and designed to be both inviting and stylish."
"scandinavian_661.jpg","Modern Minimalist","white, black","wood, fabric, glass","natural soft light from large windows","calm and airy","sofa, coffee table, plant, floor lamp","open space with central seating area","A modern and minimalist living room design, featuring a white color palette against a textured wall, wooden floor, and natural light."
"scandinavian_662.jpg","Modern Minimalist","gray, white, wood","oak wood, linen, stainless steel","natural soft light from large windows","bright and energetic","kitchen island with stools, flowers in vase, large potted plant, white pendant lights over island, wooden table and chairs","open space with central seating area around kitchen island","This kitchen features a modern minimalist style with a gray color palette. Materials include oak wood, linen, and stainless steel. The room is filled with natural light from large windows, creating a bright and energetic mood. Key objects include a kitchen island with stools for seating, a table and chairs for dining, and flowers in a vase for a touch of nature. The layout includes an open space design with a central seating area around the kitchen island."
"scandinavian_663.jpg","Modern Minimalist","white, gray, wood","wood, linen, brass","natural soft light from large windows and track lighting","calm and serene","double vanity sink, huge mirror, towel rack, large wooden cabinet","open space with central double sink area flanked by wood cabinets and a large mirror","This modern bathroom features a minimalist design with white and gray tones, wood materials, and natural lighting that creates a serene and calm atmosphere."
"scandinavian_664.jpg","Scandinavian","white, light gray","wood paneling, gray concrete walls, sheepskin rug","natural light streaming in from large windows and a skylight","calm and serene","bed with white linens, two-toned wooden nightstands, modern gray armchair, white fur throw blanket","open floor plan with bed in the center of the room, flanked by nightstands and a sitting area on the far side","A tranquil Scandinavian-style bedroom featuring a minimalist design with gray concrete walls, white linens, sheepskin rug, and large windows that allow ample natural light to fill the space."
"scandinavian_665.jpg","Scandinavian","white, light gray","wood, glass, fabric","Natural light flooding the room from tall windows.","Bright and airy, with a touch of coziness provided by the fireplace.","sectional sofa, flat-screen TV, dining table, modern armchair, decorative bowl","Open floor plan with a view through to another room.","A bright and modern living space that feels open and airy, with a cozy touch provided by the fireplace."
"scandinavian_666.jpg","Modern Minimalist","white, dark wood, black","stainless steel, wood, glass","recessed lighting and pendant lights over the island","modern, clean, sleek","stove top oven, large island with storage, high-top bar stools","open kitchen with a central island","This kitchen has a modern, minimalist design with a monochromatic color scheme. The space is dominated by dark wood tones, black accents, and stainless steel appliances."
"scandinavian_669.jpg","Modern Minimalist","black, white, silver","metal, wood, concrete, leather","bright and even with no harsh shadows","clean and contemporary","stainless steel fridge, black cabinets, modern bar stools, hanging pendant light, potted plant","eat-in kitchen with central island and seating area","A modern eat-in kitchen with a monochromatic color palette, featuring stainless steel appliances, black cabinets, and contemporary bar stools. The space is brightly lit and feels clean and contemporary."
"scandinavian_67.jpg","Modern","gray, white, wood","oak wood, glass, steel","natural soft light from large windows","bright and energetic","cabinets, dishwasher, sink, cleaning supplies, shelf with dishes","organized open space with central storage area","A modern kitchen with gray walls and oak cabinets, a large window allowing natural light to fill the room, and organized storage areas for cleaning supplies and cookware."
"scandinavian_670.jpg","Modern Minimalist","white, beige, black","stainless steel, stone, wood","bright and even with a mix of natural and artificial light from large windows","clean, spacious, and organized","white countertop island with stools, modern stainless steel appliances, large green plant, gray hanging pendant lights","an open floor plan with a central kitchen island for dining and cooking space","This modern minimalist kitchen combines stainless steel and wood materials with a clean, monochromatic color scheme to create a spacious and inviting atmosphere. Natural light is enhanced by the large windows, contributing to a bright and evenly lit interior. The central island provides both dining and cooking space, while the pendant lights add style to the open floor plan."
"scandinavian_672.jpg","Modern Minimalist","dark gray, light gray, black","wood grain laminate countertops, stainless steel appliances, brushed metal cabinet handles","natural light from windows and pendant lights overhead","contemporary and sleek with a touch of warmth from wood accents","island with built-in storage, black stools at countertops, potted plants, modern vases","spacious galley kitchen layout with ample counter and cabinet space","This kitchen combines modern minimalist design elements with a touch of warmth through wood accents, creating a contemporary yet inviting space."
"scandinavian_674.jpg","Scandinavian","white, light wood, brown","wood, metal, fabric","natural soft light from large windows and ceiling lights","warm and cozy","bed, desk, chair, couch, bookshelf, table","compact space with sleeping area, working/study area, and seating/socializing area all adjacent to each other","The interior design is a modern cabin that utilizes a Scandinavian style. It features white walls, light wood accents, and metal framing. The space has ample natural light from windows and ceiling lights. There is a bed for resting, a desk for working or studying, a chair for seating, a couch for socializing, a bookshelf for storage, and a table for meals. The design creates a warm and cozy atmosphere with its compact layout that combines all areas of functionality in one space."
"scandinavian_675.jpg","Modern","white, light wood","oak wood, linen, steel","natural soft light from large windows","calm and airy","table, chairs, plants","open space with central seating area","This modern dining room features a white table surrounded by light wood chairs, set against a backdrop of large windows providing ample natural light. The oak wood floor and linen elements add warmth to the space."
"scandinavian_676.jpg","Modern Minimalist","white, black, wood","oak wood, linen, concrete","natural soft light from large windows","bright and energetic","desk, chair, shelves, lamp","space layout with desk area in front of shelving unit and window","A modern minimalist office space with a bright, energetic mood, featuring a white desk and chair on a wooden floor, concrete wall accents, a lamp for focused lighting, and a large window allowing natural light."
"scandinavian_679.jpg","Scandinavian","white, wooden tones, brass accents","light wood, marble, steel","soft, natural light filtering in through large windows and white ceiling recessed lights","calm and serene","wooden barstools, island with integrated sink and dishwasher, white range hood","open layout with central island for dining and cooking, surrounded by cabinets on three sides","This Scandinavian-style kitchen combines a light color palette with natural materials like wood and marble to create a serene atmosphere. The open layout encourages interaction while the barstools around the island provide additional seating options."
"scandinavian_68.jpg","Scandinavian","white, natural wood, blue accent","wood paneling, marble countertops, leather upholstery","soft overhead lighting with additional ambient lights in the ceiling and floor lamps","modern yet warm, inviting a relaxed atmosphere","sofa, coffee table, floor lamp, kitchen island, bar stools","open concept space with kitchen integrated into living area and separate seating area",""
"scandinavian_680.jpg","Modern Minimalist","black, white, gray","wood, fabric, stone","soft ambient lighting with warm accents","calm and contemporary","flat screen TV, wall-mounted shelving, fireplace, modern sofa","open concept with minimalist design elements and neutral color scheme","This modern living room is designed to be a serene space for relaxation, featuring clean lines, monochromatic tones, and functional furniture that highlights the importance of simplicity and style in contemporary interior design."
"scandinavian_681.jpg","Modern Minimalist","white, gray, wood, blue","wood, linen, metal, leather","natural soft light from large windows","bright and energetic","sofa, coffee table, plant, floor lamp, books, vase","open space with central seating area","This is a modern minimalist living room featuring a bright and airy design, neutral color palette of white, gray, wood, and blue, with materials including wood, linen, metal, and leather. The lighting is natural soft light from large windows, creating an energetic mood. The space includes a central seating area with a sofa, coffee table, plant, floor lamp, books, and vase."
"scandinavian_682.jpg","Modern Minimalist","beige, white, neutral","concrete, wood, glass","natural soft light from large windows","calm and airy","sofa, coffee table, floor lamp, plant, couch","open space with central seating area","This modern living room features a minimalist design with neutral colors and natural light. The open layout promotes a sense of calmness and simplicity."
"scandinavian_684.jpg","Scandinavian","light beige, white, dark wood","wood, marble, metal","natural light flooding the space from large windows","bright and airy with a touch of warmth","oak kitchen island, modern sofa, woven basket, large potted plant, industrial-style floor lamp","open plan design with a central cooking area","The space is a contemporary kitchen that combines Scandinavian design elements with natural materials and lighting. The open plan layout encourages social interaction while the warm color palette creates a welcoming atmosphere."
"scandinavian_685.jpg","Modern Minimalist","white, blue, gray","wood, fabric, metal","natural soft light from large windows","calm and serene","sofa, coffee table, plant, floor lamp, throw pillows","open space with central seating area","This modern living room features a minimalist design with clean lines and natural light. The color palette is composed of white, blue, and gray tones, which create a calm and serene atmosphere. Materials include wood, fabric, and metal, which add warmth and texture to the space. The open layout with a central seating area promotes relaxation and easy conversation."
"scandinavian_686.jpg","Modern Minimalist","white, gray, beige","linen, wood, concrete","natural soft light from large windows and ceiling lights","calm and airy","sofa, coffee table, floor lamp, modern painting, plant","open space with central seating area around fireplace","A modern, minimalist living room that feels calm and airy due to the natural lighting and simple color palette."
"scandinavian_687.jpg","Scandinavian","white, light wood","oak wood, stainless steel","natural soft light from large windows","calm and airy","cookware, kitchen island, cactus plant, wall decoration","efficient open space with kitchen counter bar seating","The interior design is a modern Scandinavian style kitchen with a focus on white and light wood tones, stainless steel appliances, and natural light from windows. The efficient layout allows for an open feel with a central seating area around the counter bar."
"scandinavian_688.jpg","Modern Minimalist","dark wood, white, light gray","wood, metal, glass","modern under-cabinet lighting and pendant lights above island","contemporary and sleek","island with stools, bar-height countertops, wine fridge","open layout with central kitchen island","This modern kitchen features a minimalist design with dark wood cabinets, white countertops, and an all-wood island at the center. The space is well-lit by pendant lights above the island and under-cabinet lighting that illuminates the lower cabinets."
"scandinavian_689.jpg","Modern Minimalist","light wood, beige, white","oak wood, linen, concrete, steel","natural soft light from large windows and ceiling lights","calm and airy","sofa, coffee table, plant, floor lamp, framed artwork","open space with central seating area","The room features a minimalist design with a light wood color palette and a variety of natural materials. The space is illuminated by large windows that allow ample natural light in, creating an airy feel. A central sofa invites relaxation, while the concrete flooring and steel accents add an industrial touch. A framed piece of art adds a personalized touch to the overall decor."
"scandinavian_69.jpg","Modern","white, light wood, black accents","tile, glass shower door, wood cabinetry","bright with natural light coming in from a large window above the bathtub","clean and serene","bathroom sink with wooden faucet, bath tub with glass door, white towel on rack","long bathroom with separate areas for shower/tub, sink, and toilet","A modern-style bathroom with clean lines and neutral colors, featuring a walk-in shower, large bathtub, wooden faucet over the sink, and storage provided by cabinets."
"scandinavian_690.jpg","Modern","gray, white, green","metal, wood, glass","Natural light from large windows and overhead lights","Sleek and contemporary","garage door roll-up, car, garage shelving","Open space with a car parked inside and garage shelving along the back wall","This interior is designed for function and style, featuring a clean modern design with natural materials and lighting that enhances the sense of openness."
"scandinavian_691.jpg","Modern Minimalist","gray, white, beige","wood, fabric, glass","soft ambient lighting with a touch of natural light from the windows","calm and cozy","couch, coffee table, chair, plant, bookshelf","open concept space with a central seating area surrounded by furniture","This modern minimalist living room features a neutral color palette, natural materials, and clean lines. The soft ambient lighting creates a calm atmosphere, while the large windows allow for some natural light to brighten the space. The open concept layout promotes a sense of spaciousness and connectivity to the adjacent dining area."
"scandinavian_692.jpg","Modern","black, white, wood","metal, fabric, wood","natural and artificial light blend","modern yet cozy with a touch of warmth","bar stools, counters, bottles, vase","a narrow bar area in a modern kitchen space","The image portrays a modern kitchen bar area featuring black and white colors, metal countertops, wood accents, and stools, with an atmosphere that blends contemporary design with cozy warmth."
"scandinavian_695.jpg","Modern Minimalist","gray, white, black","steel, leather, wood","soft overhead lighting with adjustable lamps for accent lighting","calm and serene","couch, coffee table, floor lamp, bookshelf, abstract artwork","open space with central seating area and separate dining/lounge area","This modern minimalist living room is designed for comfort and relaxation, using a neutral color palette and materials such as steel, leather, and wood to create a sleek and contemporary feel."
"scandinavian_698.jpg","Scandinavian","navy blue, white, brass","wood veneer, stainless steel, marble","soft natural light from above and under cabinet fixtures","modern with a touch of coziness","kitchen island, bar stools, wall-mounted rack for cookware, large hanging pendant lights","open concept with kitchen and living room separated by a central island","This is a contemporary kitchen designed in the Scandinavian style, featuring navy blue cabinetry, white countertops, and brass fixtures. The space is illuminated by soft, natural light and has an open concept layout that flows into the adjacent living area."
"scandinavian_699.jpg","Modern Minimalist","white, beige, wood accent","porcelain, marble, brass fixtures","warm and inviting with recessed lighting","clean, organized, and peaceful","freestanding tub, modern sink, crisp white toilet, simple wooden cabinet","space is cleanly divided into separate areas for bathing and sanitation","This modern minimalist bathroom features a harmonious blend of neutral tones, natural materials, and sleek design elements."
"scandinavian_7.jpg","Modern Minimalist","white, gray, black","glass block, metal rod, brushed brass","dimmable recessed lighting with additional accent lighting on shelves and walls","calm and serene","black toiletries, white soap dispenser, plant in metal pot","open layout with corner shower, rectangular sink, and tiled floor","This bathroom has a modern minimalist design that uses monochromatic color palette and materials like glass block for the walls and brushed brass for fixtures. Dimmable recessed lighting provides ample illumination with additional accent lighting on shelves and walls. The bathroom is open, featuring a corner shower, rectangular sink, and tiled floor that complement the overall minimalistic theme."
"scandinavian_70.jpg","Modern Minimalist","white, beige, gray","wood, tile, metal","natural soft light from large windows","calm and serene","sink, mirror, cabinet, shower, toiletry basket","efficient use of space with separate areas for shower, sink, toiletries","This modern bathroom uses a minimalist design approach with neutral colors and natural lighting to create a serene atmosphere."
"scandinavian_700.jpg","Modern Minimalist","white, beige, light wood","oak wood, linen, stainless steel","natural soft light from large windows","bright and energetic","open shelving, wood stool, pantry bowls, modern mixer, large metal pot","space is organized with a central prep area and open shelving for storage and display of pantry items","This kitchen has an open and clean design, using a minimalist color scheme to emphasize its brightness and functionality."
"scandinavian_701.jpg","Modern","white, light wood, black","wood, metal, glass","natural light from a large window with blinds partially closed","calm and clean","fridge, dishwasher, cabinets, countertops, sink, stove","open concept layout with a central island in the middle of the kitchen","This is a modern kitchen with a color palette featuring white, light wood, and black. The materials used include wood, metal, and glass. The lighting comes from natural sunlight filtering through a large window with blinds partially closed. The overall mood of the space is calm and clean. Key objects in the room are a refrigerator, dishwasher, cabinets, countertops, sink, and stove."
"scandinavian_702.jpg","Modern Minimalist","white, light gray, wood accents","wood planks, metal sheeting, glass","Natural light from large windows, complemented by strategically placed recessed lights.","Clean and serene with a touch of rustic charm.","large window frame, modern pendant light, wooden shelves","Simplified open floor plan focusing on functionality and efficiency.","This modern garage design employs minimalistic aesthetics with natural elements, creating a clean and uncluttered space."
"scandinavian_703.jpg","Modern Minimalist","black, white, wood","wood, glass, metal","natural light streaming in from windows and glass door","calm and serene","sofa, coffee table, shelving unit, plant, floor lamp","open space with central seating area, leading to outdoor deck","This modern minimalist home features a clean, monochromatic color scheme. The design focuses on natural light and simple, functional furnishings."
"scandinavian_704.jpg","Modern Minimalist","light wood, white, gray","oak wood, linen, steel","natural soft light from large windows","calm and airy","storage unit, hanging handbag, wall hanger, fabric-wrapped chair","open space with central seating area","This interior design features a modern minimalist style, characterized by light wood tones and linen textures. The open layout creates a calm and airy atmosphere, accented by natural soft lighting from large windows. The storage unit holds essential items while the fabric-wrapped chair adds a touch of coziness to the space."
"scandinavian_705.jpg","Modern Minimalist","white, light gray, pink accent","oak wood, linen, steel","natural soft light from large windows","bright and energetic","sofa, coffee table, potted plant, floor lamp, bookshelf","open space with central seating area","This modern minimalist nursery features a clean white and light gray color palette, accented by pops of pink. The room is furnished with a comfortable sofa and coffee table, set around a large window that lets in soft natural light. A potted plant adds a touch of greenery to the space, while a floor lamp provides additional lighting. Books are arranged neatly on a bookshelf for playtime reading. The overall atmosphere is bright and energetic."
"scandinavian_706.jpg","Scandinavian","white, light blue, beige","natural wood, porcelain","natural soft light from large windows","calm and airy","sink, faucet, toilet paper holder, soap dish, small towel rack","white bathroom with window above sink for natural light","A serene and bright white bathroom with natural wood accents, featuring a large window over the sink for ample natural light."
"scandinavian_707.jpg","Modern Minimalist","white, black, orange","brass, wood, stainless steel","natural soft light from large windows","calm and airy","kitchen sink, counters, vase with flowers, window above counter","open space with central window","This is a modern minimalist kitchen with a black and white color scheme, featuring wood counters and brass faucets. The natural light from the large window creates an airy feel."
"scandinavian_708.jpg","Modern","gray, beige, black","tile, brass fixtures","recessed lighting with accent under-cabinet lights.","clean and minimalist","freestanding bathtub, shower head controls on wall, soap dispenser","narrow bathroom space with one wall lined in tile for easy cleaning.","A modern, minimalist bathroom design that focuses on functionality and simplicity."
"scandinavian_709.jpg","Modern Minimalist","white, beige, light wood","wood, fabric, metal","soft and natural light from skylights","calm and inviting","sofa, coffee table, plant, floor lamp","open space with central seating area and defined workspace","This modern living room features a minimalist design, with natural light creating a calm and inviting atmosphere. The color palette is neutral and earth-toned, complementing the materials of wood, fabric, and metal used throughout the space. The layout allows for easy movement and a central seating area, perfect for relaxation or entertaining guests."
"scandinavian_71.jpg","Modern Minimalist","white, light grey, green","wood, linen, metal","soft, natural light from large windows","calm and serene","bed, side tables, area rug, floor lamp","spacious bedroom with a central seating area","This bedroom features a minimalist design with a neutral color palette, modern furnishings, and an emphasis on natural light. The large windows flood the room with soft, natural light, creating a calm and serene atmosphere."
"scandinavian_710.jpg","Scandinavian","white, light brown, navy blue","tile, wood, porcelain","natural soft light from large windows","calm and airy","round mirror, white sink, plant in white vase","simple and clean bathroom layout with mirror above sink","This is a modern and minimalist bathroom with an emphasis on natural materials and light colors. The space features a round mirror above the sink, a plant for a touch of nature, and a sleek white porcelain sink. The design is cohesive, creating a peaceful and serene environment."
"scandinavian_711.jpg","Scandinavian","white, light blue, wood, gold","wood, linen, plush, metal","bright and airy with natural light from windows","calm and cozy","bed, dresser, storage bench, ruffled throw pillows, decorative pillows, throw blanket","small bedroom with a compact layout featuring a corner bed and dresser","A cozy, brightly lit small bedroom with a Scandinavian design style, featuring wood paneling, light blue walls, and gold accents."
"scandinavian_712.jpg","Scandinavian","blue, white, wood","wood, fabric, glass","well-lit with natural light","inviting and warm","bookshelves, sofa, chairs, coffee table","open concept living space","This Scandinavian-style living room features blue bookshelves filled with books, a cozy sofa and chairs, and wooden accents that create an inviting atmosphere."
"scandinavian_713.jpg","Modern Minimalist","light wood, white, gray","wood, glass, stainless steel","recessed ceiling lights and overhead track lighting","clean, bright, and modern","flat-screen TV, black stove, white refrigerator, modern kitchen island","kitchen with island in center of room","A clean, modern kitchen with wood cabinetry and white appliances. The layout includes an island in the middle of the space for added counter area."
"scandinavian_714.jpg","Scandinavian","white, beige, wood, green","oak wood, stainless steel, marble","natural soft light from large windows and pendant lights","calm and airy","kitchen island with stools, wooden cabinets, potted plants, cooking utensils, metal bowls","open space kitchen and dining area with a large center island","This Scandinavian-style kitchen features an open floor plan, white cabinetry, stainless steel appliances, natural wood accents, marble countertops, pendant lights, and greenery from potted plants."
"scandinavian_715.jpg","Modern","white, light gray, dark wood","wood, metal, marble","ambient with pendant lights and natural light","clean, minimalist, bright","bathroom mirror, toilet, vanity unit, wooden cabinet","efficient space utilization with walk-in shower in corner","This bathroom features a modern design with clean lines and minimal decor. The color palette is neutral, creating a bright and inviting atmosphere. Materials include wood, metal, and marble. The layout is efficient, with a vanity unit and toilet placed close together for easy access."
"scandinavian_716.jpg","Minimalist Modern","white, light wood, navy blue","oak wood, marble, brass","overhead light with warm glow and ambient lighting for mood","calm and serene","sink vanity, freestanding tub, mirror over sink, toilet paper on wall","vanity centered in bathroom with mirror above it, tub to the right side of vanity, and toilet in corner","This is a modern minimalist bathroom design featuring clean lines, warm lighting, and a natural color palette."
"scandinavian_719.jpg","Scandinavian","black, white, light wood","dark wood siding, glass windows and doors, metal railings","Natural soft light from large windows and recessed LED lighting","Clean and serene, with a modern touch","modern black sofa, blue accent chair, wooden coffee table, stainless steel bar stools, black metal floor lamp","Open concept layout with central seating area and exposed wooden beams","This Scandinavian-style home features a monochromatic color scheme, natural lighting, and modern furnishings. The open layout and clean lines contribute to the serene atmosphere of the space."
"scandinavian_72.jpg","Modern Minimalist","white, beige, light wood","oak wood, linen, concrete","natural soft light from large windows","bright and energetic","sofa, coffee table, plant, floor lamp","open space with central seating area","This is a modern minimalist kitchen, with a light wood color palette that gives it a warm and inviting feel. The open layout allows for a sense of spaciousness and makes the room feel brighter. Key elements include a sofa to encourage conversation while seated, a plant to add life, and a floor lamp to provide additional lighting."
"scandinavian_720.jpg","Modern Minimalist","dark wood, black, white","wood, concrete, steel","sunlight through large windows","calm and modern","modern sofa, coffee table with wood top, contemporary artwork, floor lamp, small plant","open space with central seating area and minimalist design elements","This image showcases a modern, minimalist style with a palette dominated by dark wood and black, featuring clean lines and an open layout."
"scandinavian_722.jpg","Modern Minimalist","black, white, wood, silver","concrete wall, wooden desk, metal frame, leather chair","recessed LED lights with adjustable warm/cool settings","professional and focused","flat-screen monitor, white keyboard, black mouse, wooden desk lamp","L-shaped workspace with open shelving for storage and display of personal items","A modern, minimalist home office setup featuring a black wall with framed artwork, wooden desk with storage drawers, leather chair, flat-screen monitor, keyboard, mouse, and desk lamp."
"scandinavian_723.jpg","Modern Minimalist","white, wood, blue","oak wood, glass, steel","bright and airy with natural light from large windows","calm and serene","double vanity mirror, wooden cabinet under sink, blue towel rack on wall, small plant on countertop, white soap dispenser next to mirror","linear layout with mirror centered above double sinks","A modern and minimalist bathroom design featuring a double vanity mirror, wooden cabinet underneath, blue towel rack on wall, plant for greenery, and soap dispenser."
"scandinavian_724.jpg","Modern Minimalist","black, white, wood","cedar shake siding, steel roofing, glass","Natural light from large windows during sunset, supplemented by soft interior lights.","Calm and serene with a touch of modern elegance.","wooden table, sofa, floor lamp, plant, bookshelf","Open concept living space with central seating area and fireplace at the heart of the home.","These homes feature modern, minimalist design aesthetics with an emphasis on natural materials and soft lighting to create a warm, inviting atmosphere."
"scandinavian_725.jpg","Scandinavian","white, blue, green","wood, metal, leather","natural soft light from large windows","calm and airy","desk, chair, plant, picture","open space with central seating area","This is a modern, minimalist office space featuring light wood furniture and a blue accent chair. The room has a large window that lets in natural light and the mood is calm and airy."
"scandinavian_726.jpg","Modern Minimalist","white, beige, light wood","oak wood, marble, brass","natural soft light from large windows","clean and serene","large mirror, wooden vanity, bathroom cabinetry, sink","a clean and open space with a large countertop and a separate bathroom area","This modern minimalist bathroom features a clean, uncluttered design with wooden materials and natural lighting. The white vanity top contrasts with the light wood cabinetry, creating a serene atmosphere."
"scandinavian_727.jpg","Modern Minimalist","dark gray, light gray, white","wood, metal","ambient light with recessed track lighting and under-cabinet lighting","clean, modern, and serene","kitchen island with wood countertop, modern cabinets with chrome hardware, contemporary range hood","galley kitchen with open plan to dining area","This modern minimalist kitchen combines dark gray walls and wood elements with sleek, contemporary fixtures to create a clean, serene space. The galley layout maximizes functionality while maintaining an open feel to the adjacent dining area."
"scandinavian_728.jpg","Scandinavian","white, blue, wood","wood, linen, stone","natural soft light from large windows","calm and airy","sofa, coffee table, plant, floor lamp, couch, wicker chair","open space with central seating area","This living room exudes a Scandinavian minimalist style, featuring wooden floors and furniture, white walls, blue accents, and large windows that allow for natural light to fill the space."
"scandinavian_729.jpg","Industrial Loft","dark wood, light gray, white","wood panels, concrete wall, metal pipe and rod accents","natural soft light from large windows","warm and cozy with an industrial touch","bed, nightstand, plant, small rug","open space with central seating area","This room features a dark wood bedroom set in front of a concrete wall, creating an Industrial Loft style. The color palette consists of neutral tones, with the large windows allowing for natural soft light to enter."
"scandinavian_73.jpg","Modern Minimalist","white, pink, wooden accents","marble, metal, cork","soft and warm illumination from recessed lighting","calm and serene","two-tier sink vanity with mirrors, wooden stool under the vanity, large vase of flowers on the counter, hanging pendant light over the vanity","long narrow bathroom design with a compact vanity area","The bathroom features a modern minimalist style with marble and metal materials, soft recessed lighting creating a calm serene atmosphere. The color palette is primarily white and pink with wooden accents to provide warmth. A large vase of flowers adds a touch of nature and freshness."
"scandinavian_730.jpg","Modern","white, dark gray","brick, metal, wood","bright and even","clean and contemporary","sink, faucet, tile backsplash, white countertop","simple, functional design focused on sink area","This is a small bathroom with a modern design. The walls are covered in white subway tiles arranged vertically, giving the space an updated and clean look. A dark metal faucet over a white countertop adds a touch of sophistication to the space."
"scandinavian_732.jpg","Modern","white, gray, black","wood paneling, brass, glass","Recessed lighting with adjustable dimmers for a warm and inviting ambiance.","Clean, contemporary, and cozy.","flat-screen TV mounted on wall, floating shelves holding decorative items, potted plant, stone fireplace","Open-concept design with a centralized entertainment area.","This modern living room combines minimalist style with cozy elements such as a stone fireplace, creating an inviting space for relaxation and entertainment."
"scandinavian_733.jpg","Modern Minimalist","light wood, beige, white","wood veneer cabinets, stainless steel appliances, marble countertops","soft and natural light from recessed lights in the ceiling","clean and spacious","modern oven range, built-in dishwasher, large bowl for food preparation","kitchen island with built-in seating, open concept layout between kitchen and living room","This modern minimalist kitchen features light wood cabinets, beige tones, and stainless steel appliances to create a clean and spacious atmosphere."
"scandinavian_734.jpg","Modern Minimalist","light gray, dark wood, white","stone, glass, wood","Natural soft light from large windows and recessed ceiling lights.","Calm and airy","modern sofa, contemporary coffee table, tall indoor plant, simple floor lamp","Open space with central seating area flanked by side tables, fireplace, and built-in entertainment system.","This modern house design features a minimalist approach with clean lines and neutral tones. The use of stone walls, wood accents, and large windows creates a serene atmosphere. A central seating area anchors the space, flanked by functional furniture and an entertainment system."
"scandinavian_735.jpg","Modern","black, white, brass","stainless steel, marble, wood","under-cabinet lighting and overhead recessed lights","sleek and contemporary with a touch of warmth","brass pendant light, dark wood cabinetry, stainless steel appliances, marble countertops","open kitchen with island providing additional seating and workspace","This modern kitchen features a monochromatic color scheme, stainless steel appliances, and an island for both storage and socializing."
"scandinavian_736.jpg","Modern Minimalist","white, black, natural wood","oak wood, marble, stainless steel","bright and natural from multiple windows and a skylight","clean, sleek, and airy","island with bar stools, wooden cabinets, modern pendant lights, large abstract art","open concept with kitchen and dining areas flowing seamlessly into one another","A modern, minimalist kitchen space with clean lines and a warm wood palette."
"scandinavian_738.jpg","Scandinavian","black and white, grey tones","tile, concrete, brick","natural light from windows","simple, minimalistic, clean","shelves, bottles of products, bathroom sink","linear design with shelf under mirror","This is a bathroom that has been designed in a Scandinavian style. It features black and white tile, concrete walls, and brick elements. The space is well-lit by natural light from windows. Shelves hold toiletries and a small sink sits underneath a mirror above the shelves."
"scandinavian_739.jpg","Modern Minimalist","white, beige, black","wood, linen, glass","natural soft light from large windows and recessed ceiling lighting","clean, serene and sophisticated","freestanding bathtub, double vanity, mirror above bathroom counter","linear layout with a central vanity area leading to a freestanding tub on right","This bathroom features a clean, modern minimalist design with a neutral color palette and natural light. The materials used include wood, linen, and glass, which create a sophisticated atmosphere. A large mirror over the double vanity adds functionality to space while maintaining style."
"scandinavian_74.jpg","Modern","white, light wood, gray","oak wood, stainless steel, linen","Natural light from windows and recessed lights","Neat, clean and bright","Refrigerator, Dishwasher, Stove, Range hood, Sink","Kitchen with a central island for food preparation and dining","A modern kitchen with a clean, minimalist design featuring wood cabinetry, stainless steel appliances, and an efficient layout for cooking and entertaining."
"scandinavian_741.jpg","Modern Minimalist","white, light wood, blue accent","oak wood, linen, leather, steel","natural soft light from large windows","calm and airy","dining table, bench with cushions, vase with flowers, modern pendant lights, framed artwork","open space with central seating area, adjacent to large window for natural light","This modern dining room combines a minimalist design with warm wood tones and blue accents. Natural light pours in from the large windows, creating an inviting and airy atmosphere."
"scandinavian_742.jpg","Scandinavian","white, beige, green accent","oak wood, linen, concrete, steel","natural soft light from large windows","calm and airy","sofa, coffee table, plant, floor lamp","open space with central seating area","This living room features a Scandinavian design with natural lighting, a calm atmosphere, and functional furnishings."
"scandinavian_743.jpg","Scandinavian","white, beige, brown","concrete, wood, metal","natural soft light from large windows","calm and airy","sofa, coffee table, plant, floor lamp","open space with central seating area featuring a fireplace","This living room has a minimalist Scandinavian design, with a neutral color palette and natural materials. The space is well-lit by large windows and features a comfortable sofa and coffee table in the center of the room. A floor lamp provides additional lighting, while the fireplace adds warmth to the space."
"scandinavian_744.jpg","Scandinavian","white, light wood, beige","oak wood, brushed steel, natural stone","recessed ceiling lights and ambient light from wall sconces","modern yet warm","open kitchen island with seating, built-in oven and microwave, modern pendant light, wall art","L-shaped layout with open concept living spaces","This is a modern, minimalist Scandinavian style kitchen and living space featuring neutral colors and natural materials."
"scandinavian_745.jpg","Scandinavian","black, white, neutral","wood, fabric, leather","natural soft light from large windows","calm and airy","bench, plant, coffee table, floor lamp, woven throw over sofa","open space with central seating area","This living room is designed in a Scandinavian style, featuring neutral colors and natural materials. The open layout creates a calm atmosphere with ample light coming through the large windows."
"scandinavian_746.jpg","Scandinavian","navy blue, white, beige","wood, glass, metal","soft, warm overhead light with pendant lights over the island","inviting and homey","modern kitchen cabinetry, brass sink, kitchen island, hanging artwork","open concept layout with center island and separate spaces for cooking, dining, and seating areas","This modern Scandinavian kitchen boasts a warm color palette with navy blue cabinetry, white countertops, and beige tile backsplash. The space is well-lit with soft overhead lighting complemented by pendant lights over the island. Brass fittings add a touch of elegance to the room while the modern kitchen island provides additional workspace. A variety of materials are used including wood for cabinetry, glass for accent pieces, and metal for appliances. The layout is open concept with separate spaces for cooking, dining, and seating."
"scandinavian_747.jpg","Industrial","gray, beige, black","metal, concrete, wood","natural light streaming in from windows and a skylight","gritty, urban, modern","exposed brick wall, black radiator, industrial-style furniture","open space with a long, narrow layout","This is an industrial-themed room featuring a textured floor, exposed brick walls, and black metal fixtures."
"scandinavian_748.jpg","Modern Minimalist","black, white, wood","oak wood, marble, leather","ambient lighting with floor lamps and wall sconces","modern, sleek, and clean","TV stand, wall-mounted TV, wooden coffee table, decorative pillows","living room layout with entertainment center in front of seating area","A modern living room designed for minimalist aesthetics, featuring an oak wood and white color scheme, marble accents, ambient lighting, and a sleek entertainment center."
"scandinavian_749.jpg","Modern","white, gray, brass","wood, stainless steel","recessed ceiling lights and under-cabinet lighting","clean, bright, and spacious","fridge, dishwasher, oven, sink, stove top","open concept with island in the middle of the kitchen and dining area","This modern kitchen features a clean, minimalist design with white countertops, stainless steel appliances, and wood cabinetry. The space is well-lit and spacious, creating a comfortable environment for cooking and entertaining."
"scandinavian_75.jpg","Modern Minimalist","white, beige, light wood","oak wood, linen, glass","bright and natural with recessed lighting in ceiling","modern and sleek","white sofa, black leather armchair, wood coffee table, flat screen TV, abstract wall art","open space with modern furniture arranged for conversation","A modern minimalist living room featuring a white color palette, oak wood, and glass, with recessed lighting creating a bright atmosphere."
"scandinavian_750.jpg","Modern Minimalist","white, gray, black","glass, wood, metal","natural light from windows with additional recessed lighting","modern and sleek with a touch of warmth","bar stools, kitchen island, hanging pendant lights, large framed wall art","open concept kitchen and dining area","This modern kitchen design combines minimalistic style with clean lines, a neutral color palette, and natural light. The glass elements and wood accents add warmth to the space while maintaining its contemporary feel."
"scandinavian_752.jpg","Scandinavian","white, beige, gray","wood, steel, glass","Natural light from multiple windows","Calm and airy","sofa, coffee table, plant, floor lamp, bookshelf","Open layout with central seating area","This is a bright, spacious Scandinavian-style home with a neutral color palette and natural lighting from the windows. The open floor plan has a large living room centrally located and features a sofa, coffee table, plant, floor lamp, and bookshelf."
"scandinavian_753.jpg","Modern Minimalist","white, beige, light wood","marble, linen, metal","natural light from windows and recessed ceiling lights","calm and serene","hanging mirror, white countertops, wooden towel rack, black pendant lights, decorative rug","narrow hallway with two sinks leading into separate spaces","Modern minimalist style bathroom with a calming color palette and clean lines, featuring natural lighting and carefully selected materials."
"scandinavian_755.jpg","Modern Minimalist","white, brass, light wood","oak wood, linen, stainless steel","soft, diffused lighting from under-cabinet LED lights and window","calm and airy","modern cabinetry, brushed nickel faucet, glass vase with orange flowers","L-shaped kitchen layout with open plan dining area","This image depicts a modern minimalist kitchen and dining space featuring an L-shaped countertop with built-in LED lighting, cabinets with brass handles, and open shelving. The color palette is neutral with pops of orange and brass accents. The layout includes an open plan design connecting the kitchen to a dining area."
"scandinavian_756.jpg","Modern Minimalist","white, gray, copper","marble, brass, concrete","natural soft light from large windows","calm and serene","shower faucet, wall shelf, tiled shower wall, floor drain","open space with minimal fixtures","A simple, modern bathroom design with a focus on clean lines and natural materials."
"scandinavian_758.jpg","Modern Minimalist","white, stainless steel, wood, green","oak wood, quartz countertops, stainless steel appliances, stainless steel handles","overhead recessed lighting and under-cabinet LED strip lights","clean, sleek, and contemporary","modern oven range, integrated refrigerator and freezer, stainless steel backsplash, white subway tile wall","efficient work triangle with island in center of space","This kitchen combines modern minimalist design elements with high-quality materials to create a sleek, contemporary space that is both functional and visually appealing."
"scandinavian_759.jpg","Modern Minimalist","black, white, gray","wood, stone, glass","natural soft light from large windows and recessed ceiling lights","calm and sophisticated","sofa, armchair, coffee table, floor lamp, plant","open space with central seating area, flanked by walls of windows and a fireplace at one end",""
"scandinavian_76.jpg","Modern Minimalist","light beige, beige, white","natural wood, linen, glass","Natural soft light from large windows","Calm and airy","bed, nightstand, lamp, pillows","Open space with bed as focal point","A modern minimalist style room with a light beige color palette, featuring natural wood, linen, and glass materials, soft lighting from large windows, a calm and airy mood, furnished with a bed, nightstand, lamp, and pillows."
"scandinavian_760.jpg","Modern Minimalist","white, light wood","oak wood, linen","natural soft light from large windows","calm and airy","mirror, sink, vanity, towel rack, plant","spacious bathroom with vanity at center","The image shows a modern minimalist style bathroom with an oak wood finish, linen accents, and natural lighting. The color palette is primarily white and light wood, creating a calm and airy atmosphere. The space layout features a spacious vanity area at the center of the room, flanked by sinks on either side. A mirror is mounted above the vanity, while a plant adds greenery to the space."
"scandinavian_761.jpg","Modern Minimalist","white, light wood, neutral gray","wood veneer cabinets, natural stone countertops, glass shower enclosure","well-lit with natural light from windows and strategic placement of lights","calm and serene","freestanding bathtub, shower head, towel rack, floor cushion","linear layout with walk-in shower to the left, tub in middle, and vanity on right","A modern bathroom with a minimalist design, featuring natural wood and stone materials, strategic lighting, and a linear layout for efficient use of space."
"scandinavian_762.jpg","Industrial Loft","black, white, metallic","concrete, steel, wood","industrial-looking track lighting that illuminates the high ceilings and exposed beams","bright and energetic with a modern rustic touch","long metal bench along the wall, modern steel fireplace, large white sofa, high-rise concrete coffee table, vintage industrial pendant light","open space layout with a split level design, featuring an upper platform that overlooks the lower seating area.","This is a high ceiling open floor plan interior with a modern rustic industrial feel. The use of black and white for the color palette creates a contrast against the natural concrete and wood materials. Track lighting illuminates the space, highlighting the exposed beams and loft-style design."
"scandinavian_763.jpg","Modern Minimalist","white, beige, light wood","oak wood, linen, concrete","natural soft light from large windows","calm and airy","sofa, coffee table, plant, floor lamp","open space with central seating area","This modern bathroom features a minimalist design, combining light wood and oak accents with concrete walls. The room is illuminated by natural light from large windows, creating a serene atmosphere that feels calm and airy."
"scandinavian_764.jpg","Modern","white, wood, gray","tile, wood, metal","natural light from windows","clean and bright","shower caddy, towels, soap dish, bath mat","functional bathroom layout with shower area to right of entrance","This bathroom features a modern design, with clean white tiles and wood accents. The space is well-organized for functionality, with the shower located directly to the right after entering."
"scandinavian_765.jpg","Modern Minimalist","white, gray, brass","leather, wood, fabric","natural soft light from large windows","calm and airy","bed, nightstand, lamp, rug","space divided by bed with nightstand on either side, rug in front of bed.","Bedroom design featuring a modern minimalist style with white bedding and gray upholstered headboard, leather bed frame, wooden nightstands with brass accents, soft natural lighting from large windows, cozy ambiance created by rug on floor."
"scandinavian_766.jpg","Modern Minimalist","white, gray","concrete, steel","bright and airy with natural light from large windows","contemporary and serene","flat-screen TV, modern sofa, coffee table, floor lamp","open space with central seating area, connected to outdoor patio","Modern minimalist house features clean lines and a neutral color palette, creating a serene atmosphere. The open floor plan leads to an outdoor patio, connecting the interior and exterior spaces."
"scandinavian_768.jpg","Modern Minimalist","white, black, plant green","wood, fabric, plants, metal","bright and airy with natural light from the window","calm and serene","bed, plant wall, woven headboard, nightstand","simple, functional space centered around the bed","A modern minimalist bedroom with a natural palette, featuring a large window for light and a plant wall for a touch of nature."
"scandinavian_769.jpg","Scandinavian","white, blue, brown","wood, fabric, glass","bright and well-lit room with large windows letting in natural light.","calm and peaceful","couch, coffee table, bookshelf, bed, stuffed animal","open floor plan with separate areas for living room, bedroom, and reading nook.","This is a children's bedroom decorated in a Scandinavian style. The color palette consists of white, blue, and brown tones. The room features wood panels on the wall and furniture made from fabric and glass. It has a bright and airy feeling with lots of natural light coming through the windows. The layout is open and functional, providing separate areas for relaxation, sleep, and reading. In this space, we see a couch, coffee table, bookshelf, bed, and stuffed animal."
"scandinavian_77.jpg","Industrial","white, gray, black","wood, metal, glass","industrial-style lighting with exposed bulbs and dark fixtures","modern and minimalist, with a touch of rustic charm","open shelves and cabinets, black appliances, gray countertops","open floor plan with kitchen island in the center","This modern industrial kitchen has a streamlined design, featuring open shelving for display and storage of items such as canned goods, spices, and cookware. The contrasting colors of white walls, gray counters, and black appliances create an edgy yet warm atmosphere."
"scandinavian_770.jpg","Modern","natural wood, white, gray","wood, glass, steel","dimmable recessed lights with LED strip accents","contemporary and sophisticated","modern sofa, low-lying coffee table, minimalist sculpture, statement piece wall art","open concept living area with clean lines and neutral colors","This modern interior design features a mix of natural wood, white, and gray tones with an emphasis on clean lines and minimalistic decor. The space is well-lit by recessed lights that can be dimmed for ambiance."
"scandinavian_773.jpg","Scandinavian","white, beige, light wood","glass, wood, tile","bright and natural light from a large window","calm and modern","toilet, sink, shower head, towel rack, small stool","rectangular shape with the toilet in one corner","This is a compact yet stylish bathroom with a modern Scandinavian design, featuring glass shower doors and light wood accents."
"scandinavian_774.jpg","Modern Minimalist","light wood, white, beige","oak wood, ceramic tile","natural soft light from large windows and kitchen lights","warm and cozy","open shelves, coffee maker, potted plant, wooden cutting board","clean lines and open space with a central prep area","A minimalist kitchen design featuring an oak wood cabinet, ceramic tile backsplash, large windows for natural light, and an open shelving system that provides both functionality and decoration."
"scandinavian_776.jpg","Minimalist","white, gray, black","natural wood, leather, glass","bright and well-lit with natural light coming in from windows","modern, clean, and spacious","sofa, coffee table, chair, side tables, floor lamp","open layout with living room and dining area separated by a half wall","A modern minimalist open concept living space featuring neutral tones, natural wood materials, and ample natural light."
"scandinavian_777.jpg","Modern","white, beige, copper","tile, wood, metal","ambient lighting with a warm glow from pendant lights","clean and contemporary with a touch of rustic charm","sink, mirror, candle holder, vase with flowers","single vanity with space for toiletries and personal care items on either side, symmetrical arrangement","This bathroom design combines modern aesthetics with rustic elements and natural materials, creating a clean, contemporary look with a touch of warmth."
"scandinavian_778.jpg","Minimalist","light gray, white, natural wood","wood, fabric, metal","Natural lighting from windows and soft overhead lights","Calm and serene","modern sofa, small square coffee table, floor lamp, large abstract artwork","Open space with central seating area",""
"scandinavian_779.jpg","Modern Minimalist","black, white, wood","wood, glass, metal","natural light from large windows and a skylight","calm and serene","bed, table, shelving unit, floor lamp","open space with clear demarcations between each room area","The interior features a modern minimalist design, utilizing black wood and white surfaces for contrast. The floor-to-ceiling windows and skylight bring in natural light and create an open and airy atmosphere."
"scandinavian_78.jpg","Scandinavian","white, beige, light wood","wood, fabric, glass","natural soft light from large windows","calm and airy","sofa, coffee table, plant, floor lamp, desk, chairs","open space with central seating area flanked by workstations","The room is a bright, open-concept space that combines living and working areas to create an inviting, comfortable atmosphere."
"scandinavian_780.jpg","Industrial","brown, white","wood, metal, tile","natural light from a large window and artificial light from recessed fixtures","simple and utilitarian","bathtub, showerhead","rectangular with corner alcove for tub","The bathroom features an industrial design with wood and metal accents, giving a modern and functional look."
"scandinavian_781.jpg","Modern Minimalist","white, beige, light wood","oak wood, linen, marble","natural soft light from large windows","calm and airy","kitchen island, wooden bar stools, vase with fresh flowers, modern pendant lights","open space with central kitchen island","This is a modern minimalist kitchen with an emphasis on openness, clean lines, and natural materials. The design features neutral colors to create a serene atmosphere while the wooden elements add warmth. The large windows allow for plenty of natural light to fill the space, enhancing the overall brightness."
"scandinavian_782.jpg","Modern Minimalist","white, black, light wood","steel, marble, leather","natural soft light from large windows","calm and airy","island, stools, backsplash, kitchen cabinets","open space with central seating area around island","Modern kitchen with an open layout, featuring a central island for seating and a minimalist color palette."
"scandinavian_783.jpg","Modern Minimalist","white, grey, light wood","oak wood, marble, brass","soft, warm lighting with ambient floor lamps and wall sconces","serene and relaxing","freestanding bathtub, wall-mounted sink, candle, plants","clean lines and open space with central focal point","Modern bathroom with minimalist design, featuring a freestanding tub, wall-mounted sink, and natural elements for warmth."
"scandinavian_784.jpg","Modern Minimalist","light wood, white, navy","wood paneling, glass shower enclosure, steel towel rack","natural light from large window","calm and airy","toilet, sink, shower, towel rack","long narrow layout with toilet at one end and sink in middle, glass shower enclosure at far end","A modern bathroom with a minimalist design featuring light wood paneling, white fixtures, navy accents, a glass shower enclosure, and ample natural light."
"scandinavian_786.jpg","Modern Minimalist","white, light gray, black","wood, marble, glass","soft and warm","calm and serene","sink, vanity mirror, towel rack, toiletry baskets","narrow and long space with functional layout","This bathroom features a modern minimalist design, focusing on white and light gray colors to create a serene and calming atmosphere. The materials used include wood for the cabinets, marble for the vanity top, and glass for the shower enclosure. The space is narrow but well-organized with functional fixtures such as the sink, mirror, and towel rack."
"scandinavian_787.jpg","Modern Minimalist","black, gray, white","concrete, metal, wood","bright and airy with natural light from large windows","clean, sleek, and uncluttered","floor lamp, white sofa, black coffee table, large mirror, minimalist art","open space layout with a central seating area and a separate room visible from the front entrance","Modern minimalist design in a two-story house featuring black exterior cladding, white interior walls, and a bright open floor plan."
"scandinavian_788.jpg","Modern Minimalist","green, white, wood","brass, wood, ceramic","natural soft light from large windows","calm and airy","vases, framed artwork, plants, potted plants, dishes","open space with central seating area, cabinetry on the left side leading to display shelf","This minimalist living room design emphasizes a calm and airy atmosphere using natural light, green accents, wood tones, brass hardware, and carefully curated decorative items."
"scandinavian_789.jpg","Modern","white, gray","wood, fabric","natural light from windows","clean and minimalist","laundry machine, washer, dryer, shelves, boxes","linear with washer/dryer at one end, shelves in middle","A modern laundry room with white appliances, wood accents and minimal decor."
"scandinavian_79.jpg","Modern Minimalist","white, beige, light wood","linen, cotton, wood","natural soft light from large windows","calm and airy","bed, nightstand, lamp, pillows, blanket","spacious room with open layout and centered bed","The space features a modern, minimalist design with white linens, natural lighting from large windows, and a centered bed in an open, spacious room."
"scandinavian_790.jpg","Modern Minimalist","white, black, brass","oak wood, marble, leather","clean lines and simple shapes","calm and sophisticated","sofa, coffee table, floor lamp, potted plant","open space with central seating area flanked by furniture on sides","This modern minimalist living room features a monochrome color palette, clean lines and simple shapes in the design, with materials that include oak wood, marble and leather. The mood is calm and sophisticated, with soft lighting coming from the floor lamp."
"scandinavian_791.jpg","Modern Minimalist","white, navy blue, wood accent","steel, glass, wood","natural soft light from large windows","calm and airy","bicycle, kayak, paddleboard, rock climbing gear","open space with central seating area, flanked by storage spaces for bikes and boats","The interior design features a modern minimalist style, characterized by the use of white and navy blue accents against wood paneling. Natural light filters in through large windows, creating a calm and airy atmosphere. The room is furnished with functional objects that reflect outdoor activities, such as bicycling, kayaking, paddleboarding, and rock climbing."
"scandinavian_792.jpg","Scandinavian","white, green, blue","stainless steel, wood, linen","bright and airy, with natural light from a large window above the sink.","calm and peaceful","kitchen island for food preparation, white countertops for modern look, blue cabinetry for pop of color, stainless steel appliances for sleek appearance, white subway tile backsplash for clean and simple design","small galley kitchen with a work triangle from stove to sink to refrigerator.","Scandinavian-style kitchenette with white countertops, green accents, blue cabinetry, wood elements, and stainless steel appliances."
"scandinavian_793.jpg","Modern Minimalist","white, brown, wood accent","oak wood, stainless steel, glass","bright and natural with under-cabinet lighting","clean and contemporary","kitchen sink, coffee maker, toaster, wooden cutting board","open plan with kitchen island","This modern kitchen features minimalist design elements, a neutral color palette centered around whites and browns, a mix of materials including stainless steel appliances, oak wood cabinetry, and glass backsplashes. The layout is open, allowing for an easy flow between the cooking and dining areas, and the bright lighting adds to its contemporary feel."
"scandinavian_794.jpg","Modern","neutral colors, wood tones, gray accents","stainless steel appliances, marble countertops, oak cabinets","recessed lighting with spotlights over island and undercabinet lights for task area","contemporary and inviting","center island, modern bar stools, backsplash with geometric pattern, hanging pendant lights","open concept layout with separate dining area","This kitchen combines modern design elements with high-end materials and finishes, creating a stylish yet functional space for cooking and socializing."
"scandinavian_795.jpg","Scandinavian","white, light wood","wood, glass, marble","Natural light from large windows and a skylight","Clean, minimalist, and airy","dresser, vase, plant, chair","Open space with a central focal point","This is an image of a modern Scandinavian-style interior design featuring a white wooden dresser and marble countertops, set against a backdrop of large windows that allow natural light to flood the space."
"scandinavian_796.jpg","Modern","neutral tones, green accents","wood, linen","natural light from large windows","calm and inviting","bookshelf, plant, books","clean lines, symmetry in placement of items","This room has a modern design with neutral tones, green accents, and materials such as wood and linen. The lighting is natural from the large windows, creating a calm and inviting atmosphere. Objects include a bookshelf holding books and plants, which add to the sense of warmth and comfort."
"scandinavian_797.jpg","Modern Minimalist","light wood, white, beige, green accent","wood, fabric, glass","natural soft light from large windows","calm and airy","bookshelf, framed picture, plant, candle holder, wooden basket, dollhouse","cluttered yet organized, with shelves filled with books and decorative items","A cluttered yet cozy space with a modern minimalist style. The light wood tones create a warm atmosphere, while the green accent adds a touch of freshness."
"scandinavian_8.jpg","Modern Minimalist","white, beige, light wood","wood, linen, glass","soft, natural light from skylights","bright and airy","sofa, coffee table, plants, floor lamp","open space with central seating area","This modern bedroom features a minimalist design, with natural light from skylights creating a bright and airy atmosphere. The color palette is dominated by white, beige, and light wood tones, complemented by a variety of materials including wood, linen, and glass."
"scandinavian_80.jpg","Modern","black, white, wood","steel, glass, brick","recessed lighting and pendant lights","minimalist and modern","bar stools, kitchen island, hanging shelf","open kitchen to living room with island as central focus","A sleek, modern kitchen with a black and white color scheme, featuring steel appliances, a wooden kitchen island, pendant lights, and an open layout."
"scandinavian_800.jpg","Modern","white, black, brass","wood paneling, stainless steel appliances, marble countertops","Natural light from large windows with frosted glass","Clean and minimalistic","kitchen island, white pendant lights, black bar stools, metal shelf","Open layout with a central kitchen island for cooking, dining, and socializing.","A modern kitchen design featuring wood paneling, brass accents, frosted window panels for privacy while maintaining natural light, and clean lines to create an uncluttered atmosphere."
"scandinavian_801.jpg","Scandinavian","light wood, beige, white","wood, fabric, brick","recessed lighting, ambient light from floor lamps","calm and relaxed","bunk bed, bench, floor lamp, stool, framed artwork","small room with central area for beds, bench on one side, floor lamps at ends of walls.","This is a small but well-appointed room designed in the Scandinavian style. The color palette is neutral with wooden accents. The space features two raised bunk beds made of wood and fabric, a simple bench for seating, a floor lamp on one side providing ambient lighting, and framed artwork that adds character to the room."
"scandinavian_802.jpg","Scandinavian","white, beige, light wood, green accent","wood, metal, fabric, concrete","natural light from windows and white ceiling lights","calm and modern","wooden staircase, dining table, sofa, floor lamp, potted plant","wide open space with central gathering area around dining table","This interior design combines Scandinavian style elements with a modern twist, featuring a mix of natural and warm tones to create a calm and inviting atmosphere."
"scandinavian_804.jpg","Modern Minimalist","green, white, wood","tile, metal, glass","bright and natural from skylights","clean, bright, and modern","mirror, sink, toilet, shower caddy","small space with efficient layout for functional use","This bathroom features a minimalist design with green tile walls and white accents, bright natural light, and modern fixtures. The compact layout optimizes the small space."
"scandinavian_805.jpg","Southern Colonial","white, gray, black, red","brick, wood, metal, plastic","soft natural light from windows and door transom","inviting and traditional","front door with sidelights, entry table with lamp, cozy sitting area on porch, outdoor rocking chair","spacious single-level home with open living spaces","This Southern Colonial style home offers a warm and inviting atmosphere, with ample space for comfortable living."
"scandinavian_806.jpg","Scandinavian","light wood, white, beige","wood, marble, stainless steel","recessed lighting with natural soft light from large windows","bright and airy","kitchen island, hanging pendant lights, built-in oven, wooden countertops","open space with central kitchen island and countertop seating area","This kitchen features a Scandinavian design, with light wood cabinetry and white appliances. The recessed lighting illuminates the space, highlighting the marble countertops and stainless steel fixtures. A large window offers natural soft light that contributes to the bright and airy mood of the space."
"scandinavian_809.jpg","Scandinavian","white, beige, wood, green","oak wood, linen, marble, glass","natural soft light from large windows and a central skylight","calm and airy","sofa, coffee table, plant, floor lamp, wood-burning stove, modern armchair","open space with a central seating area around the fireplace, leading to large windows and a patio view","This is an open concept living space designed in a Scandinavian style with natural materials and colors. The layout features a central seating area around a wood-burning stove, which leads to a large window that offers views of the surrounding landscape. The color palette consists of white, beige, wood, and green accents, while materials used include oak wood, linen, marble, and glass. Lighting is soft and natural, coming through the windows and central skylight. The mood of this space is calm and airy, with a focus on simplicity and comfort."
"scandinavian_81.jpg","Modern Minimalist","black, white, gray","wood, fabric, metal","natural soft light from large windows","calm and airy","sofa, coffee table, plant, floor lamp, vase","open space with central seating area","The living room features a modern minimalist design with a black cabinet providing storage and display space. The color palette consists of neutral tones, creating an airy feel. Large windows allow for natural light to fill the space, contributing to its calm atmosphere. A wooden sofa is central, flanked by a fabric coffee table, a plant, and a floor lamp. The cabinet's gold accents add a touch of elegance."
"scandinavian_810.jpg","Modern Minimalist","white, grey, wood","oak wood, marble, leather","natural soft light from large windows","calm and airy","bathtub, wooden bench, plant","small, cohesive space designed for relaxation","A modern bathroom with a calming atmosphere featuring natural wood accents and marble materials."
"scandinavian_811.jpg","Modern Minimalist","white, gray, black","leather, linen, metal","bright and airy, with natural light from window","calm and minimalist","coat rack, sofa, coffee table, floor lamp, plant","open space with central seating area and coat rack on wall","A minimalist and modern interior design featuring a bright, open space with clean lines, neutral color palette, leather sofa and linen cushions."
"scandinavian_812.jpg","Scandinavian","white, beige, light wood","wood, marble, steel","recessed lighting and pendant lights that cast a warm glow throughout the room.","bright, modern, and airy.","sofa, coffee table, plant, kitchen island, hanging pendant light","open concept with an L-shaped kitchen bar and a central seating area.","This modern Scandinavian kitchen and living room combines materials like wood and steel for a warm, minimalist feel."
"scandinavian_813.jpg","Modern Minimalist","white, black, gray, yellow","steel, concrete, glass, wood","natural soft light from large windows and skylights","calm and airy","minimalist furniture, indoor plants, modern artwork, black and white rugs","open space with central seating area","This modern minimalist home showcases a clean, uncluttered design with natural light flooding in through large windows and skylights. The color palette is soothing, with the striking yellow accents standing out against white and gray tones."
"scandinavian_814.jpg","Modern Minimalist","white, gray, black","marble, wood, metal","modern track lighting above kitchen island","clean and sleek","kitchen island with built-in sink, stainless steel range hood, white pendant lights, black bar stools","open concept layout with kitchen island serving as central hub for cooking and dining","This modern minimalist kitchen features a monochromatic color palette, emphasizing the use of materials such as marble, wood, and metal. The space is characterized by clean lines and an open concept layout, with a large kitchen island serving as a central hub for cooking and dining."
"scandinavian_815.jpg","Modern","gray, white, brass","wood, metal, glass","natural and ambient light, with recessed lighting in the ceiling","calm and contemporary","kitchen island, modern pendant lights, large windows, gray sofa","open floor plan with kitchen, dining, and living areas flowing together","This modern home features an open floor plan that combines the kitchen, dining, and living spaces. The color palette is neutral with accents of brass and wood, contributing to a calm contemporary mood. Natural light streams in through the large windows, complemented by recessed ceiling lights. A gray sofa sits beneath pendant lights in the center of the space, creating a cozy yet stylish environment."
"scandinavian_816.jpg","Scandinavian","white, beige, light wood","wood, linen, glass","sunlit space with natural light coming in from a window on the right side of the image.","bright and airy","staircase, wooden railing, wooden beam, built-in shelving","space with an open stairway leading to upper level and a built-in desk or counter against the wall on the left.","Scandinavian design style stairwell with light wooden elements, linen accents, and natural light."
"scandinavian_817.jpg","Modern Minimalist","brown wood, beige, white","wood, metal","natural light from large windows","calm and cozy","sauna bench, steam shower, wooden walls","two separate areas for sauna and steam room","This interior design features a modern minimalist style with warm wood tones, accented by white. The space is divided into two distinct areas for the sauna and steam room, both utilizing natural light from large windows to create a cozy atmosphere."
"scandinavian_818.jpg","Modern Minimalist","white, light gray","marble, porcelain, wood","good natural lighting from window above toilet","clean and serene","toilet, white bathroom sink, soap dispenser on sink, framed mirror above sink","small but well-organized space with a toilet near window, sink centered against wall, and framed mirror above it.","This is a modern minimalist style bathroom. The design features clean lines and a palette dominated by white and light gray colors. Marble adds elegance to the space while porcelain gives a neutral backdrop for other elements like the wood frame on the mirror. Good natural lighting from a window above the toilet creates a serene atmosphere."
"scandinavian_819.jpg","Modern Minimalist","white, beige, natural wood","oak wood, marble, linen","soft natural light from large windows and pendant lights","calm and serene","sofa, coffee table, floor lamp, plant","open space with central seating area, kitchen to one side, stairs leading to upper level","This minimalist modern interior creates a serene and inviting atmosphere through the use of natural materials and soft lighting."
"scandinavian_82.jpg","Scandinavian","white, black, beige","linen, wood, plastic","natural soft light from large windows","calm and airy","sofa, coffee table, plant, floor lamp","open space with central seating area","This image showcases a modern Scandinavian bedroom design with a minimalist approach, featuring natural materials and soft lighting that create a calm and airy mood. The room is furnished with a comfortable sofa, a coffee table for functionality, and decorated with plants to bring nature indoors. The color palette consists of clean white and beige tones that blend seamlessly with the wooden elements. Overall, this bedroom design emphasizes simplicity and functionality."
"scandinavian_821.jpg","Modern Minimalist","white, gray","marble, glass","bright with natural light","clean and crisp","towel rack, shelf, bottles","long rectangle space with corner bench","This is a modern bathroom design featuring minimalist elements such as the use of white and gray colors, glass materials for a clean look, and marble walls. The lighting emphasizes natural light entering through a window, creating a bright and crisp atmosphere. Objects include a towel rack, shelf for storage, and several bottles which could be bath products or decorative items."
"scandinavian_823.jpg","Modern Minimalist","neutral, natural wood","cedar wood, glass door","natural light from a window above the shower area","calm and spa-like","steam room bench, tiled walls, clear glass door","compact space layout with walk-in shower area next to toilets","This bathroom features a modern minimalist design, utilizing natural wood and neutral colors. The compact space is well-organized, featuring a walk-in shower area next to the toilets."
"scandinavian_824.jpg","Scandinavian","white, natural wood, blue accent","wood, glass, concrete, steel","Natural soft light from large windows and ceiling lamps.","Calm and airy.","dining table with chairs, kitchen island with stools, potted plant, framed artwork","Open space with central seating area, connected to kitchen with breakfast bar.","Scandinavian-style kitchen and dining room with minimalist design elements, featuring light wood tones, natural materials, large windows for plenty of natural light, and a bright atmosphere."
"scandinavian_825.jpg","Scandinavian","white, grey, blue","wood, linen, plastic","recessed lighting with dimmable options","bright and airy","bed, nightstand, painting, window seat","space divided into two areas, bedroom and reading/play area","Brightly lit room with a cozy atmosphere, featuring a lofted bunk bed."
"scandinavian_826.jpg","Modern Minimalist","gray, beige, green","wood, linen, steel","natural soft light from large windows","calm and airy","sofa, coffee table, plant, floor lamp","open space with central seating area","This living room is designed in a modern minimalist style, featuring a neutral color palette of gray, beige, and green. The materials used are wood for the furniture frames, linen for the textiles, and steel for accents. The space benefits from an abundance of natural light streaming through large windows that offer views into the surrounding woods."
"scandinavian_827.jpg","Modern Minimalist","blue, white, light wood","stone, leather, metal","natural soft light from large windows","calm and airy","sofa, coffee table, plant, floor lamp","open space with central seating area","This interior design is a modern minimalist space featuring stone walls, leather furniture, and natural lighting. The color palette is simple with blue accents from the walls, white surfaces on the floor and ceiling, and a light wood coffee table. Large windows provide soft, natural light that creates an airy atmosphere. A sofa serves as the central seating area for relaxation, while a floor lamp adds additional lighting. A plant introduces greenery into the space, providing both color and life to the room."
"scandinavian_83.jpg","Modern","white, black, blue","tile, metal, wood","bright and even lighting with recessed LED lights","clean, minimalistic, modern","bathroom sink with silver faucet, shower, tiled flooring, white shelves","small, compact bathroom layout with efficient use of space","This is a well-designed modern bathroom that focuses on clean lines and minimalistic design."
"scandinavian_830.jpg","Modern Minimalist","dark blue, white, natural wood","oak veneer cabinets, marble countertops, brass fixtures","recessed lighting and pendant lights","cozy and inviting","mid-century modern chairs, Danish pottery on display, abstract artwork","spacious open layout with central island in the middle of the room","This kitchen embodies a contemporary minimalist aesthetic with its dark blue cabinets, white walls and marble countertops. The natural wood elements add warmth to space, while the pendant lights cast a soft glow throughout. A mix of mid-century modern furniture and Danish pottery on display adds a touch of vintage charm."
"scandinavian_833.jpg","Scandinavian","white, beige, light wood","oak wood, linen, concrete","soft natural light from large windows","calm and airy","dining table with chairs, couch, coffee table, floor lamp, potted plants","open space with central seating area around dining table","This modern Scandinavian-style home features a minimalist design, with soft lighting creating a calm and airy atmosphere. The open layout focuses on the central seating area around a light wood dining table surrounded by chairs and a couch. Additional decorative elements like potted plants and a floor lamp enhance the space."
"scandinavian_834.jpg","Minimalist","white, black, gray","stone, porcelain, brass","Natural light from a window above the sink","Calm and serene","bathroom sink with black faucet, white bath towel hanging on wall, large round mirror, small plant","Compact space with functional layout for efficient use of area","The bathroom has a minimalist style, featuring a white porcelain sink and black faucet set into a stone countertop. The floor is tiled in gray and white, complementing the large round mirror above the sink. A small plant adds a touch of greenery to the space, creating a calm and serene atmosphere."
"scandinavian_835.jpg","Scandinavian","gray, white, black","wood, linen, leather","natural light from large window and ceiling light fixture","minimalist with a touch of warmth","bed, seating area, storage bench, plant, artwork","modern, open space with central seating area and bed tucked into the corner","A contemporary room with a Scandinavian style. The color palette is neutral, with grayscale elements such as linen on the bed and leather accents in the seating. Natural light from the large window creates a bright and airy atmosphere. Minimalist furnishings like the storage bench and open space contribute to the room's modern feel."
"scandinavian_836.jpg","Modern Minimalist","white, dark wood","tile, metal, wood","natural soft light from large windows","clean and serene","bathtub, sink, vanity mirror, shower, cabinets","modern bathroom with a spacious tub, separate sink area, and well-lit shower space","This modern bathroom features a clean and minimalist design with white tile walls and dark wood accents. Natural light fills the space through large windows, creating a calm and serene atmosphere."
"scandinavian_838.jpg","Modern Minimalist","white, beige, wood accent","wicker, metal, wood","soft and natural light from overhead fixture","light and airy, with a hint of warmth","modern dining table, simple chairs, kitchen island, floor lamp","open space plan with kitchen and living area flowing together","This image showcases a modern minimalist living space, featuring clean lines, natural materials, and an open floor plan that blends the kitchen and living areas."
"scandinavian_839.jpg","Scandinavian","white, light wood, blue accent","oak wood, linen, metal","natural soft light from large windows, supplemented by table lamps.","calm and airy","dining table, chairs, small potted plant, abstract artwork","open space with central seating area around dining table, flanked by chairs on each side.","A bright and minimalist Scandinavian-style living room featuring a white oak wood table surrounded by modern chairs, accented with a blue throw blanket. The floor is made of light hardwood, and the space is lit naturally by large windows. A small potted plant adds a touch of greenery, while abstract artwork on the wall adds a contemporary feel."
"scandinavian_84.jpg","Modern","light blue, white, beige","wood, brass, silicone","natural light from large windows and pendant lights over island","open, airy and inviting","island with built-in stove and sink, built-in wooden cabinetry, plants on countertops, modern pendant lights, wooden dining table","open plan with kitchen, dining and living areas flowing together","This modern kitchen features a light blue color palette with a focus on natural materials like wood. The space is bright and airy due to the large windows and pendant lights over the island. The kitchen includes built-in cabinetry and stainless steel appliances, creating a functional yet stylish space."
"scandinavian_840.jpg","Modern Minimalist","white, gray","wood, leather","natural soft light from large windows","calm and airy","sofa, coffee table, plant, floor lamp","open space with central seating area","The living room features a modern minimalist design, with a clean and simple color palette. Materials include wood for the furniture and leather accents. The room is filled with natural soft light from large windows that overlook a lush green landscape."
"scandinavian_842.jpg","Modern","black, white, wood","wood, metal, glass","soft and natural light from the windows above the sink","warm and inviting","kitchen island, modern pendant lights, black chairs, copper bar stools","open concept with kitchen, dining and living areas combined","This modern kitchen features a neutral color palette with black accents. The copper fixtures add a touch of warmth to the space, while the large windows allow for plenty of natural light."
"scandinavian_844.jpg","Modern Minimalist","white, beige, light wood","linen, wood, leather","natural soft light from large windows and a chandelier","calm and airy","sofa, coffee table, plant, floor lamp, chair","open space with central seating area, featuring a white couch flanked by two chairs facing each other","This is a beautiful modern Scandinavian style interior design that exudes tranquility and elegance."
"scandinavian_845.jpg","Modern Minimalist","white, black, wood tones","glass, concrete, black leather","natural soft light from large windows and floor-to-ceiling windows","calm and airy","sofa, coffee table, plant, floor lamp","open space with central seating area in front of long window wall","This is a modern minimalist living room. The color palette consists of white, black and wood tones. Materials used include glass, concrete and black leather. Lighting comes from natural soft light through large windows and floor-to-ceiling windows. The room has a calm and airy mood with a central seating area in front of a long window wall."
"scandinavian_848.jpg","Modern Minimalist","white, green accent","linen, oak wood","natural soft light from large windows","calm and airy","bed, nightstand, pillows, blanket","open space with central seating area","The room has a modern, minimalist design featuring a white color palette with green accents. The bedroom is furnished with a bed, nightstand, pillows, and blanket on an oak wood floor. The lighting is soft from natural sources, creating a calm and airy atmosphere."
"scandinavian_85.jpg","Modern Minimalist","white, light wood","oak wood, marble","natural soft light from large windows and recessed track lighting","calm and airy","modern kitchen island, hanging pendant lights, white countertops, stainless steel appliances","open space with central seating area around the island","This modern kitchen is designed for functionality and elegance, featuring a mix of neutral colors and minimalist design elements."
"scandinavian_850.jpg","Modern","white, golden yellow, navy blue","glass, brass, white marble","well-lit with a focus on recessed lighting and a statement chandelier above the tub.","luxurious and spacious","freestanding bathtub, sink with brass fixtures, shower area with glass doors","open plan design with a raised tub and separate shower area.","The bathroom is designed in a modern style, featuring neutral colors and materials that give it a luxurious feel. The well-lit space has a focus on brass fixtures and marble elements to enhance its elegance."
"scandinavian_851.jpg","Modern Minimalist","white, yellow, gray","wood, fabric, metal","natural soft light from large windows","calm and airy","bed, chair, curtain, pillow, carpet","open space with central seating area","A modern bedroom with a minimalist style, featuring a white bed with yellow and gray accents, wooden furniture, large windows for natural light, a cozy chair and curtains providing privacy and warmth, and a rugged patterned carpet."
"scandinavian_852.jpg","Modern Minimalist","white, gray, wood accent","wood, stainless steel, glass","natural light from large windows","clean, airy and modern","kitchen island, modern bar stools, large indoor plants","open space with kitchen island as focal point","This is a modern kitchen design that emphasizes minimalism and the use of natural light to create an airy, open feel."
"scandinavian_853.jpg","Scandinavian","white, black, gray","wood, metal, fabric","natural soft light from large windows","calm and airy","dining table, chairs, kitchen countertops, stove, cabinets","open space with central seating area","This is a bright and open kitchen and dining room area with natural light, featuring modern Scandinavian design elements such as clean lines, minimalistic furniture, and monochromatic color palette."
"scandinavian_854.jpg","Modern Minimalist","white, black, green","glass, concrete, wood","bright and airy","calm and contemporary","sofa, coffee table, plant, floor lamp","open space with central seating area","This is a bright, modern room with minimalistic design. The color palette includes white, black and green accents. The materials used are glass, concrete and wood. There's a large window providing natural light. The layout features an open space centered around a seating area with a sofa and coffee table. A floor lamp provides additional illumination."
"scandinavian_855.jpg","Scandinavian","gray, white, wood","wood paneling, linen curtains, steel frame, natural wood","natural light from skylight and overhead lights","calm and airy","bed, wardrobe, basket shelf, side table","open space with a central bed area","A clean, minimalist attic bedroom with built-in storage and natural lighting."
"scandinavian_856.jpg","Modern Minimalist","white, beige, light wood","oak wood, linen, concrete","natural soft light from large windows","calm and airy","sofa, coffee table, plant, floor lamp","open space with central seating area","This modern minimalist living room features a neutral color palette, natural light, and simple yet stylish furnishings."
"scandinavian_857.jpg","Scandinavian","blue, white, grey","cotton, linen, wood","bright and natural with large windows","calm and serene","bed, nightstand, pillow, vase, ruffled blanket","modern minimalist space","A Scandinavian-style bedroom with a neatly made blue and white quilt on a large bed, set against a bright window. The room features simple furniture like a nightstand and a vase, providing a calm and serene atmosphere."
"scandinavian_858.jpg","Scandinavian","white, light wood, gray","oak wood, linen, steel","natural soft light from large windows","calm and airy","chair, desk, plant, floor lamp","open space with central seating area","This is a Scandinavian design with an open layout featuring light wood accents, linen textiles, steel elements, and a warm, airy feel."
"scandinavian_859.jpg","Modern Minimalist","white, beige, navy blue","wood, linen, brass","natural soft light from large windows and a skylight","calm and airy","couch with patterned pillows, coffee table, floor lamp, potted plants, small stool","open space with central seating area flanked by side tables and potted plants","A modern minimalist living room featuring a neutral color palette, natural lighting, and carefully chosen furniture and decor items to create a calm and airy atmosphere."
"scandinavian_86.jpg","Modern Minimalist","light wood, white, beige","oak wood, steel","well-lit with natural light from windows and recessed lights","calm and airy","kitchen island, cabinets, sink, stove","open space with central seating area around kitchen island","This modern minimalist kitchen features a neutral color palette, including light wood cabinetry and white surfaces. The design is clean and uncluttered, with steel appliances providing sleek contrasts to the oak wood elements. Recessed lights illuminate the space, creating a bright and airy atmosphere that enhances the open layout of the room."
"scandinavian_860.jpg","Scandinavian","white, light wood, navy blue","oak wood, linen, concrete, steel","natural soft light from large windows","calm and airy","white sofa, black coffee table, large green plant, wooden dining table, metal pendant lights","small galley kitchen with open concept living space in front","This modern Scandinavian-style kitchen and living area features a color palette of white, light wood, and navy blue. The natural light from the large windows creates a calm and airy atmosphere. The materials used include oak wood, linen, concrete, and steel, which are complemented by black accents. The furniture and decor include a white sofa, a black coffee table with green plant, a wooden dining table, and metal pendant lights."
"scandinavian_861.jpg","Modern Minimalist","white, black, gray","wood, fabric, metal","natural soft light from large windows","calm and serene","bed, nightstand, dresser, candle holder, potted plant","modern open concept with separate sleeping area","This modern minimalist bedroom features a clean and simple design with white walls, black and gray accents, wood furniture, and candle lighting that creates a calm and serene mood. The large windows allow for natural soft light to fill the space, enhancing its airy feel. A separate sleeping area offers privacy while maintaining the open concept layout. Overall, this bedroom is both stylish and functional."
"scandinavian_862.jpg","Modern Minimalist","blue, white, wood","wood, brick, metal","natural soft light from large windows","calm and airy","sofa, coffee table, plant, floor lamp, dining table, chairs","open space with central seating area, flanked by a dining room on one side and kitchen on the other","This modern minimalist living room features bold blue walls that stand out against the natural light from large windows. The open layout includes a comfortable sofa and coffee table for relaxation, with a plant adding life to the space. A dining area sits across from the living room, complete with a contemporary style table and chairs. The kitchen can be seen in the background, suggesting an integrated and efficient use of space."
"scandinavian_864.jpg","Scandinavian","white, gray, wood","oak wood, linen, concrete, steel","natural soft light from large windows and warm recessed lighting","calm and airy","sofa, coffee table, plant, floor lamp","open space with central seating area","This is a modern living room featuring a white couch, gray armchairs, a wooden coffee table, and concrete walls, all under soft natural light."
"scandinavian_865.jpg","Scandinavian","white, beige, light wood","wood, fabric, metal","Natural soft light from large windows.","Calm and airy.","sofa, coffee table, plant, floor lamp","Open space with central seating area.","A bright and spacious living room featuring a simple, modern design with warm tones."
"scandinavian_868.jpg","Modern","light blue, white, wood","wood, metal, glass","well-lit with natural light and recessed lights in the ceiling","bright, clean, and airy","kitchen island, chairs around the island, hanging pendant lights, wooden cabinets","open concept with kitchen adjoining living room","This is a modern and minimalist style kitchen, featuring light wood and blue cabinetry, white countertops, and stainless steel appliances. The open layout allows for easy flow between the kitchen and living spaces."
"scandinavian_869.jpg","Minimalist","white, gray","metal, fabric","Natural light from large window and ceiling lamp","Clean, simple, and uncluttered","Bed with white linens, White wall-mounted light fixture, One black framed window, White bedside table, One gray armchair","Clean lines and open space","A minimalist style hotel room with a neutral color palette, modern design elements, and an emphasis on cleanliness."
"scandinavian_87.jpg","Scandinavian","white, light gray, dark wood","oak wood, linen, leather, steel","natural soft light from large windows","calm and airy","sofa, coffee table, plant, floor lamp, wreath, wooden stove","open space with central seating area, flanked by side walls with mounted shelves and wood stacks","This living room has a Scandinavian design style featuring a neutral color palette, natural materials such as oak wood, linen, leather, and steel. The layout is open, with the seating area in the center of the space flanked by side walls that display mounted shelves for decorative items and wood stacks for a rustic touch."
"scandinavian_870.jpg","Modern Minimalist","white, beige, light wood","velvet upholstery, wooden bed frame, canvas headboard","soft ambient light from table lamp and natural light from large window","calm and airy","bed, wood stump coffee table, plant, pillow, vase with flowers","open space design with bed as focal point, flanked by side tables and seating area","This modern minimalist bedroom features a white upholstered bed, beige linens, and a light wood headboard. The color palette is soft and natural. The room has a clean layout with an open space feel, complemented by the use of materials such as velvet for the upholstery and wooden frame for the bed. The lighting is soft and ambient, coming from a table lamp and the large window next to the bed. The overall atmosphere feels calm and airy."
"scandinavian_871.jpg","Minimalist Modern","white, beige, orange accent","wood, metal, fabric","well-lit, with overhead recessed lighting and natural light from large windows.","calm and clean","modern kitchen island, white barstools, black countertops, large potted plant","linear layout with an L-shaped counter for dining area","This modern kitchen is designed with a minimalist approach, featuring clean lines and bold color accents that create a bright and airy space."
"scandinavian_872.jpg","Modern Minimalist","light oak, white, black","oak wood, concrete, black metal","natural soft light from large windows","calm and airy","wooden countertops, open shelving unit, dining table, modern pendant lights","an open kitchen/living area with a central island for seating and food preparation.","This modern minimalist space features an all-wood design with a palette of light oak, white, and black. The natural light from the large windows creates a calm and airy atmosphere. Open shelving units display decorative items while a central island provides additional seating for both dining and food preparation."
"scandinavian_873.jpg","Minimalist","beige, white, light wood","wood paneling, plastic laminate, metal wire","natural soft light from large windows","calm and airy","desk, chair, plant, lamp","open space with central seating area","A modern minimalist office space featuring a desk, chair, plant, lamp and light wood paneling. The natural soft light creates a calm and airy atmosphere."
"scandinavian_874.jpg","Modern Minimalist","white, beige, light wood","wood, linen, concrete","bright and well-lit with natural light from windows on two walls","open, bright, airy","sofa, coffee table, plant, floor lamp","open space with a central seating area","The living room features an open layout, minimalist design with a modern color palette and furniture arrangement. The space is well-lit with natural light from two walls of windows, creating a bright, airy atmosphere."
"scandinavian_875.jpg","Modern Minimalist","white, gray, dark wood","wood, fabric, metal","natural soft light from large windows","calm and airy","sofa, coffee table, plant, floor lamp","open space with central seating area","This is a modern living room with minimalist design. The color palette is neutral with white walls and dark wood accents. Materials used include wood, fabric, and metal. Natural light enters the space through large windows, creating a calm and airy atmosphere."
"scandinavian_876.jpg","Minimalist","navy blue, white, gray","wood, linen, metal","soft and warm, natural light from a large window","calm and serene","bed, nightstand, plant, bookshelf","functional yet uncluttered space with separate sleeping area","A minimalist-style bedroom with a soothing color palette, natural lighting and simple design elements that create a calm and serene atmosphere."
"scandinavian_877.jpg","Scandinavian","white, beige, light wood","wood, fabric, metal","natural soft light from large windows and additional ambient light from wall sconces","calm and airy","sofa, armchair, dresser, shelving unit, table lamp","open space with central seating area, flanked by storage and display furniture","This is a bright and airy room with a Scandinavian design style that emphasizes natural materials and soft color tones."
"scandinavian_878.jpg","Modern Minimalist","white, silver, black, wood","glass tiles, stainless steel, quartz countertops, solid wood cabinets","natural soft light from large windows and under-cabinet lighting","bright and airy","sink, stove top, fruits, books, vase","clean and uncluttered with a central workspace and ample storage in the cabinets","This modern kitchen features a streamlined design, incorporating natural lighting and minimalist materials to create a bright and airy space."
"scandinavian_879.jpg","Modern Minimalist","white, blue","wood, fabric","well-lit with natural light from window","calm and serene","floor lamp, bed, storage bench, seating area, elephant print wallpaper","narrow space with open bedroom area","This image shows a modern, minimalist interior design with a narrow, efficient use of space. The room is well-lit and features an elephant print wallpaper in the seating area, which is separated by a storage bench from the bed. Wood and fabric materials are used throughout, creating a warm and cozy atmosphere."
"scandinavian_88.jpg","Modern Minimalist","yellow, white, natural wood","wood, fabric, metal","bright and airy, with natural light coming in from large windows on one wall","energetic and creative","white desk with drawers, modern white chair, shelving unit holding various items such as books, artwork and bins, wooden toy dinosaur, yellow book on a shelf","an open space with the desk set against one wall and shelving unit along another wall, creating a central workspace area","This is a bright and creative modern minimalist space that encourages energy and focus."
"scandinavian_880.jpg","Modern","white, brown, gray","tile, metal, glass","Well-lit with natural and artificial lighting","Calm and clean","shower head, shower handle, shower caddy","Small stand up shower in the corner of a room","This is a small modern bathroom with a tiled floor and wall, featuring a stand-up shower. The color palette includes white for cleanliness, brown for warmth, and gray accents. Lighting is provided by natural light coming in from windows and artificial lights installed on the ceiling. The mood of the space is calm and inviting, with a clean and minimalistic design. Notable objects include the shower head, handle, and caddy."
"scandinavian_881.jpg","Modern Minimalist","white, beige, light wood","oak wood, linen, glass","Natural soft light from large windows","Calm and airy","bed, nightstand, dresser, floor lamp, rug","Open space with central bed area","A modern minimalist room that emphasizes natural light, simplicity, and a calm atmosphere."
"scandinavian_882.jpg","Modern Minimalist","white, brown, black","wood, fabric, brick","natural soft light from large windows","calm and airy","sofa, coffee table, plant, floor lamp, desk, chair, monitor","open space with central seating area","This modern minimalist interior design creates a calm and airy atmosphere. The color palette is simple, with white walls complemented by brown wood tones, accented with black textiles. Natural light streams in from large windows, contributing to the mood. Key furnishings include a sofa, coffee table, floor lamp, desk and chair, all arranged around a central seating area."
"scandinavian_883.jpg","Scandinavian","light gray, dark gray, white","wood, leather, fabric","Natural light from windows and floor lamps","Bright and airy","sofa, coffee table, side tables, floor lamp, rug","Open space with central seating area","A clean, modern living room with a Scandinavian style featuring light grays, wooden floors, and natural light."
"scandinavian_884.jpg","Scandinavian","blue, white, wood","wood, fabric, plastic","natural light from skylight and windows","bright and airy","bed, desk, chair, shelves, drawers","open space with raised platform for bed","The room is a compact, functional living area featuring a raised sleeping area and a corner desk. The color scheme consists of shades of blue and white accented by wood textures."
"scandinavian_885.jpg","Modern Minimalist","white, beige, light wood","wood, fabric, glass","natural soft light from large windows","clean and serene","coffee table, bookshelf, sofa, floor lamp, plant","open space with central seating area","This living room embraces a modern minimalist design with a focus on natural light and clean lines, creating a serene atmosphere."
"scandinavian_886.jpg","Scandinavian","yellow, white, black","wood, linen, metal","bright and well-lit","calm and inviting","guitar on stand, bookshelf with books, hanging lights, ruffled bedding, wooden bunk beds","a small room with a bunk bed, guitar, and bookshelf","A cozy Scandinavian-style room features wood and linen textiles, a yellow accent wall, and guitar accessory."
"scandinavian_887.jpg","Industrial Loft","dark wood, white, black","wood beams and columns, concrete floors, metal piping","industrial-style lighting fixtures and natural light from windows","modern and rustic","bar stools at counter, TV on stand, sofa against wall, chairs around dining table","open space with distinct zones for living, dining, and kitchen","An open loft apartment featuring exposed wood beams, concrete floors, and an industrial-style design."
"scandinavian_888.jpg","Modern Minimalist","white, beige, light wood","glass, steel, wood","natural soft light from large windows","calm and airy","sofa, coffee table, plant, floor lamp","open space with central seating area","A modern kitchen with minimalist design, featuring light wood and white color scheme. The large windows allow for natural light to fill the space, creating a calm and airy atmosphere."
"scandinavian_889.jpg","Modern Minimalist","dark blue, white, light gray","fabric, wood, metal","natural soft light from large windows","calm and airy","king-size bed, headboard with throw pillows, large window, lamp next to bed, curtains, two nightstands","open space with central seating area created by the bed and two nightstands","This is a modern minimalist bedroom. The color palette consists of dark blue walls, white bedding, and light gray accents. Materials include fabric for upholstery, wood for furniture, and metal for the lamp stand. The room's design features a king-size bed with throw pillows on a headboard at its center. There are large windows that allow natural soft light to fill the space, contributing to a calm and airy mood. Key objects in the room include a curtain, a lamp next to the bed for evening reading, two nightstands that flank the bed, providing storage and side tables with lamps. The layout is open, emphasizing space with the central seating area created by the bed and its accompanying furniture."
"scandinavian_89.jpg","Modern Minimalist","white, black, stainless steel","oak wood, glass, stainless steel","natural soft light from large windows and recessed ceiling lights","clean and spacious","kitchen island with bar stools, modern stove, large window over sink, recessed lighting","open space with central kitchen island","The kitchen design is a modern minimalist style featuring a white and black color palette, oak wood cabinets and countertops, glass elements, and stainless steel appliances. The space is bright and clean with a large window over the sink allowing natural light to fill the room."
"scandinavian_891.jpg","Modern Minimalist","black, white, wood accents","leather, wool, brass","ambient lighting with floor lamps and natural window light","cozy and relaxed","sofa, coffee table, floor lamp, throw blanket, plant","open concept layout with a focus on simplicity and functionality","This living room combines modern minimalist design with a cozy atmosphere. The black leather sofa contrasts with the white walls, while wood accents add warmth to space. A wool throw blanket invites relaxation. Natural light from windows illuminates the room, complemented by floor lamps that provide ambient lighting."
"scandinavian_892.jpg","Modern Minimalist","light gray, dark blue, natural wood","white marble, black leather, brushed nickel","warm and inviting with natural light from windows","spacious and serene","blue sectional sofa, modern coffee table, abstract art on wall, floor lamp, large indoor plant","open concept living space with no partitions between kitchen and living room","This modern minimalist living room combines light gray walls, a dark blue sectional sofa for comfort, natural wood accents for warmth, white marble surfaces for elegance, and black leather details for sophistication. The room is bathed in warm and inviting light from large windows and features an abstract art piece on the wall."
"scandinavian_893.jpg","Modern Minimalist","gray, teal, white","wood, fabric, plastic","natural soft light from large windows","calm and airy","chair, bookshelf, lamp, stuffed animal","small open space with central seating area","The room has a modern minimalist style with gray, teal, and white tones. Materials used include wood for the bookshelf and chair frame, fabric for upholstery, and plastic for lighting fixtures. The room is illuminated by natural soft light from large windows that provide a calm and airy atmosphere. The main pieces of furniture are a small gray chair with a teal cushion on the floor in front of a bookshelf filled with children's books, next to a wooden lamp. A stuffed animal sits on the chair, adding a playful touch to the space."
"scandinavian_894.jpg","Modern Minimalist","white, beige, gray","concrete, glass, wood","natural light from large windows, supplemented by recessed LED lighting","bright and airy","sofa, coffee table, plant, floor lamp, outdoor seating","open space with central seating area, flowing into outdoor patio","This contemporary house features a clean and uncluttered interior design, focusing on simplicity and functionality. With its white palette and minimalist approach to furnishings, the space is bright and airy, creating an inviting atmosphere for relaxation or entertaining guests."
"scandinavian_895.jpg","Scandinavian","white, beige, light wood","oak wood, linen, steel","natural soft light from large windows","calm and airy","sofa, coffee table, plant, floor lamp, chair, desk","open space with central seating area and bookshelves on either side","A modern Scandinavian-style room featuring a large window, oak wood floors, a white sofa, linen textiles, and steel accents, creating an airy, serene atmosphere."
"scandinavian_896.jpg","Modern","white, gray, wood","tile, metal, fabric","well-lit with recessed lighting and natural light from window","clean, organized, neutral","bathtub, shower caddy, toilet, sink","simple and functional layout with fixtures lined up against the wall","A modern bathroom with a clean design featuring white tile and neutral tones."
"scandinavian_897.jpg","Scandinavian","white, light grey, red accent","wood, fabric, metal","natural light from large windows and floor lamps","calm and airy","sofa, coffee table, plant, floor lamp, cushions","open space with central seating area and surrounding walls as walls for artwork","This living room features a Scandinavian design style with a minimalist color palette of white, light grey, and red accent. The room is filled with natural light from large windows and supplemented by floor lamps. Materials include wood flooring, fabric upholstery, and metal finishes on the furniture. The mood of the space is calm and airy, and it includes a central seating area made up of red armchairs and cushions with surrounding walls acting as walls for artwork."
"scandinavian_899.jpg","Modern Minimalist","white, beige, light wood","steel, oak wood, concrete","bright and airy with natural light from large windows","calm and serene","kitchen island with stools, modern oven, wooden dining table, contemporary pendant lights","open space with central kitchen island for seating, and a separate dining area","This modern kitchen and dining space exudes a minimalist style with clean lines and neutral colors. The layout maximizes the brightness of the room through large windows, which creates an inviting and airy atmosphere."
"scandinavian_9.jpg","Modern Minimalist","white, beige, black","oak wood, linen, metal","natural soft light from large windows and ceiling fans","calm and serene","sofa, coffee table, floor lamp, plant, wicker chairs","open space with central seating area around round table","The interior design features a modern minimalist style, characterized by clean lines and neutral colors. The space is well-lit through large windows and ceiling fans, creating a calm and serene atmosphere. Furnishings include a comfortable sofa, a coffee table with decorative objects, wicker chairs, a floor lamp for ambient lighting, and a plant adding greenery to the room."
"scandinavian_90.jpg","Modern Minimalist","white, light wood, green accent","oak wood, linen, concrete, steel","natural soft light from large windows","calm and airy","sofa, coffee table, plant, floor lamp, large screen TV on wooden wall, wooden side tables with storage drawers","open space with central seating area","This modern living room features a minimalist design with natural wood accents, white walls and furniture, large windows allowing plenty of light, and a comfortable seating area centered around the large flat-screen TV on the wall."
"scandinavian_900.jpg","Scandinavian","white, beige, navy blue, green accent","oak wood, linen, natural wool blanket, wooden bed frame","natural soft light from large windows and ambient light from floor lamps","calm and airy","bed, nightstand, floor lamp, rugs, plant","open space with central seating area","This is a small modern bedroom with a Scandinavian design style. The room features natural lighting from large windows and ambient light from floor lamps, creating a calm and airy mood. The color palette consists of white, beige, navy blue, and green accent, with materials such as oak wood, linen, natural wool blanket, and wooden bed frame being used. The space is designed in an open layout with a central seating area that includes a bed, nightstand, floor lamp, rugs, and a plant."
"scandinavian_901.jpg","Industrial Loft","black, white, rust","brick wall, steel beam, concrete floor","industrial style with exposed ductwork and pipe lighting fixtures","edgy and modern","black leather dining chairs, wooden table, exposed brick wall, vintage industrial pendant light","open concept with kitchen in one corner","This space has a raw, industrial feel with its black and white color palette and materials like concrete and rust. The exposed ductwork adds to the loft-like atmosphere, while the open layout creates a modern and airy feeling."
"scandinavian_903.jpg","Scandinavian","white, light wood, steel","wood, plastic, metal, fabric","modern and bright, with recessed lighting and a large window providing natural sunlight","open and airy, with a feeling of simplicity and functionality","workstations, laptop, monitor, plant","an open office space with separate workstations and shared areas for collaboration and meetings","The interior design is modern Scandinavian, featuring an efficient workspace layout that balances functionality with aesthetics."
"scandinavian_907.jpg","Scandinavian","white, gray, silver","wood, fabric, metal","The room has a soft and warm light, possibly from natural or ambient light sources.","The overall atmosphere of the space is serene, cozy, and inviting.","bed, dresser, shelves, storage containers, stuffed animal","The room has a well-organized layout with the bed as the main focal point, flanked by storage and shelving units. The dresser is positioned nearby, providing additional functionality.","This is an interior design image showcasing a serene, cozy space in a Scandinavian style. Featuring a gray color palette with materials such as wood and fabric, the room has natural or ambient lighting that contributes to its inviting atmosphere."
"scandinavian_908.jpg","Scandinavian","natural wood, white, beige","wooden wall paneling, metal roofing, glass sliding doors","sunlit with natural light and warm artificial lighting","calm and inviting","two wooden armchairs, wood-framed window, built-in bench, small side table","open plan with a central gathering area surrounded by large windows","A modern Scandinavian-style house with wood and glass elements, natural light from large windows, and cozy wooden armchairs."
"scandinavian_909.jpg","Scandinavian","white, black, wood","oak wood, stainless steel, linen","soft, natural light with black metal pendant lights and recessed track lighting","modern, minimalist, and cozy","sofa, coffee table, pendant light, plant, dining table, stools","open floor plan with a central seating area and a bar-height counter","This modern Scandinavian interior features natural wood tones, black accents, and a mix of casual and contemporary furniture to create a cozy yet stylish atmosphere."
"scandinavian_91.jpg","Industrial Loft","light wood, white, dark brown","wood paneling, steel, leather","under-cabinet LED lighting","modern and spacious","industrial shelf unit, toothbrushes in cups, electric toothbrush chargers","open space with functional divider","An open-concept bathroom with a lofted storage area and modern amenities."
"scandinavian_911.jpg","Scandinavian","dark green, white, light wood","wood, brass, tile","natural soft light from large windows and ceiling lights","calm and airy","dining table and chairs, kitchen cabinets, hanging basket planter","open space with central seating area near a window","A modern Scandinavian kitchen and dining room with a light color palette, wooden elements, and natural lighting."
"scandinavian_913.jpg","Modern","white, red, black","wood, steel, fabric","ambient and natural light","playful and functional","desk with chair, bookshelf, bunk beds","open floor plan with central bed area","This is a children's room that combines a playful atmosphere with modern design elements. The white and red color palette adds warmth, while the wood and steel materials provide a sturdy foundation for the space."
"scandinavian_914.jpg","Modern Minimalist","white, gray, yellow","wood, fabric, glass","natural soft light from large windows and ceiling track lighting","calm and airy","sofa, coffee table, plant, floor lamp","open space with central seating area around the fireplace","This is a modern, minimalist living room that utilizes a monochromatic color scheme to create a calming and airy atmosphere. The wood accents add warmth to the white-dominated space. Natural light floods in through large windows, complemented by ceiling track lighting."
"scandinavian_917.jpg","Scandinavian","white, beige, light wood","wood, fabric","natural soft light from large windows","calm and airy","sofa, coffee table, plant, floor lamp","open space with central seating area","The room features a Scandinavian design with a light palette, wooden materials, and a comfortable open layout. The natural light creates an airy atmosphere. There's a sofa for lounging, a coffee table for casual use, and a plant to add life to the space."
"scandinavian_918.jpg","Modern","white, blue, silver","metal, glass, wood","ambient light from ceiling fixture and overhead track lighting.","contemporary and sophisticated","kitchen island, built-in oven and range, stainless steel refrigerator","open concept with kitchen, dining, and living area combined into one space","The interior design features a modern style with a color palette of white, blue, and silver. The materials used include metal, glass, and wood, contributing to an overall sophisticated feel. The room is illuminated by ambient light from the ceiling fixture and overhead track lighting, creating a contemporary atmosphere. The layout combines kitchen, dining, and living areas into one open concept space."
"scandinavian_92.jpg","Modern Minimalist","dark wood, white, light wood","wood paneling on walls and ceiling, glass windows and doors, concrete floors","a mix of natural light from large windows during the daytime, and low-level artificial lights in the evening","modern yet cozy with a touch of rustic charm","wooden bench, small sofa, dining table and chairs, floor lamp","an open floor plan, centered around an outdoor deck that provides a seamless transition from indoor to outdoor living space","This modern tiny home combines minimalist design with rustic materials for a unique blend of comfort and style. Large windows and glass doors let in plenty of natural light during the day, while the warm glow of artificial lights illuminates the space at night."
"scandinavian_920.jpg","Modern Minimalist","gray, white, black","wood, metal, marble","natural soft light from large windows","calm and airy","dining table, chairs, vase with flowers, artwork, floor lamp","open space with central seating area surrounding dining table","This is a modern minimalist dining room with a gray color palette, featuring wood and metal materials. The natural soft light from the large windows creates a calm and airy mood. The layout consists of an open space with a central seating area surrounding the dining table."
"scandinavian_921.jpg","Modern Minimalist","white, black, green","wood, leather, concrete","recessed lighting with a mix of natural and artificial light sources","modern and sleek, yet cozy and inviting","sofa, coffee table, plant, floor lamp, artwork","an open floor plan with a combined living and dining area","This modern minimalist space incorporates natural materials, sleek lines, and understated color palettes to create a stylish yet comfortable atmosphere."
"scandinavian_923.jpg","Scandinavian","white, beige, light wood","wood, linen, concrete","natural soft light from large windows","calm and airy","sofa, coffee table, plant, floor lamp, round dining table, wooden chairs","open space with central seating area, including a kitchen island for breakfast bar seating and additional counter space.","A bright and airy open concept living space with natural lighting from the large windows, featuring a Scandinavian style with minimalist decor. The room combines neutral colors and wooden accents for a warm yet modern feel."
"scandinavian_924.jpg","Scandinavian","white, black","wood, brick, metal","soft, warm light from a combination of ceiling lights and wall sconces","calm and welcoming","door with a black frame and numbered doorbell, wooden umbrella stand, sleek black floor lamp","straight hallway leading to a single door","Minimalist Scandinavian design with black and white accents, wooden flooring, and wall-mounted lighting."
"scandinavian_925.jpg","Modern","blue, white","tile, metal","bright overhead and dimmed light from window","clean and fresh","toilet, sink, shower curtain, blue rug","narrow space with wall-mounted toilet opposite sink","A modern bathroom with a blue color scheme, including tiled walls and floor, providing a clean and fresh atmosphere."
"scandinavian_926.jpg","Modern Minimalist","white, light wood, gray","oak wood, fabric, concrete","natural soft light from large windows and a chandelier","calm and airy","sofa, coffee table, plant, floor lamp","open space with central seating area and wooden floor","This modern minimalist living room features a monochromatic color palette, natural lighting, and sleek furniture and decor. The large windows allow plenty of daylight to flood the space, creating an airy and serene atmosphere."
"scandinavian_927.jpg","Modern Minimalist","gray, white, wood","wood, glass, stainless steel","natural soft light from large windows","calm and airy","kitchen island, bar stools, modern pendant lights, metal countertops","open space with central kitchen island","A modern, minimalist kitchen with a monochrome color palette and an open layout that emphasizes simplicity and clean lines."
"scandinavian_928.jpg","Modern Minimalist","white, gray, green","concrete, steel, glass","natural soft light from large windows and recessed LED spotlights","calm and airy","metal chair, circular dining table, large potted plant, floor lamp","open space with central seating area surrounded by low plants","Modern garden room with minimalist furniture, white and green accents, a large potted plant as the centerpiece, and natural lighting."
"scandinavian_929.jpg","Scandinavian","white, light wood, green accent","oak wood, linen, steel","natural soft light from large windows","calm and airy","sofa, coffee table, plant, floor lamp","open space with central seating area","A bright, calm living room with a Scandinavian style featuring oak wood accents and linen textiles. The large windows provide natural light and views of the forest outside."
"scandinavian_93.jpg","Scandinavian","white, gray, wood","steel, glass, marble, wood","Natural light from large windows","Bright and airy","kitchen island, stainless steel appliances, modern pendant lights, herbs on the counter","Open space with a central kitchen island and a separate area for dining or sitting.","This is a contemporary kitchen design featuring a Scandinavian style. The space has an open layout with natural light from large windows, creating a bright and airy feel. The color palette is neutral with pops of wood that add warmth. Materials include steel for the appliances, glass for the counters, and marble for the flooring. The island provides additional counter space for food preparation, while modern pendant lights provide task lighting. A few herbs are grown on the countertop to bring life to the space."
"scandinavian_930.jpg","Modern Minimalist","blue, yellow, white","wood, linen, metal","natural light from large window","calm and airy","bed, nightstand, lamp, pillows, book","small room with bed centered under window","The design is a modern minimalist space with a calming color palette of blue, yellow and white. The room features simple furniture made of wood and metal, and natural light fills the small space from a large window."
"scandinavian_931.jpg","Modern Minimalist","light gray, white, wood","oak wood, linen, steel","bright natural light from large windows and recessed lights","calm and airy","dining table with chairs, modern pendant lights, sleek coffee table, plant","open space with central seating area around dining table, leading to kitchen island for additional counter space","This modern minimalist open concept kitchen and living room features a palette of light gray and white colors with wood accents. The sleek design includes recessed lights and pendant lights for ambient and task lighting. The layout is designed around an inviting central seating area, surrounded by large windows that let in abundant natural light."
"scandinavian_932.jpg","Scandinavian","white, beige, wood, green","wood, linen, plastic, metal","natural soft light from large windows and recessed lighting","calm and airy","couch, sofa table, plant, floor lamp, artwork","open space with central seating area, TV on a wall-mounted console, shelves for storage and display","This modern living room combines minimalist style with warm tones to create a serene and inviting atmosphere."
"scandinavian_933.jpg","Minimalist","gray, white, beige","wood, steel, concrete","natural soft light from large windows and recessed LED lights","calm and airy","sofa, coffee table, plant, floor lamp","open space with central seating area under pendant lighting","This modern kitchen and living room features a minimalist design with clean lines, monochromatic color palette, and natural materials. The space is bright and inviting with soft lighting from large windows and recessed LED lights."
"scandinavian_934.jpg","Scandinavian","white, pink, blue","wooden floor, fabric upholstery, glass door, brass accents","warm and cozy, soft light from a mix of natural and artificial sources","playful and child-friendly","baby crib, rocking chair, bookshelf, pillow, stuffed toy","well-organized, with a central focus on the baby crib","This nursery is designed for a child's comfort and safety while maintaining a stylish and uncluttered environment."
"scandinavian_935.jpg","Modern Minimalist","black, white, silver","brushed steel, wood veneer, textured glass","overhead track lighting and under-cabinet lights","cool and contemporary","modern sofa, angular coffee table, sleek floor lamp, large abstract artwork","open space with central seating area, surrounded by light-reflective surfaces","This is a stylish and modern kitchen and living room area, featuring contemporary design elements such as minimalist furniture, stainless steel appliances, and textured materials."
"scandinavian_936.jpg","Scandinavian","white, beige, light wood","oak wood, linen, concrete","natural soft light from large windows","calm and airy","round wooden table, modern wood chairs, woven baskets, textured throw blanket, decorative bottles","an open space with a central seating area","This Scandinavian-style room features a round table surrounded by modern chairs, creating an airy and inviting atmosphere. The use of light wood tones and natural textures contributes to the calm and serene mood, while decorative items like woven baskets add a touch of warmth and personality."
"scandinavian_937.jpg","Modern Minimalist","gray, white, black","wood, linen, metal","recessed lighting with adjustable lamps for ambient and task","clean, modern, and serene","bed, nightstand, shelving unit, floor lamp, plant","bed facing a wall-mounted desk with built-in seating and storage underneath","The bedroom features a modern minimalist design with gray tones, wood accents, and clean lines."
"scandinavian_939.jpg","Scandinavian","white, black, wood","glass, metal, wood","natural light from large windows and recessed ceiling lights","modern and minimalist","kitchen island with stools, hanging pot rack, modern kitchen sink, wooden barrel table, wall-mounted spice rack","linear design with open concept","This is a modern and minimalist kitchen with Scandinavian style, featuring clean lines, wood accents, and ample natural light."
"scandinavian_94.jpg","Scandinavian","white, light wood","oak wood, linen, stainless steel","natural soft light from large windows","calm and airy","black bar stools, kitchen island with bowl, wood cutting board, hanging baskets of herbs, white pendant lights","modern kitchen with open concept and clean lines, featuring a central island and plenty of counter space.","This modern Scandinavian kitchen features a neutral color palette and natural materials, creating a serene and inviting atmosphere."
"scandinavian_940.jpg","Minimalist Modern","black, white, wood","oak wood, linen, concrete","natural soft light from large windows","calm and airy","countertop, stools, plant, coffee maker","open space with central island","This modern kitchen design features a monochrome color scheme, oak wood cabinetry, concrete countertops, and minimalistic decor."
"scandinavian_941.jpg","Modern Minimalist","white, light wood","oak wood","natural soft light from large windows","calm and airy","shelving unit, artwork above the shelf, stuffed toy on the shelf, lamp, blanket over a chair","open space with central seating area around wooden cabinet, which has a stuffed toy on top and a blanket draped over it","The interior design is modern minimalist with a calm and airy atmosphere. The color palette includes white and light wood tones, and the main materials are oak wood. Large windows allow for natural soft lighting. The space is arranged with an open layout centered around a wooden cabinet that houses various objects such as artwork and stuffed toys."
"scandinavian_944.jpg","Modern Minimalist","white, black, brass","steel, acrylic, wood","natural light from large windows","calm and serene","desk, chairs, lamps, artwork","open space with central seating area","A modern minimalist office space with a calming atmosphere, featuring natural lighting from large windows, black and white color scheme, steel and wood materials, and artwork on the walls."
"scandinavian_945.jpg","Modern Minimalist","white, blue, beige","wood, fabric, glass","natural soft light from large windows","calm and airy","sofa, coffee table, floor lamp, plant, mirror","open space with central seating area","This modern, minimalist living room features a clean and simple design with blue accents, natural lighting, and a calming atmosphere."
"scandinavian_946.jpg","Scandinavian","white, beige, light wood","linen, wood, glass","natural soft light from large windows","calm and airy","sofa, coffee table, plant, floor lamp, flat screen TV","open space with central seating area","This living room features a Scandinavian design style, characterized by clean lines and minimalist decor. The color palette consists of neutral tones that create a calm atmosphere. Natural light fills the room through large windows, enhancing the airy feeling. Materials used include linen for a soft texture on seating, wood for warmth, and glass to bring in more natural light. The layout is open with a central seating area around the coffee table, creating a focal point."
"scandinavian_947.jpg","Scandinavian","yellow, white, black","wood, leather, metal","natural light from a large window illuminates the space, with soft light fixtures adding warmth to the room.","bright and airy","couch, coffee table, lounge chair, plant","the living room features an open floor plan, with a central seating area surrounded by furniture.","This modern Scandinavian-style living room is filled with bright yellow accents against a white and black color palette. The space features natural wood tones, leather upholstery, and metal accents. Large windows let in soft natural light, creating an open and airy atmosphere."
"scandinavian_948.jpg","Modern","light blue, yellow, white","velvet upholstery, wood floors, woven rugs","bright and airy, with a large window providing natural light","upbeat and cheerful","blue velvet sofa, yellow armchair, wood coffee table, floor lamp, woven rug","open space layout with an L-shaped couch arrangement","A modern living room featuring a colorful yet cozy design, with large windows allowing for plenty of natural light."
"scandinavian_949.jpg","Modern Minimalist","white, light wood, gray","oak wood, stainless steel, glass","bright with natural light from windows","clean, bright and airy","dining table, chairs, kitchen island, stove top oven, refrigerator","open concept with kitchen, dining and living areas flowing together","This modern minimalist design combines an all-white color scheme with oak wood accents to create a bright and airy atmosphere in a spacious open-concept layout."
"scandinavian_95.jpg","Modern Minimalist","white, light wood, green accent","oak wood, linen, concrete, steel","natural soft light from large windows","calm and airy","tub, plant, stool, basket, soap dispenser","space layout with a central tub flanked by two walls, a window on one side and a stool on the other","This bathroom features a modern minimalist design with clean lines and light wood accents. The space is bathed in natural soft light from large windows, creating a calm and airy atmosphere."
"scandinavian_950.jpg","Modern Minimalist","white, black, brass","oak wood, stainless steel, marble","recessed ceiling lighting with under-cabinet lights for task illumination","clean and serene","built-in coffee maker, modern barstools at island, large format print artwork","open kitchen concept leading to dining area with breakfast bar","This modern kitchen features a monochromatic color scheme, sleek metallic accents, and high-end materials, creating a clean and contemporary look."
"scandinavian_951.jpg","Scandinavian","white, beige, light wood","wood, fabric, metal","natural soft light from large windows and ceiling lights","calm and airy","desk, chair, vase with flowers, books, potted plant","open space with central seating area","A Scandinavian-style home office features a wooden desk with a beige chair, vase of flowers on top, and books. The room has a bright and airy feel from the large windows and ceiling lights."
"scandinavian_952.jpg","Scandinavian","white, beige, light wood","wood, glass, steel","bright with natural light from large windows","calm and airy","bed, nightstand, desk, chair","open space with central sleeping area","This bedroom features a simple, modern design with Scandinavian influences. The color palette is light and neutral, with wooden elements complemented by glass accents for a touch of elegance. The room benefits from ample natural light streaming in through large windows, creating an airy and relaxing atmosphere."
"scandinavian_953.jpg","Modern Minimalist","white, beige, light wood","marble, steel, wood","natural soft light from large windows","calm and airy","shower stall, tub, toiletries, basket","open space with separate shower and toiletry areas","This modern bathroom design features a minimalist approach, utilizing marble walls and fixtures with steel accents. The color palette is predominantly light wood, white, and beige, creating a calm and airy mood. A separate shower stall and toiletry area provide functionality while maintaining the clean lines and simplicity of the design."
"scandinavian_955.jpg","Scandinavian","white, wood, black","wood, tile, glass","bright and airy with natural light from large windows","calm and spacious","bathtub, cabinet, shower, chair","space divided into functional areas for living, bathing, storage, and relaxation","This Scandinavian-style space features a neutral color palette, with wooden accents and natural light that contribute to a calm and spacious atmosphere. The layout is well-organized, dividing the space into distinct areas for living, bathing, storage, and relaxation."
"scandinavian_956.jpg","Scandinavian","white, blue, wood accents","wild plank wood flooring, brick wall, metal railing","amazing natural light from two skylights","open and airy with a touch of rustic charm","large sectional sofa, living room rug, decorative wall art, wooden coffee table, wooden bookshelves","modern open floor plan with living area flowing into dining area","A bright, inviting space with a focus on natural materials and light."
"scandinavian_957.jpg","Modern Minimalist","white, black, light brown","wood, fabric, metal","natural light with floor lamps and ceiling lights","bright and open","sofa, coffee table, chair, plant, bookshelf","open space with central seating area, separate rooms defined by furniture placement","This modern minimalist living room has a bright and open feel with its white color palette, contrasting black accents, natural wood materials, and ample lighting. The layout is functional with separate zones for dining, relaxation, and work."
"scandinavian_958.jpg","Scandinavian","white, gray","wood, linen, cotton","natural soft light from large windows and ceiling lights","calm and airy","bed, nightstand, plant, bookshelf, rug","open space with central seating area next to sloped ceiling and walls","This is a modern, minimalist bedroom that maintains a Scandinavian style. The room has a simple color palette of white and gray, primarily using wood and linen for the furniture. The layout features an open space with a central seating area next to a sloped ceiling and walls. There is a large window providing natural light, and the overall mood of the room is calm and airy."
"scandinavian_959.jpg","Modern Minimalist","white, light wood","oak wood, linen, steel","natural soft light from large windows and recessed lighting","calm and airy","dining table, chairs, cabinets, kitchen island, floor lamp","open space with central seating area, connected to kitchen for easy access","A modern, minimalist design with a calming atmosphere, featuring clean lines and neutral colors that create an inviting and airy dining and living room space."
"scandinavian_96.jpg","Scandinavian","white, beige, light wood","oak wood, linen, concrete","natural soft light from large windows","calm and airy","wooden desk with matching chair, gold-toned lamp, decorative globes, plush throw blanket, white pendant lighting","clean lines and open space with central seating area","A modern, minimalist room featuring a Scandinavian design style with oak wood tones, linen textures, concrete accents and soft lighting that creates a calm and airy atmosphere."
"scandinavian_97.jpg","Modern Minimalist","gray, white, black","tile, metal, wood","overhead lighting and natural light from window","clean and serene","shower head, faucet, soap dish, shelf","small space with shower corner and single shelf","This modern minimalist bathroom features a gray tile design, overhead lighting, and a single shelf for essentials."
"scandinavian_98.jpg","Modern Minimalist","white, beige, light wood","wood, linen, wicker","natural soft light from large windows","calm and airy","sofa, chair, plant, floor lamp","open space with central seating area","The room is a modern minimalist nursery with a calming color palette of white, beige and light wood. Materials include wood floors, linen accents and wicker chairs. The natural soft light from large windows creates a calm and airy mood. There's a sofa for adult relaxation, a chair for baby changing and a floor lamp for nighttime reading."
"scandinavian_99.jpg","Modern","gray, wood, white","wood, glass, metal","Natural and task lighting, with recessed can lights providing ambient lighting.","Open and airy, with a modern industrial feel.","gray sectional sofa, mid-century modern chair, large indoor plant, contemporary coffee table, modern floor lamp","Great room with open kitchen design that leads to the backyard.","This is a large, modern home with an open concept living and dining area. The space features a gray sectional sofa, mid-century modern chair, contemporary coffee table, indoor plant and floor lamp as well as sleek cabinetry in the kitchen area."
