"filename","style","color_palette","materials","lighting","mood","objects","layout","summary"
"shabby-chic-style_0.jpg","Modern","white, black, beige","wood veneer cabinets, stainless steel appliances, plush velvet chairs","natural light from large windows and overhead track lighting","spacious and elegant","dining table with bench seating, statement mirror over sink, plants on shelves","open floor plan connecting kitchen, dining, and living room spaces","This modern home features a clean and minimalist design with an emphasis on natural materials and lighting."
"shabby-chic-style_1.jpg","Scandinavian","white, gray, blue","wood, linen, canvas","natural soft light from large windows","calm and airy","bed, bedside table, throw pillows, lamps","open space with central seating area","This bedroom features a Scandinavian design with a light gray color palette, wood and linen materials, and a mix of natural and ambient lighting. The room is calm and airy, creating an open feeling with a comfortable sitting area."
"shabby-chic-style_10.jpg","Modern Minimalist","brass, white, clear","metal, glass, wood","natural soft light from large windows","calm and airy","chandelier, cabinets, table, countertop","open space with central seating area","This interior design image displays a modern minimalist style with a calming atmosphere created by the use of natural light and simple, elegant furnishings."
"shabby-chic-style_100.jpg","Modern Minimalist","white, light grey, pink","wood, linen, metal","natural soft light from large windows","calm and airy","bed, nightstand, frame, plant","spacious bedroom with a large bed as the centerpiece","This is a modern minimalist-style bedroom with a calming white and pink color palette. The room features a large bed with a wooden frame, nightstands made of wood and linen materials, and windows that let in natural light. A plant adds a touch of greenery to the space."
"shabby-chic-style_101.jpg","Scandinavian","white, beige, gray, blue","wood, linen, leather, metal","natural light from large windows, complemented by pendant lights","bright and airy","sofa, coffee table, floor lamp, side tables, area rug","open space with central seating area","Modern Scandinavian living room featuring a clean, monochromatic color scheme, natural lighting, and comfortable furnishings."
"shabby-chic-style_102.jpg","Modern Wine Cellar","dark green, rusty brown, light wood","wood, metal, concrete, brick","natural light from windows, artificial ambient lights","refined and sophisticated","wine rack, barrels, wine glasses, light fixtures","rectangular space with straight lines and organized layout","A modern wine cellar featuring a dark green color palette, wood and metal materials, natural light from windows, and a refined mood."
"shabby-chic-style_103.jpg","Modern Minimalist","white, navy, gold","steel, leather, crystal","bright and natural from large windows","sophisticated and modern","sofa, coffee table, modern art print, abstract sculpture, statement piece","open space with central seating area","The interior features a bright and sophisticated Modern Minimalist design. The color palette is dominated by white, navy, and gold, creating a clean and elegant look. Steel and leather materials contribute to the contemporary feel, while crystal accents add a touch of luxury."
"shabby-chic-style_105.jpg","Scandinavian","white, beige, light wood","oak wood, linen, white paint","natural soft light from large windows","calm and airy","wooden bed frame, pillows with blue and white stripes, small wooden chair, dolls on the bed, framed photo of baby on wall","clean, minimal space layout with bed as central focus","A serene Scandinavian-style bedroom with a light wooden color palette and an emphasis on natural lighting."
"shabby-chic-style_106.jpg","Bohemian","pink, white, beige","wooden bed frame, velvet pillows, woven rug","soft and warm lighting from table lamps","romantic and dreamy","bed with canopy, pink floral patterned throw blanket, white candles, silk pillowcases","small room with bed as the centerpiece, flanked by mirrors on both sides","A romantic bohemian style bedroom featuring a canopy bed and pink accents. The space is well-lit by table lamps and uses materials like velvet and wood to create a warm and dreamy atmosphere."
"shabby-chic-style_107.jpg","Scandinavian","white, gray, black","wood, glass, stainless steel","natural soft light from large windows","bright and airy","kitchen island, hanging pendant lights, wooden bar stools, stainless steel refrigerator","open space with central seating area and kitchen island","This is a modern Scandinavian-style kitchen with a focus on clean lines, neutral colors, and natural light. The space features an open layout that integrates the dining area into the kitchen, creating a bright and airy atmosphere."
"shabby-chic-style_108.jpg","Modern Minimalist","white, beige, light wood","laminate countertops, metal handles and fixtures, wood cabinets","well-lit with natural light from two windows","clean, bright, and uncluttered","white kitchen cabinetry, stainless steel appliances, colorful backsplash","linear layout with a countertop island in the center","This modern kitchen features clean lines, minimalist design elements, and a colorful backsplash that adds warmth to the space."
"shabby-chic-style_109.jpg","Modern","blue, white, gray","glass, wood, fabric","bright and well-lit","clean, open, and inviting","couch, coffee table, vase with flowers, framed artwork, area rug","open concept living room with a seating area at the center","This modern living room features a clean and inviting design with bright lighting, neutral colors, and well-placed furniture."
"shabby-chic-style_111.jpg","Modern Minimalist","white, beige, wood, black","oak wood, linen, concrete, steel","natural soft light from large windows","calm and airy","bed, nightstand, lamp, bookcase, couch","small room with a bed in the corner and other furniture along the walls","A modern minimalist style room with wood accents, featuring a white bed in a cozy nook."
"shabby-chic-style_112.jpg","Modern Minimalist","white, light wood, gray","wood paneling, brass hardware, stone tile, fabric upholstery","soft and warm ambient lighting from recessed lights, complemented by floor lamps and chandeliers","luxurious and elegant","couches, armchairs, coffee table, floor lamps, chandelier, area rug","open concept with high ceilings, arched doorways, and a central staircase leading to the upper level","This luxurious modern home features an open-concept design with an elegant color palette of white, light wood, and gray, complemented by wood paneling, brass hardware, stone tile, and fabric upholstery. The soft ambient lighting is enhanced by recessed lights, floor lamps, and chandeliers, creating a warm and inviting atmosphere. Arched doorways and high ceilings contribute to the spacious feeling of the house, while the central staircase adds architectural interest."
"shabby-chic-style_113.jpg","Modern Minimalist","white, beige, grey","oak wood, glass shelves, steel, brass","natural soft light from large windows and glass doors","calm and organized","sofa, coffee table, plant, floor lamp, bookshelves, cushions","open space with central seating area, flanked by bookshelves on both sides of the wall","The interior design is modern and minimalist, featuring a soothing color palette with oak wood accents. Natural light streams in through large windows and glass doors, illuminating the space and creating a calm atmosphere. The seating area is centered around a sofa and coffee table, flanked by bookshelves that showcase a variety of items, contributing to a cozy yet uncluttered environment."
"shabby-chic-style_115.jpg","Modern Minimalist","white, beige, light wood","brick, wood, candle wax","warm and ambient lighting from candles on mantel","cozy and festive","fireplace, stockings, garland, candles","clean lines with decorative fireplace as focal point","The space is a modern, minimalist living area that focuses on warmth and simplicity during the holiday season."
"shabby-chic-style_116.jpg","Modern","blue, white, black","metal, wood, glass","overhead track lighting and wall sconces","clean and bright","large mirror, blue cabinet, white toilet, white sink, black faucets","rectangular with central vanity area","This modern bathroom features a monochrome color scheme, metal fixtures, and sleek design elements."
"shabby-chic-style_117.jpg","Modern","white, gray, beige","wood, leather, fabric","Natural light from windows and ceiling lights.","Clean, modern, and inviting.","sofa, chair, coffee table, area rug, bookcase, wildlife print","Open floor plan with furniture arranged to create a welcoming space.","This modern living room features a neutral color palette, natural lighting, and a blend of contemporary and traditional elements."
"shabby-chic-style_118.jpg","Modern","white, gray, beige","wood, fabric, glass","ambient light from multiple sources","comfortable and inviting","couch, coffee table, end tables, lamps, shelving unit","open floor plan with a central seating area","This modern living room features neutral colors, natural materials, and an open layout to create a comfortable and inviting space for relaxation."
"shabby-chic-style_119.jpg","Modern Minimalist","beige, white, brown","tile, steel, marble","recessed lighting, wall sconces and chandelier","calm and modern","white sink, crystal chandelier, beige towels, brown toilet","modern bathroom with shower and sink area","A sleek, contemporary bathroom design featuring a tiled shower, white sink, and beige towels."
"shabby-chic-style_12.jpg","Scandinavian","blue green, white, wood","oak wood, brass, linen","natural soft light from large windows","warm and cozy","stove, oven, refrigerator, kitchen sink, coffee maker, kettle","open galley style with central sink area","This kitchen has a Scandinavian design style, featuring blue green and white colors with wooden accents. The materials used include oak wood, brass, and linen. There is natural soft lighting from large windows, creating a warm and cozy atmosphere. In the room, there are essential appliances such as an oven, stove, refrigerator, sink, coffee maker, and kettle for functionality."
"shabby-chic-style_120.jpg","Modern Minimalist","white, grey, beige","wood, leather, linen, steel","natural soft light from large windows","calm and airy","sofa, coffee table, floor lamp, chair, area rug, plant, couch","open space with central seating area","This modern minimalist living room features a neutral color palette of white, grey, and beige, paired with materials such as wood, leather, linen, and steel. The large windows allow for an abundance of natural light to flood the space, creating a calm and airy atmosphere. Furniture includes a comfortable sofa, stylish coffee table, floor lamp, chair, couch, and rug. The room's open layout centers around a central seating area."
"shabby-chic-style_121.jpg","Modern Minimalist","white, silver","glass, wood, marble","bright and modern lighting with natural light from windows","clean and serene","wall mirror, hanging purse holder, rectangular box on dresser, potted plant, vase of flowers","linear arrangement with vanity as central focus","This image showcases a modern minimalist bathroom design. The space features a white vanity topped with silver accessories, and is outfitted with wood and glass materials. Bright lighting accentuates the clean lines and natural textures throughout the room."
"shabby-chic-style_122.jpg","Modern","white, gray, black","wood, marble, stainless steel","Natural and ambient light from multiple sources, including large windows.","Clean, sleek, and modern.","hanging lights, double sink vanity, black stove top, wooden kitchen island","Open concept with a central kitchen island and separate zones for cooking and dining.","Modern style kitchen featuring white cabinets, wood floors, black countertops, and stainless steel appliances."
"shabby-chic-style_123.jpg","Modern Minimalist","white, gray","wood, fabric, metal","Natural soft light from large windows with black window treatments, supplemented by recessed and floor lamps.","Calm and airy","gray sofa with two throw pillows, black metal and glass coffee table, white shag rug on wood floor, brown leather armchair, brass wall sconces, large abstract artwork","Open space with central seating area and large windows providing views of the outdoors.","This modern minimalist living room features a calm, airy atmosphere with a neutral color palette and natural light. The gray sofa is complemented by a black metal coffee table and leather armchair, all set against a backdrop of large windows with black window treatments and views to the outside world."
"shabby-chic-style_124.jpg","Contemporary","beige, brown, green","wood paneling, velvet upholstery, hardwood flooring","Natural light from large windows with sheer curtains.","Warm and inviting","sofa, coffee table, area rug, floor lamp, potted plant","Open floor plan with central seating area around fireplace.","This living room has a contemporary design with warm colors and natural light. The space is open, featuring a central seating area with large windows allowing for a bright and inviting atmosphere."
"shabby-chic-style_125.jpg","Modern Minimalist","white, black, gray","wood, fabric, metal","natural light from large windows, complemented by recessed ceiling lights","calm and serene","bed, nightstand, wicker bench, plant, area rug","open space with central focus on bed between two large windows","This modern minimalist bedroom combines a white color palette, natural materials, and simple furnishings to create a serene and comfortable environment."
"shabby-chic-style_126.jpg","Modern Minimalist","white, beige, light wood","steel, oak wood, leather","natural soft light from large windows","warm and cozy","sofa, coffee table, plant, floor lamp, area rug","open space with central seating area","This modern living room features a minimalist design, with a color palette of white, beige and light wood. The furniture is made from steel and oak wood, creating a warm and cozy atmosphere. Natural soft light fills the room from large windows on one side. Key elements include a sofa for seating, a coffee table for functionality, a plant for a touch of nature, a floor lamp for additional lighting, and an area rug to define the space."
"shabby-chic-style_128.jpg","Scandinavian","white, wood, blue","wood, glass, brass","natural soft light from large windows","calm and airy","cabinet, countertop, stove, ovens","open space with central seating area and island in the middle","The kitchen features a Scandinavian design with wooden elements, soft lighting from large windows that overlook trees, white as the dominant color for clean lines and minimalism. The island in the center provides additional countertop space and is surrounded by various appliances including a stove and ovens."
"shabby-chic-style_129.jpg","Scandinavian","white, light blue, gray","wood, fabric, paper","natural light from windows","bright and airy","mannequin, worktable, chair, dressmaking tools","open space with central seating area","This is a bright and airy room designed for creating clothing. The mannequin, worktable, and chair are arranged around the center of the room to facilitate easy movement. Natural light floods in from windows behind the mannequin, casting soft shadows and emphasizing the room's clean lines."
"shabby-chic-style_13.jpg","Modern Minimalist","white, black, gray","wood, fabric, glass","soft and natural light from large windows","calm and airy","sofa, coffee table, floor lamp, rug","spacious open concept with central seating area","A modern, minimalist living room that maximizes natural light from large windows, creating a calm and airy atmosphere."
"shabby-chic-style_131.jpg","Modern Minimalist","white, light wood, gray","oak wood, linen, steel","natural soft light from large windows","calm and airy","round wooden table, white tufted dining chairs, large potted green plant, white pendant lights, wooden kitchen island","open space with central seating area","This is a modern minimalist dining room, featuring a round wooden table surrounded by white tufted chairs. The color palette includes white, light wood, and gray accents. Natural soft light from large windows gives the room a calm and airy atmosphere."
"shabby-chic-style_132.jpg","Modern Minimalist","white, beige, light wood, green accent","stone, wood, metal","natural soft light from large windows and a floor lamp","calm and airy","sofa, coffee table, plant, floor lamp","open space with central seating area around fireplace and window","This modern, minimalist living room features a stone and wood fireplace as the centerpiece, surrounded by comfortable seating. The color palette is neutral yet vibrant, with light wood flooring and green accents adding warmth to space. Natural light from large windows enhances the airy feel of the room, while the floor lamp provides additional illumination. The overall mood of the space is calm and inviting."
"shabby-chic-style_133.jpg","Scandinavian","white, light green, navy","wood, cloth, glass","natural soft light from large windows","calm and airy","sofa, coffee table, dining table, chairs, vase with flowers","open space with central seating area, including a porch","The interior features a Scandinavian design, characterized by the use of natural materials like wood and linen, white walls, and a light green accent color. The furniture arrangement includes a sofa facing a coffee table in the center of the room, with chairs placed around it on a wooden floor. A dining table is located to the side, dressed with plates and bowls for a meal. The porch provides an outdoor extension to the living space, adding natural light and fresh air."
"shabby-chic-style_134.jpg","Modern Minimalist","white, gray, beige","wood, linen, silk","natural soft light from large windows","calm and airy","king size bed, sofa, coffee table, area rug, floor lamp","open space with central seating area and separate sleeping area","This modern minimalist hotel room features a king size bed, sofa, coffee table, floor lamp, and area rug. The color palette is neutral with soft light from large windows creating a calm and airy atmosphere."
"shabby-chic-style_135.jpg","Modern Minimalist","white, beige, light wood","oak wood, linen, glass","natural soft light from large windows","calm and airy","sofa, coffee table, plant, floor lamp","open space with central seating area","This image depicts a modern minimalist kitchen and dining room combination with an open layout that creates a calm and airy atmosphere. The color palette is dominated by whites, beiges, and light wood tones. Materials used include oak wood for the cabinets and flooring, linen for window treatments, and glass for countertops and backsplashes."
"shabby-chic-style_138.jpg","Scandinavian","white, beige, light wood","oak wood, linen, concrete","natural soft light from large windows","calm and airy","sink, mirror, cabinet, soap dispenser, tissue box","small bathroom with compact layout","This is a small Scandinavian-style bathroom featuring an oak wood cabinet, linen towels, a white sink and mirror, concrete walls, and natural light from the window."
"shabby-chic-style_139.jpg","Modern Minimalist","white, beige, light wood","wooden cabinets, concrete countertops, stainless steel appliances","natural soft light from large windows and recessed lighting in the ceiling","bright and airy","center island with wood countertop, vintage-style chandelier, modern stove top","open space with central kitchen island that functions as a breakfast bar, flanked by cabinets on either side for storage and counter space.","This kitchen is designed in a modern minimalist style with a focus on clean lines and a neutral color palette. The materials used include wooden cabinets, concrete countertops, and stainless steel appliances to create an easy-to-clean surface. The lighting scheme incorporates natural light from the windows and recessed lighting in the ceiling for a bright and airy feeling. Key elements of the kitchen include a vintage-style chandelier hanging above the island, which serves as both a dining table and additional counter space, and a stove top with a modern design that matches the overall style of the kitchen."
"shabby-chic-style_14.jpg","Modern Minimalist","white, gray, black","glass, tile, metal","bright and airy from large windows","calm and relaxed","sink, shower, mirror, cabinet","small rectangular space with one sink and shower","A compact modern bathroom featuring minimalist design elements and a clean color palette."
"shabby-chic-style_140.jpg","Modern Minimalist","white, beige, gray","wood, linen, metal","soft natural light with modern floor lamps","modern, cozy and inviting","king size bed, nightstands, framed art, plush throw blankets","open space with central seating area","The modern minimalist style is evident in this bedroom design, featuring a king size bed centered on an oak wood headboard. The room has a calm and inviting atmosphere due to the neutral color palette, soft natural lighting, and plush throw blankets."
"shabby-chic-style_141.jpg","Modern","white, black, silver","wood, stainless steel, marble","recessed lighting in the ceiling and under-cabinet lighting","clean and contemporary with a touch of industrial chic","stainless steel refrigerator, island with built-in cooktop, modern dining table, built-in microwave oven","open concept layout with the kitchen opening to the dining room and living area","This modern kitchen is equipped with stainless steel appliances, wood cabinetry, a marble backsplash, and has an industrial vibe with its exposed ductwork."
"shabby-chic-style_142.jpg","Modern Industrial","neutral colors, accent of teal","stainless steel appliances, wood cabinetry, marble countertops","bright and natural with recessed lighting and pendant lights","modern and inviting with a touch of warmth","large island in center of kitchen, stainless steel appliances, wooden cutting board","open kitchen layout with central island for prep","A modern industrial kitchen featuring stainless steel appliances, teal accents, and neutral colors with wooden cabinetry and marble countertops. The space is bright and open, perfect for entertaining."
"shabby-chic-style_144.jpg","Modern Minimalist","white, gray, natural wood","oak wood, linen, glass","soft and warm light from string lights","cozy and inviting","bookshelf with decorative items, living room set, candle holder, wine glasses","open space with central focus on dining area","This modern minimalist living room is designed for comfort and coziness, featuring a white and gray color scheme with natural wood accents. The soft string lights provide warm lighting over the bookshelf and living room set, while the oak wood bookshelf holds decorative items that add personality to space."
"shabby-chic-style_145.jpg","Classic American","white, black, red, green","wood, metal, glass","Natural light from windows on either side of the front door, with additional outdoor lighting for evenings.","Welcoming and serene","large wooden entrance door, white picket fence, brick pathway to front door, tall green hedge, metal lanterns on either side of the entrance","The front entrance is flanked by symmetrical elements, creating a balanced and formal appearance.","This residential entryway features classic American design elements such as white picket fences and brick pathways, while also incorporating modern touches like outdoor lighting. The overall atmosphere is welcoming and serene."
"shabby-chic-style_146.jpg","Modern Minimalist","white, beige, light wood","wood, glass, silver","bright and airy with natural light","calm and inviting","dining table, chairs, potted plants, decorative pillows","open concept with seating area near sliding doors","This is a modern minimalist dining room that features an open concept layout. The space is bright and airy, with natural light streaming in through the large windows and glass doors. The color palette is soft and neutral, consisting of white, beige, and light wood tones. Materials used are mostly natural, such as wood for the floors and table, and a mix of natural and synthetic fabrics for seating and decor. A sleek silver chandelier hangs from the ceiling, adding to the minimalist vibe. The room's design is both functional and stylish, with a focus on simplicity and clean lines."
"shabby-chic-style_147.jpg","Modern","white, gray, beige","wood, glass, metal","well-lit with recessed and floor lamps","spacious, clean, and contemporary","couch, coffee table, kitchen island, recliner","open-concept layout with kitchen, dining, and living room areas connected seamlessly","This modern home boasts a spacious open floor plan, featuring clean lines and natural materials that create a sense of calm and sophistication."
"shabby-chic-style_148.jpg","Modern","white, wood, brass","wood, metal, glass","Overhead recessed lighting with pendant lights above island.","Warm and inviting","island, range hood, dining table, kitchen cabinets, backsplash","Open layout with kitchen bar seating. Island in center of room.","This is a modern residential kitchen designed for functionality and comfort, featuring an open layout with a central island and overhead lighting."
"shabby-chic-style_15.jpg","Modern Minimalist","gray, white, light gray","fabric, wood, metal","bright and well-lit space with natural light from large windows","calm and sophisticated","large sofa, coffee table, floor lamp, modern artwork, plant","open and airy layout with central seating area",""
"shabby-chic-style_150.jpg","Modern","white, navy blue, brass","stainless steel, marble, wood","ambient and task lighting","clean, sleek and contemporary","kitchen island, hanging pot rack, candles, metal pendant lights","U-shaped layout with center island for seating","This modern kitchen design features a minimalist color palette, stainless steel appliances, marble countertops, and an open U-shaped layout that facilitates easy movement and interaction."
"shabby-chic-style_151.jpg","Modern","white, light wood, navy blue","stainless steel, marble, wood","recessed lighting with soft glow, complemented by pendant lights above island","warm and inviting","modern bar stools, kitchen island, stainless steel appliances, chandelier","open layout with kitchen island as a central feature","This modern kitchen features neutral tones and sleek materials, creating a warm yet contemporary space."
"shabby-chic-style_152.jpg","Modern Minimalist","white, navy blue, tan","leather, wood, metal","natural soft light from large windows","calm and airy","sofa, coffee table, plant, floor lamp, large picture frame","open space with central seating area","This is a modern, minimalist living room that feels spacious and well-lit. The color palette includes navy blue, white, and tan accents, which are complemented by leather, wood, and metal materials. The large picture frame adds a touch of elegance to the space."
"shabby-chic-style_153.jpg","Modern Minimalist","black, white, gray","leather, wood, metal","recessed lighting with ambient LED strips along the ceiling","sophisticated and contemporary","large screen TV, modern sofa set, floor lamp, framed artwork","space is designed around a central screen, with seating arranged facing forward.","This modern living room features a minimalist design with black leather and white walls, framed by recessed lighting that creates an ambient atmosphere for entertainment."
"shabby-chic-style_155.jpg","Scandinavian","white, beige, light wood","brick, wood, fabric","natural soft light from large windows and a central fireplace","calm and airy","sofa, coffee table, plant, floor lamp","open space with central seating area around fireplace and brick walls","The room's design features a Scandinavian style with natural light streaming in, creating a cozy atmosphere."
"shabby-chic-style_157.jpg","Industrial Loft","rusty red, dark wood, white","wood planks on wall, metal elements, wooden floor","overhead track lighting with warm glow","cozy and rustic","vintage bar stools, reclaimed wood furniture, old-fashioned metal lanterns","long, narrow space with seating along one side","An industrial loft style living room, featuring reclaimed materials and rustic design elements. Seating area includes vintage bar stools around a central piece."
"shabby-chic-style_158.jpg","Modern Minimalist","light blue, off white, dark teal","wool, linen, wood, brass","natural soft light from large windows and ambient ceiling lights","calm and airy","sofa, coffee table, area rug, floor lamp, throw pillows","open space with central seating area surrounded by accent furniture","This living room features a modern minimalist design with a light blue sofa and off white cushions on a wooden coffee table. The centerpiece is an area rug that adds color to the space, which is filled with natural light from large windows and ambient ceiling lights. The overall mood of the room is calm and airy."
"shabby-chic-style_159.jpg","Scandinavian","white, light wood, blue","wood, metal","natural soft light from large windows","calm and airy","sofa, coffee table, plant, floor lamp, wooden shelves","open space with central seating area","This interior design exhibits a Scandinavian style, characterized by a clean and minimalist approach. The color palette is soft, primarily in whites and light wood tones, punctuated with accents of blue. Materials used include natural wood and metal, contributing to the airy atmosphere. Natural light from large windows fills the space, enhancing its calm and serene mood. Key elements include a comfortable sofa, functional coffee table, a refreshing plant, ambient floor lamp, and wooden shelves that add both storage and visual interest."
"shabby-chic-style_16.jpg","Modern Minimalist","white, gray, natural wood","oak veneer, leather, metal","well-lit space with chandeliers and natural light","calm and elegant","console table, sofa, chairs, coffee table, lamp, books","open layout with central seating area, flanked by shelves and tables","A modern, minimalist living room featuring a neutral color palette, oak veneer furniture and chandeliers that create a calm and elegant atmosphere."
"shabby-chic-style_160.jpg","Modern Minimalist","white, gray","leather, wood, metal","natural soft light from large windows","calm and airy","sofa, coffee table, floor lamp, plant, modern armchair","open space with central seating area","This modern living room features a minimalist design with white and gray color tones, wood accents, leather upholstery on the furniture, and natural light that creates a calm atmosphere."
"shabby-chic-style_161.jpg","Scandinavian","pink, white, blue","cotton fabric, wood blinds, silk accent","natural soft light from large windows","calm and airy","bed, chest of drawers, pillows, side table","open space with central seating area","Bright, open bedroom with a comfortable canopy bed, white linens, and a serene atmosphere."
"shabby-chic-style_162.jpg","Modern Minimalist","gray, white, green","brass, marble, linen","soft overhead lighting and natural window light","calm and airy","large mirror with brass frame, bathroom vanity with marble top, green plant in pot, brass towel rack","small bathroom with compact layout, including sink, vanity, and mirror on wall","This modern minimalist bathroom combines a gray color scheme with white accents to create a serene atmosphere. The marble vanity top adds elegance while the linen towels contribute to a cozy feel."
"shabby-chic-style_163.jpg","Scandinavian","white, light blue, natural wood","wood, metal, linen","Natural soft light from large windows.","Warm and cozy with a touch of vibrant color from floral accents.","kitchen island, dining table, chairs, wood cabinets","Open space with central seating area around the dining table, creating a welcoming atmosphere for conversation and dining.","This is a bright and airy kitchen and dining area designed in a Scandinavian style with natural wood accents. The color palette consists of light blue, white, and natural wood tones, providing a calm backdrop for the room. Wood cabinets add warmth to the space while metal elements bring modern touches. Large windows allow for an abundance of natural light, contributing to a cozy atmosphere. The floral accents in the centerpiece on the table introduce a pop of color that adds vibrancy and interest to the room."
"shabby-chic-style_164.jpg","Modern","green, white, red","concrete, wood, plastic","bright and direct natural light","energetic and fresh","planter box, potted plant, flower pot, bucket with boots, trash bin","stacked planter boxes creating tiered garden space","This image showcases a modern garden design that features bright colors, concrete planters and a stacked arrangement of vegetation. The lighting is direct from the sun with no shade, which creates an energetic atmosphere. Objects such as a bucket of boots and trash bin add a touch of rustic charm."
"shabby-chic-style_165.jpg","Modern Minimalist","white, gray, black","tile flooring, marble countertop, wood frame window","natural light from window and ceiling recessed lights","modern, clean, and sleek","bathtub with curved edges, glass shower enclosure, black toilet paper holder on wall","efficient use of space with open floor plan","A modern bathroom with a minimalistic design, clean lines, and a focus on functionality."
"shabby-chic-style_166.jpg","Scandinavian","white, beige, light wood","wood, fabric, glass","Natural soft light from large windows and a central skylight.","Calm and airy with a touch of coziness.","sofa, coffee table, area rug, floor lamp, potted plant","An open space layout with a central seating area flanked by windows on both sides.","This living room combines Scandinavian design principles with natural materials and light to create an inviting and serene atmosphere."
"shabby-chic-style_168.jpg","Modern Minimalist","white, beige, light wood","oak wood, linen, concrete","natural soft light from large windows","calm and airy","sofa, coffee table, plant, floor lamp","open space with central seating area","This living room is designed with a modern minimalist style, featuring light wood accents and oak wood flooring. The open layout and large windows allow for natural soft light to fill the space. A central seating arrangement with a sofa and coffee table is surrounded by a plant and floor lamp on each side."
"shabby-chic-style_170.jpg","Contemporary Rustic","light wood, white, blue","wood, canvas, metal","Natural light coming through windows with sheer curtains","Warm and inviting","bed, chair, table, mirror, area rug","Open floor plan with bedroom area in front of living space","The interior is designed to have a warm, rustic feel with a contemporary twist, featuring natural materials and light wood tones. The room has an open layout that connects the sleeping area with the living space."
"shabby-chic-style_171.jpg","Modern Minimalist","beige, gray, white","linen, silk, cotton","natural soft light from large windows","calm and airy","bed, nightstand, lamps, ruffled throw blanket","spacious with a central focus on the bed","The bedroom is sparsely decorated with a minimalistic approach, featuring clean lines and neutral colors. The large bed has a canopy and is adorned with plush pillows and a throw blanket for added comfort. The room is well-lit by natural light coming through the windows."
"shabby-chic-style_173.jpg","Modern Minimalist","light gray, white, dark green","concrete, metal, glass","natural light from large windows during the day, soft ambient lighting at night","calm and serene","modern fountain with water feature, low stone wall, large potted plant","open space with rectangular pool of water on a concrete base surrounded by pebbles, set into landscaped area","This outdoor space is designed in a modern minimalist style, featuring a light gray color palette and materials such as concrete, metal, and glass. The design incorporates natural light from large windows during the day, transitioning to soft ambient lighting at night. The serene mood is created with a calm and tranquil water feature set into a landscaped area, surrounded by a stone wall and potted plants."
"shabby-chic-style_174.jpg","Scandinavian","beige, grey, white","wood, marble, glass","natural soft light from large windows","calm and airy","couch, chairs, coffee table, dining table, kitchen island, sink, vase","open space with central seating area around kitchen island","This is a bright and airy modern home interior featuring natural light, neutral colors, and minimalist furnishings."
"shabby-chic-style_175.jpg","Modern Minimalist","white, black, blue","wood, glass","natural light from windows","clean and serene","cabinet, plates, bowls, cups, vase","closed cabinets with plate display on top shelf","A modern, minimalist kitchen cabinet with white wood finish and black accents, displaying blue and white dishes with a clean and serene atmosphere."
"shabby-chic-style_176.jpg","Modern","white, beige, light wood","wood, fabric, metal","natural light coming from large window","clean and minimalist","drawers, desk, storage containers, files","organized workspace with cabinets for storage","A neatly organized office space with a modern design, featuring wooden drawers and desks with a focus on minimalism."
"shabby-chic-style_177.jpg","Modern Minimalist","teal, white, beige","velvet, wood, leather","soft, natural light from large windows","calm and inviting","sofa, coffee table, potted plant, area rug, abstract art","open concept living space with central seating area","This modern minimalist living room features a teal velvet sofa, a wooden coffee table, and soft, natural light from large windows that create a calm and inviting atmosphere."
"shabby-chic-style_178.jpg","Victorian","beige, blue, white","wood, silk, velvet","natural light from large windows and chandeliers","elegant and warm","antique dresser, vintage-style armoire, framed artwork on wall, white fluffy carpet","centered with symmetrical furniture placement","This spacious Victorian bedroom features high ceilings and an elegant design, with a color palette that includes blue, beige, and white. The room's materials include wood and silk fabrics, and the layout is centered around the antique-style canopy bed."
"shabby-chic-style_179.jpg","Modern Minimalist","white, navy blue, wood accent","oak wood, linen, glass","well-lit with a combination of recessed and table lamps","elegant and stylish","hanging pendant light, white sectional sofa, wood sideboard, modern artwork","linear layout with seating area adjacent to storage space","This is a modern, minimalist-style room featuring white walls and oak wood accents. The space is well-lit by recessed lighting and a hanging pendant light, giving it an elegant feel. The room contains a contemporary sofa for seating and storage provided by white drawers and shelves. The materials used are simple yet sophisticated, with oak wood furniture complemented by linen textiles and glass accents."
"shabby-chic-style_18.jpg","Vintage Industrial","white, blue, green, wood","metal, distressed wood, linen, glass","Industrial style lighting with exposed filaments","Rustic and textured","old-fashioned mirror, wooden headboard with distressed paint, antique chest of drawers, metal pendant lights","Bedroom furniture grouped in a way to create a cozy, vintage atmosphere.","This bedroom has a charmingly worn and rustic design with industrial-style lighting and furnishings that evoke a sense of history."
"shabby-chic-style_180.jpg","Modern Minimalist","purple, white, black","wooden floors, linen drapes, wooden headboard","natural soft light from large windows","calm and airy","twin beds, nursery rocking chair, nightstands with lamps, shelves with books","open space with central seating area","This is a bright, modern bedroom for twins. The room features a minimalist design with purple and white accents, wooden floors, linen drapes, and large windows that let in soft, natural light. It's well-organized with furniture centered around the beds for comfort and relaxation. The nursery rocking chair adds a touch of warmth and coziness to the space."
"shabby-chic-style_181.jpg","Modern Minimalist","black, white, gold","glass, marble, steel","ambient with accent lighting on artwork and fixtures","luxurious and sophisticated","chandelier, black chairs, white dining table, coffee bar","open concept with curved walls and central island","A luxurious modern kitchen with black and white color scheme, marble accents, glass features, and an open layout."
"shabby-chic-style_182.jpg","Modern","black, white, brass","stainless steel, solid wood, marble","recessed lighting with brass fixtures","modern and sleek","kitchen island, black and stainless steel appliances, blue barstools","L-shaped layout with kitchen island in center","Modern design with clean lines, stainless steel appliances, marble countertops, and blue barstools."
"shabby-chic-style_183.jpg","Modern","light beige, white, gray","stainless steel, white marble, wood veneer","natural light from large windows, complemented by recessed ceiling lights and pendant lamps over the island","bright and inviting with a touch of elegance","white kitchen island, metal and glass range hood, large bouquet of flowers on the island, modern pendant light above the sink","open plan layout with an L-shaped kitchen design, featuring a large central island for preparation and casual dining","This modern kitchen combines functionality and style with a clean, elegant design that maximizes natural light and creates a warm atmosphere."
"shabby-chic-style_184.jpg","Scandinavian","white, light blue, wood","wood, steel, linen","soft natural light from large windows","calm and cozy","dining table, chairs, cupboard, refrigerator","open space with central seating area around dining table","Scandinavian kitchen with a vintage-style wooden dining table, surrounded by white chairs and wood cabinets. The room features steel appliances and large windows that let in natural light."
"shabby-chic-style_185.jpg","Modern Minimalist","white, gray, gold","marble, brass, linen","natural soft light from large windows","calm and airy","bathtub, shower, vase of flowers, sink","modern bathroom with separate shower/tub area and floating sink","This modern minimalist bathroom features a calming color palette, high-quality materials, and elegant lighting. The gold accents add a touch of luxury to the otherwise simple design."
"shabby-chic-style_186.jpg","Scandinavian","white, light wood","oak wood, linen, brass","natural soft light from large windows","calm and airy","sink, tub, toilet, vanity mirror, framed artwork, vase of flowers","small space with central bathroom fixtures, flanked by decorative elements","This is a well-lit, Scandinavian-style bathroom with a clean and airy vibe. The room features natural wood materials, white walls, and large windows that allow for soft, diffused light to fill the space."
"shabby-chic-style_187.jpg","Modern","white, purple, black","marble, metal, porcelain","Recessed lighting with adjustable accent lights","Clean and modern","double sinks, faucet, soap dispenser, toothbrush holder","Double vanity in a neutral-toned bathroom with dark wall","This modern bathroom features a double vanity setup with marble countertops, adjustable lighting for ambiance and task, and a sleek black and white color scheme."
"shabby-chic-style_189.jpg","Modern Minimalist","turquoise, white, light wood","oak wood, glass tile backsplash, white marble countertop","ambient light from recessed ceiling fixtures and small wall sconces","calm and tranquil","sink with chrome faucet, large mirror, white cabinetry","space is organized with clean lines and a symmetrical layout, centered around the sink area","This modern bathroom features a minimalist design with a focus on clean lines and a harmonious color palette."
"shabby-chic-style_190.jpg","Scandinavian","white, natural wood, soft gray","wood paneling, stainless steel appliances, linen drapes","bright and natural light flooding the space from large windows","clean, organized, and airy","large island for food prep, white range hood over stove, modern-looking wooden shelves with various decorative items, open cabinets with visible storage baskets, large window above kitchen sink","open concept layout with a central island, flanked by cabinets and counters","A modern Scandinavian-style kitchen featuring a warm color palette, natural materials, plenty of counter space, and large windows that let in abundant light."
"shabby-chic-style_191.jpg","Modern Minimalist","white, gray, wooden accents","oak wood floors, white cabinetry, stainless steel appliances","bright and airy with a chandelier as the focal point","calm and spacious","large dining table, modern bar stools, built-in wine rack, modern lighting fixtures","open concept with a large kitchen island in the middle","This is an elegant and modern open-concept kitchen that combines functionality with style, featuring wood floors, white cabinetry, and stainless steel appliances. The chandelier adds a touch of sophistication to the space."
"shabby-chic-style_192.jpg","Modern Minimalist","white, gray, black","stainless steel, porcelain, natural wood","well-lit with recessed lighting and natural sunlight from windows","clean, modern, inviting","modern kitchen island, sleek stove hood, built-in oven, stainless steel appliances","efficient L-shaped layout with work triangle in mind","This modern minimalist kitchen features clean lines, stainless steel appliances, and a harmonious color palette of white, gray, and black. The efficient L-shaped layout allows for easy movement throughout the space."
"shabby-chic-style_193.jpg","Modern Minimalist","beige, light wood, neutral grey","wood, metal, fabric","bright and warm from overhead lights","welcoming and clean","sofa, coffee table, plant, flat screen tv","open space with central seating area","The room features a minimalist design with beige tones, wood accents, and modern furniture. The overhead lights give the space an inviting atmosphere, while the large windows allow for natural light during the day."
"shabby-chic-style_194.jpg","Modern Minimalist","neutral tones, wood accents, minimal pops of color","glass and wood, stone accents","natural soft light from large windows and skylights","calm and airy","modern patio furniture set, built-in seating area, integrated planter with plants","open space layout with central seating area, surrounded by nature","This modern minimalist space features a harmonious blend of neutral tones with wood accents, glass and stone materials, and natural lighting from large windows and skylights. The built-in seating arrangement creates an inviting atmosphere for relaxation, with ample space to enjoy the surrounding nature."
"shabby-chic-style_195.jpg","Modern","white, light wood, silver","stainless steel appliances, wood cabinets and island, black countertop","bright and inviting with recessed lighting and large windows","warm and welcoming","center island with seating, stainless steel appliances, large pendant light, wood cabinets","open and spacious with flow between kitchen, dining room, and living area","This modern kitchen and dining space features sleek stainless steel appliances, a large wood island with seating, and bright recessed lighting that creates an inviting atmosphere."
"shabby-chic-style_196.jpg","Modern","white, gray, black","stainless steel, natural wood, glass","natural light from windows with complementary ceiling lights","modern and sleek","stainless steel refrigerator and oven, dark stained wooden cabinets, gray countertops, white marble backsplash","galley-style kitchen with island seating","A modern galley-style kitchen with an efficient layout, sleek finishes, and a touch of sophistication in the design."
"shabby-chic-style_197.jpg","Modern Minimalist","white, teal, light wood","oak wood, linen, steel","natural soft light from large windows","calm and organized","drawer unit, pencil holders, pens, markers, ruler","desk with drawer unit in front, pens and markers in individual compartments within the unit","A neatly organized desk space featuring a white drawer unit that has compartments for pens, markers, and pencils."
"shabby-chic-style_198.jpg","Modern Minimalist","white, beige, light wood","metal, glass, marble","bright and even from overhead lights","clean and elegant","vase, oranges, wooden cutting board, jar","linear layout with countertops on one side of room and appliances on the other","This kitchen has a modern minimalist design, featuring light wood and white color scheme, stainless steel appliances, and wooden elements that add warmth to space. The arrangement is linear, with appliances along one wall and countertops opposite."
"shabby-chic-style_2.jpg","Modern Minimalist","beige, white, light wood","wood, leather, fabric","soft and warm lighting from recessed lights in the ceiling","calm and cozy","sofa, coffee table, end tables, floor lamp, plant","open space with central seating area, anchored by a couch with additional seating on either side of the room","A modern living room with a minimalist design featuring beige and light wood tones, soft lighting from recessed ceiling lights, and comfortable seating around a central sofa."
"shabby-chic-style_20.jpg","Modern Minimalist","white, gray, wood","brass, glass, wood","Natural soft light from large windows","Warm and cozy","sofa, coffee table, plant, floor lamp, vase","Open space with central seating area","A modern minimalist living room featuring a monochromatic color palette, natural lighting, and a mix of materials for a warm and cozy atmosphere."
"shabby-chic-style_200.jpg","Modern Minimalist","white, silver, black","wood, glass, metal","natural soft light from large windows and recessed ceiling lights","calm and airy","large pendant lamp, white sofa, wood coffee table, plant on floor","open space with central seating area","A modern, minimalist design with a white color palette, featuring wood and glass materials, soft lighting from large windows and recessed lights, and decorative objects like a pendant lamp, sofa, coffee table, and plant."
"shabby-chic-style_201.jpg","Modern Minimalist","white, grey, blue","wood, glass, stone","Natural soft light from large windows and recessed lights in the ceiling","Calm and airy","kitchen island with sink, white chairs at the island, blue and white striped rug, large bowl on the counter","Open space with a central kitchen island for eating and cooking, surrounded by white cabinets and wood countertops.","A modern minimalist kitchen with clean lines and neutral colors. The use of natural light and wood elements create a warm and inviting atmosphere."
"shabby-chic-style_202.jpg","Modern","white, brown, silver","stainless steel, wood, glass","bright and natural light from above cabinets","clean and bright","oven, range hood, cookware","functional with ample counter space","This is a modern kitchen design featuring clean lines, stainless steel appliances, and natural lighting. The color palette includes shades of white, brown, and silver, complemented by materials such as wood, glass, and stainless steel. The overall feeling is bright and inviting."
"shabby-chic-style_203.jpg","Modern Minimalist","gray, white, black","wood, silk, leather","warm and cozy with soft lighting from chandelier","elegant and sophisticated","king-size bed, chandelier, accent pillows, sheepskin throw","spacious with a central focus on the king-size bed","This is a luxurious and stylish bedroom featuring a large king-size bed, soft lighting from a chandelier, warm and inviting colors, and modern minimalist design elements."
"shabby-chic-style_205.jpg","Modern","white, gray, black","wood, fabric, leather","Natural light from large windows and recessed lighting","Warm, inviting and contemporary","sofa, coffee table, tv stand, area rug, floor lamp","Open concept with a central seating area between two windows","This modern living room combines rustic touches like exposed wooden beams and a stone fireplace with sleek, contemporary furniture to create a welcoming space."
"shabby-chic-style_206.jpg","Scandinavian","light wood, white, beige","oak wood, linen, concrete","natural soft light from large windows","calm and airy","sofa, coffee table, plant, floor lamp, armchair, potted plant, vase","open space with central seating area","This living room combines a Scandinavian style with modern furniture, creating a bright and airy atmosphere."
"shabby-chic-style_207.jpg","Modern","white, beige, dark wood","wood paneling, linen upholstery, brass fixtures","Natural light from large windows and recessed lighting","Clean, modern, and inviting","flatscreen TV mounted above fireplace, sectional sofa in neutral tones, wood coffee table with metal legs, floating shelves for decorative items, floor lamp with a linen shade","Open floor plan with central seating area and separate spaces for cooking and sleeping","A modern, cozy living space that combines comfort and style with natural lighting and neutral color schemes."
"shabby-chic-style_208.jpg","Modern Minimalist","white, gray, wood","wood, leather, stone, metal","natural soft light from large windows, with accent lighting highlighting key features","calm and airy","sofa, coffee table, large TV, floor lamp, plant","open space with central seating area, leading to outdoor patio through sliding glass doors","This modern minimalist living room offers a calm and airy atmosphere, featuring a neutral color palette of white, gray, and wood. Materials include oak wood flooring and leather upholstery for the sofa. Large windows provide natural lighting, while accent lighting highlights key features like the fireplace. The layout includes a central seating area with a large TV, perfect for family gatherings or entertainment. A floor lamp adds warmth to the space during evenings. The design extends outside through sliding glass doors leading to an outdoor patio."
"shabby-chic-style_210.jpg","Modern Minimalist","green, white, brown","concrete, brick, wood","natural soft light from large windows","calm and airy","rabbit statue, garden bench, small tree, flower bed","circular garden path with central seating area","A modern minimalist outdoor space featuring a circular garden path, central seating area and surrounded by a concrete wall. The color palette includes green, white and brown, with natural lighting from large windows creating a calm and airy atmosphere."
"shabby-chic-style_212.jpg","Modern Minimalist","white, light wood","oak wood","natural soft light from large windows","calm and airy","shelves, framed photos","horizontal space with shelves placed against a wall","This is an interior design image featuring a shelf holding framed photos in a modern minimalist style. The color palette consists of white and light wood, while the material used is oak wood. Natural soft light illuminates the space from large windows."
"shabby-chic-style_213.jpg","Modern Minimalist","white, blue, wood, metal","oak wood, linen, stainless steel, concrete","natural soft light from large windows and recessed ceiling lights","calm and airy","dining table, chairs, cabinetry, oven, coffee maker","open space with central seating area, adjacent to kitchen","This modern minimalist home has a serene and open layout that combines the living room and kitchen spaces, providing both functionality and aesthetic appeal. The color palette is simple yet elegant, featuring warm wood tones, crisp white walls, and soothing blue accents. The design incorporates natural materials like oak wood and linen, with metal accents adding an industrial touch. Large windows allow in soft natural light, enhancing the airy feel of the space."
"shabby-chic-style_215.jpg","Modern Minimalist","white, beige, light wood","fabric, wood, metal","well lit by recessed lighting and natural light from a nearby window","calm and serene","baby crib, floral wall decals, white wall decorations","small, well-organized space with central crib surrounded by decorative elements","This nursery features a modern minimalist design with a focus on clean lines and simple decor. The color palette is soft and neutral, with the floral wall decals adding a touch of nature to the room. The layout is efficient, with the crib being the focal point in the center of the space."
"shabby-chic-style_216.jpg","Traditional","neutral, wood, beige","natural wood, fabric, linoleum","bright with natural light from windows","warm and welcoming","coffee table, sofa, chair, area rug","open floor plan with central focus on fireplace","This is a traditional living room, characterized by its neutral color palette, wood accents, and warm mood. The space features a variety of furniture including a sofa and chair arranged around a coffee table, with an area rug adding coziness to the room. The fireplace serves as the central focal point in the open floor plan."
"shabby-chic-style_217.jpg","Modern","white, black, wood tones","marble, glass, brass","soft and natural, with a combination of ambient and task lighting","modern and sophisticated","round mirror above sink, white sink and stand, wooden stool under sink","narrow space with efficient use of space, featuring a corner sink and compact vanity","A modern bathroom design with a clean and elegant appearance, utilizing marble, brass fixtures, and a soft color palette to create a sophisticated atmosphere."
"shabby-chic-style_218.jpg","Modern Minimalist","white, light gray, black","glass, brass, marble","bright and well-lit space with recessed lighting","modern and elegant","shower glass door, white shower curtain, metallic rod for shower curtain, toilet paper roll","small bathroom space with separate tub/shower area","This is a modern minimalist bathroom design featuring a simple, clean color palette and contemporary materials. The space is well-lit with recessed lighting and has a sleek glass door for the shower area."
"shabby-chic-style_219.jpg","Scandinavian","white, gray, wood","brick, vinyl siding, stone","natural soft light from large windows","calm and airy","sofa, coffee table, plant, floor lamp, bookshelf","open space with central seating area, flanked by bedrooms on sides","This is a two-story house with white vinyl siding and large windows. The interior design features a Scandinavian style with wooden elements like the front door and floors. The color palette consists of white, gray, and wood tones. Lighting is natural soft light from the windows. The overall mood is calm and airy. Objects include a sofa, coffee table, plant, floor lamp, and bookshelf."
"shabby-chic-style_22.jpg","Modern Minimalist","white, light wood","oak wood, marble, stainless steel","recessed lighting with ambient track lighting overhead","calm and serene","built-in oven, center island, range hood","open space with central kitchen area","This modern minimalist kitchen features a clean, sleek design with light wood accents and stainless steel appliances. The space is illuminated by recessed lighting, and the layout allows for an open feel with a central island for additional countertop space."
"shabby-chic-style_220.jpg","Industrial","black, grey, red","glass, metal, wood","LED light fixtures","modern and sleek","wine rack, barrels","straight wall with refrigerator door open","A modern and industrial designed wine cellar featuring glass walls, stainless steel accents and a clean minimalist aesthetic."
"shabby-chic-style_221.jpg","Modern Minimalist","beige, light wood, navy blue","oak wood, glass, stainless steel","recessed lighting in the ceiling and under-cabinet lights","bright and airy","sofa, coffee table, bar stool, vase, potted plant","kitchen and dining area with an open floor plan","This interior design features a modern minimalist style with neutral colors, natural materials, and well-lit spaces. The kitchen is equipped with stainless steel appliances and oak wood cabinetry, while the adjacent dining area includes a comfortable sofa and a vase of flowers on the coffee table."
"shabby-chic-style_222.jpg","Modern Minimalist","white, beige, light wood","wood, fabric, glass","Natural soft light from large windows and a lamp.","Calm and airy","sofa, coffee table, plant, floor lamp, area rug","Open space with central seating area around coffee table.","This modern living room design features a minimalist style with clean lines and neutral colors, creating an inviting and relaxed atmosphere."
"shabby-chic-style_224.jpg","Scandinavian","white, gray, beige","wood, linen, wool","soft natural light from large windows and ceiling fixture","calm and inviting","king-size bed, armchair, coffee table, floor lamp, throw blanket","open space with central seating area centered around a fireplace mantel","This is an elegant and stylish living room that combines Scandinavian minimalism with warm materials, providing a calm and inviting atmosphere."
"shabby-chic-style_225.jpg","Modern Minimalist","gray, white, black","fabric upholstery, leather headboard, wood flooring","ambient light with a modern ceiling fixture","calm and relaxed","platform bed, wall decorations, floor lamp, pillows, blanket","bedroom with central focus on platform bed","A modern, minimalist bedroom featuring a gray upholstered bed with leather headboard and wood flooring. The room has an ambient lighting scheme and decorated walls, creating a calm and relaxed atmosphere."
"shabby-chic-style_226.jpg","Scandinavian","light pink, white, beige","wood, fabric, metal","natural light with ambient light fixtures","warm and welcoming","sectional sofa, coffee table, area rug, chandelier, floral wallpaper","open concept layout with central seating area","This living room exhibits a warm, inviting Scandinavian style. The light pink walls and white ceiling are complemented by wooden floors and furniture made from wood and fabric. The large windows let in natural light and the ambient light fixtures add to the cozy atmosphere. A sectional sofa is placed around a coffee table, with an area rug adding warmth underfoot. The floral wallpaper adds a touch of nature and pattern to space."
"shabby-chic-style_227.jpg","Modern","green, gray, white","brick, wood, metal","Mixed natural and artificial lighting from various fixtures","Serene and inviting","outdoor seating area, stone pathway, planter with ornamental plants","Driveway leading to front porch, garden bordered by fence and brick walkway","This image depicts a welcoming front yard with a mix of natural and man-made materials, creating a warm, contemporary atmosphere. The garden area features a path made from red bricks that lead to the house's porch, surrounded by greenery and plants for added color and texture."
"shabby-chic-style_228.jpg","Modern Minimalist","light gray, white, black","oak wood, linen, steel","natural soft light from large windows","calm and airy","bed, nightstand, mirror, chandelier, floor lamp","open space with central bed area","This is a modern, minimalist room that features light gray tones for the walls and ceiling, combined with white linens. The oak wood and steel materials give it a touch of warmth and strength. Large windows allow in natural soft light, creating an airy mood. The space is furnished with essential items such as a bed, nightstands, a mirror, a chandelier, and a floor lamp to keep the room well-lit."
"shabby-chic-style_229.jpg","Scandinavian","white, beige, light wood","linen, wool, wood","natural soft light from large windows and wall sconces","calm and serene","bed with white linens and plush pillows, wooden bed frame, wooden headboard, white wicker chair","space is open with a central seating area around the bed.","The bedroom features a Scandinavian design with a natural color palette of white and beige, creating a calm and serene atmosphere."
"shabby-chic-style_23.jpg","Modern Minimalist","blue, white, green","wood, glass, steel","recessed lighting with ambient soft glow and natural light","clean and serene","sink, vanity mirror, plant on counter, white vase, hanging frame","small space arranged efficiently with separate areas for washing and grooming","This bathroom features a modern minimalist design with clean lines, neutral colors, and a harmonious combination of materials. The lighting is soft and ambient, creating a calm and serene atmosphere. A wooden vanity with a white sink adds to the elegance of the space, while the mirror above enhances its functionality. A plant on the counter brings life and color, and a hanging frame contributes an artistic touch. The layout is well thought out, with separate areas for washing and grooming. Overall, this bathroom is both practical and stylish."
"shabby-chic-style_230.jpg","Scandinavian","white, light blue, grey","porcelain, glass, metal","Natural light coming from windows and skylight.","Calm and serene.","Bathtub with claw feet, Framed clock on wall, Towel draped over tub, Small vase of flowers, White candle in holder","Space is narrow and long, with a window at one end and an open doorway.","Scandinavian-style bathroom featuring natural lighting and minimalist design."
"shabby-chic-style_231.jpg","Bedroom, Victorian style","gold, blue, pink","velvet, wood, glass","Natural light from windows and chandeliers with dimmer switches for ambient lighting","Romantic and luxurious","antique mirror, floral patterned bedding, painted wooden headboard","Traditional layout with a large canopy bed as the centerpiece, surrounded by ornamental walls and furnishings.","This is an opulent Victorian-style bedroom that features rich colors and patterns on its upholstery and walls. The room is bathed in natural light and has a large canopy bed with floral patterned linens, which gives it a luxurious and romantic atmosphere."
"shabby-chic-style_232.jpg","Modern Minimalist","white, black, wood","wood, fabric, metal","overhead recessed lighting with accent lights on shelves","serene and sophisticated","clothes hanging in closet, shoe rack underneath, tie rack by door","walk-in closet with shelving units on the back wall and two small side cabinets","The image shows a modern, minimalist style closet featuring light wood elements, black accents, white shelves with various clothing items neatly hung. The lighting is bright with overhead recessed lights and accent lights on the shelving units. The mood of the room is serene and sophisticated."
"shabby-chic-style_233.jpg","Modern","white, gray, wood","oak wood, stainless steel, cabinetry","under cabinet lighting with recessed fixtures","clean, spacious and bright","washer/dryer combo, cabinets, kitchen counter","galley style layout with appliances lined up along one wall","This is a modern galley style laundry room featuring oak wood cabinets, stainless steel appliances, and white walls that give it an airy feeling. The space has under cabinet lighting and recessed fixtures for bright and even illumination. There's no window in the shot but the natural light coming in suggests there is a source out of frame."
"shabby-chic-style_234.jpg","Modern Minimalist","white, gray, red","wood, brick, glass","Natural light from large windows","Warm and inviting","Chair, Fireplace, Vase, Area Rug","Open space with a central seating area in front of the fireplace","A cozy modern living room featuring a minimalist design, with a color palette of white, gray, and red. The furniture includes a comfortable chair and a fireplace that acts as a focal point for the space."
"shabby-chic-style_235.jpg","Modern Minimalist","white, black","cork wall tiles, oak wood flooring, stainless steel sinks","LED recessed lighting with warm white tone","calm and serene","modern vanity mirror, freestanding bathtub, white candle, black towel rack","space divided into separate sections, including shower area and bathroom vanity with sink.","This bathroom features a clean, modern design with minimalist decor, black accents, and natural materials."
"shabby-chic-style_236.jpg","Scandinavian","white, blue, wood","oak wood, linen, steel","natural soft light from large windows","calm and airy","bed, dresser, rug, lamp","open space with central seating area","This bedroom is designed in a Scandinavian style with a calming, light-filled atmosphere. The color palette consists of white, blue, and wood tones, creating a serene environment. Oak wood furniture adds warmth to the space, while steel accents provide a modern touch. Large windows allow natural light in, enhancing the room's airy feel. Key objects include a bed, dresser, rug, and lamp."
"shabby-chic-style_237.jpg","Scandinavian","white, beige, gray","wood, linen, wicker","natural soft light from large windows and recessed ceiling lights","calm and serene","bed, nightstand, basket, cozy throw blanket","modern bedroom with open floor plan","This Scandinavian-style bedroom features a neutral color palette, natural wood elements, and soft lighting to create a calm and serene atmosphere. The open layout maximizes space and makes the room feel inviting."
"shabby-chic-style_238.jpg","Mid-Century Modern","blue, beige, white","wood, fabric, metal","natural soft light from large windows","warm and cozy","bed, couch, coffee table, bookcase, chandelier","open space with central seating area centered around bed","This image features a Mid-Century Modern designed room with a warm and cozy atmosphere. The color palette includes shades of blue, beige, and white, while the materials used are primarily wood for furniture and fabric for upholstery. Natural soft light fills the space through large windows. The room contains a central seating area around the bed that is flanked by a couch on one side and a coffee table in front of it. A bookcase with decorative items sits nearby, while a chandelier hanging from the ceiling adds elegance to the space."
"shabby-chic-style_239.jpg","Modern","white, wooden tones","oak wood, glass, brass","Natural sunlight from window above the bookshelf","Calm and intellectual","bookshelf, side table, vase with flowers, armchair, pillows","Tightly-organized space with a central walkway","A modern interior room with a minimalist design, featuring a wooden bookshelf and a mix of natural and metallic materials."
"shabby-chic-style_240.jpg","Modern Minimalist","pink, cream, dark gray","wood paneling, leather upholstery, brass hardware","soft ambient lighting from floor lamps and wall sconces","contemporary and inviting","chair, coffee table, floor lamp, potted plant","clean lines, open space with seating area near colorful wallpaper","Modern minimalist interior design featuring a neutral palette of wood and leather materials, soft lighting, and functional yet stylish furniture pieces."
"shabby-chic-style_241.jpg","Modern Minimalist","white, beige, brass","stainless steel, engineered stone, glass","natural soft light from large windows","calm and airy","oven, coffee maker, knife set, wine rack","kitchen island as the focal point with countertop space around it","This modern kitchen features a minimalist design, with clean lines and neutral colors. The color palette is dominated by white, beige, and brass accents, which are complemented by stainless steel appliances and engineered stone countertops. Lighting comes primarily from the large windows, creating a bright and airy atmosphere. Key objects in this kitchen include an oven for cooking, a coffee maker for convenience, a knife set for food preparation, and a wine rack to hold beverages. The layout is centered around the kitchen island, which serves as both a functional workspace and additional seating area."
"shabby-chic-style_243.jpg","Modern Minimalist","white, navy blue, gray","wood, metal, glass","natural soft light from large windows","calm and airy","sofa, coffee table, floor lamp, plant","open space with central seating area, modern white trim around door","This is a stylishly decorated living room. The color palette is simple yet elegant, featuring white walls and navy blue accents. The materials used are mostly natural, such as wood for the floors and furniture, with metal elements adding to the modern feel. Large windows allow natural light to fill the space, contributing to a calm and airy atmosphere. The layout is open and welcoming, with a central seating area around a coffee table. A floor lamp provides additional lighting when needed, and there's also a plant that adds a touch of greenery to the room."
"shabby-chic-style_244.jpg","Scandinavian","gray, white, blue","wood, linen, glass","natural soft light from large windows and chandelier","calm and airy","bed, chair, table, rug, mirror","modern bedroom with a central bed, flanked by two nightstands and framed by windows on the right side.","This is a modern bedroom featuring a Scandinavian design style. The room has a calm and airy mood due to natural soft lighting from large windows and a chandelier. Key elements of the room include gray walls, white linen sheets, blue accents, wood flooring, a wooden headboard, glass elements like mirrors, and a mix of modern furniture such as a bed with fluffy pillows, a chair for reading or lounging, a table for placing items like books or a lamp, and a rug underneath the bed to add warmth and texture. The layout is designed to maximize space while keeping functionality in mind, providing ample room for relaxation and personal activities."
"shabby-chic-style_245.jpg","Scandinavian","white, beige, light wood","oak wood, linen, concrete","natural soft light from large windows","calm and airy","sofa, coffee table, plant, floor lamp","open space with central seating area","This living room has a Scandinavian design style, featuring light wood walls and furniture. The color palette includes white, beige, and light oak, complemented by concrete floors. Natural light from large windows creates a calm and airy atmosphere. Key objects include a sofa, coffee table with a plant on top, and a floor lamp. The layout is open with a central seating area that encourages conversation and relaxation."
"shabby-chic-style_246.jpg","Modern Minimalist","light grey, navy blue, pink","wood, linen, acrylic","natural light from windows and recessed lights","clean, calm, and organized","white desk with pink chair, mirror on wall, potted plant, beautiful vase with flowers","bedroom space with bed in corner, vanity with mirror and lighting underneath, desk against the wall across from vanity.","This bedroom combines minimalist design elements with a touch of color and natural materials to create a serene and stylish space."
"shabby-chic-style_247.jpg","Scandinavian","blue-green, white, natural wood","tile backsplash, stainless steel appliances, wooden kitchen cabinets","bright and natural with skylights providing ample daylight","modern, clean and functional","modern cookware hanging on a rack, stainless steel range, potted plants, vintage wooden spoon rest","a galley kitchen with stove in the center and cabinets and shelves along both walls","This modern Scandinavian kitchen is bright, functional and features a mix of natural materials and sleek appliances."
"shabby-chic-style_248.jpg","Modern Minimalist","gray, light brown, white","wood, stone, concrete","bright and natural light","relaxed and luxurious","hot tub, pergola, poolside seating, landscape lighting","open space with central hot tub surrounded by decking","The space is a modern, minimalist outdoor area designed for relaxation and entertainment. The color palette is neutral, emphasizing natural materials like wood and stone in the construction of the deck. Bright lighting creates an inviting atmosphere. A central hot tub with a wood-lined pergola adds luxury to the space."
"shabby-chic-style_249.jpg","Eclectic","white, grey, gold","wood, silk, china","Soft, natural light from the windows and chandelier","Luxurious and inviting","dining table, chair, sideboard, vase with flowers","French country style with centerpiece in middle of room","This dining area is a formal space that uses eclectic style to bring in elements from various eras and countries, creating a luxurious and inviting atmosphere. The white walls provide a neutral backdrop for the gold accents, while the wooden furniture and silk cushions give it a cozy touch. A chandelier overhead adds elegance to the space."
"shabby-chic-style_25.jpg","Scandinavian","white, beige, light wood","wicker, natural wood, cotton","soft natural light from windows and lanterns","calm and inviting","sofa, coffee table, candle holder, throw blanket, potted plant","open concept with a central living area","This is an image of a Scandinavian-style living room with a soft and inviting atmosphere, featuring natural wood materials and light-colored furnishings."
"shabby-chic-style_250.jpg","Mid-Century Modern","white, beige, light wood","wood, linen, metal","soft natural light from large windows","warm and inviting","sofa, coffee table, plant, floor lamp","open space with central seating area","This is a beautiful example of Mid-Century Modern style, featuring a warm color palette and natural light that creates an inviting atmosphere. The materials used include wood and linen for a comfortable feel, while the metal elements add a touch of modernity. Key pieces include a cozy sofa, functional coffee table, lush plant, and classic floor lamp."
"shabby-chic-style_251.jpg","Classic","white, dark wood, brass","oak, marble","natural light from windows and white ceiling fixtures","elegant and timeless","sofa with armrests, wooden coffee table, floor lamp, large mirror","hallway leading to staircase with a large window overhead","This image depicts a classic interior design style with a focus on elegance and timelessness. The color palette is neutral, featuring light wood tones against white walls and marble surfaces. The materials used include oak for the flooring and dark wood for the railings. Lighting fixtures are simple and elegant, complemented by natural light from overhead windows. The objects in the space include a comfortable sofa with armrests, a functional wooden coffee table, a floor lamp with a brass finish, and a large mirror to add depth to the hallway. The layout is functional, with a staircase leading upstairs and a large window providing natural light."
"shabby-chic-style_252.jpg","Modern Minimalist","white, beige, black, red","linen, wood, brass","natural soft light from large windows","calm and airy","king-size bed, nightstand, armchair, area rug","open space with central seating area","This is a serene and modern bedroom design, featuring a minimalist style with clean lines and soft neutral colors. The room is illuminated by natural light streaming in through the large windows, creating a calm atmosphere. The color palette is simple yet impactful, with black accents adding some contrast to the otherwise neutral tones. Materials used include linen for softness, wood for warmth, and brass for elegance. Furniture includes a king-size bed that invites relaxation, an armchair perfect for reading or lounging, a nightstand for personal items, and an area rug to tie the space together."
"shabby-chic-style_255.jpg","Scandinavian","blue, orange, green","cotton fabric, wool carpet","natural light from window and ambient ceiling lights","calm and inviting","two decorative pillows, patterned area rug, blue vase with flowers","open floor plan with furniture arrangement around focal point","This interior design showcases a Scandinavian style with a colorful blue, orange and green palette. The space is illuminated by natural light from the window and ambient ceiling lights that create a calm atmosphere. Decorative elements include two decorative pillows sitting on an area rug with a patterned border, and a vase of flowers adding a touch of nature to the room."
"shabby-chic-style_256.jpg","Modern","black, white, gray","wood, brass, leather, marble","recessed lighting with pendant lights over bar area","contemporary and sophisticated","kitchen island, bar stools, wine rack, large artwork on wall","open concept with kitchen and bar connected","This modern kitchen is designed for functionality and style, featuring a large marble countertop that serves as both a workspace and an entertaining area. The pendant lights provide focused illumination over the bar stools, while the recessed lighting fills in the rest of the space. The materials used include brass fixtures, wood cabinets, and leather bar stools, creating a sleek and stylish environment."
"shabby-chic-style_257.jpg","Modern Minimalist","white, black, wood","oak wood, leather, glass","well-lit with white ceiling lights and natural light from windows","calm and serene","shoe rack, walk-in closet, coat rack, storage bench","hallway connecting to bedroom and bathroom with closet in the middle","This hallway leads to a modern minimalist bedroom and bathroom, featuring a sleek shoe rack and walk-in closet."
"shabby-chic-style_258.jpg","Modern Minimalist","gray, white, blue","steel, glass, concrete","bright and airy with natural light from large windows","calm and serene","sofa, coffee table, armchair, floor lamp, plant","open space with central seating area in front of a fireplace","This is a modern, minimalist living room that utilizes steel and glass for sleekness, concrete floors for a touch of ruggedness, and white and blue for a soothing color palette. The open layout leads to a cozy seating area in front of the fireplace."
"shabby-chic-style_26.jpg","Scandinavian","light blue, white, beige","wooden beams, drapes, stone walls","soft and natural light from large windows","calm and peaceful","two twin beds, hanging drapes, throw pillows","open space with central beds for sleeping","This is a cozy bedroom design with a Scandinavian feel, featuring wooden beams and stone walls that contribute to the serene atmosphere. The light blue color palette creates a calm mood while the drapes hanging from the ceiling add a touch of softness to the space."
"shabby-chic-style_260.jpg","Industrial Loft","gold, blue, white","metal, wood, fabric","modern and stylish with industrial metal pendant lights over desk","cool and chic","white desk, black chair, blue sofa, gold bedding, wooden nightstand","open plan with loft style bedroom in upper level, connected to office below","This industrial loft living space features a cool and chic vibe with a mix of gold, blue, and white. The open layout connects the bedroom above to an office below, creating a stylish yet functional living area."
"shabby-chic-style_267.jpg","Modern Minimalist","white, gray, beige","wood veneer, steel, glass","recessed lighting and under-cabinet LED strip lights","clean, modern, and bright","pendant light fixture, black countertop appliances, white backsplash with gray subway tiles","an L-shaped kitchen with island","This modern kitchen features a minimalist design with an emphasis on clean lines and bright colors, utilizing wood veneer cabinets for storage. Under-cabinet LED strip lights provide ample task lighting, while pendant light fixtures add ambient lighting. The black countertop appliances stand out against the white and gray color scheme of the space."
"shabby-chic-style_268.jpg","Modern","white, black, orange","wood, glass, plastic","natural light from windows","minimalist and clean","pen jars, pens, scissors","organized shelving with storage containers","Modern design using minimalistic style with a focus on organization and the display of pens."
"shabby-chic-style_269.jpg","Modern","light grey, wood tones, black","metal, wood, plastic","natural light from skylights and windows","clean and contemporary","modern bench, wooden planter box, steel railing, black metal gate","linear arrangement along the wall with a path leading to an entrance/exit","Modern outdoor space featuring a minimalist design with clean lines, natural lighting and materials that create a contemporary feel."
"shabby-chic-style_27.jpg","Vintage Antique","off-white, light blue, gold","distressed wood, porcelain, brass","natural light from a window","intimate and inviting","antique vanity set with round bowl sink, large framed mirror, floral arrangement","small space with focused interior design","This bathroom features an antique vanity with a round bowl sink, floral decoration on top of the vanity and a large mirror. The color palette includes off-white, light blue and gold, giving the space a vintage feel."
"shabby-chic-style_270.jpg","Scandinavian","white, light blue, gold","wood, glass, metal","natural light streaming in through windows","airy and bright","dresser, books, vase, candlestick","a single piece of furniture placed against a wall","A simple, well-lit space featuring a blue dresser with gold accents and decorative items arranged in a harmonious fashion."
"shabby-chic-style_271.jpg","Modern Minimalist","white, gray, marble","oak wood, stainless steel, concrete","recessed lighting with accent spotlights on cabinets and walls","modern and elegant","range hood, sink, oven, dishwasher, island","L-shaped design with center island separating work zones.","This kitchen combines a minimalist modern style with elements of elegance, featuring marble countertops and backsplashes, oak wood cabinets, stainless steel appliances, and recessed lighting for a bright and contemporary space."
"shabby-chic-style_272.jpg","Modern Minimalist","white, blue, gray","wood, leather, fabric","natural light from large windows and recessed ceiling lights","modern and spacious","sectional sofa, coffee table, floor lamp, decorative throw pillows, large potted plant","open layout with central seating area around fireplace","This is a modern and minimalist designed living room that features a bright and airy mood due to the large windows and white color scheme. The space is decorated in shades of white, gray, and blue, with wood materials creating a warm and inviting atmosphere. The layout includes an open floor plan centered around a central seating area with a sectional sofa facing the fireplace. A large potted plant adds a touch of greenery to the room."
"shabby-chic-style_273.jpg","Modern Minimalist","white, light wood, grey","wood, fabric, metal","Natural soft light from large windows","Calm and airy","sofa, coffee table, plant, floor lamp, white chairs, white table","Open space with central seating area","Modern minimalist living room with neutral color palette, natural lighting, and simple furniture arrangement."
"shabby-chic-style_274.jpg","Modern","white, grey, light wood","stainless steel, black granite, glass","recessed lighting and under-cabinet lighting with warm ambient light","modern, sleek and clean","stove top oven range hood, built-in microwave, kitchen island","U-shaped kitchen layout with central island","This is a modern, contemporary kitchen with stainless steel appliances and finishes, featuring white and light wood tones for a clean, minimalist look. Recessed lighting provides bright and even illumination while under-cabinet lighting adds warmth to the space."
"shabby-chic-style_275.jpg","Scandinavian","white, beige, light wood","linen, wood, leather","natural soft light from large windows","calm and airy","sofa, coffee table, plant, floor lamp","open space with central seating area","A Scandinavian-style interior features a large sunny room with natural light streaming in, decorated in white and beige tones with linen and wood furnishings."
"shabby-chic-style_277.jpg","Modern","beige, gray, white","fabric upholstery, wooden frame on chairs and table, tile backsplash","ambient light from ceiling fixtures and natural light from large windows","calm and inviting","modern sofa with decorative pillows, wooden coffee table, framed print on wall, area rug, floor lamp","open concept living room with living area adjacent to dining area","This modern living room combines comfort and style, featuring neutral colors, functional furniture, and natural lighting."
"shabby-chic-style_278.jpg","Industrial Loft","rust, black, white","metal, wood, concrete","dimmable spotlights under track lights over dining table","dark and moody","dining table, chairs, lamps","open space with a central dining area","This interior has an industrial style with dark colors, metal elements and wood accents. The lighting is dimmable for ambiance and the layout features an open space centered around a dining table."
"shabby-chic-style_279.jpg","Scandinavian","black, white, gray","wood, fabric, glass","natural light from a large window, enhanced with ambient lighting","modern and minimalist","bed, nightstand, lamp, pillows, blanket","spacious room with bed as focal point, nightstand on left side of bed, lamp above nightstand","This is a modern and minimalist bedroom design with a black and white color scheme, featuring wood accents and ambient lighting that brings in natural sunlight from a large window."
"shabby-chic-style_28.jpg","Scandinavian","white, beige, light wood","oak wood, linen, wood, metal","natural soft light from large windows","bright and airy","sofa, coffee table, plant, floor lamp, basket of flowers","open space with central seating area","This interior design creates a bright and welcoming atmosphere through the use of natural light, Scandinavian-style color palette and simple furnishings."
"shabby-chic-style_280.jpg","Modern Minimalist","white, gray, pink","wood, fabric, metal","bright and natural light from window","modern and playful","desk, dresser, mirror, shelves","open space with desk in front of shelves","The room is a modern, well-lit child's bedroom with a minimalist style featuring white and pink accents."
"shabby-chic-style_281.jpg","Scandinavian","white, gray, blue","wood, metal, glass","recessed lighting with warm tones","bright and airy","kitchen island, open shelving, blue accent pillows, greenery","open space with separate kitchen area","This is a Scandinavian-style kitchen that uses muted colors, wood tones, and minimal decor to create an open and airy feel. The space is characterized by recessed lighting that provides warm illumination throughout the room. There's a mix of wooden cabinets and metal accents on display, with blue and green adding pops of color. Key elements include an island for food preparation, open shelving for display and organization, blue accent pillows to bring in the main color, and greenery to add freshness."
"shabby-chic-style_282.jpg","Vintage","blue, white, light wood","wood, glass, fabric","natural light from large windows","warm and cozy","dresser, vases, plant, pitcher","room with central furniture piece","A room with a vintage-style dresser, featuring blue and white color palette, made of wood with glass accents. The space is illuminated by natural light from windows and has a warm and cozy atmosphere."
"shabby-chic-style_284.jpg","Modern Minimalist","white, gray, blue","leather, wood, glass","soft ambient light from recessed lighting","modern and clean","sofa, coffee table, plant, floor lamp","open space with central seating area",""
"shabby-chic-style_285.jpg","Modern Minimalist","white, gray, natural wood","natural wood, concrete, metal","recessed lighting and pendant lights over island","bright and spacious with a touch of coziness","kitchen island, hanging pendant lights, modern kitchen cabinets, stainless steel refrigerator","open kitchen layout with large center island","This modern, minimalist kitchen is characterized by clean lines and a bright color scheme, featuring natural wood accents that add warmth to the space."
"shabby-chic-style_286.jpg","Industrial Loft","black, white, metallic","brick wall, exposed wood beams, concrete flooring, ironwork","natural light from large windows and industrial pendant lights","edgy and urban","bed with wooden headboard, wooden barstool, black wireframe chair, metallic wall art","open space with central seating area centered around a brick fireplace","The room is an open loft-style space, featuring red brick walls, wooden beams and floors, and large windows that fill the space with natural light. The industrial pendant lights add to the urban feel of the space."
"shabby-chic-style_287.jpg","Modern Minimalist","gray, white, light wood","fabric upholstery, wooden frame, metal legs","natural soft light from large windows","calm and airy","couch, coffee table, area rug, framed art","open space with central seating area","This modern living room features a minimalist design with gray upholstered furniture, natural wood accents, and soft lighting that creates a calm and airy atmosphere."
"shabby-chic-style_288.jpg","Modern Minimalist","white, beige, light wood","linen, cane wicker, metal","bright and airy","calm and cozy","sofa, coffee table, area rug, floor lamp, vase with flowers","open space with central seating area","The living room features a neutral color palette, minimalist design, and natural lighting. A comfortable sofa sits on top of a rustic coffee table, creating an inviting space that blends modern simplicity with cozy warmth."
"shabby-chic-style_289.jpg","Modern Minimalist","white, light wood","tile, brass fixtures","natural soft light from large window","calm and airy","round sink, freestanding tub, pink towel on rod","small space with efficient use of every square inch","This bathroom is a modern take on a minimalist design, featuring a clean white color palette with light wood accents. The tile walls and brass fixtures add a touch of elegance while the large window provides natural lighting. The round sink and freestanding tub are key features in this space-efficient layout."
"shabby-chic-style_291.jpg","Classic","white, gold, cream","wood, fabric, glass","natural and bright, with chandelier as focal point","elegant and warm","crib, dresser, bedding, chandelier","large room with open floor plan","A classic nursery decorated in a soft white palette, featuring a large chandelier as the centerpiece, creating an elegant and warm atmosphere for a baby."
"shabby-chic-style_293.jpg","Scandinavian","golden, white, silver","metal, crystal, fabric","soft and warm","calm and festive","chandelier, ornamental balls, garland","spiral arrangement with tiers of decorations","The design features a Scandinavian style, with a warm and inviting color palette. Crystal ornaments add an elegant touch to the chandelier, while the spiral garland adds a festive feel."
"shabby-chic-style_294.jpg","Scandinavian","white, beige, green","wood, cloth, plastic","natural soft light from large windows","calm and airy","sofa, coffee table, plant, floor lamp","open space with central seating area","This is a Scandinavian-style living room, featuring white walls with beige curtains and a green accent. The room has light wood flooring and furniture made of cloth and plastic. There's a large window that lets in natural light, creating a calm and airy atmosphere. The main seating is a sofa, accompanied by a coffee table and a plant for life. A floor lamp provides additional lighting."
"shabby-chic-style_295.jpg","Modern Industrial","dark brown, black, brass","marble, stainless steel","under-cabinet lighting and overhead LED lights","clean and sleek","kitchen island, sink, stove, backsplash","L-shaped countertop with open shelf underneath","The kitchen features a dark brown marble top on the L-shaped countertop, stainless steel appliances, and under-cabinet lighting. The color palette includes darker tones with black cabinetry and brass accents."
"shabby-chic-style_296.jpg","Scandinavian","white, blue, wood","wood, plastic, cloth","bright and natural from large windows","warm and welcoming","bookshelf, sofa, table, plant","open space with central seating area","The interior design of this building features a Scandinavian style with a warm blue color palette, wooden materials, and bright natural lighting. The open layout includes a central seating area, surrounded by shelving for books and plants, creating a welcoming atmosphere."
"shabby-chic-style_298.jpg","Modern Minimalist","dark gray, white, wood accents","marble, glass, black metal","recessed lighting with warm-toned LED bulbs","calm and sophisticated","white sofa, coffee table, potted plant, vase, floor lamp","open floor plan with a central living area","A modern minimalist room featuring dark gray walls, a white sofa, and a coffee table. Recessed lighting adds warmth to the space, which is accented with marble countertops and glass panels on the wall."
"shabby-chic-style_299.jpg","Scandinavian","blue, white, light wood","wood, linen, metal","natural light from large windows","calm and airy","bench, storage cubbies, shelving, coat rack","open space with central seating area","This cozy room features a Scandinavian design style, using blue and white accents with light wood tones. The material palette is simple yet warm with wooden surfaces and linen fabrics. Large windows provide natural light that illuminates the space, creating a calm and airy atmosphere. Key objects include a bench for seating, storage cubbies underneath for organization, shelving units on one side for display and books, and a coat rack to hold items securely."
"shabby-chic-style_30.jpg","Modern Minimalist","white, gray, green","wood, leather, fabric","natural soft light from large windows and a ceiling fan providing circulation","calm and airy","wicker swing hanging from a wooden pergola, white patio furniture set with cushions, potted plant, outdoor rug under seating area, round wicker table with glass top","open space with central outdoor dining and lounging area","This modern minimalist backyard space features a wicker swing hanging from a wooden pergola, patio furniture set with cushions, potted plants, and round table for an airy and inviting atmosphere."
"shabby-chic-style_300.jpg","Scandinavian","beige, green, white","wood, fabric, metal","natural light from windows and window blinds","calm and soothing","bed, crib, dresser, chair, mirror","cozy bedroom with a double bed next to a crib","The interior design is characterized by neutral colors, natural light, and a minimalist style. The room features wooden furniture and a cozy atmosphere."
"shabby-chic-style_301.jpg","Minimalist","white, green, light wood","wood, linen, steel","natural soft light from large windows","calm and airy","nightstand, bed, plant, vase","small room with bed in corner and nightstand by bed","This image depicts a minimalist-style interior design, featuring natural light and an airy atmosphere. The color palette is neutral with green accents, while the materials used are mostly wood and linen with steel touches. The layout consists of a small room with a bed in one corner, a nightstand next to the bed, and plants and vases adding decorative elements."
"shabby-chic-style_302.jpg","Scandinavian","light blue, teal, white","wood, linen, brass","natural soft light from large windows and table lamp","calm and airy","bed, chair, side table, pillow, plant","open space with central seating area around chair","The room features a calm and airy Scandinavian style, characterized by light blue walls, teal accents, and white linens. The centerpiece of the room is a cozy chair with a wooden side table and plant. A bed in the corner provides a comfortable sleeping area."
"shabby-chic-style_303.jpg","Modern Minimalist","white, brass, glass","steel, marble, acrylic","recessed LED lighting with adjustable dimmers","clean, bright and airy","shower head, glass shower enclosure, brass fixtures, modern sink","open space with sleek lines and minimalistic design","A modern and minimalist bathroom featuring a glass-enclosed shower, brass fixtures, and an open layout that creates a sense of spaciousness."
"shabby-chic-style_304.jpg","Modern","gray, beige, wood","leather, wool, brick","well-lit with natural light from large windows and overhead fixtures","warm and inviting","sofa, coffee table, chair, area rug, flat screen TV, framed art","open floor plan with seating area centered around fireplace","This living room features a modern design with warm tones and materials such as leather, wool, and wood. The space is well-lit by natural light from large windows and overhead fixtures, creating a warm and inviting atmosphere."
"shabby-chic-style_305.jpg","Modern Minimalist","white, beige, light wood","linen, concrete, steel","natural soft light from large windows","calm and airy","sofa, coffee table, plant, floor lamp","open space with central seating area","A modern minimalist living room, featuring a white and beige color palette, natural light from large windows, and a cozy atmosphere."
"shabby-chic-style_306.jpg","Modern Industrial","white, black, brass","brick wall, steel appliances, wooden countertops","natural light from large windows","clean and contemporary","hanging pendant lights, stainless steel fridge, vase with flowers","open kitchen layout with island in center","This is a modern industrial-style kitchen with a clean, minimalist design featuring stainless steel appliances and wood countertops. The space benefits from natural light entering through large windows."
"shabby-chic-style_307.jpg","Industrial Loft","dark grey, white, black","brick wall, concrete floor, wooden beams","natural light from large windows, overhead track lighting","modern and minimalist","large sectional sofa, round coffee table, floor lamp, abstract art on wall","open space with central seating area, brick wall divides space into sections","The living room features an industrial loft design with a modern and minimalist color palette. Brick walls and concrete floors create a raw and textured look. Natural light from large windows brightens the space and overhead track lighting adds to the overall ambiance."
"shabby-chic-style_308.jpg","Industrial Loft","light green, natural wood, brass","metal, wood, porcelain","Industrial style with natural light and industrial-inspired fixtures","Bright, clean, and open","vintage typewriter, industrial-style light fixture, plant, wooden bench","Open space with a central wooden desk and a plant on the side","This is an industrial loft-inspired interior design that combines vintage and modern elements. The space features a light green color palette, natural wood accents, and metal fixtures. A typewriter serves as a unique desk accessory, while an industrial-style light fixture adds character to the room. There is a wooden bench for seating and a plant brings in some greenery."
"shabby-chic-style_309.jpg","Modern Minimalist","dark blue, light grey, cream","fabric upholstery, wood flooring, brass hardware","recessed lighting with adjustable LED fixtures and a central pendant chandelier","modern and sophisticated","dark blue velvet sofa, wood coffee table, brass floor lamp, cream-colored throw blanket","open floor plan with living room, dining area, and kitchen flowing together","This modern minimalist interior design features a cohesive color palette of dark blue, light grey, and cream, along with materials like fabric upholstery, wood flooring, and brass hardware. The space is well-lit by recessed LED fixtures and a central pendant chandelier. The living area includes a comfortable dark blue velvet sofa set around a wooden coffee table, creating a warm and welcoming atmosphere."
"shabby-chic-style_31.jpg","Scandinavian","white, blue, wooden tones","natural wood, linen, woven rattan","bright and natural lighting from the large windows","calm and welcoming","sofa, coffee table, area rug, armchair, floor lamp","spacious layout with a central seating area flanked by two chairs on either side","This living room features a Scandinavian design with a warm color palette, emphasizing natural materials and lighting. The space is organized around a central seating arrangement with ample room for guests to move and socialize."
"shabby-chic-style_310.jpg","Modern Minimalist","white, brown, black","stainless steel, wood, stone","Recessed lighting and under-cabinet lights provide ample illumination","Open and airy with a warm and welcoming atmosphere.","large island in center of room, high stools for seating around island, modern cabinet hardware","Efficient galley layout with ample counter space on both sides, featuring a central island with sink.",""
"shabby-chic-style_311.jpg","Modern Minimalist","white, natural wood, black accents","oak veneer cabinetry, quartz countertops, stainless steel appliances","warm ambient lighting from ceiling fixture and pendant lights","modern, inviting, spacious","island with built-in sink, brushed metal range hood, dining table with benches","open concept layout with kitchen island in center of space","A sleek and modern kitchen design featuring oak veneer cabinetry, quartz countertops, stainless steel appliances, pendant lights, and a brushed metal range hood over the island."
"shabby-chic-style_312.jpg","Modern","white, light wood, gray","concrete, glass, metal","soft, natural light from skylights and windows","clean, minimalist, and serene","white sofa, coffee table, floor lamp, plant","open space with floating staircase","A modern and minimalist living room with concrete walls, glass elements, white furniture, and natural lighting."
"shabby-chic-style_313.jpg","Scandinavian","white, beige, light wood","glass, brass, linen","vintage chandelier with pink and white flowers","classic and elegant","vintage chandelier, white wall, potted plant","traditional open floor plan","This interior design exudes a classic, elegant Scandinavian style with a vintage chandelier as the focal point. The color palette is light and natural, featuring neutral tones like beige and white. Materials are soft and natural, such as glass for lighting and linen for textiles. The layout has an open floor plan that connects all spaces seamlessly."
"shabby-chic-style_314.jpg","Elegant Luxury","pink, white, gold","velvet, silk, marble","Chandelier lighting with wall sconces","Opulent and Serene","Canopy Bed, Dresser, Armchair, Coffee Table, Lamp","Large bedroom with separate sitting area","This luxurious bedroom features a canopy bed, marble materials, elegant furnishings, and a chandelier lighting that creates an opulent atmosphere for relaxation."
"shabby-chic-style_315.jpg","Cottage Garden","natural wood, grey stone, green moss","wood, rock, gravel","dappled sunlight filtering through trees and shrubbery","peaceful and inviting","pathway leading to garden gate, decorative rock wall, surrounding lush greenery","small enclosed garden with pathway dividing into two sections","This is a quaint, intimate garden space designed for relaxation and connection with nature."
"shabby-chic-style_316.jpg","Scandinavian","white, gray, wood accents","wood paneling, leather upholstery, metal frames","Recessed lighting and wall-mounted fixtures provide soft illumination.","Clean, bright, and modern with a touch of warmth from wood accents.","modern sofa, minimalist coffee table, contemporary floor lamp, sleek metal shelf, abstract wall art","Open layout with clean lines and minimal clutter.","A sleek, modern living space that balances a Scandinavian-influenced design with contemporary furniture and materials."
"shabby-chic-style_317.jpg","Modern Minimalist","white, beige, light wood","oak wood, linen, concrete","natural soft light from large windows","calm and airy","sofa, coffee table, plant, floor lamp","open space with central seating area","This is a modern, minimalist interior design featuring a neutral color palette of white, beige and light wood. The space is made of oak wood, linen, and concrete, giving it an industrial feel while maintaining a warm and welcoming atmosphere."
"shabby-chic-style_318.jpg","Modern Minimalist","white, gold, grey","wood, silk, linen","natural soft light from large windows","calm and airy","tray, candles, tea bag","bedroom with bed as central focus","This interior design creates a serene and elegant bedroom setting with a modern minimalist style, featuring a color palette of white, gold, and grey, natural materials like wood and silk, and soft lighting from large windows that contribute to the calm and airy mood."
"shabby-chic-style_319.jpg","Summer Garden Picnic","white, wooden, green","wood, linen, metal","natural sunlight and gentle shadows","casual and inviting","table, chairs, flowers, lantern","outdoor garden setting with open space","A rustic outdoor dining setup with a wooden table surrounded by chairs, adorned with flowers and a lantern to create a welcoming atmosphere for a summer garden picnic."
"shabby-chic-style_32.jpg","Modern Minimalist","gray, white, natural wood","stone, brick, glass","Ample natural light from large windows, enhanced by recessed ceiling lights","Clean and uncluttered","large sectional sofa, flat-screen TV on wall, modern glass coffee table, sleek pendant light, modern abstract artwork","Open space with a central seating area, flanked by a kitchen and dining room to the side.","A modern two-story home featuring clean lines, minimalistic decor, and ample natural light."
"shabby-chic-style_320.jpg","Modern Minimalist","white, beige, gray","oak wood, linen, stainless steel","natural soft light from large windows","calm and airy","dining table, chairs, lamps, plant","open space with central seating area around wooden dining table","The interior design presents a modern minimalist theme, featuring a warm color palette and natural materials. The open layout encourages social interaction, while the large windows let in soft light to create a calm atmosphere."
"shabby-chic-style_321.jpg","Scandinavian","light blue, white, natural wood","wood, glass, metal","overhead recessed lighting and natural sunlight streaming in from windows","calm and airy","built-in cabinetry with modern design details, blue velvet chair, white shaggy rug","open kitchen space that leads into dining area, with a central island for eating and preparation","This Scandinavian-style open concept home combines functionality with minimalist design elements to create a welcoming and modern atmosphere."
"shabby-chic-style_322.jpg","Modern","white, gray","tile, brass","natural light from window and ceiling lights","clean and serene","shower, toilet, bathroom sink","small, compact space with shower stall","The bathroom features a modern design with white tile on the walls and a gray floor. The fixtures are finished in brass, giving it an updated look. The space is illuminated by natural light from a window and ceiling lights."
"shabby-chic-style_323.jpg","Modern","white, cream, beige","wood, plastic, metal","natural light from a window overhead","organized and functional","office supplies in file boxes on shelves, books stacked horizontally on the bottom shelf","cabinet with two doors providing access to office supplies and books","A modern, minimalist office space with an emphasis on organization and functionality."
"shabby-chic-style_324.jpg","Industrial Loft","light grey, red brick, natural wood","recycled metal, exposed brick, wooden beams","vintage industrial style with Edison bulbs and exposed filaments, complemented by warm overhead lighting","industrial-chic, welcoming yet stylish, blending modern and rustic elements","wooden dining table, white pendant lights over table, vintage kitchen cabinetry, metal bar stools","open concept with a central island in the middle of the space, transitioning to a dining area on one side and a living area on the other","An open-concept kitchen and living area featuring industrial elements such as brick walls and metal accents, combined with warm wooden tones for a modern yet cozy feel."
"shabby-chic-style_325.jpg","Industrial","rusted metal, concrete, dirt","metal, stone","natural light with ambient lighting from the back of the space","earthy and rugged","steel grate fence, large stones as posts, steel grill gate","outdoor patio area","A rustic industrial outdoor space featuring a metal grated fence with large stone posts and grill gate for a rugged, earthy atmosphere."
"shabby-chic-style_326.jpg","Modern Minimalist","white, wooden tones, black accents","wood panels on walls, wood flooring, steel desk frame","recessed lighting with floor lamps for ambient light","calm and focused","modern desk with black chair, plants, small sculpture on desk, large window with natural light","open space with desk positioned to face doorway for easy flow","A modern, minimalist office space designed for focus and productivity, featuring a desk with natural wood elements, steel frame, and black chair. The room is illuminated by recessed lighting and floor lamps that cast a warm glow on the wooden walls."
"shabby-chic-style_327.jpg","Modern","white, light blue","wood, glass","natural light from windows","clean and bright","storage unit, bench, mirror, coat rack, pink purse","open space with a central bench area and storage units on either side","This is an interior design image that showcases a modern, light-filled room with a clean and bright atmosphere. The color palette consists of white and light blue, which gives the space a fresh feel. The materials used include wood for the walls and glass, creating a contemporary look. Natural light from windows provides a bright and airy mood, enhancing the open layout of the space, where a central bench area is flanked by storage units on either side."
"shabby-chic-style_328.jpg","Modern Minimalist","gray, white, wood","steel, marble, oak","bright and even","clean and serene","kitchen island, backsplash, metal range hood, stainless steel refrigerator","open kitchen concept with central island","This modern kitchen features a clean design with minimal decorations, using a palette of grays and whites. The large island serves as both a functional workspace and a focal point for the room."
"shabby-chic-style_329.jpg","Scandinavian","white, beige, gray","linen, wood, metal","soft and natural light from large windows","calm and serene","bed, framed artwork, pillows, plant","spacious and symmetrical design with a central focus on the bed","The interior features a Scandinavian-style design with a soothing color palette of white, beige, and gray. The room is adorned with linen sheets, wooden headboard, metal frame mirror, and a large plant that adds to the calm atmosphere. Large windows allow for soft natural lighting during the daytime."
"shabby-chic-style_33.jpg","Scandinavian","white, gray, pink","wood, cotton, silk, glass","natural soft light from large windows and ceiling lights","calm and cozy","twin beds, dresser, rocking chair, stuffed toy, nightstand, window seat","organized space with two distinct areas: sleeping and play/reading","A well-decorated children's bedroom that combines function and aesthetics, featuring light colors, soft textures, and carefully placed furniture."
"shabby-chic-style_330.jpg","Scandinavian","white, beige, light wood","wood, linen, glass","bright and well-lit with natural light from the window","bright and airy","dresser with mirror, vanity with chandelier, mirror, sweater on hanger","small room layout with vanity as central focus","This is a bright, Scandinavian-style bathroom design that uses neutral colors and natural light to create an airy and inviting space. The wooden dresser with mirror serves as a focal point for grooming and storage, while the large chandelier provides both illumination and a touch of luxury."
"shabby-chic-style_331.jpg","Modern Minimalist","beige, white, gold","linen, silk, fur","natural soft light from large windows","warm and cozy","king size bed, fuzzy pillows, fine linens","bedroom with large centerpiece bed and a simple decor approach","This is an image of a modern, minimalist designed bedroom featuring a king size bed with a beige color scheme and fur accents. The room uses soft linens and silk for texture contrast. It has a warm and cozy atmosphere created by the natural lighting from large windows and the simple decor approach."
"shabby-chic-style_332.jpg","Scandinavian","white, black, gray","wood, fabric, metal","soft and diffused natural light from a large window","calm and cozy","armchair, coffee table, bookshelf, floor lamp, framed artwork","small-space living room with a central seating area and space for movement","This small living room combines Scandinavian design principles with a cozy, comfortable atmosphere."
"shabby-chic-style_334.jpg","Modern Minimalist","white, black, silver","stainless steel, marble, wood","soft ambient lighting from under-cabinet lights and pendant lights over the island","clean, sleek, and organized","stainless steel range hood, black knives in a magnetic strip, bamboo cutting board, wooden spice rack","modern L-shaped kitchen with island and open shelving above the stove","This kitchen showcases a modern minimalist style, with a focus on clean lines, high-quality materials, and practical organization."
"shabby-chic-style_335.jpg","Modern Minimalist","white, light wood, silver","oak wood, stainless steel, marble","recessed lighting with under-cabinet lights, natural sunlight from windows","modern and spacious, with a hint of luxury","large island kitchen in center of room, sleek stainless steel appliances, modern chandeliers, high-end granite countertops, vintage wine rack","a galley kitchen with open shelving and an L-shaped counter that wraps around a central island","This large, modern kitchen is designed for functionality and style, featuring high-quality materials, understated luxury elements, and ample natural light."
"shabby-chic-style_336.jpg","Garden","silver, green, brown","metal, wood, plastic","Natural light from above","Calm and serene","planter box, planter box, planter box, planter box, plant, plant","Rows of planter boxes lined up on either side of walkway","A garden path surrounded by rows of plants in metal containers, with a simple and peaceful atmosphere."
"shabby-chic-style_337.jpg","Minimalist","white, silver","glass, metal, wood","Overhead track lighting illuminates the space evenly.","Modern and sleek with a touch of elegance.","Sculptural vase on white table, Orb-shaped silver decorations, Tall cylindrical glass vase holding greenery, Abstract metal wall sculpture, White ceramic plant pot","Cluster of pieces grouped together around the central table.","This interior design is a testament to modern minimalism, where every piece serves a purpose and adds to the overall sleekness of the space."
"shabby-chic-style_338.jpg","Modern Minimalist","white, gray, black","leather, wood, metal","dimmable LED lighting fixtures","modern and luxurious","bed, nightstands, fireplace, rug","open space with bed as focal point","A modern and minimalist bedroom with a focus on comfort and style, featuring a white bed with black accents, leather upholstered furniture, dimmable LED lighting, and a fireplace for warmth."
"shabby-chic-style_339.jpg","Modern Minimalist","white, green","glass, wood","bright and natural light from glass roof","airy and clean","shelving, plants, bench","open space with central seating area","This is a bright and airy modern minimalist greenhouse-style building. The design features white walls, a glass roof, and wood accents. There is ample natural light from the glass ceiling, and the interior has been kept minimalistic with just a few plants on shelves and a wooden bench for seating."
"shabby-chic-style_341.jpg","Modern","white, gray, black","wood, leather, metal","recessed lighting with ambient, task and accent lighting","comfortable and inviting","sofa, coffee table, area rug, floor lamp, potted plant","open floor plan with kitchen area adjacent to living space","This modern, open concept home features a neutral color palette and a mix of materials. The lighting design provides ample illumination while maintaining a warm atmosphere."
"shabby-chic-style_342.jpg","Modern Minimalist","light wood, white, dark blue","oak wood, linen, steel","bright and natural light from large windows","calm and organized","coffee table, sofa, shoe rack, waste basket","open space with central seating area surrounded by cabinets","A modern minimalist living room featuring a light wood palette, linen and steel materials, bright natural lighting, and an organized open layout centered around a coffee table and sofa."
"shabby-chic-style_343.jpg","Modern","white, beige, black","glass, metal, leather","bright and natural light from overhead recessed lights","clean, minimalist, modern","white floating shelves, black chairs, white pendant lights, modern art","open space with central walkway and display case in the back wall","A modern interior design showcasing a minimalist style with a focus on clean lines and bright lighting."
"shabby-chic-style_344.jpg","Modern","red, white, neutral","tile, fabric, plastic","Bright and even lighting from fluorescent overhead fixture.","Clean and serene, with a touch of whimsy due to the floral shower curtain.","bathtub, shower curtain, tiled wall, towel bar","Simply designed space, focusing on functionality and brightness.","This is a modern bathroom with a clean design, featuring a red shower curtain that adds a pop of color. The space has tile walls, a white bathtub, and fluorescent lighting."
"shabby-chic-style_345.jpg","Modern","Pink, White","Foam, Zebra print fabric, Stones","Natural light from a large window","Elegant and feminine","Bench, Pillow, Zebra patterned fabric, Gemstones","Centered piece of furniture in room surrounded by decorative items","A pink velvet bench with a zebra print pillow and jewels, sitting under a large window letting in natural light. The overall mood is elegant and feminine."
"shabby-chic-style_346.jpg","Modern Minimalist","white, beige, wooden elements","oak wood, marble countertops, stainless steel appliances","natural soft light from large windows and recessed lighting","calm and airy with a touch of rustic charm","white kitchen cabinets, wooden floor, stainless steel oven range, potted plant","an L-shaped layout in a compact space with an efficient work triangle","A modern, minimalist kitchen design with a warm, natural palette and a well-planned layout for functionality."
"shabby-chic-style_349.jpg","Modern Minimalist","white, light wood","oak wood, stainless steel","overhead track lighting and under-cabinet LED lights","calm and organized","subzero refrigerator with water dispenser, center island for casual dining, glass cabinets","open concept layout with kitchen, dining, and living spaces combined","This modern kitchen features a clean, minimalist design with white oak cabinetry, stainless steel appliances, and overhead track lighting. A center island provides additional counter space for casual meals, while glass cabinets add a touch of elegance. The open concept layout connects the kitchen to the living and dining areas, creating a spacious and unified feel."
"shabby-chic-style_35.jpg","Modern Minimalist","white, beige, wood tones","linen, wool, wood, metal","natural soft light from large windows, complemented by ambient lighting","calm and airy","sofa, coffee table, plant, framed artwork, vase with flowers","open space with central seating area flanked by windows","This is a modern, minimalist living room that features a soft color palette and a harmonious blend of natural lighting, ambient lighting, linen textiles, wool accents, wood trim, metal decorative pieces, and comfortable seating options."
"shabby-chic-style_350.jpg","Modern Minimalist","white, beige, light wood","wood, linen, leather, metal","natural soft light from large windows","calm and serene","bed, sofa, lamp, cabinet","open space with central bed in a sunny nook","This modern minimalist bedroom features a light wood color palette with natural materials, creating a serene and calming atmosphere. The room is well-lit by large windows that allow for a soft glow throughout the day."
"shabby-chic-style_352.jpg","Modern Minimalist","white, gray","wood paneling, metal, cloth","natural soft light from large windows","calm and serene","sofa, coffee table, plant, floor lamp","open space with central seating area",""
"shabby-chic-style_354.jpg","Modern Minimalist","white, blue, wood","marble, glass, metal","recessed lighting with natural light accents","spacious and clean","freestanding bathtub, his-and-hers sinks, large mirror, overhead lights","open concept design with separate shower area","This bathroom features a modern minimalist style, combining neutral colors with blue accents. The space is illuminated by recessed lighting and natural sunlight. It's designed for functionality and comfort with his-and-hers sinks and a freestanding bathtub."
"shabby-chic-style_355.jpg","Modern Minimalist","dark blue, gray, light gray","black leather, wood paneling, white walls","ambient lighting with spotlights for accents","professional and sophisticated","wall-mounted flat screen TV, recessed lighting, high-back leather chairs, wooden coffee table","seating area facing a large screen, with additional seating arranged around the room","This is a modern and sophisticated living room designed for entertainment and relaxation."
"shabby-chic-style_356.jpg","Modern Minimalist","white, grey, black","wood, metal, fabric","natural light from windows and overhead fixture","calm and contemporary","wall art, modern mirror, lounge chair","functional and open space with minimalist decor","The interior design features a modern, minimalist style with a focus on clean lines, simple shapes, and natural materials. The color palette is neutral, contributing to the calm atmosphere. Natural light from windows and an overhead fixture illuminates the space, creating a contemporary and inviting ambiance."
"shabby-chic-style_358.jpg","Scandinavian","blue, white, yellow","silk, linen, wood","natural soft light from large windows","calm and airy","bed, table, lamp, pillows","organized with separate bed area and functional table and lamp in the corner.","This bedroom is designed with a Scandinavian style, featuring natural materials like silk, linen, and wood. The room has a calm and airy mood, achieved through soft lighting and the use of blue, white, and yellow colors. A bed occupies one half of the room, while the other half is divided into functional areas with a table and lamp."
"shabby-chic-style_359.jpg","Scandinavian","white, blue, light wood","wood, fabric, metal","natural soft light from large windows","calm and airy","sofa, coffee table, plant, floor lamp","open space with central seating area","This living room has a Scandinavian style, featuring a neutral color palette, natural materials like wood and fabric, soft lighting from the windows, and modern furniture arranged in an open, inviting space."
"shabby-chic-style_36.jpg","Scandinavian","light green, white, dark grey","wood, glass, natural stone","Natural light flooding the space through large windows","Calm and airy","pool, patio furniture, potted plants","Open space with a central seating area","This space features a Scandinavian design, with light green accents and natural materials creating a calm and airy atmosphere."
"shabby-chic-style_361.jpg","Modern Minimalist","white, light gray","glass, metal","soft and warm ambient lighting with spotlight on mirror","calm and serene","large rectangular mirror, sink and faucet, small plant in a vase, soap dispenser, toothbrush holder","narrow space with vanity area tucked into the corner of the room","This bathroom features a modern minimalist design with clean lines, a soft color palette, and simple materials. The mirror is framed in metal and hangs above the sink, which is set into a wall-mounted cabinet. A small plant adds a touch of greenery to the space."
"shabby-chic-style_362.jpg","Modern","white, grey, brass","wood, metal, glass","well-lit with natural and artificial light sources.","inviting and comfortable","large sectional sofa, modern coffee table, contemporary floor lamp, sleek dining table, textured area rug","open-concept design with a central focus on the living room.","The interior design of this space is modern and inviting, featuring a neutral color palette and materials that complement each other. The well-lit space has a comfortable atmosphere with its large sectional sofa, contemporary coffee table, sleek dining table, and area rug in the center of the open living room."
"shabby-chic-style_363.jpg","Modern Minimalist","white, beige, light wood","oak wood, linen, glass","natural soft light from large windows","calm and airy","sink, cabinet, flowers, mirror","space layout with vanity in corner of room next to window","This bathroom is designed in a modern minimalist style, featuring light wood, linen, and oak wood materials. The space has a calm and airy mood with natural soft lighting coming from large windows. The main objects include a white sink and cabinet under the window, with floral decoration adding warmth to the space."
"shabby-chic-style_364.jpg","Modern","black, white, silver","stainless steel, granite, wood, glass","under-cabinet LED lighting and track lighting over bar area","contemporary and clean","stainless steel kitchen appliances, black countertops, large-screen TV mounted above the bar, wine glass rack, subzero refrigerator","kitchen and bar area are combined with an open plan layout, creating a seamless flow between spaces.","This modern kitchen and bar area feature stainless steel appliances, black countertops, a large-screen TV above the bar for entertainment, and ample storage in the subzero refrigerator. The under-cabinet LED lighting and track lighting over the bar provide a contemporary feel while ensuring adequate illumination for tasks."
"shabby-chic-style_366.jpg","Scandinavian","white, light wood, blue","oak wood, linen, steel","natural soft light from large windows and overhead lights","bright and cheerful","kitchen sink, cabinet, countertop, dining table, chair","open space with central kitchen area leading to dining table","This is a well-lit, modern Scandinavian-style kitchen and dining room with an open floor plan."
"shabby-chic-style_367.jpg","Scandinavian","white, light blue, natural wood","oak wood, linen, metal","bright and airy with natural light from windows","calm and serene","white wooden cabinet, white shelves, antique style door handles","linear arrangement along wall, with cabinets centered","Scandinavian-style cabinet with light wood finish, providing ample storage and a clean, uncluttered look."
"shabby-chic-style_368.jpg","Traditional","beige, green accent, wood accents","wood siding, slate roof, stone foundation","Natural light coming from the windows","Warm and inviting","Front door with lantern, Bay window for natural light, Flagstone walkway leading to entrance","Two-story house with large front porch and center gable","This traditional style home features a welcoming center gable, wood siding and slate roofing, with a large flagstone walkway leading up to the door. The interior is warmly lit by natural light coming through the windows."
"shabby-chic-style_369.jpg","Modern Minimalist","white, beige, light wood","wood paneling, linen, marble","Natural soft light from large windows, supplemented by recessed ceiling lights.","Calm and airy","sofa, coffee table, planter with greenery, floor lamp, wooden shelving","Open space layout with a central seating area featuring a sofa and coffee table, flanked by floor lamp on one side and wooden shelving unit on the other.","This living room design showcases a modern minimalist style with a focus on natural materials and soft lighting. The color palette is neutral with beige accents complementing the white walls and light wood furniture. Large windows provide ample natural light, creating a calm and airy atmosphere."
"shabby-chic-style_370.jpg","Modern Minimalist","white, red accent","white marble, stainless steel, wooden cabinetry","natural soft light from large windows and under-cabinet lights","bright and airy","flat screen TV, modern dining table, minimalist chairs, modern pendant lights, contemporary wall art","open kitchen with island and seating area leading to living space","This open concept kitchen features a modern minimalist design with white cabinetry, stainless steel appliances, and warm red accents. The space is well-lit with natural light and under-cabinet lights. The layout connects the kitchen directly to the living area, creating an airy and bright atmosphere."
"shabby-chic-style_371.jpg","Modern Minimalist","blue-gray, green accent, beige","glass tile, stone cladding, teak decking","natural soft light from large windows and outdoor seating area","calm and airy","deck furniture, potted plant, poolside lounge chairs, built-in barbecue grill","open space with central swimming pool surrounded by decking and landscaping","This backyard features a modern minimalist design with clean lines and natural materials. The color palette is soft, including blue-gray tile for the pool's interior, green accents throughout, and beige stone cladding on the walls. Natural light from large windows and glass doors illuminates the space, creating a calm and airy atmosphere. Furniture includes deck furniture around the pool, potted plants, lounge chairs, and a built-in barbecue grill for entertaining. The layout is open with plenty of seating options."
"shabby-chic-style_372.jpg","Modern Minimalist","white, beige, light wood","oak wood, linen, stainless steel","natural soft light from large windows and overhead fixtures","calm and airy","island, bar stools, range hood, countertops","open space with central island and seating area","This is a modern kitchen with a minimalist design, featuring an island and bar stools for casual dining. The color palette consists of white and light wood tones, which are complemented by oak wood cabinetry. The room has plenty of natural light from large windows above the countertops and overhead fixtures that provide soft illumination. The space is open and airy, with a cozy yet stylish atmosphere."
"shabby-chic-style_373.jpg","Scandinavian","white, beige, wooden elements","oak wood, linen, glass","soft natural light from large windows and ceiling lights","calm, bright and airy","white fireplace with mantel decorations, white wall clock, blue vases on table, wooden console with mirrored backsplash","open space with a central seating area under the chandelier","This Scandinavian-style living room features a white fireplace, oak wood elements, and a bright color palette that creates a calming and inviting atmosphere."
"shabby-chic-style_374.jpg","Bathroom","white tile, green plants, blue flowers","tile, plants, fabric","bright sunlight from window","clean and airy","shower, sink, mirror, plant","linear layout with shower at end","This is a bathroom scene featuring tiled flooring, plants for decoration, a mirror above the sink, and a shower area. The color scheme is natural with white tile, greenery from the plants, and blue flowers on the rug."
"shabby-chic-style_375.jpg","Industrial Loft","dark brown, white, black","wood, metal, concrete, linen","recessed lighting with adjustable options","sleek and modern, yet inviting and comfortable","large wine rack, modern chairs, vintage bottles, futuristic sculpture","open space with central seating area, flanked by walls of wine storage","An elegant industrial loft space dedicated to wine appreciation."
"shabby-chic-style_376.jpg","Modern Minimalist","white, black, wood accents","oak wood, marble, steel","natural soft light from large windows","calm and serene","large mirror, rectangular sink with white countertop, white towel rack, black framed medicine cabinet, black door handle, black bath mat","a clean and simple layout featuring a centralized sink area","This modern minimalist bathroom design focuses on functionality with a sleek, monochromatic color scheme."
"shabby-chic-style_377.jpg","Modern","white, gray, black","wood, fabric, glass","warm and inviting lighting from ceiling sconces and chandelier","serene and luxurious","bed, headboard with antler decoration, nightstands with lamps, chandelier","spacious bedroom with large bed as focal point, surrounded by nightstands","This is a modern bedroom featuring a large bed with a wooden headboard adorned with antlers, warm lighting from sconces and a chandelier, and a soothing color palette of white, gray, and black."
"shabby-chic-style_38.jpg","Scandinavian","white, pink, green","fabric upholstery, wooden bed frame, brass hardware","natural soft light from large windows","calm and airy","canopy bed, pink curtains, round mirror, striped throw pillows, small white chandelier","bed as centerpiece with flanking side tables","This is a cozy and feminine bedroom space featuring a canopy bed, pink accents, and soft lighting to create a tranquil atmosphere."
"shabby-chic-style_380.jpg","Scandinavian","white, green, blue","stone, wood, glass","bright and natural light from large windows","calm and airy","couches, coffee table, plant, floor lamp, chandelier","open space with central seating area","This interior design is characterized by a Scandinavian style, featuring white walls and oak wood accents, creating a warm and inviting atmosphere."
"shabby-chic-style_381.jpg","Scandinavian","white, light blue, dark wood","wood, linen, leather","natural soft light from large windows","warm and cozy","sofa, coffee table, plant, floor lamp","open space with central seating area","This Scandinavian-style living room features a warm color palette of white, light blue and dark wood. The space is filled with natural soft light from large windows that overlook the street below."
"shabby-chic-style_382.jpg","Modern Minimalist","neutral, cream, brown","brick, wood, metal","natural light, with some artificial fixtures for even distribution and warm ambiance","luxurious and upscale","poolside chairs, stone fireplace, large potted plant","formal entryway leading to open concept living space, with a dedicated pool area","This is an image of a luxurious two-story brick house with a formal front entrance and a large backyard featuring a pool."
"shabby-chic-style_384.jpg","Modern Minimalist","gray, white, black","stainless steel, wood, glass","bright and even natural light from window","clean and serene","modern-style refrigerator, kitchen sink with faucet, black kitchen countertop, wooden cabinets, stainless steel oven","open space with central island and bar stools","A modern, minimalist kitchen design with a focus on clean lines, bright lighting, and natural materials."
"shabby-chic-style_385.jpg","Modern","white, black, pink","wood, fabric, metal","ambient and natural lighting from a large window","modern, romantic and feminine","two twin beds, two nightstands with lamps, a pink armchair","two beds facing each other with a central armchair in between them","This is a bedroom with a modern style featuring black and white color scheme, wood and fabric materials, and ambient lighting. The room is furnished with two twin beds, nightstands with lamps on either side, and a pink armchair for added comfort."
"shabby-chic-style_386.jpg","Scandinavian","white, wood, teal","wood, fabric, glass","natural light from window and floor lamp","calm and cozy","shelves, bed, books, stuffed animals","bedroom layout with built-in bookshelf bed headboard, books and stuffed animals on shelves","A neat and organized bedroom space that combines functionality and comfort."
"shabby-chic-style_388.jpg","Modern Minimalist","white, light purple, yellow","wood, linen, leather","warm and soft lighting from built-in recessed ceiling lights","bright and cheerful","crib, bookshelf, pillow, small yellow chair","bedroom space with a crib, bookshelf, and small yellow chair arranged for comfort and convenience","A modern minimalist bedroom design featuring a white crib, light purple walls, wooden materials, linen fabrics, built-in recessed ceiling lights for warm lighting, and a small yellow chair tucked in the corner."
"shabby-chic-style_389.jpg","Modern Minimalist","gray, white, wood, green","oak wood, linen, concrete, steel","natural soft light from large windows","calm and airy","sofa, coffee table, plant, floor lamp","open space with central seating area","This is a modern minimalist living room with a warm and cozy ambiance, featuring an oak wood fireplace mantle adorned with greenery. The room has natural lighting that creates a calm atmosphere."
"shabby-chic-style_39.jpg","Modern Minimalist","white, gray, wood","oak wood, porcelain, stainless steel","recessed lighting with white lamps","calm and serene","floating sink vanity, large mirror, wood towels on rack","small space optimized for functionality","This modern bathroom features a minimalist design with clean lines, neutral colors, and essential fixtures. The floating sink vanity provides a sleek look while maximizing the available floor space."
"shabby-chic-style_390.jpg","Modern Minimalist","white, beige, light wood","wood, linen, concrete, steel","natural soft light from large windows","calm and airy","sofa, coffee table, plant, floor lamp","open space with central seating area","This room is a modern, minimalist living space with a focus on natural lighting and an open floor plan. The color palette is neutral, featuring white, beige, and light wood tones, which contributes to the airy atmosphere. The materials used include wood for warmth, linen for softness, concrete for texture, and steel for modernity. The furniture includes a comfortable sofa positioned around a central coffee table, providing an inviting space to sit and relax. A plant adds life to the room, while a floor lamp offers adjustable lighting options. Overall, the design achieves a balance between functionality and aesthetic appeal."
"shabby-chic-style_391.jpg","Modern Minimalist","white, beige, light wood","oak wood, linen, stainless steel","natural soft light from large windows and under-cabinet lights","calm and airy","kitchen sink with stainless steel faucet, built-in microwave, glass vase on countertop, stainless steel range hood","open space with central kitchen island","This kitchen has a modern minimalist design with neutral colors and natural materials. The large windows let in plenty of soft light, creating a calm and airy atmosphere. There is an open layout with a central island providing additional workspace."
"shabby-chic-style_393.jpg","Modern Minimalist","white, beige, brown","tile, wood, metal","natural light from the window and ceiling lights","calm and serene","bathtub, wooden crate on wheels, plant, sink","space is designed with a focus on simplicity and functionality.","The bathroom features a minimalist design with clean lines and a neutral color palette. The wooden crate adds warmth to the space, while the natural light from the window creates a serene atmosphere."
"shabby-chic-style_394.jpg","Modern Minimalist","white, beige, black, blue","wood, linen, metal, glass","Natural light from large windows and overhead chandelier.","Calm and serene.","king size bed with floral comforter, floor lamp, circular decorative mirror, rectangular artwork","Open space with centered bed for focal point. Dark wood nightstands at sides of bed.","This is a modern minimalist bedroom with a monochromatic color scheme, natural lighting, and clean lines that create a serene atmosphere."
"shabby-chic-style_395.jpg","Modern Minimalist","white, light gray, neutral","wood, leather, glass","bright and even lighting from multiple sources","clean, modern and inviting","sectional sofa, coffee table, flat-screen TV, floor lamp, wooden ceiling fan","open space with central seating area","This is a modern, minimalist living room designed for comfort and style."
"shabby-chic-style_396.jpg","Modern Minimalist","white, beige, gray","concrete, stone, metal","well-lit with a combination of natural light and artificial lighting fixtures","calm and relaxing","pool, hot tub, poolside seating area, large flat-screen TV, outdoor dining table","a covered patio with a pool, hot tub, and outdoor dining area","A modern minimalist pool area featuring a concrete and stone design with white accents. The space is well-lit and provides relaxation with a view of the trees beyond."
"shabby-chic-style_397.jpg","Modern Minimalist","white, blue-gray","marble countertops, brass faucet, wooden cabinetry","natural soft light from large windows","calm and airy","modern sink, brass range hood, white and wood kitchen island","open space with central seating area around kitchen island","This modern minimalist kitchen has a clean, uncluttered design featuring marble countertops, wooden cabinetry, brass fixtures, and soft lighting from natural windows."
"shabby-chic-style_398.jpg","Modern Minimalist","gray, green, blue","wood, metal, fabric","natural soft light from large windows","calm and airy","sofa, coffee table, plant, floor lamp","open space with central seating area","This modern minimalist backyard patio features a neutral color palette, outdoor sofas and cushions, surrounded by greenery. The space is designed for relaxation with natural lighting creating a serene atmosphere."
"shabby-chic-style_399.jpg","Mid-Century Modern","brown, gold, dark wood","oak wood, brass, leather","natural light from the large windows on either side of the door","elegant and warm","vintage oversized door knocker, gold-framed mirror above the door, vintage artwork","a central hallway with an elegant door at the end","The interior design features a Mid-Century Modern style with a warm and inviting atmosphere, using materials like oak wood and brass. The large windows provide ample natural light that complements the brown, gold, and dark wood color palette. The elegant door is adorned with a vintage oversized door knocker and a gold-framed mirror above it, adding a touch of sophistication to the overall space."
"shabby-chic-style_4.jpg","Modern","white, blue, wooden tones","wood, linen, glass","natural light with a hint of candlelit ambiance","comfortable and inviting","bench seating, table, potted plant, artwork, lamps","open space with a central focus on the dining area","This is an interior design image that showcases a modern style with natural wood tones, a neutral color palette, and a comfortable atmosphere."
"shabby-chic-style_40.jpg","Modern Minimalist","white, light pink, gold","wood, fabric","soft, natural light from a large window and a floor lamp","warm and welcoming","king-size bed, chair, bedside table, lamp, floral centerpiece","open space with centered seating area","A cozy, modern room with a pink and white color scheme featuring wood accents and soft lighting."
"shabby-chic-style_400.jpg","Scandinavian","beige, light wood, white","wood, fabric, porcelain","soft, natural light from a large window","warm and cozy","desk, chair, vase with flowers, small plant","open space layout with central desk area","Scandinavian-style interior design featuring a beige wood floor, white accents, natural lighting, and simple, functional furnishings."
"shabby-chic-style_401.jpg","Modern Minimalist","white, light wood, beige","oak wood, stone, metal","Large windows let in natural soft light, and the recessed lighting provides ample illumination.","Calm and airy with a touch of elegance.","island with built-in cooktop, freestanding sink, coffered ceiling, wine cooler","Open space design with an L-shaped layout that combines the kitchen and dining area into one flowing space.","This modern minimalist kitchen features a clean, elegant design with an open layout that feels spacious and inviting."
"shabby-chic-style_402.jpg","Modern Minimalist","purple, white, brown","wood, silk, glass","natural light from large windows and ceiling fan lights","calm and serene","king-size bed, chair, side table, framed artwork","spacious with central focus on king-size bed and surrounding furniture","This bedroom is designed in a minimalist style, utilizing shades of purple, white, and brown for a tranquil atmosphere. The room features wood floors and walls, silk drapes, and glass accents that reflect the light coming through the large windows. A ceiling fan provides soft illumination, complementing the natural sunlight streaming in. The space is furnished with essential pieces including a king-size bed for restful sleep, a chair for relaxation, a side table for convenient placement of items, and a framed piece of artwork that adds personality to the room."
"shabby-chic-style_403.jpg","Modern Minimalist","white, beige, light wood","wood, tile, glass","natural soft light from large windows and pendant lights","calm and airy","sofa, coffee table, plant, floor lamp, wine rack","open space with central seating area around dining table","This is a modern, minimalist living room that combines light wood tones and neutral colors for a serene atmosphere. The natural light pouring in from the large windows creates a calm ambiance, while the pendant lights provide warm illumination. The open layout encourages social interaction around the central seating area near the dining table."
"shabby-chic-style_404.jpg","Minimalist","white, gray","glass, wood","Natural light from a large window","Clean and uncluttered","bird cage, roses, dove figurine","Centered with symmetrical placement of objects","The image depicts a minimalist design style, featuring a white painted dresser adorned with simple and elegant decor items including a birdcage, roses, and a dove figurine. The overall mood is clean and uncluttered with the centerpiece being the large bowl of purple roses which adds a touch of color to the space."
"shabby-chic-style_405.jpg","Modern","beige, white, gray","tile, stainless steel","well-lit with recessed lighting and a skylight providing natural light.","clean, modern and sleek","shower caddy, shower head, shower faucet","a simple layout with a shower area and a bench to sit on.","A clean, modern bathroom with minimalist design elements, stainless steel fixtures, and a well-lit space that feels spacious."
"shabby-chic-style_407.jpg","Modern Minimalist","white, pink, grey","wood, linen, glass","natural soft light from large windows","calm and airy","sofa, coffee table, plant, floor lamp","open space with central seating area","This is a modern minimalist style interior with a calming color palette of white, pink and grey. The room features wooden flooring and linen textiles, creating a warm atmosphere. Large windows allow natural light to fill the space, enhancing the minimalistic design. A cozy sofa invites relaxation, while a floor lamp provides additional illumination for the seating area."
"shabby-chic-style_408.jpg","Scandinavian","white, beige, light wood, dark blue","wood, brass, tiles","well-lit with natural light from windows and complemented by overhead lights.","clean, bright, organized, and inviting.","dining table, kitchen island, stove top oven, chairs","spacious and open plan with a central dining area flanked by kitchen spaces.","This well-lit, Scandinavian kitchen features a clean design with white and light wood tones, brass accents, and overhead lighting. Wooden cabinets provide ample storage for cookware and appliances. The open plan layout includes a central dining table surrounded by chairs on either side, creating a welcoming space for meals and gatherings."
"shabby-chic-style_41.jpg","Modern Minimalist","white, beige, light wood","wood, linen, brass","natural soft light from large windows and ceiling chandelier","calm and airy","sofa, coffee table, plant, floor lamp","open space with central seating area","This modern bedroom design features a minimalistic color palette, natural wood accents, and a warm atmosphere from the soft lighting."
"shabby-chic-style_410.jpg","English Cottage Garden","white, light green, dark pink","stone, moss, concrete","natural light filtering through trees and shrubbery","romantic and secretive","walkway, statue, hedges, flowers","narrow walkway leading to central courtyard","This garden is a charming English cottage-style setting, featuring a stone path that guides visitors through an intimate space filled with plants and flowers. The mossy walls and hedges create a sense of mystery and romance, while the light filtering through from above adds a touch of serenity. The careful selection of colors and materials contributes to a harmonious atmosphere."
"shabby-chic-style_411.jpg","Modern Minimalist","white, beige, light wood","marble, glass, stainless steel","bright and natural from windows","calm and serene","freestanding tub, floating toilet, modern vanity","open space with clean lines","A modern bathroom design with a minimalist approach, featuring marble tiles, floating fixtures, and natural light."
"shabby-chic-style_412.jpg","Neoclassical","beige, white, light wood","marble, brass, silk","Warm and cozy","Elegant and luxurious","sofa, coffee table, chandelier, rugs, paintings","Formal dining room with arched doorways","This formal dining room features an elegant Neoclassical design with a warm and inviting atmosphere."
"shabby-chic-style_415.jpg","Scandinavian","white, beige, light wood","wood, linen, glass","natural soft light from large windows","calm and airy","sofa, coffee table, plant, floor lamp","open space with central seating area","This interior design image features a Scandinavian style with a light wood color palette, wooden walls and floors, linen furniture, and natural lighting from large windows. The room has an open layout with a central seating area comprising a sofa, coffee table, plant, and floor lamp."
"shabby-chic-style_416.jpg","Modern Minimalist","gray, white, natural wood","oak wood, concrete, stainless steel","natural soft light from large windows, with additional under-cabinet lighting","calm and airy","bar stools, kitchen island, dining table, wreath, plants","open space with central seating area at kitchen island","This modern kitchen combines a minimalist design with natural materials and lighting to create a serene and stylish space."
"shabby-chic-style_417.jpg","Mainstream Modern","beige, off white, light gray","wood, fabric, glass","Mixed with warm ambient, natural light from windows and ceiling fixture providing direct light","Clean, comfortable, inviting","bed, sofa, dresser, armchair, lamp","Bed in corner with sitting area centered around sofa","A well-lit, modern bedroom with a neutral color palette and comfortable furniture."
"shabby-chic-style_418.jpg","Vintage Bathroom","black and white wallpaper, natural wood finishes","wood paneling, cast iron claw-foot tub, brass faucet","Natural light from a window above the sink","Vintage and nostalgic","claw footed bath tub, antique style medicine cabinet, small plant on the window sill","Small corner space with wall-mounted sink under a mirror.","This is an antique inspired vintage bathroom, featuring a claw-foot tub, black and white wallpaper, natural wood finishes and a small plant for a touch of nature."
"shabby-chic-style_419.jpg","Modern Minimalist","white, beige, light wood, purple accent","stainless steel appliances, white cabinetry with purple details, wooden countertop, marble backsplash","recessed lighting in the ceiling and natural soft light from large windows","calm and airy","stainless steel refrigerator and oven, white cabinets with purple trim, wooden island with marble countertop, purple flowers in a pot on the counter","open space kitchen with a central cooking island","This modern kitchen features clean lines, minimalist design elements and a color scheme that combines white with purple accents. The stainless steel appliances add a touch of luxury to the space, while the wooden countertop brings warmth to the room. Recessed lighting illuminates the space, and large windows let in natural light."
"shabby-chic-style_421.jpg","Modern Minimalist","white, gray, black","wood, fabric, metal","natural light from window and chandelier","calm and modern","bed, sofa, nightstand, chandelier, rug","open space with central bed and flanking furniture","This is a modern minimalist interior design, featuring white walls, gray and black accents, wood and metal materials, natural light from a window and chandelier. The room's layout consists of an open space centered around the bed, with flanking furniture on both sides. The mood is calm and contemporary."
"shabby-chic-style_424.jpg","Modern","white, gray, black","wood, fabric, metal","bright and natural with recessed lighting and floor lamp","modern, clean, and comfortable","sofa, coffee table, flat screen TV, chair, area rug","modern open space layout with a central seating area","This modern living room features an efficient use of space, clean lines, and neutral colors."
"shabby-chic-style_425.jpg","Scandinavian","white, beige, light wood","wood, linen, concrete, steel","natural soft light from large windows","calm and airy","sofa, coffee table, plant, floor lamp","open space with central seating area","This home design is characterized by a Scandinavian style with light wood tones, natural lighting from large windows, and a calm and airy atmosphere."
"shabby-chic-style_426.jpg","Modern Minimalist","blue, white, wood","wood, linen, metal","natural soft light from large windows and ceiling fan","calm and airy","king bed, nightstands, sofa, area rug, pillows","open space with central seating area","The room is a clean, modern living space with a large king bed as the focal point. The color palette is simple yet sophisticated, featuring blues and whites that create a serene atmosphere. Natural light from the windows fills the room, enhancing the open feeling of the space. The materials used include wood for the bed frame and floors, linen for the bedding and curtains, and metal for fixtures like the ceiling fan. Overall, this space is designed to be inviting and relaxing."
"shabby-chic-style_427.jpg","Modern","gray, white, black","tile, wood, steel","Well-lit space with natural light from windows and artificial lighting fixtures.","Bright, modern, and clean","bathtub, shower head, towel rack, sink, mirror","Functional layout with separate shower area, bathtub for lounging, and sink for washing.","A modern bathroom with tile walls, wood accents, steel fixtures, a large tub for relaxation, and well-lit spaces."
"shabby-chic-style_428.jpg","Modern Minimalist","white, light wood","oak wood, stainless steel","recessed lighting with accent chandelier over island","bright and airy","large island with seating, gas range with overhead exhaust fan, high ceilings for spaciousness, large windows providing natural light, white cabinetry for a clean look","open space with central seating area and appliances surrounding island","This modern kitchen is designed to be sleek, bright, and functional. The minimalist style keeps the color palette simple, while the oak wood adds a touch of warmth. Stainless steel appliances shine against the white cabinetry, creating an efficient space for cooking and entertaining."
"shabby-chic-style_429.jpg","Modern Minimalist","white, gray, natural wood","white walls and trim, wooden floor, stone fireplace surround","well-lit with natural light from large windows","calm and spacious","gray sofa, wooden coffee table, black and white abstract art, white shag rug, modern floor lamp","open layout with central seating area around fireplace","This modern, minimalist living room features a neutral color palette, natural materials, and large windows for plenty of light. The open layout promotes a calm and spacious atmosphere, perfect for relaxation or entertaining guests."
"shabby-chic-style_43.jpg","Rustic","green, pink, white","wood, metal, cloth","natural light streaming in from outdoor windows","rustic and cozy","flower arrangement, table, chairs, vase","outdoor setting with table, chairs, and flower arrangement","This scene is a rustic outdoor living space with wooden furniture, pink flowers, and a greenery centerpiece."
"shabby-chic-style_430.jpg","Modern Minimalist","white, light wood, green accent","oak wood, linen, concrete, steel","natural soft light from large windows","calm and airy","sofa, coffee table, potted plant, wicker chairs, floor lamp","open space with central seating area","This modern minimalist living room features a clean and simple design, with white walls and oak wood accents. Large windows allow for natural light to fill the space, creating a calm and airy atmosphere. The furniture includes a wicker sofa, coffee table, potted plant, and floor lamp, arranged around a central seating area."
"shabby-chic-style_431.jpg","Classic Southern","white, blue, gray","brick, vinyl siding, wood flooring","Natural light from large windows and a skylight","Warm and inviting","front porch with columns, large window with shutters, fireplace","Central hallway leading to bedrooms and living areas","Two-story house with classic Southern design elements, featuring white walls, a blue accent color, wood flooring, and a brick exterior."
"shabby-chic-style_432.jpg","Modern Minimalist","beige, white, light wood","tile, glass door, black towel rack, black sliding shower door","natural soft light from large window","calm and airy","shower, bathroom sink, towel rack, bench","compact space with walk-in shower and bench on opposite side of door.","A modern minimalist bathroom design featuring a beige color palette, tile wall, glass door to the shower, and natural lighting from a large window."
"shabby-chic-style_433.jpg","Industrial","white, black","metal, wood","ambient lighting from overhead fixtures and natural light from large windows","bold and modern","vintage dresser, antique cupboards, industrial style metal hardware, large rustic mirror","linear space with open shelving units along one wall","This interior design is inspired by an industrial aesthetic, featuring vintage elements such as an old dresser and cupboards, combined with modern metallic hardware. The space has a bold mood set by black and white coloring and large windows that allow for plenty of natural light. The layout includes open shelving units along one wall to add visual interest and storage options."
"shabby-chic-style_434.jpg","Modern Minimalist","white, beige, light wood","glass, stainless steel, wood","natural soft light from large windows","calm and airy","sofa, coffee table, floor lamp, plant","open space with central seating area","This modern living room features a minimalist design with a light color palette, giving it a bright and airy feel. The room is furnished with white sofas and chairs, complemented by sleek stainless steel and glass accents. Large windows allow for natural light to fill the space, creating a calm and inviting atmosphere."
"shabby-chic-style_435.jpg","Modern Minimalist","white, light wood","oak wood, stainless steel","natural soft light from large windows","bright and energetic","oven, dining table, plant, countertops","open space with central seating area","This kitchen features a modern minimalist design, with white cabinets, light wood accents, and stainless steel appliances. The open layout provides a bright and energetic atmosphere, enhanced by the natural soft light from the large windows."
"shabby-chic-style_437.jpg","Modern","white, blue","fabric, metal","natural sunlight from large windows","contemporary and sleek","mannequin, dress, chandelier","open concept space with focal point on mannequin display","This modern design showcases a minimalist palette of white and blue, with the use of fabric for the dress display and metal for decorative elements such as a chandelier. The large windows provide ample natural light that enhances the contemporary feel of the space."
"shabby-chic-style_438.jpg","Scandinavian","white, blue, green","wood, linen, metal","natural light from a large window","calm and peaceful","dining table, chairs, cabinet, vase with flowers","spacious living area with dining set","The interior design is a harmonious blend of natural elements, light wood tones, and vibrant accents. The space is inviting and well-lit, featuring a comfortable dining setup with a stylish cabinet that adds storage while maintaining the room's aesthetic."
"shabby-chic-style_439.jpg","Contemporary","Green, White, Black","Glass, Stone, Wood","Natural light from windows and skylights","Serene and peaceful","Pottery, Bamboo, Plants, Rocks","Circular arrangement with pottery at center","The interior design creates a tranquil atmosphere with a focus on natural elements and textures, using the colors of greenery to enhance the peaceful ambiance."
"shabby-chic-style_44.jpg","Scandinavian","white, beige, light wood","linen, wood, ceramic","natural soft light from large windows","calm and airy","sofa, coffee table, plant, floor lamp, dog, books, framed pictures","open space with central seating area","This room exhibits a Scandinavian design style, featuring light wood and linen furniture set against a backdrop of large windows. The overall mood is calm and airy, with natural soft light illuminating the space. A dog, books, and framed pictures add personal touches to the cozy and inviting atmosphere."
"shabby-chic-style_440.jpg","Rustic","wooden brown, white, light green","reclaimed wood, slate, brass","warm ambient lighting with accents from the chandelier and natural light coming in through the windows.","cozy and inviting, evoking a cabin-like feel.","bathtub, sink vanity, sofa, coffee table, potted plant","Open floor plan with the main living area leading to the bathroom. The bathtub is set into the wooden wall, and there's a separate shower stall.","This rustic-style room combines natural materials with industrial elements for a unique and inviting space."
"shabby-chic-style_441.jpg","Modern Minimalist","white, light blue, brown","oak wood, tile, brass","bright and even light from ceiling fixtures","clean and serene","white toilet, brown bathtub with pink floral shower curtain, white sink with chrome faucet","narrow space divided into bathroom area with separate toilet and tub, and bedroom area with twin beds and one window","A modern minimalist bathroom design that combines functionality and style, featuring oak wood accents, a bright color scheme, and efficient use of space."
"shabby-chic-style_442.jpg","Modern Minimalist","white, grey, natural wood","glass, wood, metal","recessed lights and natural light from windows","bright and airy","dining table, chairs, couches, artwork","open space with central seating area, flanked by walls with large windows","This modern dining room features a minimalist style with a white color palette and glass accents. The wood elements add warmth to the space, which is illuminated by recessed lights and natural light from the large windows."
"shabby-chic-style_443.jpg","Modern Minimalist","white, beige, natural wood, metallic accent","oak wood, linen, marble, glass","bright and clean, with ample natural light from windows","clean and modern, with a focus on functionality","shelving unit, storage containers, pots and pans, books","organized storage for kitchenware, with items neatly arranged","A well-lit, clean modern kitchen space, with a focus on functionality and organization."
"shabby-chic-style_444.jpg","Modern Minimalist","silver, white, beige","steel, fiberglass, wood","Natural soft light from large windows and interior lighting fixtures.","Calm and airy.","sofa bed, fold-down dining table, kitchenette, storage cabinets","Open space with central seating area, compact sleeping quarters, galley kitchen. Amenities include a fold-out bicycle under the trailer.","The interior of an older model travel trailer has been thoughtfully arranged for minimalist living, featuring steel and wood accents with natural light from windows and an efficient layout."
"shabby-chic-style_445.jpg","Modern Minimalist","beige, white, navy","wicker, metal, glass","natural soft light from large windows","calm and airy","sofa, coffee table, plant, floor lamp, throw pillows","open space with central seating area","This is a modern and minimalist living room design with wicker furniture, neutral tones, and an open layout that lets in plenty of natural light."
"shabby-chic-style_446.jpg","Modern Minimalist","white, light wood, navy","wood, leather, silk","Natural light from large windows, supplemented by recessed ceiling lights.","Calm and serene with a touch of sophistication.","couch, coffee table, area rug, floor lamp","Open space with a central seating area, flanked by chairs on either side.",""
"shabby-chic-style_447.jpg","Modern Minimalist","white, gray, wood","wood, marble, metal","natural soft light from windows and under-cabinet lights","calm and serene","sink, window, cabinets, countertop, plant","small galley kitchen with central workspace","The kitchen is a modern minimalist space with clean lines and a neutral color palette. It features wood elements, marble countertops, and under-cabinet lighting that provides soft illumination. The layout is a small galley design with the sink in the center and cabinets on either side."
"shabby-chic-style_448.jpg","Modern Minimalist","white, gray, wood accents","wood, fabric, metal, stone","soft, natural light from large windows and a skylight","calm and serene","white sofa, black coffee table, blue vase with flowers, wooden chair, tray of books","open space layout with central seating area and a fireplace as focal point","This living room is designed in a modern minimalist style, featuring white and gray tones with wood accents. The soft lighting comes from the large windows and skylight, creating a calm and serene atmosphere. Key objects include a white sofa, black coffee table, blue vase with flowers, wooden chair, and a tray of books."
"shabby-chic-style_449.jpg","Modern Minimalist","dark grey, white, brass","wood paneling, leather upholstery, gold accents","soft and warm with natural light from a large window","calm and sophisticated","modern armchair, dark wood coffee table, floor lamp with brass base, contemporary side tables, framed art on the walls","open space layout centered around a seating area","This is an image of a modern, minimalist living room featuring wood paneling and leather upholstery with brass accents, soft lighting from a large window, and a center seating area with comfortable armchairs."
"shabby-chic-style_45.jpg","Scandinavian","white, beige, light wood","oak wood, linen, concrete","natural soft light from large windows","calm and airy","sofa, coffee table, plant, floor lamp","open space with central seating area","This Scandinavian-style living room has a light color palette that creates a bright and airy atmosphere. The natural wood accents provide warmth, while the concrete floors add texture to the space. The arrangement of furniture around the central coffee table encourages conversation and relaxation."
"shabby-chic-style_450.jpg","Scandinavian","beige, blue, white","wooden flooring, brick wall, glass doors","Natural light from large windows and sliding glass door","Bright and airy","dining table with chairs, white cabinetry, plants","Open kitchen concept with seating area in front of window","This is a bright and airy Scandinavian-style kitchen that combines wooden flooring, beige tones, and plenty of natural light to create an open and inviting space for cooking and entertaining."
"shabby-chic-style_452.jpg","Modern Minimalist","white, beige, light wood","oak wood, linen, steel","well-lit with natural soft light from large windows","calm and airy","white kitchen cabinets, stainless steel stove top, wood countertops","spacious kitchen with ample counter space and storage","This is a well-lit, modern minimalist kitchen with white cabinets, wood countertops, and stainless steel appliances. The large windows provide plenty of natural light, making the kitchen feel spacious and open."
"shabby-chic-style_453.jpg","Modern Minimalist","white, blue, grey","wood, fabric, plastic","soft overhead lights complemented by table lamps","calm and modern","queen-size bed, two nightstands, blue armchair, large framed artwork","open floor plan with beds at one end, living area in center, and sitting area along opposite wall","The room features a modern minimalist design with neutral tones, wood accents, and contemporary furnishings."
"shabby-chic-style_454.jpg","Modern Minimalist","white, gray, beige","oak wood, cabinet hardware","natural soft light from large windows","calm and airy","sofa, coffee table, plant, floor lamp","open space with central seating area","This modern bathroom features a minimalist design with clean lines, neutral colors, and plenty of natural light. The space is furnished with a sofa and coffee table for relaxation, a large window for views, and a plant to add a touch of nature."
"shabby-chic-style_455.jpg","Scandinavian","white, blue, wood","fabric, glass, leather","natural soft light from large windows","calm and airy","bed, nightstand, sofa, chair","open space with central seating area","This Scandinavian-style room is filled with natural light, creating a calm and airy atmosphere. The bed is the focal point of the room, flanked by a nightstand on one side and a sofa on the other, providing ample seating space. The color palette consists mostly of soft whites and wood tones, while the fabric elements add a touch of texture and warmth to the space."
"shabby-chic-style_457.jpg","Modern Minimalist","purple, green, white","wood, metal, glass","bright and natural from many windows","calm and serene","plant stand, shelving unit, chairs, coffee table","open concept with natural wood elements","This living room boasts a modern minimalist style with a bright color palette of purple, green and white. The space is filled with wooden furniture that has metal accents and clear glass, contributing to the feeling of calmness and serenity."
"shabby-chic-style_458.jpg","Modern Minimalist","white, grey, navy blue","wood, leather, linen","natural soft light from large windows and floor lamps","calm and airy","bed with white bedding and gold accent pillows, white sofa in corner of room, blue armchair with gold accents, two wooden nightstands on either side of bed, long wall-mounted desk with mirror","open space with central seating area, defined by blue armchair and sofa, with bed located in corner to maximize natural light.","This is a well-lit, modern minimalist bedroom with a calm and airy atmosphere. The room features a white bed with gold accent pillows, a white sofa in the corner with a blue armchair for additional seating. Natural light floods in through large windows, complemented by two wall-mounted floor lamps that add warmth to space. The color palette is soft and neutral, with wood and leather materials used throughout. Furniture is kept simple but functional, emphasizing the openness of the space."
"shabby-chic-style_459.jpg","Modern","white, gray, pink","stainless steel appliances, quartz countertops, wood flooring","bright natural light from large windows","inviting and spacious","center island with pink chairs, stainless steel range hood, potted plant","open kitchen layout with central island","This modern kitchen features a stylish center island, stainless steel appliances, and natural light from windows."
"shabby-chic-style_46.jpg","Scandinavian","white, green","wood","natural soft light from large windows","calm and airy","dining table, chairs, plant, vase","open space with central seating area","This is a Scandinavian-style dining room featuring a minimalistic design, a green color palette, and natural lighting. The furniture includes a wooden table surrounded by green chairs, a plant for decoration, and a vase with flowers on the table as a centerpiece."
"shabby-chic-style_461.jpg","Modern Farmhouse","white, wood tones, green accents","wood, brick, wicker","Natural light from large windows and vaulted ceiling","Bright and welcoming","dining table, wooden bench, plants, wicker baskets, farmhouse decorations","Open concept with kitchen, dining, and living room areas flowing into each other","This home features a rustic yet modern farmhouse design with an emphasis on natural materials and light wood tones."
"shabby-chic-style_462.jpg","Modern Minimalist","white, light wood","linen, wood","natural soft light from large windows","calm and airy","king size bed, dresser, floor lamp, chandelier, vase with flowers","open space with central seating area","This is a well-designed, modern bedroom with a minimalist style. The color palette features white and light wood, providing a clean and serene atmosphere. The room is filled with natural light from the large windows, creating an open space feel. The materials used include linen and wood, which add to the modern design. In the center of the room is a king size bed dressed in matching linens, flanked by two lamps for ambient lighting. A dresser can be found against one wall, and there's also a chandelier adding an elegant touch. A vase with flowers sits on a side table, bringing a pop of color to the room."
"shabby-chic-style_463.jpg","Modern","white, gray, dark gray","wood, metal, marble","Overhead fluorescent lighting with track system for adjustable positioning.","Clean and minimalistic, providing a modern aesthetic to the space.","stainless steel appliances, quartz countertops, marble backsplash","Efficient and functional layout with ample storage and workspace.","This kitchen features a modern design with sleek lines, minimalistic elements, and high-quality materials that provide both visual appeal and practicality for meal preparation."
"shabby-chic-style_464.jpg","Modern","green, white, gray","wood, concrete, metal","Natural light from outdoor area","Bright and cheerful","flowers, stone wall, grill, chairs","Outdoor patio with grilling area","This is an image of an outdoor modern garden. It features a stone wall, flowers, and a grill for cooking. The color palette consists of greenery, white, and gray tones, complemented by natural wood, concrete, and metal materials. The space has a bright and cheerful mood due to the natural light that illuminates the area. The layout is designed with an outdoor patio in mind, featuring seating around the grill for enjoyment of the garden space."
"shabby-chic-style_466.jpg","Scandinavian","white, gray, wood","wood, fabric, metal","natural soft light from large windows and chandelier","calm and cozy","bed, dresser, chair, nightstand, artwork","open space with central seating area, furniture grouped around bed","This room is a Scandinavian-style interior featuring a comfortable and cozy atmosphere. The color palette includes white, gray, and wood tones for a natural and serene feel. Materials used include oak wood, fabric upholstery, and metal accents that add depth and interest to the space. Lighting is provided by large windows allowing natural light in and a chandelier adding warmth to the room at night. The furniture arrangement includes a central seating area with a bed at the heart of the space, creating a relaxed environment for rest and relaxation."
"shabby-chic-style_467.jpg","Modern","white, gray","wood, metal","Natural light from windows, recessed lighting","Clean and minimalistic","stove, oven, cabinets, mirror","Efficient workspace with storage solutions","This is a modern kitchen with a sleek design featuring wood cabinetry, stainless steel appliances, and an efficient layout. The color palette consists of white cabinets and gray countertops that complement the natural light from the windows and recessed lighting. The minimalistic style emphasizes clean lines and uncluttered surfaces for a clutter-free cooking environment."
"shabby-chic-style_468.jpg","Modern","light grey, dark grey, white","wood, linen, metal","natural sunlight shining through large windows","neutral and serene","bed, nightstand, rug, side table","spacious with clean lines and minimal clutter","The room features a large bed positioned against the wall with two nightstands on either side. A white rug adds warmth to the space, which is characterized by light wood flooring and linen upholstery in neutral colors."
"shabby-chic-style_469.jpg","Modern Minimalist","white, beige, light wood","concrete, wood, marble","natural soft light from large windows","calm and airy","bathroom sink, mirror with decorative frame, vase with flowers","small space with efficient use of vertical walls for storage","The bathroom features a minimalist design with a focus on clean lines and neutral colors. The concrete countertop and wood elements provide warmth to the space, while the mirror above the sink enhances the perception of depth and brightness."
"shabby-chic-style_47.jpg","Scandinavian","white, light blue, cream","wood, linen, silk","soft natural light from large windows","calm and cozy","bed, cabinet, flower pot, vase, window seat","open space with central seating area under the bed canopy","This room features a Scandinavian design with a light and airy color palette, natural wood materials, soft linen textures, and ample natural light. The bed is the centerpiece of this cozy space, enhanced by the warm glow of soft lighting."
"shabby-chic-style_470.jpg","Modern Minimalist","white, light blue, neutral gray","white painted wood, linen, metal frame","natural soft light from large windows and ambient ceiling lighting","calm and airy","sofa, coffee table, floor lamp, ruffled throw pillows, artwork","open space with central seating area","This modern minimalist bedroom has a calming white palette, soft lighting, and an airy feel."
"shabby-chic-style_471.jpg","Scandinavian","white, beige, light wood","wood, fabric, glass","natural soft light from large windows","calm and airy","bed, dresser, mirror, chair","open space with central seating area","This interior design is a Scandinavian-style cottage with a calm and airy mood, featuring wood walls and flooring, beige fabric accents, a large window providing natural light, and minimal furniture including a bed, dresser, mirror, and chair."
"shabby-chic-style_472.jpg","Modern Minimalist","white, beige, light wood","oak wood, stainless steel appliances, linen","soft overhead lighting with dimmer switch and recessed lights under cabinets","calm and inviting","center island, built-in oven, stainless steel fridge, pendant light fixtures","open concept with kitchen, dining room, and breakfast bar all flowing together","This modern minimalist kitchen features a clean white color palette that is accented by the warm tones of oak wood. The space is well-lit with soft overhead lighting that complements the recessed lights under the cabinets. A center island provides additional workspace and storage, while stainless steel appliances add a touch of modern elegance to the room."
"shabby-chic-style_474.jpg","Scandinavian","white, gray, blue","wood, fabric, glass","soft natural light from windows","calm and serene","bed, bench, armchair, side table, ruffled bedding","spacious with a central seating area under the windows","This bedroom has a Scandinavian design with a monochromatic color palette, featuring natural materials and soft lighting that creates a calm and serene atmosphere."
"shabby-chic-style_475.jpg","Mid-Century Modern","orange, blue, white","wood, canvas, brick","natural soft light from large windows","warm and cozy","dining table, chairs, lamp, painting","open space with central seating area","This interior design showcases a Mid-Century Modern style, featuring an orange and blue color palette, wood materials, natural lighting, and comfortable seating arranged around a dining table."
"shabby-chic-style_476.jpg","Rustic","natural tones, neutral, rustic brown","wood, clay, brick","natural light from windows and skylights","cozy and warm","bookshelf, vintage chair, plant, old-fashioned lantern","open floor plan with a central sitting area near an entryway","This rustic living room is characterized by its natural materials, neutral color palette, and furniture pieces that feel both old and new."
"shabby-chic-style_478.jpg","Industrial Loft","dark gray, silver, pink","concrete, brass, wood","natural light from large windows with frosted glass","modern and serene","large rectangular mirror on the wall, vase with a bouquet of pink flowers, tall gold candlestick holder, wooden towel rack, white marble sink with brass faucet","small rectangular bathroom space centered around the sink and mirror","This is a modern industrial loft bathroom design featuring a dark gray vanity, silver accents, and pink floral elements. Natural light from windows with frosted glass provides a serene atmosphere, while brass accents add a touch of warmth to the space."
"shabby-chic-style_479.jpg","Industrial Loft","dark teal, white, brass","metal pipes, concrete tiles, wooden cabinets","well-lit with recessed lighting and accent track lighting","modern and edgy","kitchen island, industrial sink, brass faucet, metal barstools","open space kitchen design with industrial elements and a focus on modern finishes","This image depicts an open kitchen area featuring an industrial loft style with concrete tile backsplash, brass fixtures, and wooden cabinets. The color palette is neutral with dark teal accents that add warmth to the space. The layout includes a large kitchen island as a focal point for cooking and dining, while the open shelving adds to the modern feel."
"shabby-chic-style_480.jpg","Modern Minimalist","white, light wood","oak wood","natural soft light from large windows","calm and airy","dresser, cabinet, shelf, mirror","spacious with ample storage","This minimalist interior features an all-white color scheme, oak wood cabinetry, and large windows that allow natural light to fill the room."
"shabby-chic-style_481.jpg","Modern","white, beige, light wood","wood, fabric, metal","Natural light from large windows and recessed lighting","Bright and airy","sofa, coffee table, plant, floor lamp, bookshelf","Open floor plan with stairway in the center of the living space","This modern living space features a bright color palette and natural lighting, providing an airy and open atmosphere."
"shabby-chic-style_482.jpg","Modern Coastal","white, beige, cool blues","oak wood, linen, bamboo, wood","natural light from large windows creating bright and airy space","calm and inviting with a touch of luxury","couch, coffee table, floor lamp, throw blanket, sea shell decor","open floor plan with large windows allowing for natural light to fill the space","Modern coastal living room with a clean, simple design and inviting atmosphere."
"shabby-chic-style_483.jpg","Modern Minimalist","white, beige, light wood","steel, marble, wood","bright natural light from large windows","clean and serene","bathroom sink, vanity mirror, flowers","narrow space with wall-mounted sink and vanity mirror","A minimalist bathroom design in a modern style, featuring bright natural lighting that creates a clean and serene atmosphere. The color palette consists of light neutral tones complemented by steel fixtures and marble countertops."
"shabby-chic-style_484.jpg","Scandinavian","white, beige, blue","wood, linen, crystal","natural soft light from large windows and a chandelier","calm and airy","round wooden table, white upholstered chairs, blue and white area rug, crystal chandelier, wooden bench","open space with a central seating area","This is a cozy and inviting kitchen/dining room that combines Scandinavian design principles, such as natural materials and soft lighting, with elements of modern minimalism, like the clean lines of the furniture."
"shabby-chic-style_485.jpg","Modern","white, gray, black, bright orange","wood, fabric, metal, ceramic","recessed lighting with warm tone","lively and vibrant","floor lamp, plant in corner, artwork on wall, colorful pillows on sofa, stool for sitting","open space with central seating area and artwork display","This is a modern, colorful living room filled with vibrant decor."
"shabby-chic-style_486.jpg","Bohemian","white, pink, gold","wood, velvet, lace","soft and warm with natural light","charming and whimsical","crib, cushioned rocking chair, shelves for books, decorative ruffle trim","small room with a central focus on the crib","A charming bohemian nursery featuring soft pink and white colors, wooden furnishings, and decorative lace elements."
"shabby-chic-style_488.jpg","Modern Minimalist","beige, brown, black","wood, fabric","bright and natural light from large windows","clean and serene","sofa, coffee table, floor lamp, vase, pillow","open space with central seating area and wood cabinet in back","This is a modern minimalist living room featuring neutral colors, wooden cabinets, and bright lighting. The design focuses on simplicity and functionality, creating a serene and comfortable space."
"shabby-chic-style_489.jpg","Industrial Loft","white, beige, light wood","steel, oak wood, concrete","natural soft light from large windows and hanging lights","calm and airy","white table, wooden chairs, large plant, floor lamp","open space with central seating area and long kitchen island","This image showcases a loft-style interior with an industrial aesthetic, featuring light-colored materials that create a warm and open atmosphere. Natural light from the large windows complements the hanging lights and white table, providing a calm and airy feel to space."
"shabby-chic-style_49.jpg","Industrial Loft","white, black, wood, metal","concrete, steel, wood, glass","natural and recessed lighting","modern and minimalist","large island, stainless steel refrigerator, white cabinets, kitchen sink","open layout with kitchen island as centerpiece","A modern industrial style kitchen with a focus on openness and functional design."
"shabby-chic-style_491.jpg","Modern Minimalist","white, beige, light wood","linen, silk, wood","natural soft light from large windows","calm and airy","cradle, nursery bedding, mobiles, canopy","simple layout with a central crib","The nursery is designed in a modern minimalist style, featuring a calming light palette and natural linen textures. The space includes a cradle with matching bedding and accents, creating a serene environment for a newborn."
"shabby-chic-style_492.jpg","Rustic Cottage","green, purple, orange","wood, stone, moss","natural light from trees and sky","peaceful and inviting","rocking chair, birdhouse, flower pot, garden bench","cobblestone walkway leading to garden seating area","This image depicts an outdoor space designed with a rustic cottage style, featuring natural materials and colors. The scene includes various elements like a rocking chair on a cobblestone path leading to a garden bench under the shade of trees."
"shabby-chic-style_493.jpg","Minimalist","white, grey","wooden floors, white walls, white furniture","Natural light from ceiling to floor windows, with soft overhead lights that add a gentle glow.","Calm and serene","sofa, coffee table, floor lamp, bookshelf, area rug","Open concept living space with no walls separating the kitchen, dining, and living room areas.","This Minimalist-style home features clean lines, a monochromatic color scheme, and simple yet elegant furnishings that create a calming atmosphere."
"shabby-chic-style_496.jpg","Scandinavian","white, light blue, grey, wooden brown","linen, cork, brass, acrylic","Natural light from large windows and recessed lights","Calm and airy","sofa, coffee table, floor lamp, potted plant, rug, vase","Open space with central seating area around coffee table","A spacious and modern living room featuring a Scandinavian style design, with neutral colors and materials that provide a calm and airy atmosphere."
"shabby-chic-style_497.jpg","Modern Minimalist","white, gray","wood, marble","natural soft light from large windows","calm and airy","sink, vanity mirror, tub, baskets","linear arrangement with vanity mirror centered over sink, baskets underneath","Modern bathroom with a calming minimalist design featuring a gray sink and vanity mirror."
"shabby-chic-style_498.jpg","Modern Minimalist","white, beige, light wood","oak wood, linen, stainless steel","natural soft light from large windows","calm and airy","island with marble countertop, stainless steel refrigerator, modern pendant lights, large area rug","open space with central kitchen island as focal point, stainless steel appliances along wall.","This modern minimalist kitchen combines a clean and simple design with natural light to create an inviting atmosphere."
"shabby-chic-style_499.jpg","Modern","white, black, wood","cabinet, marble, tile, metal","overhead lighting and natural daylight","clean, elegant, bright","mirror, sink, vanity, bathroom accessories","split bathroom space with separate sink areas for each station","A modern bathroom with a clean and spacious layout featuring two sinks and ample natural light."
"shabby-chic-style_5.jpg","Modern Minimalist","white, beige, light wood","oak wood, leather, stainless steel","well-lit, with recessed lighting in the ceiling and accent lighting above the fireplace","warm and inviting, with a focus on neutral colors to create a relaxing atmosphere","modern sofa, low slung armchair, coffee table, contemporary pendant lights","open floor plan with the living area flowing into the dining and kitchen spaces","This modern space uses minimalistic design elements to create a clean, inviting atmosphere with comfortable seating arrangements for relaxation."
"shabby-chic-style_50.jpg","Modern Minimalist","white, natural wood tones, blue accents","wood paneling, stainless steel appliances, glass countertop","bright and natural from large windows","clean, organized, and inviting","modern desk with built-in machine, high-rise bar stool, vase of flowers, reclaimed wood side table","linear with central focus on workspace","This modern sewing room features a minimalist design with natural wood tones and accents of blue. Bright, natural light fills the space, creating an inviting atmosphere for creative work."
"shabby-chic-style_500.jpg","Scandinavian","white, wood tones, green accents","oak wood, linen, steel","natural soft light from large windows","calm and airy","dining table, outdoor chairs, hanging pendant lights, wooden serving tray, potted plants","open space with central dining area","A Scandinavian-style patio or porch decorated in a light and airy manner, featuring oak wood furniture, linen textiles, natural lighting from windows, and plants for a touch of greenery."
"shabby-chic-style_502.jpg","Craftsman","white, teal, brown","wood, glass, metal","natural sunlight from window above worktable and additional lighting from lamp","creative and cozy","craft table, chair, shelves with supplies, decorative items","workspace area with benches for seating, storage areas along wall under shelf","A craftsman style workspace in a room with natural lighting and plenty of supplies for various craft projects."
"shabby-chic-style_505.jpg","Mid-Century Modern","navy blue, red, beige","wood, linen, leather","warm and inviting with a mix of natural light from windows and soft artificial lighting","vintage-inspired with a touch of bohemian charm","sofa bed, wooden coffee table, potted plant, floor lamp","sophisticated studio apartment with space saving furniture and layout","This sophisticated studio apartment is designed with vintage-inspired Mid-Century Modern style, featuring navy blue, red, and beige colors for its color palette. The space is composed of wood, linen, and leather materials, providing warmth and texture. Lighting comes from a mix of natural light streaming through windows and soft artificial lights, creating a warm and inviting ambiance. Key furniture pieces include a sofa bed, wooden coffee table, potted plant, and floor lamp. The layout is space-saving, maximizing the available space in the studio for a comfortable living environment."
"shabby-chic-style_506.jpg","Scandinavian","light wood, white, blue","wooden accents, linen, wood paneling","well-lit with natural light from two windows and a ceiling fixture","calm and cozy","bed, nightstand, dresser, wreath","two twin beds next to each other, flanked by wooden nightstands and a dresser, with a wreath on the headboard for decoration","This bedroom features two twin beds dressed in light wood tones with white linens, creating a clean and bright atmosphere. The room is accented with wooden elements such as paneling and furniture pieces. A ceiling fixture provides additional illumination, while the two windows allow for an abundance of natural light. The overall mood is calm and cozy, inviting relaxation."
"shabby-chic-style_507.jpg","Scandinavian","white, beige, light wood","brick wall, wood table and chairs, metal chandelier","natural soft light from large windows","calm and airy","dining table and chairs, chandelier above the table, decorative candles on the table","open space with central seating area around the dining table","A bright and airy Scandinavian-style kitchen featuring a brick wall, wooden table and chairs, metal chandelier, and decorative elements such as candles."
"shabby-chic-style_508.jpg","Modern Minimalist","gray, white, black","wood, glass, metal","bright and even","clean, sleek, contemporary","cabinet, mirror, bottle on the counter","space is open with a wall-mounted mirror reflecting other side of room","The interior design features a modern minimalist style with gray, white and black color scheme. The space has clean lines, wood finishes, and bright lighting."
"shabby-chic-style_509.jpg","Scandinavian","light blue, white, green","wooden furniture, linen upholstery, brass hardware","sunlit, with natural light coming in through windows","calm and serene","bed, dresser, lamps, bookshelf","a bedroom with a large window allowing for ample natural light to fill the space, and a bed placed against one wall.","This is a bright and airy bedroom with a Scandinavian design style. The room features wooden furniture, linen upholstery, and a calm color palette of light blue, white, and green. Natural light fills the space through large windows placed in front of the bed. There are lamps and a bookshelf for functionality and decoration."
"shabby-chic-style_510.jpg","Modern","white, light wood, gray","oak wood, porcelain, tile","natural light from large window and under-cabinet lights","clean and sophisticated","freestanding tub, modern sink with rectangular faucet, wooden vanity cabinet, potted succulent on counter","space is divided into distinct sections for shower, toilet, and bathroom vanity","This modern bathroom features a clean and sophisticated design with a neutral color palette, natural lighting, and minimalist fixtures."
"shabby-chic-style_511.jpg","Modern Minimalist","white, beige, light wood","wooden furniture, leather upholstery, glass windows","soft and warm, with natural light from large windows","calm and serene","sectional sofa, coffee table, floor lamp, large area rug, potted plant","open space with central seating area surrounding fireplace","This modern living room features a minimalist design, neutral color palette, and warm lighting. The layout is open and inviting, with a comfortable sectional sofa facing the large fireplace that serves as the centerpiece of the space."
"shabby-chic-style_512.jpg","Modern Minimalist","white, beige, light wood","oak wood, linen, concrete","natural soft light from large windows","calm and airy","cabinets, shelves, countertops, drawer, cabinet doors, window","linear layout with kitchen unit and shelves along the wall","This is a modern minimalist kitchen design with clean lines, oak wood cabinets, and white surfaces. The space features large windows allowing natural light to fill the room."
"shabby-chic-style_513.jpg","Modern","white, gray, silver","glass, wood, metal","natural light from large windows","bright and airy","table, chairs, vase with flowers, framed painting on wall","open space with central seating area","The interior of a modern, spacious dining room featuring a clean color palette and natural lighting."
"shabby-chic-style_515.jpg","Rustic","white, wooden tones, navy blue","wood, glass, metal","Mixed - recessed lighting and lanterns","Warm, welcoming, country-inspired","island in center of room, wooden bench, wooden bar stools, metal chandelier","Open kitchen concept with central island for cooking and seating","A rustic-style kitchen with an open layout featuring a central island, wooden elements, and warm lighting."
"shabby-chic-style_516.jpg","Modern Minimalist","light blue, white, black","wood, fabric, metal","Natural light from floor-to-ceiling windows","Bright and airy","clothing rack, white wall, black frame on clothing rack","Clothing displayed in a row along a white wall","A clean, minimalist living space featuring a colorful assortment of handmade tie-dye scarves hanging on a black-framed rack against a white wall. The bright light from windows enhances the vibrant colors and creates a cheerful atmosphere."
"shabby-chic-style_517.jpg","Mid-Century Modern","white, blue, wood","wood, fabric, metal","natural light from the window and a lamp on the wall","cozy and inviting","couch, end table, birdcage decoration, vase","living room with seating area facing a bay window","This living space features vintage furnishings with a mid-century modern style. The color palette is soft and natural, creating a cozy atmosphere. Natural light from the window and wall lamp illuminate the room, highlighting the wooden tones of the decor."
"shabby-chic-style_518.jpg","Scandinavian","white, beige, light wood, blue","oak wood, linen, brass, wood","Natural soft light from large windows","Calm and airy","queen size bed, tufted bench, lamp, framed artwork, round mirror","Open space with central seating area flanked by bedroom wings on either side","This interior design is in the Scandinavian style, featuring a calming color palette of white, beige, light wood and blue. Materials used include oak wood, linen, brass and wood. The room has natural soft lighting from large windows which contribute to the calm and airy mood. Key objects in this space are a queen size bed with tufted bench, a lamp, framed artwork and a round mirror. The layout is open, creating central seating area flanked by bedroom wings on either side."
"shabby-chic-style_52.jpg","Scandinavian","white, beige, light wood","wooden flooring, glass on windows and cabinets, brass accents","Natural light from large windows with sheer curtains and overhead chandelier.","Bright, airy and inviting.","dining table with centerpiece, vintage chandelier hanging above table, white upholstered chairs, large floral arrangement","Central kitchen island with sink facing dining area. Dining room features a large wooden table surrounded by white chairs.","This is a stylish, well-lit Scandinavian kitchen and dining space that combines modern simplicity with vintage charm through the use of natural materials and carefully chosen decor."
"shabby-chic-style_520.jpg","Modern Minimalist","white, beige, light wood","steel","bright natural light from large windows","calm and airy","sofa, coffee table, plant, floor lamp","open space with central seating area","The room is a modern minimalist living room with white walls, beige furniture, steel fixtures and bright natural light from large windows. The overall mood of the room is calm and airy."
"shabby-chic-style_521.jpg","Modern Minimalist","white, gray, navy","wood, leather, linen","Natural soft light from large windows","Calm and airy","sofa, coffee table, plant, floor lamp, bookshelves, chair","Open space with central seating area, flanked by bookshelves.","This living room has a modern minimalist design, featuring white and gray tones with wood and leather accents. The natural light from large windows creates a calm and airy atmosphere, perfect for relaxation. A central sofa is surrounded by bookshelves and flanked by a coffee table, while the floor lamp adds warmth to space."
"shabby-chic-style_522.jpg","Modern Minimalist","white, beige, light wood","glass shower door, wood paneling, tiled flooring","ambient and task lighting with natural soft light from large windows","calm and serene","bathtub, two sinks with mirrors above them, toilet, shower, wooden vanity","centralized space layout with separate areas for sleeping, bathing, and dressing","This is a modern minimalist bathroom design with a focus on clean lines, natural materials, and a calm and serene atmosphere."
"shabby-chic-style_523.jpg","Modern Minimalist","white, gray, black","wood, fabric, metal","bright and natural from floor to ceiling windows","modern and serene","couch, chairs, coffee table, rug, clothing rack","spacious with open concept leading to kitchen and dining areas","The living room is a modern space featuring minimalist furniture, neutral colors, and natural lighting."
"shabby-chic-style_524.jpg","Scandinavian","beige, light wood, white","wood, wicker, linen","natural soft light from large windows","calm and airy","sofa, coffee table, area rug, bookshelf, floor lamp","open space with central seating area surrounding fireplace","This interior design is a modern, minimalist Scandinavian style with warm beige and light wood tones. The open plan layout features natural light coming through large windows, giving the room a calm and airy atmosphere. Wood paneling adds texture and warmth to space while white accents provide contrast. A cozy sitting area surrounds a central fireplace, which serves as the focal point of the room. The neutral color palette complements the natural materials used in the furniture, such as wicker chairs and wood tables, contributing to a serene ambiance."
"shabby-chic-style_526.jpg","Scandinavian","blue, white, wood","light wood, ceramic, fabric","natural soft light from large windows","calm and airy","sofa, coffee table, plant, chair","open space with central seating area","This is a bright, airy Scandinavian-style living room featuring light wood furniture and blue accents, with natural light from the large window creating a serene and inviting atmosphere."
"shabby-chic-style_528.jpg","Modern","white, gray, black","wood, linen, leather","natural light from large windows","clean and airy","sofa, coffee table, plant, floor lamp","open space with central seating area and defined dining space","A modern living room with a neutral color palette, clean lines and an open layout."
"shabby-chic-style_529.jpg","Modern Minimalist","white, black, grey","wood, concrete, metal","well-lit with natural light from the large window","clean and serene","couch, coffee table, flat screen TV, floor lamp, artwork","open space with central seating area in front of the TV","This modern living room features a minimalist design with a focus on clean lines and a neutral color palette. The large window allows for ample natural light, contributing to the serene atmosphere. The centerpiece is a flat screen TV mounted above the coffee table."
"shabby-chic-style_53.jpg","Modern Minimalist","gray, white, black","metal, wood, marble","natural soft light from large windows","calm and airy","sink vanity, makeup mirror, tub, wastebasket","linear bathroom layout with fixtures lined up in a row","A modern minimalist bathroom with clean lines and neutral colors."
"shabby-chic-style_530.jpg","Scandinavian","white, blue, wood","oak wood, fabric, glass","soft natural light from large windows","calm and airy","couch, coffee table, chair, bookshelves, vase","open space with central seating area, bookshelves on either side of the room","This living room is designed in a Scandinavian style, featuring white walls, wooden bookshelves, and soft lighting that create a calm and airy atmosphere."
"shabby-chic-style_531.jpg","Modern","green, purple, yellow","concrete, wood, metal","sunlight with some shade","calm and natural","plant, cactus, pathway, bench","outdoor garden with winding path","Modern garden with a mix of plants, cacti, and man-made structures. The use of concrete, wood, and metal creates an organic yet sophisticated feel."
"shabby-chic-style_532.jpg","Modern Minimalist","white, black, gray, blue","wood, leather, metal, fabric","bright and airy with natural light from large windows","calm and serene","sofa, coffee table, shelves, artwork","open space with central seating area and wall-mounted shelving","This living room features a modern minimalist design with an emphasis on clean lines and neutral colors. The space is lit brightly by natural light that enters through large windows, creating a calm and serene atmosphere. The room contains a comfortable sofa, a functional coffee table, stylish shelving for display, and artwork to add visual interest. The color palette consists of white, black, gray, and blue tones, with wood and leather accents adding warmth."
"shabby-chic-style_533.jpg","Modern Minimalist","white, black, gold","wood, glass, fabric","natural light from large windows","calm and serene","bathtub, wash basin, towel rack, ruffled linen bath mat, framed artwork","narrow hallway leading to open space with window view","This modern bathroom combines clean lines and minimalistic design elements to create a serene and calming atmosphere. The use of white, black, and gold tones against the backdrop of wood and glass creates a warm yet sleek look."
"shabby-chic-style_534.jpg","Modern Minimalist","light gray, white, dark gray","metal frame, leather upholstery, wood, glass","Natural soft light from large windows and a ceiling fan that provides a cool breeze.","Calm and serene","Queen size bed, Chair, Nightstands, Coffee table","A spacious bedroom with a large bed positioned to enjoy the window view, a seating area featuring a chair, and a coffee table. The nightstands flank the bed and are also in the seating area.","This is a modern minimalist bedroom that combines functionality with style, featuring a large comfortable bed, a seating area for relaxation, and sleek design elements."
"shabby-chic-style_535.jpg","Coastal Cottage","white, wooden deck, coastal blues","wood paneling on walls and ceiling, natural stone tiles","Natural light from windows with white sheer curtains","Bright, airy, and coastal","distressed wooden table and chairs, metallic coastal lantern on table, coastal-style rug underneath table","Open space with central dining area","This image captures a charming coastal cottage style interior design. The room is filled with natural light, creating a bright and airy atmosphere, complemented by the distressed wooden furniture pieces that exude a rustic yet elegant vibe. The color palette is soft with a focus on whites and coastal blues, while the materials used are primarily wood paneling and stone tiles. The overall mood of the space is one of relaxation and enjoyment, perfect for casual dining or socializing."
"shabby-chic-style_536.jpg","Modern Industrial","black, white, wood","steel, glass, brick","industrial pendant lights and recessed","modern and sophisticated with a touch of rustic charm","kitchen island, dining table, shelving unit, vintage-inspired cabinetry","open concept kitchen, dining, and living room space","An elegant and modern industrial-style home features black and white color tones accented with wood, glass cabinets and pendant lights over a central island in the kitchen."
"shabby-chic-style_537.jpg","Modern Minimalist","white, beige, light wood","wood, fabric, glass","soft overhead light with additional floor lamps providing ambient lighting","calm and airy","queen-size bed, sofa with chaise lounge, two armchairs, coffee table, floor lamp","space arranged symmetrically around central seating area, creating a sense of balance and harmony","This modern minimalist bedroom features a clean and simple design with neutral colors that contribute to its serene atmosphere. The use of natural materials and soft lighting creates a peaceful and relaxing environment."
"shabby-chic-style_538.jpg","California Mid-Century Modern","blue-gray, white, natural wood","wood paneling, stone, concrete","Warm and inviting natural light fills the space, enhanced by recessed can lights.","Relaxed and comfortable with a touch of nostalgia.","poolside lounge chair, outdoor fire pit, potted plants, pool table","A spacious poolside living area leads to the backyard patio, which has a built-in barbecue and a fire pit for warm evenings.","This modern California home combines indoor comforts with outdoor amenities, creating an inviting space for relaxation and entertainment."
"shabby-chic-style_540.jpg","Modern","white, gray, black","wood, steel","bright and modern with a mix of ambient, task and accent lighting","modern and elegant","kitchen island, countertop stove, pendant lights, barstools","an L-shaped kitchen design with central workspace at the island","A modern kitchen with an L-shaped counter, featuring a kitchen island that houses both a stove and a bar area. The color palette is neutral with black accents, while materials like wood and steel add a touch of warmth and sophistication."
"shabby-chic-style_541.jpg","Scandinavian","white, grey, natural wood","oak flooring, linen drapes, wooden beams, brass accents","ambient with a touch of natural light from windows","calm and peaceful","king size bed, armchair, coffee table, floor lamp, potted plant","spacious room with separate seating area and large windows providing natural light","A modern Scandinavian bedroom with minimalist design, natural materials, and soft neutral colors."
"shabby-chic-style_543.jpg","Scandinavian","green, white, light wood","oak wood, linen, glass","well-lit room with natural soft light from large windows","calm and airy","round mirror, dark wooden dresser, white wall sconces","small, narrow space designed for efficient use of limited area","Scandinavian-style bathroom with a clean, minimalist design and focus on natural lighting."
"shabby-chic-style_544.jpg","Vintage Chic","white, gold, cream","wood, linen, velvet","Soft and Warm","Luxurious and Comfortable","bed with canopy, chaise lounge, chandelier, vintage mirror","Airy Master Bedroom","This bedroom combines vintage elements with a luxurious feel, featuring a large bed under a canopy, a chaise for relaxation, and a classic chandelier. The neutral color palette of white, cream, and gold creates an elegant and inviting atmosphere."
"shabby-chic-style_545.jpg","Modern Minimalist","white, beige, blue","marble, wood, metal","Soft natural light from the large windows","Elegant and serene","chandelier, coffee table, lamp, vase","Open space with a central seating area surrounding a fireplace","This is a modern minimalist living room that exudes elegance and serenity through its design elements. The color palette consists of white, beige, and blue tones, complemented by materials such as marble, wood, and metal. The space is well-lit with soft natural light from the large windows. A chandelier hangs above a coffee table, with a lamp and vase adding to the room's decorative elements. The layout features an open space with a central seating area centered around a fireplace."
"shabby-chic-style_546.jpg","Traditional","white, golden yellow, dark wood","wood, fabric, metal","Muted ambient lighting with soft, warm tones.","Elegant and serene with a touch of luxury.","bed, two wall-mounted mirrors, lamp, pillows","Symmetrical arrangement centered around the bed, with flanking lamps on either side.","This is a classic and elegant bedroom design featuring neutral colors and traditional furniture."
"shabby-chic-style_547.jpg","Scandinavian","white, beige, light wood","wood, fabric, glass","natural soft light from large windows","calm and airy","king size bed, two-tone upholstered bench at foot of bed, floor lamp with neutral shade, white area rug","open space with central seating area, centered around large window for natural light and view","This is a modern Scandinavian-style bedroom with a focus on simplicity and comfort, featuring a king size bed dressed in neutral tones with accents of light wood. Natural light from the large window creates a serene atmosphere, complemented by the soft glow of floor lamps. The room's color palette is a harmonious blend of beige, white, and light wood. A two-tone upholstered bench provides additional seating at the foot of the bed, while a rug underfoot adds warmth and texture to the space. Materials used are natural and durable, including oak wood for the flooring, fabric for the soft window treatments, and glass for the large windows that offer a view of the outdoors."
"shabby-chic-style_548.jpg","Scandinavian","white, blue, green","wood, metal, fabric","soft, diffused light from white pendant lights and natural light coming through windows and glass doors","bright, clean, and cheerful","kitchen island with barstools, high table with benches for dining, hanging plants, colorful decorative items on shelves","open concept space that blends kitchen, dining, and living areas","This room showcases a Scandinavian style with a bright color palette, natural materials, and an open layout that promotes social interaction."
"shabby-chic-style_549.jpg","Mid-Century Modern","white, oak wood, black, navy","oak wood, marble, stainless steel, leather","recessed lighting with warm glow, complemented by natural light from large windows.","warm and inviting, perfect for gatherings and family time.","kitchen island, vintage pendant lights, white cabinetry, brass accents","open concept with a clear sightline to the outdoors.","This kitchen is well-designed, featuring high quality materials and fixtures, giving it an elegant and timeless feel."
"shabby-chic-style_55.jpg","Modern Minimalist","light pink, white, gray","wood, fabric, metal","bright and natural light from the window","clean and fresh","bed, desk, chair, mirror, books, flowers","organized layout with central bed, flanking desks, and surrounding seating area","A modern, minimalist design featuring light pink color scheme, natural lighting, a mix of wood, fabric, and metal materials, with a neatly arranged space focused on functionality and simplicity."
"shabby-chic-style_551.jpg","Rustic","brown, white, grey","wood, metal, plastic","natural light through the windows","warm and welcoming","bed, chair, couch, table","small cabin with open living space","A cozy wooden cabin with a simple, inviting layout and natural lighting."
"shabby-chic-style_552.jpg","Modern","black, white, gray","marble, metal, wood","bright overhead lights and under cabinet lighting","clean and sleek","sink, cabinet, countertop, faucet","kitchen design with a clean, modern look","This kitchen features a marble countertop, modern sink and faucet set in a spacious, brightly lit environment."
"shabby-chic-style_553.jpg","Scandinavian","white, beige, wood accent","wood, linen, metal","natural soft light from large windows","calm and airy","sofa, coffee table, plant, floor lamp, basket, mirror, books","clean, uncluttered space with central seating area under large mirror","A Scandinavian-style interior featuring natural lighting and a minimalist color scheme. The room is open and airy, with a cozy sofa, coffee table, plant, and books for relaxation."
"shabby-chic-style_554.jpg","Scandinavian","gray, white, navy","wood, linen, silk","soft natural light from windows","cozy and inviting","bed, nightstand, chair, desk","organized space with bed at center","The room features a Scandinavian design with neutral colors, wood accents, linen textiles and soft natural lighting. The layout is centered around the bed with a nightstand to its right. A chair is placed next to a desk that also functions as a vanity. Overall, the room feels cozy and inviting."
"shabby-chic-style_556.jpg","Scandinavian","light beige, pink, white","wood, linen, cotton","natural soft light from large windows","calm and cozy","bed, chair, sofa, lamps, pillows","open space with central seating area, flanked by bed on right and sofa on left.","This is a bright and airy Scandinavian-style bedroom featuring light wood tones, linen textures, and natural window light."
"shabby-chic-style_557.jpg","Scandinavian","light pink, white, beige","wood paneling, linen, leather","ambient lighting with soft, warm glow from ceiling lights and table lamps","warm and welcoming","sofa, coffee table, floor lamp, plant, books","open space layout with central seating area, flanked by walls of built-in bookshelves","This living room design incorporates a Scandinavian style with a light pink color scheme, featuring linen textiles and leather accents. The open space is filled with warm ambient lighting, complemented by a central seating area with a sofa, coffee table, and floor lamp, flanked by built-in bookshelves on both walls."
"shabby-chic-style_558.jpg","Scandinavian","pink, white, blue","wood, fabric, metal","natural light from window and ceiling fixture","calm and serene","canopy bed with pink floral comforter, white nightstands with blue drawers, potted plant on right side of bed, white fluffy throw blanket over armchair, framed photo on left side of bed","spacious room with canopy bed in center and seating area around it","This is a lovely, spacious bedroom that uses a Scandinavian style with pink accents. The room features a large canopy bed as the focal point, flanked by white nightstands on each side. A cozy armchair and a potted plant create a welcoming atmosphere in this brightly lit space."
"shabby-chic-style_559.jpg","Modern Minimalist","beige, grey, blue","wood, fabric, metal","natural soft light from the large windows","calm and airy","outdoor sofa, coffee table, potted plant, floor lamp, cushioned wicker chairs","an outdoor living area with a central seating arrangement surrounded by plants and decorative items","This is an outdoor living space that combines modern minimalist style with natural materials and textures, creating a serene atmosphere for relaxation."
"shabby-chic-style_56.jpg","Scandinavian","white, blue, green","wood, linen, glass","natural soft light from large windows and chandelier","calm and airy","dining table, chairs, vase with flowers, cabinet","open space with central seating area","Bright, spacious kitchen and dining room featuring a large wooden table surrounded by white chairs, set against a backdrop of blue walls."
"shabby-chic-style_560.jpg","Scandinavian","blue, white, light gray","wood, linen, silk","natural soft light from large windows","calm and airy","bed, pillows, throw blankets, flowers, nightstand","open space with central seating area featuring bed","The bedroom is designed in a Scandinavian style, featuring soft blue and white tones with accents of light gray. Natural materials like wood, linen, and silk contribute to the calm and airy atmosphere, illuminated by natural light from large windows."
"shabby-chic-style_561.jpg","Scandinavian","white, beige, light wood","oak wood, linen, concrete, steel","natural soft light from large windows","warm and cozy","wooden staircase, large mirrored wall, antique cabinet, wooden floor","open space with central seating area surrounded by wall of mirrors","This interior design features a warm, Scandinavian-inspired style with a natural color palette, oak wood elements and concrete accents. The space is illuminated by soft natural light, creating a cozy atmosphere. The central seating area is surrounded on three sides by a large mirrored wall, which adds depth and an artistic touch to the room. An antique cabinet serves as a focal point on one side of the staircase, offering storage and a decorative piece."
"shabby-chic-style_562.jpg","Modern Minimalist","white, beige, light wood","linen, concrete, steel","natural soft light from large windows and a wall lamp","calm and airy","king-size bed with ruffled white covers, narrow nightstands on either side of the bed, large abstract painting above the bed, framed mirror above the nightstands, plush fur throw at end of the bed","large bedroom with high ceiling and open floor plan","This modern minimalist bedroom combines clean lines and neutral colors to create a calm and airy atmosphere. Large windows flood the space with natural light, while concrete walls add texture. The king-size bed with ruffled white covers is the centerpiece of the room, flanked by narrow nightstands on either side. A large abstract painting above the bed serves as a focal point, and a plush fur throw at the end of the bed adds warmth and comfort."
"shabby-chic-style_563.jpg","Industrial Loft","white, black, brass","metal, wood, concrete","natural soft light from large windows","edgy and urban","sofa, coffee table, floor lamp, potted plant","open space with central seating area","This is a modern, industrial loft living space featuring exposed brick walls, wooden furniture, and metal accents. The room is open with ample natural light from large windows, creating an edgy yet inviting atmosphere."
"shabby-chic-style_564.jpg","Modern Minimalist","white, gray, light wood","wood, linen, steel","natural soft light from large windows","calm and airy","desk, chair, lamp, plant","open space with central seating area","This room features a modern, minimalist design with a clean and airy atmosphere. The color palette is dominated by white, gray, and light wood tones, creating a serene environment. Natural light from large windows illuminates the space, highlighting the materials used, which include wood, linen, and steel. The furniture arrangement includes a central desk with chair for work or study, accompanied by a lamp for reading and a plant for nature. A large window in the back wall adds depth to the room, further enhancing its airy feel."
"shabby-chic-style_565.jpg","Scandinavian","white, light wood, blue accent","whitewashed wood, linen, steel","natural soft light from large windows","calm and airy","sofa, coffee table, plant, chandelier","open space with central seating area around window","The interior design has a Scandinavian style, featuring light wood tones and white accents. The room is bathed in natural soft light from large windows that offer a view of the garden outside. A sofa, coffee table, plant, and chandelier are among the main objects in the space."
"shabby-chic-style_566.jpg","Modern Minimalist","white, beige, light wood","wood, glass, metal","natural soft light from large windows and overhead lights","calm and airy","sofa, coffee table, floor lamp, large mirror, vase","open space with central seating area","A modern, minimalist living room with a calming color palette of white and beige. Natural light streams in from large windows, creating an airy atmosphere. The space is filled with sleek furniture such as the sofa and coffee table, which complement the overhead lights."
"shabby-chic-style_567.jpg","Scandinavian","blue, white, wood","wood, glass, metal","natural soft light from large windows and pendant lights above the kitchen island","bright and airy","kitchen island with pendant lights, white countertops, blue cabinets, stainless steel appliances","open space with central seating area around the kitchen island","This Scandinavian-style kitchen features a bright and airy atmosphere, with a color palette of blue, white, and wood. The space is open and inviting, characterized by the central kitchen island with pendant lights that provide natural soft lighting. Materials include wood for the flooring and cabinets, glass for the window accents, and metal for the appliances. The overall mood of the space is warm and welcoming."
"shabby-chic-style_568.jpg","Modern Minimalist","white, black, gray","wood, leather, metal","recessed ceiling lights and floor lamps","modern, sophisticated, and serene","bed, sofa, coffee table, bookshelf, floor lamp","open concept with bed at center, living area in back","This is a modern minimalist interior design with a focus on clean lines and monochromatic color palette. The space features a large bed at the center, a sofa for seating, a coffee table, a bookshelf for storage and decoration, and floor lamps for ambient lighting."
"shabby-chic-style_569.jpg","Modern","white, gray, wood accents","wood panels on walls, stone chimney surround, white plaster on ceiling","Mixed with natural light from windows and recessed lighting in ceiling.","Cozy and inviting.","sofa, love seat, coffee table, staircase, floor lamp","Open layout with vaulted ceiling, stairs leading to upper level.","A modern mountain retreat with a cozy and inviting atmosphere featuring stonework, natural lighting, wood accents, and comfortable seating."
"shabby-chic-style_57.jpg","Industrial Loft","dark wood, black, white","wood, metal, glass","high ceiling with skylights, large metal chandelier","bright and open","industrial style stove, copper-colored sinks, large vase on countertop","kitchen area at end of room, bar in center, seating along back wall","Large open kitchen and living area with high ceiling, skylights, lofted style, industrial elements."
"shabby-chic-style_570.jpg","Modern Minimalist","white, gray, black","wood, fabric, metal","Natural soft light from large windows","Calm and airy","bed, nightstand, chest of drawers, throw blanket, pillows","Space is divided by large bed as centerpiece, with nightstand on each side.","This room features a modern minimalist design in soft neutral tones, creating a calm and airy atmosphere."
"shabby-chic-style_571.jpg","Modern Minimalist","white, gray, gold","glass, leather, metal","natural soft light from large windows","calm and airy","bed, nightstand, couch, area rug, chandelier","open space with central seating area","The bedroom is a modern minimalist retreat, featuring a white color palette, leather and metal materials, soft lighting from large windows, and a comfortable couch in the center of the room."
"shabby-chic-style_572.jpg","Scandinavian","white, beige, light wood, grey","wood, glass, linen, cotton","natural soft light from large windows","calm and airy","sofa, coffee table, floor lamp, plant, vase","open space with central seating area","This is a bright and airy living room with a Scandinavian design style, featuring natural materials and light wood tones. A comfortable sofa sits under large windows that let in soft sunlight, creating a warm and inviting atmosphere."
"shabby-chic-style_573.jpg","Modern","white, beige, gray","wood, fabric, glass","Natural light with ceiling fan lights on","Sleek and contemporary","king size bed, nightstands, armchair, area rug, wall art","Open layout, centered around bed with chairs on either side","This is a modern bedroom with a neutral color palette and sleek furnishings."
"shabby-chic-style_574.jpg","Modern Minimalist","gray, white, neutral","leather, wood, metal","bright and natural light from the large window","airy, spacious, and clean","modern sofa, white coffee table, minimalist pendant light, large area rug, sleek armchair","open space with a central seating arrangement around the window","This is a modern and minimalistic living room that exudes a spacious and clean atmosphere. The room features a large window that brings in bright natural light, which is complemented by sleek furniture and neutral color palette. The layout is designed for easy flow, with a central seating arrangement around the window."
"shabby-chic-style_575.jpg","Modern Minimalist","white, beige, light wood","wood, linen, metal","natural soft light from large windows","calm and airy","king-size bed, coffee table, large mirror, vase with flowers","open space with central seating area around a fireplace","This is a modern, minimalist bedroom that features natural wood elements, a neutral color palette, and a calming atmosphere."
"shabby-chic-style_576.jpg","Modern Minimalist","blue, white, silver","porcelain, glass, metal","overhead and wall sconces provide a clean, modern light source","elegant and serene","two white porcelain bathroom sinks, white towel rack, blue floral wallpaper","his-and-hers vanity setup with mirrors above each sink","This modern bathroom features his-and-hers sinks and a minimalist design with a blue floral wall paper accent."
"shabby-chic-style_577.jpg","Minimalist","white, beige, grey","wood, linen, cork","natural light from the skylight above","calm and serene","bed, woven basket on floor, plants, framed artwork","narrow space with bed against wall, open area in center of room for sitting or lounging","A minimalist design in a narrow space using natural light and neutral colors to create a calm and serene atmosphere."
"shabby-chic-style_578.jpg","Scandinavian","white, beige, light wood","linen, wood, glass","natural soft light from large windows","calm and airy","couch, coffee table, plant, floor lamp","open space with central seating area","A Scandinavian-style living room featuring neutral colors, natural materials, and a spacious layout that creates a calm and airy atmosphere."
"shabby-chic-style_579.jpg","Modern Minimalist","blue, white, natural wood","oak wood, granite, stainless steel","well-lit with ambient light from under-cabinet lights and pendant fixtures","clean, contemporary and inviting","kitchen island with bar stools, wooden cabinets, metal range hood","modern L-shaped kitchen layout featuring a central cooking area flanked by the dining space","This modern kitchen combines clean lines, minimalist design elements and natural materials to create an inviting yet sophisticated space for both cooking and entertaining."
"shabby-chic-style_58.jpg","Modern Minimalist","white, gray, black","concrete, brass, glass","bright and airy with natural light from the large windows","modern and serene","bathroom vanity, round mirror, white soaker tub, floor lamp, indoor plant","open space with a central focal point around the vanity area","This modern bathroom design features a minimalist style with concrete walls and fixtures, brass accents, and natural light. The color palette is kept neutral for a serene atmosphere. The open layout creates an airy feel, while the round mirror and large windows add dimension to the space."
"shabby-chic-style_580.jpg","Scandinavian","beige, orange, blue","wood, fabric, clay","soft and warm, with natural light from windows","comfortable and inviting","sofa, coffee table, books, plant, rugs, chairs","open space with central seating area and a bedroom section",""
"shabby-chic-style_581.jpg","Scandinavian","white, beige, light wood, grey","wood, linen, glass","natural soft light from large windows and ceiling light","calm and airy","chairs, coffee table, planter, vase","open space with central seating area around fireplace","This Scandinavian-style living room features a clean, minimalist design with natural materials and light colors. The open layout invites relaxation and conversation around the central coffee table, which is warmed by a cozy wood fire on colder nights."
"shabby-chic-style_582.jpg","Modern","white","fabric, wood","natural light from nearby window","minimalist and clean","sofa, armchair, side table","space with a defined seating area","A modern living room with minimal decor, featuring a white sofa and armchair, wood side table, and natural lighting."
"shabby-chic-style_583.jpg","Modern Minimalist","white, beige, light wood","oak wood, linen, steel","natural soft light from large windows","calm and airy","sofa, coffee table, plant, floor lamp","open space with central seating area",""
"shabby-chic-style_584.jpg","Eclectic","green, beige, white","wooden, linen, metal","Warm and ambient lighting","Chic and vintage","antique dresser, framed mirror, candle holder","Small space layout with a central focus on the sink area.","This bathroom features an antique wooden dresser, framed mirror, and candle holder against a backdrop of peacock feather wallpaper. The space is lit with warm, ambient lighting that creates a chic and vintage atmosphere."
"shabby-chic-style_585.jpg","Modern Minimalist","white, gray, navy","oak wood, linen, steel","natural soft light from large windows","calm and airy","sofa, coffee table, plant, floor lamp","open space with central seating area","This room features a minimalist design with natural materials, soft lighting, and calming colors. The open layout creates a comfortable and relaxed atmosphere."
"shabby-chic-style_586.jpg","Modern Minimalist","white, blue, wood","marble, metal, wood","well-lit with a mix of natural and artificial light","calm and clean","mirrors, white towels, vase with flowers","efficient use of space with central vanity area","Elegant and modern bathroom design with a minimalist approach, featuring natural materials and lighting."
"shabby-chic-style_587.jpg","Industrial Loft","white, gray, metallic","concrete walls and floors, steel appliances, brick accents","natural light from large windows with black grills, supplemented by under-cabinet lighting and pendant lights","industrial yet warm and inviting","kitchen island, white countertops, metallic appliances, exposed brick accents","open concept space with a central kitchen island, flanked by dining table and seating area","This is an open-concept loft style kitchen with industrial elements such as concrete floors and walls, steel appliances, and exposed brick. The color palette is neutral with grays and whites, creating a warm yet edgy atmosphere. Large windows let in natural light, which is complemented by under-cabinet lighting and pendant lights. The kitchen island serves as the central focus of the space, providing both countertops and seating for dining."
"shabby-chic-style_589.jpg","Modern Minimalist","white, beige, light wood","brick wall, wood ceiling fan, wood headboard","natural soft light from large windows","warm and cozy","queen size bed with linens, two sconces on either side of the bed, plants on either side of the headboard","open space with central seating area","This modern minimalist bedroom features a brick wall, a white bed with beige linens, and wood ceiling fan. The room has large windows that allow for natural light to fill the space. Two sconces on either side of the bed provide soft ambient lighting, while plants add a touch of greenery."
"shabby-chic-style_590.jpg","Scandinavian","white, beige, light wood","oak wood, linen, concrete","natural soft light from large windows","calm and airy","sink, mirror, towel rack, soap dispenser, toothbrush holder","narrow vertical space with a single sink on the wall","A small bathroom designed in a Scandinavian style, featuring a light wood vanity and a beige linen towel. The large mirror reflects natural light from the windows, creating a calm and airy atmosphere."
"shabby-chic-style_591.jpg","Modern","neutral, pink","wood, linen, metal","natural light from large windows","calm and inviting","sectional sofa, round coffee table, area rug, floor lamp","open space with a central focus on the seating area","This modern living room features a neutral color palette, primarily using wood and linen materials. Natural light pours in through large windows, creating a calm and inviting atmosphere. The layout is open, featuring a sectional sofa as the focal point."
"shabby-chic-style_593.jpg","Modern","white, light gray, natural wood","stainless steel, black granite, marble, subway tile","Natural light flooding through large windows, complemented by recessed lighting","Clean and contemporary with a touch of rustic charm","stainless steel kitchen island, black leather bar stools, wooden pendant lights, marble countertops","Open-concept space with separate yet connected areas for dining, cooking, and gathering.","This kitchen combines modern design elements with traditional materials to create a stylish and functional space."
"shabby-chic-style_595.jpg","Modern Minimalist","white, light wood, neutral grays","wood, fabric, metal","Natural light from large windows and recessed lighting in ceiling.","Calm and peaceful with a touch of brightness and warmth.","queen size bed, lounge chair, couch, bookshelves, framed art on wall","A room that feels spacious, yet comfortable and inviting, with separate sleeping area and living space.","This modern bedroom features a minimalist design, clean lines, and natural materials. The color palette is neutral and calming, providing a peaceful retreat. Large windows let in abundant natural light, creating an airy feel that's complemented by the recessed ceiling lights."
"shabby-chic-style_596.jpg","Modern Minimalist","white, gray, brass","marble, glass, stainless steel","soft ambient lighting, supplemented by natural light from the large windows","elegant and serene","bath tub, marble countertops, large mirror above the tub, wall sconces, floor lamp","rectangular space with a large tub and marble counters on one side, and a separate shower area on the other","A modern bathroom design featuring minimalist decor elements such as sleek faucets and gold hardware, marble surfaces for a luxurious feel, and well-lit by natural light through large windows."
"shabby-chic-style_597.jpg","Industrial Loft","black, white, red","wood, metal, fabric","ambient light with natural window light","bold and vibrant","wall art, vintage sewing machine, wooden crate, antique typewriter","functional and eclectic arrangement","This space exhibits an industrial loft style with bold colors and materials, creating a dynamic and vibrant atmosphere."
"shabby-chic-style_598.jpg","Modern Loft","white, blue, wood","wood, tile, glass","ambient and natural light from windows","cool and relaxed","kitchen island, fridge, microwave, sink, stove, cabinets","open kitchen design with island in center","A modern loft-style kitchen with an open layout, featuring a white and blue color palette, wood cabinets, tile backsplash, stainless steel appliances, and natural light from windows."
"shabby-chic-style_599.jpg","Industrial Loft","white, brown wood, black metal","wood, metal, plaster","warm and inviting with dimmable hanging lights","industrial chic with a touch of rustic charm","sofa, coffee table, wildflower wall art, vintage-inspired metal shelving","open space design with visible wooden beams and a large window over the sofa for natural light","This Industrial Loft living area combines rustic wood elements, warm lighting, and modern industrial design accents to create a cozy yet stylish space."
"shabby-chic-style_60.jpg","Scandinavian","white, light blue, wooden accents","wood, metal, glass","soft, natural light filtering through windows and skylights","calm and serene","white wooden cabinets, blue and white checkered floor, modern chairs, small plants","open-concept kitchen with a central island","This Scandinavian-style kitchen features clean lines, soft lighting, and simple colors, creating a calm and serene atmosphere."
"shabby-chic-style_600.jpg","Modern Minimalist","white, gray, wood","steel, glass, oak wood","soft natural light from large windows and recessed ceiling lights","calm and airy","sofa, dining table, barstools, coffee table, vase with flowers","open space plan with central seating area","A modern kitchen with a minimalist design, featuring a mix of white and gray hues, wooden accents, steel appliances, and large windows for natural light. The open floor plan includes an island with barstools in the center, providing a comfortable gathering space."
"shabby-chic-style_602.jpg","Scandinavian","white, light wood, beige","natural wood, cotton, glass","soft and natural light from a large window","calm and cozy","coffee table, sofa, floor lamp, plant, shelving unit","open space with central seating area","This interior design showcases a Scandinavian style with light wood and beige tones, natural materials like cotton and glass, and soft lighting. The room is designed to feel calm and cozy."
"shabby-chic-style_603.jpg","Scandinavian","white, light wood, gray","wood, concrete, glass","bright and natural with ample windows","cozy and warm","bar stools, butcher block table, vases of flowers, plant","open space with a central bar area flanked by chairs and decorative items","This modern kitchen combines Scandinavian style elements with warm wood tones, featuring a spacious island in the center with plenty of seating options for casual dining or socializing."
"shabby-chic-style_604.jpg","Modern Country","white, wooden brown, black, gray","wood siding, stone foundation, metal roofing, glass","Warm and inviting with natural sunlight filling the interior.","Rustic with a touch of elegance, creating a cozy yet stylish atmosphere.","rustic wood furniture, large stone fireplace, woven baskets, metal lanterns","Open floor plan that leads to an outdoor patio and pool area.","This modern country home features a warm, inviting interior with wooden siding and a metal roof. The open floor plan flows seamlessly into the backyard patio and swimming pool area."
"shabby-chic-style_605.jpg","Modern Minimalist","white, gray, black","wood, metal, fabric","soft and warm light from ceiling lamp and floor lamp","clean, serene, and inviting","bed, dresser with mirror, chair, cat, vase with flowers","small bedroom with a neatly made bed, dresser for clothing storage, chair at the foot of the bed, and a cat on the chair.","The room has a modern minimalist style with clean lines and a neutral color palette. The layout is efficient, maximizing space with a small bed, dresser, and chair in proximity to each other."
"shabby-chic-style_606.jpg","Scandinavian","white, blue, green","wood, glass, metal","Natural light from the large windows on one side of the room.","Bright and airy","kitchen cabinet with glass front, white vase with flowers, white dish towel","Open kitchen design, with cabinet sitting in a space between walls.","This is an interior image showcasing a Scandinavian style kitchen with a bright and airy atmosphere due to the natural light from one window. The color palette includes white, blue, and green accents, with wood, glass, and metal materials used throughout. The layout consists of an open space design with a cabinet placed between two walls, and a white vase holding flowers adds a touch of whimsy."
"shabby-chic-style_608.jpg","Modern Minimalist","white, gray","wood","natural soft light from large windows","calm and airy","bed, dresser, nightstand, mirror, lamp","space is arranged with the bed as the centerpiece, flanked by a dresser and nightstand on either side, all set against a light gray wall.","The room features a modern minimalist design with white and gray tones, wood accents, and natural light from large windows. The space is organized around a bed as the central focus, creating a serene and calming atmosphere."
"shabby-chic-style_609.jpg","Modern Minimalist","white, navy blue, gold accents","marble, brass, linen","soft natural light through large windows","calm and serene","vanity mirror with oval frame, blue and white porcelain sink, framed artwork on walls, candles in corner sconces","linear space arrangement, from entrance to vanity mirror","This bathroom combines modern minimalist design principles with a touch of elegance through the use of marble and gold accents. Soft natural light enhances the serene atmosphere, while the oval-framed vanity mirror adds a unique touch. The space is carefully arranged to guide one from entrance to vanity mirror."
"shabby-chic-style_610.jpg","Modern","white, black, beige","wood, marble, glass","Natural light from windows and well-lit ambiance with recessed lights.","Clean and modern, yet cozy and inviting.","couch, coffee table, floor lamp, framed artwork","Open floor plan with a view to the outdoors through large windows and door.",""
"shabby-chic-style_611.jpg","Mid-Century Modern","white, beige, blue","wood paneling, linen upholstery, brass","natural soft light from large windows","warm and cozy","white sofa with floral pillows, coffee table with decorative books, plant in a white pot on the floor, floor lamp, vintage chandelier","open space with central seating area near fireplace","This living room combines elements of Mid-Century Modern design, featuring wood paneling and linen upholstery in a warm color palette. The natural light streaming through the large windows creates a soft glow throughout the space, while the central seating area around the fireplace invites relaxation and conversation."
"shabby-chic-style_612.jpg","Modern Minimalist","white, light wood, grey","wood, fabric, metal","natural soft light from large windows","calm and airy","sofa, coffee table, plant, floor lamp, chair","open space with central seating area and separate dining area","This modern minimalist living room features a mix of neutral colors, natural materials, and clean lines to create an inviting and serene atmosphere."
"shabby-chic-style_613.jpg","Scandinavian","beige, white, light blue","silk, linen, wood","soft, natural light from a large window","calm and airy","floor lamp, beige couch, white armchair, plant on the windowsill","open floor plan with furniture arranged for conversation around the window","A cozy Scandinavian living room with a warm, inviting atmosphere featuring natural lighting and comfortable seating."
"shabby-chic-style_614.jpg","Eclectic","white, beige, green","wood, fabric, glass","mixed with natural and artificial light","comfortable and inviting","couch, chair, coffee table, bookcase, lamp","open concept with a central sitting area","This is an image of a living room decorated in an eclectic style, featuring white and beige tones with green accents. The space includes wood floors and furniture, fabric elements such as cushions and throw blankets, glass accents, and mixed lighting that creates a comfortable and inviting atmosphere."
"shabby-chic-style_615.jpg","Rustic Cottage","natural wood, white, green, blue","wood, metal, fabric","Natural light from multiple windows and skylights","Cozy and inviting","sofa, chairs, coffee table, throw pillows, blankets","Small room with central seating area, surrounded by windows","A charming rustic-style shed that has been converted into a cozy and inviting living space, complete with comfortable furniture and natural lighting."
"shabby-chic-style_616.jpg","Modern Minimalist","white, black, gold","marble, steel, wood","bright and airy with natural light from large windows","clean, modern, luxurious","round mirror, black candlesticks, white towels, black soap dispenser","single sink with countertop space and cabinets underneath","This bathroom has a clean, modern design with black and white accents, marble counters, and gold fixtures."
"shabby-chic-style_617.jpg","Modern","white, blue, green","wicker, wood, rattan","Natural, sunlit area with ambient light from a woven hanging light","Relaxed and inviting","white wicker sofa, wicker armchair, blue pillows on the sofa, wooden coffee table, small plant in a pot","Open space with seating arrangement centered around a wooden coffee table","The modern outdoor living area features wicker furniture, blue and white cushions, wood accents, a hanging light, and is arranged to take advantage of the natural light."
"shabby-chic-style_618.jpg","Modern","white, silver, light wood","wood, steel, marble","bright and modern","clean and contemporary","stainless steel refrigerator, stove top oven, dishwasher, kitchen island","open floor plan with separate cooking area","This modern kitchen features a clean, bright design with stainless steel appliances, a light wood color palette, and a contemporary layout. The open space and central island add functionality while maintaining the sleek aesthetic."
"shabby-chic-style_62.jpg","Modern Minimalist","white, gray, blue","wood, fabric, glass","soft natural lighting from large windows and ceiling fan with lights","calm and serene","bed, nightstand, end table, chair, mirror","open space with central bed area","This modern, minimalist bedroom features a neutral color palette with white walls and ceiling fan lighting. The room is furnished with a large bed centrally placed, flanked by nightstands and an end table, with a chair at the foot of the bed for additional seating or storage. Large windows let in natural light during the day."
"shabby-chic-style_623.jpg","Scandinavian","beige, white, green","wood, glass, metal","natural soft light from large windows and ceiling lights","calm and airy","shelving unit, potted plants, balls, yoga mats, balance board","space layout with shelves on three sides of a white ceiling, creating a cozy room for exercise and decoration","A small, well-lit, Scandinavian style room with an inviting atmosphere for physical activities and relaxation."
"shabby-chic-style_624.jpg","Modern","gray, white, wood","oak wood, marble, steel","large windows with natural light","calm and elegant","freestanding bathtub, dark wooden cabinets, chandelier, high back sofa","linear layout with central bathtub and surrounding fixtures","A modern bathroom design featuring wood accents, a large freestanding tub, and chic lighting."
"shabby-chic-style_625.jpg","Modern Minimalist","blue, green, red","wood, linen, metal","soft natural light from two large windows on opposite walls","calm and serene","bed, chair, desk, bookshelf, clock","a compact space with bed centered, chair next to desk, bookshelf against one wall, and clock hanging above the desk area.","This modern minimalist bedroom features a bold color palette with blue bedding, green accents, and red cushions. The room is made of wood and linen materials for a natural feel, and soft lighting from two windows creates a calm and serene atmosphere. Furniture includes a central bed, chair next to the desk, bookshelf against one wall, and a clock hanging above the desk area."
"shabby-chic-style_628.jpg","Vintage","dark wood, gold, rusty orange","wood, fabric, paper","Warm and intimate with soft ambient lighting","Nostalgic and charming","knitted goods on display shelf, vintage wooden furniture, framed prints on wall","Closet space converted into a cozy corner with a display shelf against the wall","This vintage-style interior creates a nostalgic atmosphere using dark wood, gold accents, and warm lighting to showcase an array of knitted goods."
"shabby-chic-style_63.jpg","Minimalist","white, gray, pink","wood, fabric","Natural light from windows and bedroom light fixture with soft glow","Serene and calming","bed, nightstand, chair, table","Bed situated in corner of room with nightstand and chair to the side for seating","A tranquil bedroom design, featuring a minimalist color palette with white, gray, and soft pink tones. Natural light is complemented by a warm bedroom light fixture that casts a gentle glow across the room."
"shabby-chic-style_630.jpg","Modern Minimalist","white, beige, light wood","oak wood, linen, steel","natural soft light from large windows","calm and airy","bathtub, sink, vanity mirror, cabinet","single piece bathroom with tub and vanity set close to each other","This is a simple, elegant modern design with a focus on clean lines and natural materials."
"shabby-chic-style_631.jpg","Modern","white, gray, brass","wood paneling, stone, leather","Natural light from windows with white window treatments.","Warm and welcoming, with a touch of elegance.","large rectangular mirror over fireplace, white chandelier, decorative wooden blocks above fireplace, white sofa with textured pillows, gray area rug on wood floor","Open living room with white walls and natural wood ceiling. Large window overlooking outdoor space.","This interior design creates a warm, inviting atmosphere with modern touches that feel both comfortable and sophisticated."
"shabby-chic-style_632.jpg","Modern","white, beige, light wood","oak wood, linen, steel","natural soft light from large windows and overhead track lighting","calm and airy","king-size bed, nightstands, bedframe with wrought iron design, dresser, mirror","open space with central seating area defined by the bed and nightstands","This is a modern bedroom featuring an all-white color scheme, wrought iron bedframe, oak wood accents, linen upholstery, and steel fixtures. The room has large windows that allow in natural light and overhead track lighting for even illumination. It gives off a calm and airy atmosphere with clean lines and minimal clutter."
"shabby-chic-style_633.jpg","Modern Minimalist","white, gray, wood","oak wood, marble, silk","natural soft light from large windows","calm and relaxing","bathtub with clawfoot design, candle in a glass holder, fresh flower arrangement, small round mirror above tub, framed artwork on the wall","spacious bathroom with window and candlelight","This elegant, modern-style bathtub is set in a calming, minimalist bathroom decorated with natural materials. The large window lets in soft light that creates a serene atmosphere for relaxation."
"shabby-chic-style_634.jpg","Modern Minimalist","white, gray, wood","oak wood, stainless steel, glass","natural soft light from large windows","calm and serene","dining table, sofa, modern kitchen cabinets, kitchen island, hanging pendant lights","open space with central seating area around kitchen island","This is a modern minimalist kitchen design featuring oak wood, stainless steel appliances and accents, white cabinetry, and natural soft light. The mood is calm and serene, inviting relaxation while preparing meals in the spacious central island."
"shabby-chic-style_635.jpg","Scandinavian","white, light wood, light blue","wood, linen, metal","natural light streaming in from the large windows overhead","bright and airy","center island table, white chairs around it, blue vase with flowers, white cabinetry","open kitchen concept leads to dining area which is part of the open plan","This kitchen features a Scandinavian design with a white color palette, wood and linen materials. The layout is open and bright with natural light from large windows overhead."
"shabby-chic-style_636.jpg","Modern Minimalist","white, light green, beige","wood, brass, glass","natural soft light from large windows","calm and airy","sofa, coffee table, plant, floor lamp","open space with central seating area","A modern minimalist garden, featuring a bench under an arbor of blooming roses and plants in shades of beige, white, and light green. The materials include wood, brass, and glass. The space is bathed in natural soft light from large windows."
"shabby-chic-style_638.jpg","Modern","white, gray, wood","wood, fabric, glass","Mix of natural and ambient light, with additional accent lighting to highlight architectural features.","Elegant and serene with a touch of rustic charm.","bed, fireplace, flat-screen TV, sofa, side tables","Open floor plan featuring a central seating area with the bed and sofa surrounding the fireplace, which serves as an anchor for the space.",""
"shabby-chic-style_639.jpg","Industrial Loft","white, black, metallic","wood, steel, concrete","natural soft light from large windows","modern and open","kitchen island, wooden table and chairs, hanging pendant light, large framed picture on wall","open space with central seating area and kitchen island","This is an industrial loft style home. The design features a black, white, and metallic color palette. The materials used include wood, steel, and concrete. The lighting in this room comes from the large windows, creating a bright yet soft atmosphere. The kitchen island adds functionality to the open space, while the wooden table and chairs provide a cozy seating area. A hanging pendant light adds a touch of warmth, and a large picture on the wall serves as an eye-catching focal point."
"shabby-chic-style_64.jpg","Modern","white, gray, beige","wood, leather, brick","natural light from large windows","cozy and warm","sofa, coffee table, armchair, floor lamp, walls decorated with artwork","open space layout with a central seating area","A modern living room designed for comfort and warmth, featuring wood accents, brick fireplace, large windows for natural light, and furniture in neutral colors."
"shabby-chic-style_640.jpg","Vintage","white, navy blue, gold","wood, glass, metal","Natural sunlight through a large window","Elegant and nostalgic","white wooden armoire, vintage china set, decorative vase","Dining area with a central table","This vintage-inspired dining room features an elegant white wooden armoire, navy blue walls that complement the white china set on the table. The space is illuminated by natural light from a large window, creating a nostalgic and elegant atmosphere."
"shabby-chic-style_641.jpg","Modern Minimalist","white, gray, black","leather, metal, wood","natural light from windows","calm and serene","sofa, coffee table, lamp, area rug","open space with central seating area","This living room features a modern minimalist design, utilizing neutral colors and materials. The space is well-lit by natural light, creating a calm and serene atmosphere."
"shabby-chic-style_643.jpg","Modern Minimalist","soft pink, muted grey, light green","wood for dresser and chair, linen for cushions, metal for mirror frame","ambient light from ceiling fixture, complemented by natural light from windows","clean and serene","desk with mirror above it, white chair at desk, vases of flowers, wooden frame around window","small room with desk centrally positioned, flanked by windows on two sides","A modern minimalist bedroom with a soft pink color scheme, featuring wooden furniture and linen cushions for comfort."
"shabby-chic-style_644.jpg","Scandinavian","white, beige, light wood","wooden headboard and bed frame, linen pillows and blankets, silk or satin sheets","soft natural light from large windows and a chandelier","calm and serene","two beds with matching linens and headboards, a wooden nightstand, a wall-mounted mirror, an area rug","two identical beds side by side, creating symmetry in the space","This is a Scandinavian style bedroom featuring two identical twin beds with matching headboards and linens. The room has a light wood color scheme, accented with beige and white pillows and blankets, giving it a calm and serene atmosphere."
"shabby-chic-style_648.jpg","Modern Minimalist","white, black, blue","porcelain, brass, wood","ambient, with accent lighting from wall sconces and vanity lights","clean and serene","double sink vanity, wall-mounted mirrors, small cabinet, toilet","linear arrangement of fixtures along a central wall with mirrors on each side","This bathroom combines modern minimalist design elements with classic fixtures, creating an elegant and functional space."
"shabby-chic-style_649.jpg","Victorian","white, purple, blue","velvet, silk, crystal","warm and intimate from candle light","romantic and elegant","canopy bed, chaise lounge, lamp, vase with flowers","traditional symmetrical layout with canopy bed as centerpiece, chaise lounge on either side of bed, lamp between chaise and bed, and vase with flowers at foot of bed","This is a Victorian-style room with a romantic color palette of white, purple, and blue. The materials used are luxurious, such as velvet, silk, and crystal. The lighting is intimate, with candlelight providing a warm glow. The room's centerpiece is the canopy bed, flanked by chaise lounges on either side. A lamp sits between the chaise and the bed, and there is a vase with flowers at the foot of the bed."
"shabby-chic-style_65.jpg","Modern Minimalist","white, beige, light wood","oak wood, linen, glass","natural soft light from large windows","calm and airy","mirror on wall, two sinks with silver faucets, towel rack","long narrow space with vanity at one end and window on opposite side","Modern bathroom with minimalist design, featuring a large mirror, two sinks, and natural light streaming in from the window."
"shabby-chic-style_650.jpg","Modern Minimalist","white, gray, beige","wood, fabric, metal","bright with a mix of natural and artificial light sources","serene and tranquil","bed, sofa, coffee table, walls artwork, floor lamp","modern, open floor plan with central seating area","A modern minimalist bedroom suite with a serene atmosphere, featuring natural wood accents and an elegant color palette."
"shabby-chic-style_651.jpg","Scandinavian","white, beige, wood tones","oak wood, linen, concrete, steel","natural soft light from large windows","calm and airy","sofa, coffee table, vase with flowers, wine glasses, potted plant","open space with central seating area featuring sofa, chairs, dining table","This is a Scandinavian-style living and dining room in a modern home. The color palette includes beige, wood tones, and white. Materials are a mix of oak wood for furniture, linen textiles, concrete on the floor, and steel accents. Lighting is natural and soft from large windows, creating a calm and airy atmosphere. The room features a sofa, coffee table, vase with flowers, wine glasses, potted plant, and a central seating area around a dining table."
"shabby-chic-style_652.jpg","Victorian","light pink, beige, dark green","hardwood floors, white wainscoting, brass fixtures","Soft natural light from windows and wall sconces","Elegant and charming","antique vanity mirror, ornate dresser, chandelier, vintage armchair","Bathroom with an L-shaped counter, flanked by cabinets on both sides.","This bathroom exudes a Victorian charm through the use of rich colors, elegant fixtures, and antique furniture. The lighting creates a warm and inviting atmosphere, making it a perfect space for getting ready in the morning."
"shabby-chic-style_653.jpg","Zen","earth tones, green, gray","stone, wood, metal","natural light from above","peaceful and meditative","meditation area, water feature, plants","circular layout for focus on center","A tranquil outdoor space designed for meditation, featuring a stone meditation bench in the center with plants and water fountain to promote peace and relaxation."
"shabby-chic-style_654.jpg","Modern","blue, white, wood","tile, copper, metal","bright and evenly distributed natural light","clean, fresh, and spacious","bath towel, blue vase, potted plant, wooden shelf","small space with efficient use of available area","This modern bathroom is designed for functionality and cleanliness, featuring blue accents that create a spacious feel."
"shabby-chic-style_655.jpg","Scandinavian","white, light blue, wood tones","natural wood, textiles, glass","bright and natural, with lots of windows","airy and open","sewing machine, wooden crates, potted plants, fabric scraps","open layout with shelving and workspace in the center","A well-organized sewing room filled with natural light, featuring a central workspace surrounded by fabric storage on three sides."
"shabby-chic-style_656.jpg","Traditional","white, cream, gold","wood, velvet, silk","Chandelier and wall sconces provide warm lighting throughout the room","Luxurious and inviting","large floral area rug, antique chest, oversized armchair, grandfather clock","Fine wood floors lead to a grand staircase, with formal sitting room on the ground level.","This luxurious home features rich fabrics and classic design elements throughout."
"shabby-chic-style_657.jpg","Scandinavian","white, light wood, beige, green accent","wood, metal, glass","natural soft light from large windows","bright and airy","island in center of room, large countertops on one side, hanging pot rack with potted plants, wooden bar stools","open space with central island","This kitchen is designed in the Scandinavian style, featuring a light and airy color scheme with natural materials such as wood and metal. The space benefits from ample window light that enhances the bright and open atmosphere."
"shabby-chic-style_658.jpg","Modern Minimalist","white, light blue, navy, gray","wood, fabric, metal","natural soft light from a large window","calm and airy","bed, nightstand, dresser, desk, chair","open space with a central seating area around the bed","This is a modern, minimalist children's bedroom featuring white furniture and light blue accents. The room has an open layout with plenty of storage options, providing a calm and airy atmosphere."
"shabby-chic-style_659.jpg","Christmas Decor","silver, white, pink","wood, glass, fabric","natural and warm artificial lighting","festive and cozy","decorated Christmas tree, luxurious white velvet sofa, plush fur throw blanket, wooden cabinetry, candle holder","sparse but elegant living room layout with central focus on Christmas tree and seating area","This holiday-themed living room design showcases a luxurious, cozy atmosphere centered around a beautifully decorated Christmas tree."
"shabby-chic-style_660.jpg","Scandinavian","blue, white, green","wood, fabric, metal","bright and airy from windows","calm and serene","chandelier, blue sofa, white armchair, white coffee table, artwork","open floor plan with central seating area","This Scandinavian-style living room features a vibrant turquoise color palette, white accents, natural wood, and steel elements. The open layout with central seating makes it feel welcoming and spacious."
"shabby-chic-style_661.jpg","Mid-Century Modern","gray, blue, yellow","wood, leather, glass","well lit with natural light from the ceiling skylights","welcoming and vibrant","sofa, coffee table, chandelier, area rug, mirrored wall","open floor plan with central sitting area","A modern mid-century styled living space with an emphasis on comfort and functionality."
"shabby-chic-style_662.jpg","Modern Minimalist","white, beige, light wood","wood, fabric, glass","bright and natural light from large windows","calm and airy","couch, coffee table, plant, floor lamp","open space with central seating area","This image shows a modern minimalist living room that is bathed in natural light, creating a calm and airy mood. The color palette consists of white, beige, and light wood tones, which are complemented by the materials used: wood for furniture, fabric for cushions, and glass for windows. The layout is open, with a central seating area featuring a couch and coffee table. The design includes decorative elements such as a plant and floor lamp to provide both utility and style."
"shabby-chic-style_665.jpg","Scandinavian","white, blue, red","wood, linen, metal","mix of natural light from windows and soft overhead lighting","warm, inviting, and vibrant","sofa, coffee table, plant, painting","open living room with central seating area under chandelier","Scandinavian-style living room featuring a colorful sofa, wood and linen accents, a plant for natural life, artwork on the walls, and overhead lighting that illuminates the space."
"shabby-chic-style_666.jpg","Modern","blue, white, gold","linen, wood, velvet","warm and cozy, with a soft glow from the chandelier","calm and serene","crib, glider, ruffled banner, pillows, angel wings","simple and functional, with furniture placed for easy access to the baby's room","The nursery is designed in a modern style with a soothing blue color palette. The room features a crib with a comfortable glider next to it, a decorative banner hanging over the bed, and angel wings on the wall. The soft lighting creates a calm atmosphere for the baby's rest."
"shabby-chic-style_667.jpg","Modern Minimalist","beige, white, light wood","oak wood, linen, steel","natural soft light from large windows and ceiling light fixture","calm and airy","bed with white comforter and brown throw pillows, white nightstand, black floor lamp, white framed artwork on wall, wooden dresser","well-lit bedroom with central bed as focal point, flanked by nightstand and dresser","This is a serene and inviting modern minimalist bedroom. The beige color scheme creates a warm and calming atmosphere. The oak wood furniture adds texture and interest to the space. The large windows allow for natural light to fill the room, enhancing its airy feel."
"shabby-chic-style_668.jpg","Modern Minimalist","white, light wood","oak wood, linen","natural soft light from large windows","calm and airy","sofa, coffee table, plant, floor lamp, mirror, chair","open space with central seating area","This is a modern minimalist living room featuring a clean, open design with an emphasis on natural light and neutral colors. The space includes a comfortable sofa positioned under two large windows, flanked by wooden furniture pieces. A plant adds life to the room, while a floor lamp provides soft illumination. Large mirrors reflect the ample natural light and make the space feel even more open."
"shabby-chic-style_67.jpg","Modern Minimalist","white, beige, light wood, green accent","oak wood, linen, steel","natural soft light from large windows","calm and airy","dining table, chairs, vases, ruffled linens","open space with central seating area","This interior design creates a bright and spacious dining room, featuring a modern minimalist style with warm beige tones complemented by green accents. The large windows provide natural light, contributing to the calm and airy mood of the space."
"shabby-chic-style_670.jpg","Scandinavian","white, pink, teal","wood, fabric, glass","bright, natural light from large windows","calm and cozy","chair, table, plant, couch","small, open space with central seating area","The room has a Scandinavian design style featuring bright colors and light wood accents. The space is small but feels cozy due to the natural light."
"shabby-chic-style_671.jpg","Rustic","brown, black, white","wood, metal, glass","Natural lighting from windows and overhead skylight","Rustic and cozy","bathtub, shower curtain with 'lavender' handwriting, wooden cabinets, tiled floor","Space is divided by a wall separating the bathroom from another room, with a large window above the bathtub and a skylight in the center of the ceiling.","The interior design features a rustic style with wood accents, natural lighting, and a cozy atmosphere."
"shabby-chic-style_672.jpg","Modern Minimalist","white, beige, light wood","leather, wood, linen","soft and diffused natural light","cozy and welcoming","sofa, coffee table, plant, floor lamp","open space with central seating area flanked by decorative elements","A spacious and stylish living room during the holiday season, featuring a neutral color palette with touches of greenery and festive decor."
"shabby-chic-style_673.jpg","Scandinavian","white, blue, beige","oak wood, linen, velvet","bright and airy with natural light from windows","calm and peaceful","queen-size bed, wooden dresser, wicker chair, area rug, framed wall art","traditional bedroom layout with a centralized bed for focus","This image depicts a modern Scandinavian style bedroom, featuring clean lines, neutral colors, and an emphasis on natural lighting. The room is furnished with a queen-size bed at the center, flanked by two dressers on either side. Additional decorative elements include wicker chairs, wall art, and an area rug to add warmth and texture."
"shabby-chic-style_674.jpg","Modern Minimalist","white, beige, light wood","velvet upholstery, linen bedding, leather headboard","soft and natural light from a large window","warm and inviting","king size bed, bedside table, fainting couch, chandelier","open space with central focal point on the bed","This is a large modern bedroom designed in a minimalist style with neutral colors and soft textures. The room features a king size bed with white linens, a wooden headboard, and a matching chandelier above it. There's a bedside table for personal items and a fainting couch along the wall which adds an additional seating area. The overall atmosphere is warm and inviting."
"shabby-chic-style_675.jpg","Modern Minimalist","white, blue, wood accents","metal roofing, glass windows and doors, wooden decking","bright and airy","calm and relaxed","white sofa with metal legs, rustic coffee table on wood legs, large potted plant, modern outdoor pendant lights","open space with central seating area under covered porch","A modern minimalist style home with a serene and relaxing atmosphere, featuring white and blue tones, metal roofing, glass windows and doors, wooden decking, and a bright and airy feel."
"shabby-chic-style_676.jpg","Modern Minimalist","green accent, black and white, light wood","wood, linen, metal","natural soft light from large windows","calm and airy","bed, nightstand, seating area, lampshade, window treatment","open space with central seating area","The room features a modern minimalist design with green accent, black and white color palette, wood and metal materials. It is illuminated by natural light from large windows that create a calm and airy atmosphere. The layout includes an open space with a central seating area made up of two beds, a nightstand with lampshade, and a seating area under the window treatment."
"shabby-chic-style_677.jpg","Modern","gray, orange, green","wood, metal, glass","bright with a mix of natural and artificial light","modern, clean, sleek, minimalist","blue chair, white side table, green plant, metal chandelier, wooden coffee table","open concept with a small patio area outside the door","This modern home features an open floor plan, clean lines, and natural light. The color palette is simple yet vibrant, complemented by the warm wood tones and a mix of metal and glass elements for a sleek look. The outdoor patio area extends the living space, creating an inviting atmosphere."
"shabby-chic-style_678.jpg","Scandinavian","white, beige, light wood","wood, linen, glass","soft and natural light from large windows","calm and serene","bed, nightstand, chest of drawers, coffee table, side table, rug","simply arranged space with a central bed as focal point","This is a cozy, minimalistic room designed in the Scandinavian style, featuring light wood accents and linen textures, providing a serene atmosphere."
"shabby-chic-style_679.jpg","Modern Minimalist","white, off-white, gray","oak wood, linen, steel","bright natural light from large windows","calm and elegant","large bed with headboard, bedside table with lamp, large mirror on wall, floral arrangement on side table","spacious room with symmetrical furniture placement centered around a large four-poster bed","A luxurious and modern bedroom with an elegant color palette and minimalist design elements."
"shabby-chic-style_68.jpg","Vintage Romantic","soft pink, lush green, muted gold","plush velvet, gilded wood, glass","warm ambient light from chandelier","romantic and dreamy","canopy bed, vintage armoire, ornate desk, pink chaise lounge","traditional with four-poster canopy bed as focal point","This vintage-inspired bedroom combines soft pastel hues with luxurious fabrics and antique furnishings to create a romantic retreat."
"shabby-chic-style_680.jpg","Scandinavian","white, light blue, natural wood","wood, fabric, metal","The room has plenty of natural light coming in through the large windows.","calm and serene","bed, nightstand, mirror, potted plant","The room is well-organized with a spacious bedroom area leading to a cozy sitting area. There's also a large window that provides ample light.","This Scandinavian-style bedroom has a calm and serene atmosphere, featuring a white bed set on a large wooden frame, natural wood accents, and plenty of white and light blue colors."
"shabby-chic-style_683.jpg","Industrial Loft","white, metallic gray, rusty orange","wood planks, galvanized metal, rusted iron","dim and moody from small, uncovered windows","gritty and raw","old-style garage doors, dilapidated wooden bench, large vintage truck parts","long and narrow with a central vehicle bay","The space evokes the feeling of an old, industrial workspace that has been converted into a unique living or working environment."
"shabby-chic-style_684.jpg","Scandinavian","white, beige, light wood","linen, silk, wood","natural soft light from large windows","calm and airy","king-size bed, white sofa, two-tiered chandelier, large abstract artwork on wall, floor-to-ceiling curtains","open space with central seating area","A modern Scandinavian-style bedroom featuring a king-size bed, sofa, large windows allowing natural light to flood the room, and tasteful decorative elements that create an airy and serene atmosphere."
"shabby-chic-style_685.jpg","Minimalist","white, beige, light wood","linen, wood, crystal","natural soft light from large windows","calm and airy","sofa, coffee table, plant, floor lamp, vase with flowers","open space with central seating area","This is a minimalist designed living room with soft neutral tones, natural lighting and a simple yet elegant layout."
"shabby-chic-style_686.jpg","Modern Minimalist","white, gray, wood accents","wood paneling, linen upholstery, metal light fixtures, glass cabinets","recessed lights and chandeliers create a bright and airy atmosphere","airy, modern, and inviting","white sofa, black leather armchair, wood coffee table, modern rug, metal console table","open floor plan with living room adjacent to kitchen","This modern, minimalist space combines clean lines and a neutral color palette with touches of wood and metal for a contemporary feel."
"shabby-chic-style_687.jpg","Scandinavian","gray, white, wood","oak wood, linen, marble","bright and natural light coming from window above sink","minimalist and serene","sink, mirror, soap dispenser, towel holder, window","a simple and clean layout with the sink as a focal point","This is a well-designed bathroom with minimalistic design elements, featuring light colors and natural materials."
"shabby-chic-style_688.jpg","Modern Minimalist","beige, light wood, white","wood, fabric, glass","natural soft light from large windows","calm and airy","sofa, coffee table, plant, floor lamp","open space with central seating area","A modern, minimalist living room with a beige color palette. The room is filled with natural light from large windows that open to the outside."
"shabby-chic-style_69.jpg","Modern Minimalist","white, light wood, beige","wood planks, fabric upholstery, metal frame","natural soft light from large windows","calm and airy","couch, coffee table, plant, floor lamp","open space with central seating area","This modern minimalist living room features a white sofa, a coffee table, and a floor lamp in the center of the space. The design is dominated by light wood tones and soft fabrics, creating an airy atmosphere that is bright and open."
"shabby-chic-style_690.jpg","Industrial","white, beige","wood","natural soft light from large windows","warm and cozy","desk, office chair","space is neatly organized with the desk facing a window.","The interior design features an Industrial style with wooden elements, providing a warm and inviting atmosphere."
"shabby-chic-style_691.jpg","Modern Minimalist","purple, white","wood paneling","natural soft light from large windows","calm and airy","cushioned bench, books","space layout with central seating area","A cozy, modern living room with a purple cushioned bench against a window, surrounded by books."
"shabby-chic-style_693.jpg","Country","white, cream, wood, red","wood, stone, metal","Natural light from large windows and skylights, with a warm orange glow in the evening.","Rustic and welcoming.","sofa, chairs, table, flower boxes, star decoration","Country-style porch with seating area under vines, flanked by a dining table and chairs. The star decoration is the centerpiece of this space.","This country-style patio exudes a warm, rustic charm. The white walls and red accents are complemented by natural wood elements, while vines climbing along the ceiling add an extra touch of nature to the setting."
"shabby-chic-style_694.jpg","Modern Minimalist","white, black, gray","wood, leather, metal","well-lit, recessed lighting and floor lamps","modern, sleek, and sophisticated","couches, coffee table, lamps, mirror, vases","open concept living space with a central sitting area","This modern living room features a minimalist design with a monochromatic color palette, a mix of textures and materials, recessed lighting, and decorative accents like vases and framed mirrors."
"shabby-chic-style_696.jpg","Scandinavian","white, grey, silver","wood, fur, glass","soft and diffused lighting from recessed ceiling lights","calm and peaceful","decorative tree, white fur throw blanket, cushioned chair, wooden side table","spacious room with central focus on holiday tree","A cozy Scandinavian-style living room decorated for Christmas, featuring a white fur throw blanket and cushioned chair near a large wooden side table."
"shabby-chic-style_698.jpg","Modern Minimalist","white, beige, light wood","linen, woven textile, wood","natural soft light from large windows","calm and airy","bed, nightstands, area rug, pillows","open space with central seating area","This bedroom features a Modern Minimalist design with natural materials, soft lighting, and an airy atmosphere."
"shabby-chic-style_699.jpg","Mid-Century Modern","white, gray, blue","wood, linen, fabric","natural soft light from large windows","calm and serene","bed, nightstands, lamp, vase","open space with central seating area","This bedroom features a mid-century modern design with a soothing color palette, primarily white and gray. The room has wooden accents and linen textures that contribute to the calm atmosphere. Large windows allow natural light to illuminate the space, enhancing the overall serene mood. The centerpiece is a large bed flanked by two nightstands with lamps for added functionality. A decorative vase adds a touch of elegance and warmth."
"shabby-chic-style_7.jpg","Modern Minimalist","white, beige, light wood","metal, wood, fabric","bright and even natural light from a large window","calm and cozy","sofa, coffee table, plant, chair","open space with central seating area near the window","This modern nursery features a minimalist design with a focus on bright, even natural light and a calm atmosphere that is perfect for baby bonding."
"shabby-chic-style_70.jpg","Modern","white, pink, gold","linen, wool, leather","Natural light from the window","Bright and cheerful","sofa, coffee table, flower arrangement, bookshelf","Open space with a central seating area and surrounding furniture","A bright and modern living room with pink accents, natural light from the window, and a cozy atmosphere."
"shabby-chic-style_701.jpg","Modern Minimalist","white, gray, wood","vinyl siding, brick veneer, metal roofing","natural soft light from large windows","calm and airy","sofa, coffee table, plant, floor lamp","open space with central seating area","This modern house features a clean and minimalist design, with a neutral color palette and natural lighting from large windows. The open layout includes a central sitting area surrounded by comfortable furnishings."
"shabby-chic-style_702.jpg","Scandinavian","white, beige, light wood","wood, fabric, metal","natural soft light from large windows","calm and airy","bed, sofa, coffee table, pillows, curtains, rugs","open space with central seating area around bed","A serene Scandinavian-style room with a large bed at its center, surrounded by furniture and accentuated by natural light."
"shabby-chic-style_703.jpg","Modern Minimalist","white, beige, light wood","oak wood, linen, concrete","natural soft light from large windows","calm and airy","bed, sofa, coffee table, plant, area rug","open space with central seating area","This bedroom exudes a modern, minimalist style with its light wood elements and clean lines. The beige color palette lends warmth to the space while the oak wood adds texture. Large windows allow for an abundance of natural light to enter, creating a calm and airy atmosphere. A central sofa serves as a seating area, surrounded by decorative pillows that add pops of color. On one side of the room is a bed with a wooden canopy frame, featuring intricate floral artwork. An area rug adds coziness to the space. The room is adorned with simple and elegant lighting fixtures that complement the overall design."
"shabby-chic-style_704.jpg","Rustic Cabin","purple, white, wood","wood, metal","Natural, warm light from windows and lanterns","Cozy, inviting, woodsy","sofa, coffee table, plants, bookshelf, chairs, potted plant","Open space with seating area centered around table and chairs.","A rustic cabin-inspired interior featuring a purple door, wood accents, and natural lighting that creates a cozy and inviting atmosphere."
"shabby-chic-style_705.jpg","Industrial Loft","white, grey, black, wood","wood, brick, steel, fabric","warm and cozy with a mix of natural light from windows and soft ambient lighting from industrial lamps.","calm and serene","bed, wooden bench, industrial-style lamp, large rug, metal bed frame","a cozy sleeping area with a low ceiling and a bed in the center, surrounded by industrial elements.","This space features an Industrial Loft style with a minimalistic color palette of white, grey, black, and wood. The room is made with materials like wood, brick, steel, and fabric, and it has an inviting lighting setup that provides warmth and comfort."
"shabby-chic-style_706.jpg","Mid-Century Modern","white, beige, blue, brown","oak wood, linen, metal, glass","overhead track lighting with a mix of warm and cool bulbs","modern yet warm and inviting","mid-century modern sink with pedestal base, mirrored medicine cabinet, floor lamp","small space with efficient use of wall storage and mirrors to create an open and airy feel","A well-designed bathroom that balances a modern aesthetic with practicality."
"shabby-chic-style_707.jpg","Industrial Loft","navy blue, white, wood","metal, wood, fabric","natural light from two large windows","modern and rustic","black metal bunk beds, blue striped pillows, white shade lamps, wooden nightstands","open space with two bunk beds against the wall and a central rug","The room is a modern industrial style loft bedroom with black metal bunk beds, blue striped pillows, white shade lamps, wooden nightstands, and wood elements."
"shabby-chic-style_708.jpg","Scandinavian","white, light gray, natural wood","cedar shake siding, plywood, woven fabric","natural soft light from one large window and two smaller windows","calm and cozy","wooden bed, wooden chair, wooden dresser, wooden bookshelf, small wooden table","bed tucked under the eaves, with a chair sitting beside it, adjacent to the windows.","A small cabin-like room with a simple, handmade furniture set that gives off a cozy vibe."
"shabby-chic-style_709.jpg","Modern","white, neutral","wood, glass, metal","natural light through windows","clean and serene","dining table, chairs, plate rack","open plan with kitchen and dining connected to living room","This image depicts a modern kitchen and dining area that combines functionality with simplicity, featuring white and neutral color tones for a clean and serene atmosphere."
"shabby-chic-style_71.jpg","Modern Minimalist","beige, white, light wood","wood, linen, glass","natural soft light from large windows","calm and airy","queen-size bed, dresser, lamp, nightstand","open space with central seating area","A modern, minimalist bedroom featuring a queen-size bed, wood dresser, and linen accents that create a calm and airy atmosphere."
"shabby-chic-style_710.jpg","Modern Minimalist","white, beige, light wood","oak wood, linen, concrete","natural soft light from large windows","calm and airy","sofa, coffee table, floor lamp, vase with flowers, woven rug","open space with central seating area","This living room features a minimalist design style, characterized by clean lines and simple furniture. The color palette is soothing with light wood tones complemented by white walls. Oak wood accents add warmth to the space. Natural light fills the room, creating a calm and airy atmosphere."
"shabby-chic-style_711.jpg","Scandinavian","white, light wood","oak wood, linen","subtle, soft light","simple and uncluttered","door, floor lamp","linear arrangement with the door at one end","An interior space that maintains a minimalist Scandinavian style, featuring light wood tones and oak panels for a simple yet sophisticated look."
"shabby-chic-style_713.jpg","Scandinavian","white, beige, light wood","oak wood, linen, stainless steel","natural soft light from large windows","calm and airy","white kitchen island, dining table with chairs, built-in refrigerator, wine rack","open space with central seating area, including a kitchen island for additional seating","This is a modern Scandinavian style kitchen with an open floor plan that features a white kitchen island and dining table surrounded by chairs. The color palette consists of light tones like beige and white, complemented by natural materials such as oak wood. Large windows provide ample natural light, creating a calm and airy atmosphere."
"shabby-chic-style_715.jpg","Modern Minimalist","red, white, black","wood, metal, glass","bright and natural light from large windows","calm and cozy","sofa, coffee table, potted plant, floor lamp","small open space with central seating area and decorative elements","This modern shed design combines minimalist aesthetics with bright lighting to create a cozy outdoor living space. The red exterior contrasts beautifully with the white interior, while wood and metal materials add warmth and texture. Large windows fill the space with natural light, and decorative elements like potted plants and a floor lamp enhance its charm."
"shabby-chic-style_717.jpg","Rustic","white, red, green","brick wall, wooden porch swing, plastic planter with flowers","natural sunlight filtering through slats in window blinds","warm and inviting","porch swing, plant box, rocking chair","front porch of a traditional home with brick facade and wooden decorative accents","This front porch is designed in the rustic style, featuring wooden furniture and a warm color palette. The space is bathed in natural sunlight filtering through slats in window blinds."
"shabby-chic-style_718.jpg","Minimalist","white, gray, light wood","oak wood, stainless steel, marble","natural soft light from large windows and recessed ceiling lights","calm and airy","gray sofa, white kitchen island with stools, small green plant, stainless steel backsplash","open space with central seating area on a wooden floor, surrounded by white cabinets and countertops.","A modern, minimalist kitchen space with a warm, airy feel, featuring light wood elements, stainless steel accents, and soft lighting."
"shabby-chic-style_722.jpg","Scandinavian","white, beige, wood","wood, linen, glass, metal","natural light from windows and recessed ceiling lights","warm and inviting","couch, coffee table, bookshelf, fireplace, chandelier","open concept with kitchen, dining, and living areas all in one space","A Scandinavian-style open concept home with a warm and inviting atmosphere featuring light wood furniture, white walls, and natural light from recessed ceiling lights and large windows."
"shabby-chic-style_725.jpg","Modern","white, gray, navy","porcelain, glass, metal","overhead lighting and ambient light from the window.","neutral and calm","toilet paper holder, soap dispenser, trash can, shower caddy, plant on top of toilet","small space with minimal furnishings.","A modern, minimalist bathroom with neutral colors and a focus on clean lines and simplicity."
"shabby-chic-style_726.jpg","Modern","white, cream, silver","wood, glass, linen","soft and ambient lighting","elegant and sophisticated","chandelier, sofa, tablecloth, vase","formal dining room with round table in the center surrounded by chairs","The interior design features a Modern style with a soft color palette of white, cream, and silver. Materials used include wood, glass, and linen. The lighting is soft and ambient, creating an elegant and sophisticated mood. Notable objects include a chandelier, sofa, tablecloth, and vase."
"shabby-chic-style_727.jpg","Modern Minimalist","white, beige, light wood","oak wood, linen, concrete","large windows provide soft natural light, accentuated by recessed track lighting","warm and inviting","white kitchen island, modern gas range with ventilation hood, contemporary pendant lights","open-concept design with a central kitchen island, adjacent dining area flanked by bar stools","Modern kitchen and dining room open to one another in a minimalist style, utilizing light wood tones, oak cabinetry, and concrete countertops."
"shabby-chic-style_728.jpg","Modern","white, beige, red","wood, silk, linen","natural soft light from large windows, and warm ambient lighting from wall sconces.","calm and inviting","king-size bed, dresser, nightstands, area rug, ceiling fan","open space with central seating area, featuring a large king-size bed flanked by two nightstands.",""
"shabby-chic-style_730.jpg","Modern","white, black","wood, metal","natural and ambient","airy and open","wall art, modern chair, white bookshelf","open layout with minimalist furniture arrangement","The interior design creates a modern and airy atmosphere with minimalist furniture and natural lighting."
"shabby-chic-style_731.jpg","Modern Minimalist","white, light grey","linen, wool","natural soft light from large windows","calm and airy","bed, nightstand, framed artwork","simple, clean lines with a focus on space utilization","This is an image of a modern minimalist bedroom with a serene atmosphere. The room features a large white furry comforter on the bed, complemented by light grey walls and simple, clean linen sheets. Wool textures are used throughout the room to create warmth and comfort. Lighting comes from large windows, which also allow for natural light to fill the space. The color palette consists of just two colors, white and light grey, creating a peaceful and uncluttered environment. The overall atmosphere is calm and airy."
"shabby-chic-style_732.jpg","Modern Minimalist","white, gray, silver","linen, wool, leather","Natural soft light from large windows","Calm and airy","king-size bed with gray headboard, white sofa and matching chairs, large metal chandelier hanging from the ceiling, small round table with candles, framed mirror on the wall","Open space with a central seating area around the fireplace.","This modern minimalist bedroom features an elegant gray and white color palette, with linen and wool textiles adding warmth. A large metal chandelier hangs from the ceiling, casting soft light throughout the space. Large windows provide natural light that enhances the airy feel of the room. The furniture includes a king-size bed, white sofa and chairs, and a table with candles for a cozy atmosphere. The layout allows for an open seating area around the fireplace."
"shabby-chic-style_733.jpg","Modern Minimalist","white, pink, navy","wood, linen, glass","natural soft light from large windows","calm and airy","bunk beds, play gym, toddler bed, rocking chair, white sheepskin rug","open space with central seating area","This children's room features a modern, minimalist design with a monochromatic color scheme and natural light. The bunk beds are elevated on a wooden platform, providing a cozy bed area above the open play gym. A white sheepskin rug adds warmth underfoot, while the rocking chair offers a comfortable spot for reading or quiet bonding moments."
"shabby-chic-style_734.jpg","Modern","beige, white, light brown","tile, plastic, steel","well-lit with recessed lights","clean and minimalistic","bath tub, wall tile, floor drain","small, compact space designed for utility","This is a small bathroom space featuring a beige tiled floor and wall, with a white bathtub set into the corner. The minimalistic design utilizes simple materials like plastic and steel."
"shabby-chic-style_735.jpg","Industrial Loft","rustic brown, black iron, natural wood","recycled metal, exposed brick, repurposed lumber","industrial style with exposed bulbs and pipes for a rustic feel.","edgy, modern, and slightly cluttered, with a focus on raw elements and reclaimed materials.","vintage-inspired industrial refrigerator, metal bar stools, reclaimed wood dining table, black metal kitchen island","open floor plan that combines the kitchen, living room, and dining area into one unified space.","This loft-style space blends urban industrial elements with rustic materials to create a unique and edgy interior design."
"shabby-chic-style_738.jpg","Modern Minimalist","white, light gray, wood accents","wood, linen, glass","natural soft light from large windows","calm and airy","bed, dresser with mirror, vanity, shelving unit","open space with central seating area","This bedroom has a modern, minimalist design with an emphasis on clean lines and natural wood accents. The color palette is soft and light, creating a calm and airy atmosphere. The room features wood flooring and furniture, as well as linen upholstery that adds texture to the space. Large windows allow for ample natural light, which enhances the overall feel of serenity."
"shabby-chic-style_739.jpg","Vintage Eclectic","muted beige, navy blue, white","velvet upholstery, wooden frame on furniture, linen drapes","Soft natural light from windows, accentuated by small decorative lamps.","Elegant and cozy with a touch of whimsy.","vintage chaise lounge, small velvet armchair, wooden coffee table, vintage trunk as side table, over-sized floral wall hanging","Informal arrangement with seating area facing window, set against backdrop of decorative wall tiles and patterned fabric.","This room's interior design is a blend of vintage elegance with contemporary quirkiness, featuring velvet upholstery and wooden frame furniture pieces arranged in an informal layout that invites relaxation and conversation."
"shabby-chic-style_74.jpg","Modern Minimalist","white, beige, light wood","glass, brass, porcelain","natural soft light from large windows and under-cabinet lights","calm and airy","vase with flowers, coffee mug, tin canister, candle holder","open space with minimal clutter","This kitchen features a modern, minimalist design with white and light wood tones. The space is open and uncluttered, featuring glass cabinets that allow for natural light to flow through. Decorative elements include flowers in a vase on the countertop, a candle holder, a coffee mug, and a tin canister. Under-cabinet lights provide soft illumination at night."
"shabby-chic-style_740.jpg","Scandinavian","white, wood accents, blue accents","white painted cabinets, quartz countertops, steel appliances","natural soft light from large windows and ceiling track lighting","warm and cozy","kitchen island, stainless steel refrigerator freezer, coffee maker, set of cookware","galley kitchen layout with center island","The kitchen is designed in a Scandinavian style, featuring white painted cabinets, wood accents, and blue accents. The room is illuminated by natural light from the windows and ceiling track lighting. The overall mood of the space is warm and cozy."
"shabby-chic-style_741.jpg","Scandinavian","white, beige, light wood","metal, linen, wood","Natural soft light from large windows and bedroom chandelier","Calm and airy","bed, chair, dresser, lamp, bookshelf","Space is organized with a focal point in the center. A seating area is created by placing a chair and an ottoman in front of a window.","The room has a clean, minimalistic design with a Scandinavian influence. The color palette consists mostly of neutral tones, creating a serene atmosphere. The lighting is soft and natural, enhancing the calm feeling of the space."
"shabby-chic-style_742.jpg","Vintage Cottage","white, beige, blue","wood, porcelain, metal","natural light from windows and vintage pendant lights","cozy and nostalgic","kitchen stove, apron, butter churn, eggs","galley kitchen with central sink and open shelving on both sides","This kitchen has a vintage design featuring wooden cabinets, porcelain appliances, and open shelving. The color palette is neutral with pops of blue. Natural light streams in through the windows, creating a cozy atmosphere."
"shabby-chic-style_743.jpg","Modern Minimalist","navy blue, gold, white","dark hardwood, linen, marble","ambient lighting from recessed lights and floor lamps","modern and elegant","king-size bed, sofa, coffee table with decorative books, floor lamp, framed art on walls","open space with a central seating area around the sofa","The room is designed in a modern minimalist style, featuring dark blue walls and gold accents. The king-size bed is the focal point of the space, flanked by two nightstands. A sofa sits under a large mirror above a coffee table with decorative books. Floor lamps add to the ambiance and lighting in this elegant bedroom."
"shabby-chic-style_744.jpg","Modern Minimalist","white, pink accents","wooden cabinetry and drawers, stainless steel appliances, glass countertops","ambient light from recessed ceiling lights, complemented by hanging pendants over the island","bright and airy with a touch of warmth","white kitchen cabinets, stainless steel appliances, pink pendant lamps, black marble countertops, green plants","an L-shaped open concept layout with the island as the focal point, flanked by sink and stove on either side","This modern kitchen combines minimalist design elements with a touch of color through pink accents to create a bright, airy space that is both stylish and functional."
"shabby-chic-style_745.jpg","Scandinavian","white, beige, grey","wood, linen, glass","Natural light from window, complemented by recessed ceiling lights.","Bright and airy, with a touch of romantic elegance.","bed, dresser, mirrors, clock","Spacious bedroom featuring a large window for abundant natural light. The dresser sits between two mirrors, reflecting the room's depth and making it feel larger.","This bedroom exudes a Scandinavian style with its white paint and wooden furniture, offering ample storage in the dresser and a comfortable space to relax on the bed."
"shabby-chic-style_746.jpg","Scandinavian","white, beige, light wood","oak wood, porcelain, stainless steel","natural soft light from large windows","calm and airy","kitchen cabinets, white fridge, dining table, black chairs, stove","small galley style kitchen with open space into dining room","The interior design of this kitchen and dining area combines Scandinavian elements with a simple color palette. The cabinets are white, the floor is light wood, and the stove matches the cabinetry. Natural soft lighting fills the space from large windows."
"shabby-chic-style_747.jpg","Scandinavian","white, beige, light wood","wood, linen, glass","natural soft light from large windows","calm and airy","sofa, coffee table, plant, floor lamp","open space with central seating area","This is a modern Scandinavian-style living room with a warm and inviting atmosphere. The room features light wood flooring, natural linen upholstery, and large windows that allow for abundant natural light to fill the space. The furniture includes a comfortable sofa, a coffee table, and a floor lamp, all arranged around a central seating area in the center of the room."
"shabby-chic-style_749.jpg","Modern Minimalist","white, blue, orange","linen, wood, metal","natural soft light from large windows","calm and airy","bed, nightstands, rugs, lamp","open space with central seating area","The bedroom is decorated in a modern minimalist style, featuring a white color palette with blue accents and orange accent pillows. The room is furnished with wooden nightstands, linen sheets, and rugs, complemented by natural lighting from the large windows."
"shabby-chic-style_750.jpg","Modern","white, light gray, black","wood, brass, glass","recessed lighting and natural light from windows","clean, contemporary, spacious","sofa, coffee table, flat screen TV, bookshelves, lamp","open floor plan with living room flowing into dining area and kitchen","The interior is a modern, spacious home with an open floor plan that blends the living, dining, and kitchen areas seamlessly."
"shabby-chic-style_751.jpg","Modern Minimalist","white, beige, light wood","wood, linen, fabric","soft, natural light from large windows","calm and serene","bed with white bedding and floral print, purple abstract painting on wall, white nightstand with lamp, pink velvet armchair, wooden dresser","simple, open space with clean lines and minimal decor","This bedroom features a modern minimalist design, with soft lighting creating a calm atmosphere. The color palette is neutral, with wood accents for warmth. The layout is simple, with an uncluttered space enhanced by the large windows allowing natural light to fill the room."
"shabby-chic-style_752.jpg","Minimalist","black, white, grey","wood, metal, glass","Soft and even lighting from built-in fixtures","Sophisticated and serene","round mirror, soap dispenser, toothbrush holder","Limited counter space with sink and cabinet underneath","This bathroom is designed in a minimalist style, with clean lines and modern fixtures. The color palette is monochromatic, creating a calm atmosphere. The round mirrors on the wall add an interesting visual element. There's limited counter space for daily use items."
"shabby-chic-style_753.jpg","Modern Minimalist","white, beige, light wood","wood, fabric, metal","soft, natural light from a large window","calm and serene","staircase, mirror, paintings, vase","space divided into distinct areas by stairwell and mirror placement","A modern minimalist interior with a clean color palette, natural lighting, and creative use of space."
"shabby-chic-style_755.jpg","Scandinavian","white, beige, light wood","brick, linen, wicker","natural soft light from large windows","calm and airy","sofa, coffee table, plant, floor lamp","open space with central seating area around a fireplace","The living room has a light Scandinavian design with a warm and cozy atmosphere, featuring natural materials like brick and linen, soft lighting from windows, and simple furniture that creates an inviting space for relaxation."
"shabby-chic-style_756.jpg","Scandinavian","white, natural wood","wood, linen, wicker","natural soft light from large windows","calm and airy","round wooden dining table, dining chairs with natural wood seats, decorative wicker hanging light, small round side table, white floral arrangement","open space with central seating area around round table","This interior design combines Scandinavian style elements such as a minimalistic color palette and natural materials, creating an open and airy space that feels welcoming and comfortable."
"shabby-chic-style_757.jpg","Modern Minimalist","white, light wood","oak wood, concrete","natural soft light from large windows","calm and airy","cabinet, mirror, tray of small items, bottles","open space with cabinet on the right and countertop in front","This kitchen is designed in a modern minimalist style, using light wood tones against a backdrop of white to create an airy and uncluttered feel. The cabinet has glass doors allowing natural light to filter through to highlight the objects inside."
"shabby-chic-style_758.jpg","Scandinavian","light yellow, white, wooden accents","natural wood, stone, linen","Natural light from multiple windows and a large sliding glass door","Warm and inviting","front deck table and chairs, wooden dog house, potted plant","Open concept design with kitchen and living room flowing seamlessly together","A charming Scandinavian-style cottage with a warm and welcoming atmosphere, featuring natural materials and light wood accents."
"shabby-chic-style_76.jpg","Modern","beige, off-white, gold","wood, leather, fabric","recessed and floor lamps providing a warm glow","calm and serene","bed, dresser, mirror, floor lamp, framed art","large bedroom with a king-size bed in the center, flanked by a dresser and framed art on either side","This is an elegant and inviting modern bedroom with soft beige and gold tones, featuring wooden accents and a warm lighting scheme."
"shabby-chic-style_760.jpg","Modern Minimalist","white, light wood, gray","wood, fabric, metal","soft, warm light with no visible source","calm and serene","bed, nightsstand, shelves, wall art","space organized around a central sleeping area","This is a modern, minimalist bedroom with a clean design, featuring light wood tones and soft white accents. The room is illuminated by warm, diffused light that creates a calm and serene atmosphere."
"shabby-chic-style_761.jpg","Modern Minimalist","light grey, navy blue, white","linen, wood, steel","soft and warm, with recessed lighting along the ceiling edge.","calm and serene, with a touch of luxury from the velvet bedding.","bed, nightstand, chair, headboard","a neatly arranged space centered around the bed, with nightstands flanking it. The chair is positioned for reading or relaxation in front of a window or wall decor.","This Modern Minimalist bedroom features a light gray color scheme with navy accents, linen and velvet textiles, and steel elements. Recessed lighting provides a soft glow over the neatly made bed, and a headboard adds to the luxurious feel of the space."
"shabby-chic-style_762.jpg","Modern Minimalist","white, light wood","tile, brass","natural soft light from large windows","calm and airy","sink, faucet, shower wall, shower curtain","open space with central bathroom area","This is a modern minimalist bathroom design featuring light wood accents, white tile, and brass fixtures. The space has an open feel, with natural light streaming in from large windows."
"shabby-chic-style_763.jpg","Industrial Loft","black, white, natural wood","wood planks, metal piping, concrete wall","industrial light fixtures hanging from the ceiling","modern and edgy","washing machine, dryer, sign, planter","wall-mounted appliances with open shelving above","This space features a rustic industrial design, characterized by its wooden planks and metal piping. The washing machines are neatly arranged on the wall, with an empty sign on top for personalization. The natural wood elements provide a warm contrast to the black and white color scheme."
"shabby-chic-style_764.jpg","Modern","brown, black, white","leather, wood, brick","Overhead track lighting with dimmer control","Clean and sleek, with a touch of warmth from the fireplace","flat screen TV, black leather sofa, wooden coffee table, brick wall accent","Open concept layout with living area flowing into kitchen","A modern living room featuring a sleek design, large fireplace, and overhead track lighting."
"shabby-chic-style_765.jpg","Modern Minimalist","white, beige, light wood","brick, stucco, wood, glass","natural soft light from large windows and outdoor lights","warm and cozy","sofa, coffee table, plant, floor lamp, chairs","open space with central seating area around a fireplace, featuring an outdoor dining and lounging space",""
"shabby-chic-style_766.jpg","Scandinavian","white, light gray, dark brown","brick wall, wooden floor, metal rails","Natural light from large windows and overhead skylights. Warm ambient lighting from sconces.","Calm and cozy. A serene atmosphere for relaxation and conversation.","couch, coffee table, plant in corner, wooden bench","Open space with a central seating area, flanked by walls and columns, with a coffered ceiling. The fireplace anchors the space.","This Scandinavian-style living room combines natural materials and light colors to create a warm and inviting space."
"shabby-chic-style_767.jpg","Modern Minimalist","black, white, gray","metal, wood, glass","overhead lighting and under-cabinet lights, with a soft ambient glow from the recessed lighting in the ceiling","clean and sleek, with an emphasis on functionality","kitchen island, double sink, black stove top","U-shaped layout with a central workspace and ample counter space for food preparation.","This modern kitchen is designed for functionality with an emphasis on clean lines and minimalist aesthetics."
"shabby-chic-style_769.jpg","Modern Minimalist","white, wooden door, light gray","wood, metal, glass","bright and airy","calm and welcoming","door, staircase, outside view","hallway leading to outside with door at end","A modern minimalist interior design hallway with a bright and airy feel, featuring wooden doors that lead to the outdoors."
"shabby-chic-style_77.jpg","Modern Minimalist","white, gray, wood accents","cedar siding, stone veneer, metal railings","natural soft light from large windows","calm and airy","neutral-toned sofas, minimalist coffee table, plants, modern floor lamps","open space with central seating area","This modern two-story home features a minimalist interior design with clean lines, neutral tones, and ample natural light. The exterior is constructed of cedar siding and stone veneer, providing a warm and welcoming aesthetic."
"shabby-chic-style_770.jpg","Scandinavian","white, beige, blue","wooden floors, fabric upholstery, glass walls","natural soft light from large windows","calm and airy","sofa, coffee table, plant, floor lamp","open space with central seating area","A cozy and inviting Scandinavian-style living room, featuring wooden floors, fabric upholstery on furniture, glass walls for natural light, a sofa centrally positioned for conversation, a floor lamp for warm evening lighting, and a plant for a touch of nature."
"shabby-chic-style_771.jpg","Scandinavian","white, beige, blue","linen, wood, metal","natural soft light from large windows","calm and airy","sofa, coffee table, plant, floor lamp","open space with central seating area","This Scandinavian-style living room features a comfortable white sofa surrounded by beige and blue accents, a wooden coffee table, and a floor lamp. The natural lighting creates a calm and airy atmosphere."
"shabby-chic-style_773.jpg","Modern Minimalist","white, black, gold","marble, wood, steel","recessed lighting and wall sconces create a clean, contemporary look.","elegant and serene","marble sink with gold fixtures, black framed mirror, modern vanity lights","space is divided into sections by black framing on the doorway","This bathroom features a modern minimalist design with a monochromatic color palette, marble surfaces and fixtures, recessed lighting, and gold accents."
"shabby-chic-style_774.jpg","Modern","white, gray, blue","leather, wood, metal","Natural light from large windows and a central skylight","Bright, spacious, and inviting","sectional sofa, coffee table, floor lamp, potted plant, abstract art","Open floor plan with a seating area centered around the TV and windows","A modern living room with white walls, gray upholstery, and blue accents. Large windows provide ample natural light, creating a bright and airy atmosphere."
"shabby-chic-style_775.jpg","Modern Minimalist","light blue, white, wood","oak wood, brass fixtures, marble countertop","well-lit with a mix of natural light and recessed lighting","fresh and clean","freestanding tub, sink vanity, mirror above sink, bath mat, towel rack","space is divided with a glass shower enclosure and toilet tucked in the corner","A modern bathroom design featuring a clean color scheme, natural materials, and efficient layout for comfort and functionality."
"shabby-chic-style_776.jpg","Modern Minimalist","white, pink, gold","wood, fabric","natural soft light from a window","calm and airy","crib, dresser, chandelier, rocking chair, stuffed animal","white walls, white carpet, furniture arrangement centered around crib","A serene and elegant nursery with a modern minimalist design, featuring soft colors and natural light."
"shabby-chic-style_778.jpg","Modern Minimalist","white, gray, red","stainless steel, wood cabinets and countertops, marble backsplash","Overhead lights with track lighting over island, under-cabinet lighting, and recessed lights.","Clean and elegant, with a touch of rustic warmth from the red accents.","hanging pendant lights, modern stainless steel appliances, white subway tile backsplash","Kitchen designed for socializing, featuring an island with seating and a large window view.","This kitchen combines modern minimalism with warm rustic accents, creating an inviting space for cooking and entertaining."
"shabby-chic-style_779.jpg","Modern Minimalist","white, beige, light wood","oak wood, linen, steel","natural soft light from large windows","calm and airy","queen-size bed with gray comforter and white pillows, white desk with chair under window, wall decoration saying 'be true to who you are' in black letters on distressed wood background, gray accent pillow on top of bed, small potted plant sitting atop the desk","bedroom with a window and wall decoration above it, a white desk with chair underneath the window, and a bed situated against one wall.","This is a modern minimalist bedroom with a clean, airy feel. The use of light wood in the bed and desk complements the oak wood flooring. Above the desk hangs an inspirational sign that reads 'be true to who you are'. There's also a small potted plant on the desk adding a touch of greenery. The room is well-lit by natural light coming through the window."
"shabby-chic-style_78.jpg","Mid-Century Modern","white, blue, gold","wood, linen, cotton","natural light from large windows during the day, soft lamps at night","calm and inviting with a hint of nostalgic charm","bed, nightstands, lamp, mirror, pillows","a spacious bedroom featuring a large bed as the focal point with nightstands flanking it.","This is a serene and inviting mid-century modern bedroom, bathed in natural light and warm tones, with thoughtfully chosen furnishings that create a comfortable atmosphere."
"shabby-chic-style_780.jpg","Modern Minimalist","white, beige, light wood","leather upholstery, faux fur throw, wooden flooring","bright and well-lit with recessed lighting and floor lamps","modern, sleek, clean and sophisticated","white sofa, glass coffee table, abstract artwork, floor lamp","open concept layout with a circular seating arrangement surrounding the central area","This is an elegant and stylish living room with a modern minimalist design. It features a light color palette, leather upholstery on the furniture, wooden flooring, and contemporary artwork on the walls."
"shabby-chic-style_781.jpg","Scandinavian","white, wood, gray","stone, metal, wood","Natural light from large windows and high ceilings","Calm and airy","couch, chairs, table, potted plants","Open space with central seating area","Scandinavian-style garden room with stone walls, modern furniture, high ceilings and natural light."
"shabby-chic-style_783.jpg","Scandinavian","light blue, white, wood","wood, stone, concrete","natural light from windows and soft overhead lighting","calm and inviting","couches, coffee table, rugs, potted plants","open floor plan with central living room area","This Scandinavian-style home features light blue walls, white trim, and wooden accents. The natural materials give a warm and inviting feel. The open layout allows for ample space and natural light to fill the rooms."
"shabby-chic-style_784.jpg","Modern Minimalist","white, light wood, blue","wood, fabric, glass","natural soft light from large windows","calm and airy","crib, tree stump bed, baby furniture set, floor lamp, plant","open space with central seating area around tree trunk bed","This nursery features a modern minimalist design with natural wood and fabric elements, soft lighting from large windows, and a calm and airy atmosphere."
"shabby-chic-style_785.jpg","Modern Minimalist","white, light grey, purple","wood, glass, leather","soft and warm with ambient light","calm and sophisticated","sofa, coffee table, lamp, pillows, vase","modern open floor plan with a view of the outside garden","This living space combines modern minimalist design elements, creating an airy and sophisticated environment."
"shabby-chic-style_786.jpg","Modern Minimalist","soft pink, white, neutral tones","wood, glass, metal","natural light from large window, soft overhead lights","cozy and inviting","cabinet, lampshade, small plant, personal mementos","intimate space with minimal furniture for a clutter-free atmosphere","This modern and minimalist space features soft pink tones on the furniture, creating a cozy feel. With natural light from a large window and overhead lights, the room has a warm and inviting mood. Personal mementos add a touch of personal sentiment to the space."
"shabby-chic-style_787.jpg","Modern Minimalist","dark blue, white, beige","oak wood, linen, brass","natural soft light from large windows","calm and airy","sofa, coffee table, plant, floor lamp","open space with central seating area","This modern minimalist living room features a dark blue sofa, oak wood flooring, and linen-draped windows. The large plant brings in natural light, creating a calm and airy atmosphere."
"shabby-chic-style_788.jpg","Modern Minimalist","white, light wood, neutral accent","oak wood, linen, concrete","natural soft light from large windows","calm and airy","bed, coffee table, flowers, floor lamp","open space with central seating area","This modern minimalist design is characterized by a monochromatic color scheme, natural lighting, and a simple yet stylish furniture arrangement."
"shabby-chic-style_79.jpg","Modern","white, wood, blue","steel, brick, glass","bright and natural, with large windows","welcoming and modern","bar stools, countertop, potted plant, kitchen island","open space with central counter and bar seating area","A bright, modern interior features a counter for food service with bar seating, surrounded by large windows that let in abundant natural light."
"shabby-chic-style_791.jpg","Modern Minimalist","white, blue, wood","wood, linen, metal, stone","natural soft light from large windows and recessed ceiling lights","calm and airy","sofa, coffee table, plant, floor lamp, rugs, cushions","open space with central seating area","This is a modern minimalist living room that focuses on open space, clean lines and natural lighting. The color palette is soft with blues, whites and wood tones. The materials used are simple yet elegant, featuring wooden floors, linen sofas and accents of metal and stone."
"shabby-chic-style_793.jpg","Minimalist","white, neutral gray","wood, fabric","soft and warm ambient lighting","calm and serene","bed, nightstand, armchair","spacious bedroom with a large sleeping area","This minimalist bedroom features a simple yet elegant design with clean lines, neutral colors, and a focus on comfort. The space is well-lit and inviting, designed for rest and relaxation."
"shabby-chic-style_794.jpg","Modern Minimalist","white, light wood, navy blue","wood, fabric, metal","natural light from the window and dimmable ceiling lights","bright and airy","dresser with mirror, canopy bed with white fabric, flowers in a vase","small room with canopy bed as focal point, dresser along one wall","This space is designed to feel open and bright with a minimalistic approach using white and light wood tones, while accent pieces like the navy blue headboard add color."
"shabby-chic-style_795.jpg","Modern Minimalist","white, beige, light wood","glass, marble, wood","well-lit with both natural and artificial lighting, creating a bright and airy atmosphere.","calm and serene","fireplace, couch, coffee table, lamp, artwork","a long hallway leading to the bathroom with a large fireplace as a focal point.","A modern minimalist living space featuring a clean and elegant design, highlighted by the use of natural materials, ample lighting, and a well-placed fireplace."
"shabby-chic-style_796.jpg","Vintage","green, red, white","wood, linen, plastic","Warm and dim light from wall sconces","Elegant and romantic","dining table with floral design centerpiece, patterned chairs, vintage-style chandelier","Formal dining room layout with a central table surrounded by chairs","Vintage dining area with a romantic atmosphere, featuring a floral print centerpiece and vintage style elements."
"shabby-chic-style_797.jpg","Modern Minimalist","white, light wood, black accent","oak wood, linen, steel","natural soft light from large windows and recessed lighting","calm and airy","wooden dresser with mirror, built-in shelves, cozy chair, wall art","spacious walk-through closet with clothes on hangers and storage units","This modern minimalist closet features a clean design with white oak wood, light wood accents, and black accents. The space is well lit by natural sunlight from large windows, and recessed lights add to the ambiance. The furniture includes a wooden dresser with mirror, built-in shelves, and a cozy chair for relaxation. A wall art piece adds personality to the space."
"shabby-chic-style_798.jpg","Industrial Loft","black, white, copper","metal, wood, concrete","natural light from large windows and under-cabinet lights","modern, minimalist, sleek","kitchen island with marble top, metal pots and pans hanging above stove, wooden dining table, black leather barstools","open space with central kitchen island and adjacent dining area","Industrial loft-style kitchen with marble countertops, metal accents, and a warm color palette."
"shabby-chic-style_799.jpg","Scandinavian","beige, white, grey","wood, leather, metal","natural soft light from large windows","calm and airy","sofa, coffee table, plant, floor lamp, bookshelf","open space with central seating area","This is a Scandinavian-style living room with a neutral color palette, natural lighting from large windows, and a clean, uncluttered layout. The room features wooden furniture, leather accents, and metal decorative items. There's a cozy sofa and coffee table for gatherings, as well as natural plants and warm floor lamps. The overall mood is calm and airy, making it an inviting space for relaxation."
"shabby-chic-style_8.jpg","Scandinavian","white, beige, light wood","wood, glass, stainless steel","natural soft light from large windows and recessed ceiling lights","bright and airy","white kitchen cabinets, white center island, large floral arrangement, silver oven, candles","modern galley layout with a central work triangle between the sink, stove, and refrigerator","This is a Scandinavian-style kitchen with an open design, featuring natural materials such as wood and stone, soft lighting, and clean lines."
"shabby-chic-style_80.jpg","Scandinavian","white, beige, light wood","oak wood, linen, wood-stained glass","natural soft light from large windows","calm and airy","dining table with mismatched chairs, farmhouse style cabinet, floral centerpiece on the dining table, vintage-looking mirror, large window above the dining table","open space with central seating area, featuring a farmhouse style cabinet against one wall and a large window above the dining table","This Scandinavian-style room features a calm and airy atmosphere with natural soft light from large windows. The color palette includes white, beige, and light wood, which complement the oak wood and linen materials present in the space. A farmhouse style cabinet against one wall adds a touch of vintage charm, while the floral centerpiece on the dining table contributes to a welcoming ambiance. The mismatched chairs around the dining table give the room a lived-in feel, and the large window above the dining table creates an open space that feels both spacious and intimate."
"shabby-chic-style_800.jpg","Modern Minimalist","white, gray, black","stainless steel, glass, wood","bright with natural light from windows","modern and serene","shelves, towel rack, towels, storage box","narrow space with vertical lines of storage","A narrow closet with stainless steel shelves, glass doors and bright lighting. The palette is minimalistic with grey, black and white towels."
"shabby-chic-style_801.jpg","Scandinavian","white, beige, brown, blue","oak wood, wool, leather, metal","soft and warm, with a mix of natural and artificial light from floor lamps and table lamps.","calm and inviting","bed, side tables, chair, sofa, lamp","open floor plan with bedroom in the front, living area in the middle, and seating area in the back.","This is a well-appointed bedroom with a Scandinavian design style, featuring natural materials like oak wood and wool. The color palette is neutral and warm, with subtle accents of blue to add a touch of color. The lighting is soft and inviting, creating a calm atmosphere for relaxation. The layout is open, with the bed in the front, living area in the middle, and seating area in the back, offering both privacy and convenience."
"shabby-chic-style_802.jpg","Rustic Cottage","light grey, wood brown, bright green","wooden beams, stone walls, metal roofing","warm ambient light from string lights and candles","comfortable and inviting","rustic wooden chair, old-fashioned sofa, hanging basket of flowers, wooden dining table","small open floor plan with a central seating area surrounded by windows","This rustic cottage has a cozy and inviting atmosphere, featuring an old-fashioned furniture style with wooden walls, beams and floors. The space is illuminated by string lights and candles, giving off a warm ambiance."
"shabby-chic-style_803.jpg","Modern Minimalist","grey, white, black","wood, plastic, metal","recessed lighting with adjustable LED panels","calm and minimalistic","mid-century modern armchair, modern coffee table, low wall shelving unit, decorative wall art","open space with a central seating area flanked by functional and decorative elements","This interior design features a contemporary minimalist style, using a palette of neutral colors with contrasting black accents. The materials are a mix of wood for warmth, plastic for modernity, and metal to add an industrial touch. Recessed lighting allows adjustable LED panels to provide the desired ambiance. A mid-century armchair sits next to a modern coffee table, all under a low wall shelving unit that showcases decorative items. The open space layout enhances the sense of calm and minimalism while still being functional."
"shabby-chic-style_804.jpg","Modern Minimalist","beige, brown, green","wood paneling, white linoleum, metal framed mirror","ambient light from recessed LED lights","calm and serene","rectangular mirror, potted plant on shelf","space designed with simplicity and functionality in mind, featuring a mirror and potted plant as focal points.","The bathroom is designed with a minimalist aesthetic in mind, using a simple color palette of beige, brown, and green. The space features wood paneling and a white linoleum floor, while the recessed LED lights provide ambient lighting. The mirror serves as a focal point, and the potted plant adds a touch of nature to the room."
"shabby-chic-style_805.jpg","Modern Minimalist","dark grey, white, wood","stone, glass, metal","ambient lighting from recessed ceiling lights","calm and serene","poolside sofa, outdoor fireplace, potted plants, floor lamps","open space with pool on one side, stone patio on the other, and a covered outdoor seating area in between","This interior design features a modern minimalist style with a dark grey and white color palette. The materials used are stone, glass, and metal. The lighting is ambient from recessed ceiling lights, creating a calm and serene mood. Objects include an outdoor sofa, poolside fireplace, potted plants, and floor lamps. The layout consists of an open space with the pool on one side, a stone patio on the other, and a covered seating area in between."
"shabby-chic-style_806.jpg","Modern Minimalist","white, black, brass","leather, metal, wood","natural soft light from large windows","calm and airy","lamp, cuckoo clock, vase with flowers, clock on shelf","open space with central seating area","A modern minimalist living room design featuring a black leather sofa, white walls and decorations, metal and wood accents, and natural light from large windows."
"shabby-chic-style_807.jpg","Modern Minimalist","light wood, beige, gray","oak wood, linen, steel, glass","natural soft light from large windows","calm and airy","round dining table, wooden chairs, floor lamp, area rug","open space with central seating area","This kitchen features a modern minimalist design with light wood cabinetry, beige accents, and steel appliances. Natural soft light from large windows creates a calm and airy atmosphere, while the round dining table serves as a central point for gathering around. The open space layout allows for easy flow through the area."
"shabby-chic-style_808.jpg","Modern Minimalist","gold, white, gray","brass, marble, glass","natural soft light from large windows","calm and airy","sink, mirror, soap dispenser, faucet","spacious bathroom with central sink area","This is a modern minimalist bathroom design with brass fixtures and white marble surfaces. The color palette is limited to gold, white, and gray tones, creating a calm and airy atmosphere. The space is designed for functionality with natural soft lighting that enhances the spacious feel of the room."
"shabby-chic-style_809.jpg","Bohemian","light pink, white, gold","wood, velvet, fur","The room is well-lit with natural light streaming in from a large window.","This space feels warm, inviting and cozy.","pink velvet armchair, white desk with gold frame, mirror with wood frame on the wall, bouquet of roses, vintage-style fur rug","The room has a large window, allowing sunlight to brighten up the space. A desk and chair are placed under the window for natural light while working or reading.","This is a cozy bohemian inspired living area with a warm color palette, featuring soft velvet textures, a fur rug and a large mirror that reflects the abundance of light from the window."
"shabby-chic-style_810.jpg","Modern","green, gray, brown","brick, concrete, wood","natural light from windows and outdoor lighting at night","calm and serene","trees and plants, seating area on patio, outdoor furniture","curved stone path leading to seating area","This space combines a modern design style with natural elements, creating a tranquil outdoor living area."
"shabby-chic-style_811.jpg","Modern Minimalist","white, black, wood","wood, stainless steel, brass","natural soft light from large windows and recessed ceiling lights","calm and spacious","island with bar stools, kitchen table and chairs, stainless steel range hood","open space kitchen with central island for dining and cooking","This modern kitchen combines a minimalist aesthetic with wood accents to create an open and inviting space that is both functional and stylish."
"shabby-chic-style_812.jpg","Modern","white, purple","wood, fabric","warm with ambient light and spotlight","calm and luxurious","bed, sofa, table, plant, chair","open space with central seating area and bed as focal point","This modern bedroom features a cozy purple bed set against a backdrop of warm lighting, creating an inviting and luxurious atmosphere."
"shabby-chic-style_814.jpg","Modern Minimalist","beige, light wood, off-white","wood, glass, metal","sunlight shining through windows","bright and airy","sofa, coffee table, plant, floor lamp","open space with central seating area","This is a modern design with minimalistic elements. The color palette consists of light beige, wood tones and off-white to create a bright and airy feeling. Materials used include glass for doors and windows, wood for the structure, and metal for accents. The layout is open with a central seating area that is inviting."
"shabby-chic-style_815.jpg","Scandinavian","white, light wood, greens","wooden shelves, tile backsplash, copper fittings","bright and well-lit kitchen","clean and organized","cookware, plants, decorative clock, kitchen utensils","linear kitchen layout with cooking area at the back wall","This is a well-organized and bright kitchen with a clean Scandinavian design style. The color palette is composed of light wood, white, and greens. Materials used include wooden shelves, tile backsplash, and copper fittings. The kitchen has an array of cookware and plants to add life and freshness. The layout allows for efficient use of space with the cooking area situated at the back wall."
"shabby-chic-style_816.jpg","Vintage","pink, white, gold","velvet, silk, lacquer","Dim and warm with soft, ambient lighting from a sconce on the wall.","Elegant and nostalgic","canopy bed with pink bedding, pink velvet armchair, narrow console table with a lamp","A bedroom designed with an emphasis on luxury and vintage charm, featuring a large bed under a canopy as the focal point.",""
"shabby-chic-style_817.jpg","Modern","white, wood tones","stainless steel appliances, oak cabinets, marble countertops","natural light from windows and recessed lights providing even illumination","clean, minimalistic, and uncluttered","stainless steel oven and range, white refrigerator, white subway tile backsplash, kitchen island","efficient galley layout with open concept for easy movement between kitchen and dining room","This modern kitchen features an efficient galley layout, minimalistic design elements, clean lines, and a color palette centered around wood tones and white appliances."
"shabby-chic-style_818.jpg","Modern Minimalist","white, beige, gray","wood, fabric, metal","ambient lighting with a mix of natural and artificial sources","calm and serene","couch, coffee table, wall art, vase","open space with functional zones defined by furniture placement","This living room is a modern minimalist space featuring a neutral color palette, natural wood tones, and a focus on simplicity and functionality."
"shabby-chic-style_819.jpg","Modern Minimalist","white, gray, black","wood, leather, metal","natural soft light from large windows","calm and airy","bookshelf, sofa, coffee table, floor lamp, plant","open space with central seating area","This is a modern, minimalist living room that creates a calm and airy atmosphere with natural soft light. The color palette features white, gray, and black accents, and the materials used are wood, leather, and metal. The furniture consists of a bookshelf, sofa, coffee table, floor lamp, and a plant, arranged around an open space with a central seating area."
"shabby-chic-style_82.jpg","Modern Minimalist","dark gray, beige, light wood","oak wood, linen, steel","natural soft light from large windows","calm and airy","sofa, coffee table, plant, floor lamp","open space with central seating area","The living room has a modern minimalist style, featuring dark gray walls, beige carpeting, and light wood trim. The room's centerpiece is a large window that allows for natural soft light to fill the space, creating a calm and airy atmosphere. Furnishings include a sofa with patterned throw pillows, a coffee table, a plant, and a floor lamp, all arranged around a central seating area."
"shabby-chic-style_820.jpg","Scandinavian","white, light blue, natural wood","oak wood, metal, glass","soft and diffused light from recessed ceiling lights","clean, bright, and airy","white cabinets, center island, stainless steel appliances, cork flooring","U-shaped design with an open kitchen to living room flow","This modern kitchen combines Scandinavian design elements with a light and airy color scheme, featuring natural wood tones and stainless steel appliances. The U-shaped layout provides ample workspace around the center island while maintaining an open flow to the adjacent living room."
"shabby-chic-style_821.jpg","Scandinavian","white, beige, light wood, blue","wood, linen, glass, metal","bright and airy with natural light coming from windows","calm and serene","sofa, coffee table, potted plant, floor lamp, books","open space with a central seating area under a large window","A modern, minimalist room with a cozy Scandinavian style, featuring natural materials and soft lighting. The furniture includes a sofa, coffee table, floor lamp, and books for reading."
"shabby-chic-style_823.jpg","Modern","white, beige, gray","leather, wood, metal","natural light coming in through the windows","modern and clean","sofa, coffee table, end tables, lamp","open concept with seating area near window","This is a modern living room with a neutral color palette, featuring leather upholstery on the sofa and end tables. The room has natural light coming in through the windows, creating a clean and airy feeling."
"shabby-chic-style_824.jpg","Industrial","black, rusty red, natural wood","metal sheeting, vintage brick wall, wooden floor, concrete countertop","overhead industrial-style pendant lights with exposed bulbs","industrial chic, warm and inviting","old green metal cabinet, vintage metal wall clock, rusty old metal shelving unit, wooden dining table","open floor plan with kitchen island serving as a central seating area and workspace","This space combines vintage industrial elements with a rustic charm, creating an inviting atmosphere that is both functional and stylish."
"shabby-chic-style_825.jpg","Modern Minimalist","white, natural wood tones, grey accents","oak wood, marble countertops, stainless steel appliances","soft and natural light from overhead track lighting, complemented by recessed ceiling lights","calm and modern","large island in center of room for casual dining, freestanding cooktop with range hood over it, built-in ovens and microwave under countertops","open space kitchen connected to family room, with kitchen area featuring central island","This modern minimalist kitchen is designed for functionality and aesthetic appeal, combining neutral colors and natural materials with sleek appliances and overhead lighting."
"shabby-chic-style_826.jpg","Modern","white, gray, red","brick, metal, wood","sunlit space with natural light coming in from windows on left wall","airy and bright","sofa, dining table, red pendant light, plant, large mirror","open layout with dining area adjacent to kitchen, creating flow between spaces","Modern open-plan space featuring brick wall and sunlit windows for a bright and airy atmosphere."
"shabby-chic-style_827.jpg","Modern Minimalist","white, beige, light wood","oak wood, linen, stainless steel","natural soft light from large windows","calm and airy","sofa, coffee table, plant, floor lamp","open space with central seating area","This living room is a stylish, modern space featuring neutral tones, oak wood accents, and natural light that creates an airy atmosphere."
"shabby-chic-style_83.jpg","Scandinavian","white, light wood","wood, linen, metal","soft and diffused natural light from windows","airy and bright","dining table, chairs, bench, storage shelves","open layout with central seating area","This kitchen/living space features a Scandinavian design with neutral colors, natural materials and diffused lighting that gives it an airy and bright atmosphere."
"shabby-chic-style_830.jpg","Scandinavian","white, gray","wood, marble","natural light from window above mirror","minimalist and serene","sink, mirror, soap dispenser, toothbrush holder, towels","narrow vanity area with counter for storage","This is a small, functional bathroom with a simple Scandinavian design that emphasizes clean lines and minimal decoration."
"shabby-chic-style_831.jpg","Scandinavian","white, beige, light wood","linen, wood, marble","natural soft light from large windows and a chandelier","calm and airy","bed, chest of drawers, sofa, dining table, mirror","open space with central seating area, bedroom and dining room separated by a small hallway","Bright and airy Scandinavian-style interior with neutral colors and natural lighting."
"shabby-chic-style_832.jpg","Modern Minimalist","white, grey, green","linen, wood, metal","natural soft light from large windows","calm and airy","sofa, coffee table, plant, floor lamp","open space with central seating area","A modern minimalist living room featuring a neutral color palette, linen upholstery, wood accents and large windows that provide ample natural light."
"shabby-chic-style_833.jpg","Modern Minimalist","white, black, grey","wood, glass, leather","natural soft light from large windows and ceiling chandelier","calm and airy","sofa, coffee table, floor lamp, large framed mirror, vase with flowers","open space with central seating area featuring a circular sofa, flanked by two chairs on either side of a coffee table.","This modern minimalist living room design focuses on simplicity and natural light. The color palette is neutral with black accents, creating a serene atmosphere. The materials used are elegant yet understated, including wood flooring and glass doors leading to an outdoor balcony. A statement chandelier provides additional illumination, complementing the soft window light. The room's furniture arrangement features a curved sofa as a focal point, with two armchairs facing it, making for easy conversation around the central coffee table. Decorative elements include a large mirror that enhances the sense of space and a vase of flowers adding a touch of natural beauty."
"shabby-chic-style_836.jpg","Scandinavian","white, beige, natural wood","oak wood, wool carpeting, metal studs, glass","soft natural light from windows with blinds that can be adjusted for privacy and brightness","calm, inviting, airy, spacious","built-in bookshelf with multiple shelves, modern minimalist fireplace, large window above bookshelf for abundant natural light","open floor plan featuring a central sitting area around the fireplace","This modern Scandinavian living space is designed to feel open and airy, with ample natural light from large windows. The built-in bookshelf offers plenty of storage for books and decor, while the minimalist style lends itself to a feeling of tranquility and cleanliness."
"shabby-chic-style_838.jpg","Scandinavian","dark grey, white, light wood","wood, glass, brass","natural light from large windows and white pendant lights","calm and airy","sofa, coffee table, plant, floor lamp, framed mirror","open space with central seating area and dark wooden cabinets for storage.","This living room exudes a Scandinavian design style, featuring light-colored wood furniture and natural materials, complemented by a simple color palette of white, grey, and light wood. The layout allows for easy movement with minimal barriers between the seating area and the storage cabinets."
"shabby-chic-style_842.jpg","Scandinavian","white, gray, wood","wood, linen, metal","natural soft light from large windows","calm and airy","sofa, chair, coffee table, plant, birdcage","open space with central seating area","This Scandinavian-style interior features a calm, airy atmosphere with natural light flooding in through large windows. The color palette is simple and monochromatic, using white, gray, and wood tones to create an open, spacious feel. Materials like wood, linen, and metal are used throughout the room for a cohesive look. In addition to the seating area with a sofa and chair, there's a coffee table, plant, and birdcage that adds a touch of whimsy to the space."
"shabby-chic-style_843.jpg","Modern Minimalist","white, beige, light wood","steel, leather, wood","natural soft light from large windows","calm and airy","bed, mirror, chair, side table, lamp","open space with central bed in a corner next to the window","The room is designed in a modern minimalist style, using mostly white and light wood colors. Steel and leather materials are used for structural elements and furniture. Large windows allow natural light to enter the space, creating a calm and airy atmosphere. The bed serves as a central piece in the room's layout, situated next to the window for a cozy corner spot."
"shabby-chic-style_845.jpg","Modern Minimalist","white, gray","porcelain, wood","bright and well-lit","clean and contemporary","tea bowl, loose leaf tea, tea spoon","simple, uncluttered countertop with a few items","This is a modern minimalist kitchen space with white porcelain elements and gray accents. The style is clean and contemporary, with a simple layout featuring just a few key objects: a bowl of tea leaves, a spoon, and a single cup on the countertop."
"shabby-chic-style_846.jpg","Modern Minimalist","white, gray, light wood","wood, fabric, glass","natural soft light from large windows and ceiling fixture","calm and airy","bed, nightstands, dresser, desk","space is divided into distinct areas for sleeping, working, and relaxation","This bedroom features a modern minimalist design with white accents, wood materials, and large windows that fill the room with natural light."
"shabby-chic-style_847.jpg","Modern Minimalist","white, black, wood","oak wood, porcelain, steel","ambient light with recessed ceiling lights and natural light from a window above the sink","calm and clean","bathtub, sink, toiletries, bath towel","space layout is designed for efficiency, with each object having its own designated area; the bathtub is placed under a window for natural light while the sink and toiletries are within easy reach.","This bathroom is designed in a modern minimalist style with black, white, and wood accents. The materials used include oak wood for the vanity, porcelain for the sink and bathtub, and steel fixtures. Lighting is provided by recessed ceiling lights and natural light from above the sink. The mood of the space is calm and clean due to its uncluttered design and simple color palette."
"shabby-chic-style_848.jpg","Modern","White, Green, Gray","Wood, Bamboo, Metal","Natural light coming from large windows","Clean and elegant","Table with place settings, Potted Plant, Vase of Flowers, Folded Napkins","Rectangular table is set at center of space with chairs on either side","A modern dining room setting with clean lines, natural materials and elegant place settings."
"shabby-chic-style_849.jpg","Modern Minimalist","white, light wood","wood, concrete","bright and airy","calm and serene","floor lamp, white sofa, wood coffee table, green plant, black and white rug","open space with central seating area","A modern, minimalist living room with a warm color palette, natural lighting, and a mix of wood, concrete, and linen materials."
"shabby-chic-style_852.jpg","Modern Minimalist","white, light wood","wood, glass, metal","natural soft light from large windows and floor lamp","calm and airy","desk with computer and chair, lamp on desk, bookshelf with books, framed artwork on wall","open space with central seating area around desk","This is a modern minimalist home office, featuring a clean and simple design with light wood finishes, glass accents, and framed artwork adorning the walls."
"shabby-chic-style_853.jpg","Modern Minimalist","white, light wood, gray","wood, fabric, metal","natural light from large windows and ceiling lights","calm and serene","sofa, coffee table, plant, floor lamp","open space with central seating area","This interior design is a modern, minimalist style with a calm and serene mood. The color palette consists of white, light wood, and gray. The materials include wood, fabric, and metal. Large windows allow for natural light to enter the space, and ceiling lights provide additional illumination. The layout features an open space surrounding a central seating area."
"shabby-chic-style_854.jpg","Modern","black, white, light brown","wood, metal, fabric","ambient lighting with a touch of warmth and coziness","modern and comfortable","flat screen TV, media console, bookshelves, sofa","living room layout centered around television","A modern living room with a sleek black media console holding a large flat screen TV, with warm lighting and minimalistic design elements."
"shabby-chic-style_856.jpg","Modern Minimalist","white, beige, green accent","metal, glass, wood, fabric","Natural soft light from large windows and patio","Calm and airy","round table, sofa with cushions, floor lamp, plant, large glass vase","Open space with central seating area","This modern minimalist outdoor room features a simple yet elegant design with natural materials and soft colors. The large windows let in plenty of light, creating a bright and inviting atmosphere. A comfortable sofa is surrounded by chairs for relaxation, and the floor lamp provides warm evening light. A glass vase adds a touch of luxury to the space."
"shabby-chic-style_857.jpg","Modern","white, light wood","wood, tiles","natural lighting from large windows and ceiling lights","calm and contemporary","kitchen island, bar stools, kettle, coffee maker","linear layout with cooking area, dining area, and entrance leading to living room","Modern kitchen with wood cabinets, white countertops, a large kitchen island for bar stools and seating, natural lighting from large windows, and an open design that connects to the adjacent living room."
"shabby-chic-style_858.jpg","Modern Minimalist","light blue, gray, white","concrete, tile, stainless steel","bright and airy natural light","calm and serene","pool, poolside seating, outdoor furniture, planter","rectangular pool with straight edges and landscaped surroundings","A modern outdoor swimming pool surrounded by concrete decking, stainless steel railings, minimalist design elements, and large expanses of glass to maximize natural light."
"shabby-chic-style_859.jpg","Modern Minimalist","white, navy blue, oak wood","concrete block wall, wooden flooring, steel framed window","natural soft light from large windows and recessed ceiling lights","calm and airy","sofa, coffee table, plant, floor lamp, dining table and chairs","open space with central seating area near large windows, kitchen in background","This modern minimalist living room features a white palette and concrete block wall for warmth, while natural light floods the space through large windows. The open layout encourages conversation and relaxation in the center of the room."
"shabby-chic-style_860.jpg","Modern Minimalist","white, beige, light wood","fabric upholstery, wood, brass","soft overhead lighting with accent lights in wall niches","clean and modern","sofa, coffee table, floor lamp, area rug, mirror","modern open floor plan with central seating area","The interior features a clean, minimalist design style with a color palette of neutral tones. The space is well-lit by soft overhead lights and accent lighting in wall niches. It has an open layout with a modern sofa and coffee table as central seating pieces."
"shabby-chic-style_861.jpg","Modern Minimalist","gray, white, wood","concrete, fabric, steel","ambient lighting with a mix of natural and artificial sources","calm and serene","floor cushion, table, plant, wall art","open floor plan with a raised platform","This room features a minimalist design with an emphasis on simplicity and functionality, using gray tones and natural materials to create a serene atmosphere."
"shabby-chic-style_862.jpg","Industrial Loft","white, wood, black","wood, metal, glass","Natural and ambient lighting with industrial-inspired fixtures","Eclectic and rugged with a touch of rustic charm","wooden shelves, industrial style cabinetry, exposed brick wall, metal containers","Open kitchen plan with an island in the center","A modern industrial-style kitchen featuring wood cabinets, metal accents, and a unique blend of materials."
"shabby-chic-style_863.jpg","Modern Minimalist","white, blue, pink","fabric, wood, metal","soft ambient lighting with accent light on nightstand","calm and cozy","bed, nightstand, lampshade, pillows, floral patterned throw","narrow bed in center of space, flanked by two nightstands with lamps on either side","This is a simple and clean modern bedroom design featuring pink and blue accents with a focus on minimalism."
"shabby-chic-style_865.jpg","Modern","white, beige, grey","glass, tile, wood","ambient light from ceiling fixture and recessed lights","clean and minimalistic","shower door with clear glass, white shower head, white soap dish","small space with vertical lines","This is a small bathroom designed in a modern style with a white color palette. The room features a tiled wall, a shower with clear glass doors, and recessed lighting that illuminates the space evenly."
"shabby-chic-style_866.jpg","Scandinavian","white, light wood","wood, fabric","natural soft light from large windows","calm and airy","console table, bookshelf","space with a central focal point, flanked by furniture on both sides","Scandinavian-style console table in a bright room with natural lighting and minimalistic decor."
"shabby-chic-style_868.jpg","Modern Minimalist","white, gray, wood","oak wood, linen, concrete, steel","natural soft light from large windows","calm and airy","sofa, coffee table, plant, floor lamp","open space with central seating area","The living room has a modern minimalist design with white and gray tones, natural lighting from large windows, and furniture made of wood and linen. The layout is open, leading to a cozy and airy atmosphere."
"shabby-chic-style_869.jpg","Scandinavian","beige, light wood, pink","linen, wood, glass","bright and natural light from a large window","calm and clean","bed, nightstand, flower vase, picture frame","minimalist with no clutter, focusing on simplicity and space","The image depicts a well-lit bedroom with a Scandinavian design style. The room features light wood tones for the bed and nightstand, linen for the bedding, and pink accents in the pillows and walls. Natural light floods into the room from a large window, creating a calm and clean atmosphere."
"shabby-chic-style_871.jpg","Industrial Loft","white, black, metallic, brown","brick wall, steel beams, wooden flooring, leather sofa","industrial style lighting with exposed bulbs","modern and sleek","leather sofa, coffee table, brick wall art, wooden floor lamp, industrial style side tables","open concept living room with modern furniture arrangement","An open-concept loft apartment featuring industrial design elements, such as exposed beams and brick walls, combined with modern furniture and fixtures."
"shabby-chic-style_874.jpg","Scandinavian","white, beige, light wood","oak wood, linen, concrete","bright and natural light from large windows and white ceiling lights","calm and airy","white stove top oven, beige countertops, large wooden cutting board, white subway tile backsplash","kitchen with an L-shaped layout featuring a sink, refrigerator, and dining table in the center","A bright and airy kitchen with Scandinavian design elements, featuring white appliances, oak wood accents, and concrete counters."
"shabby-chic-style_875.jpg","Modern Minimalist","white, gray, dark brown","porcelain, stainless steel","bright overhead light","clean and sleek","white bathroom sink, black faucet, bathroom countertop","small space with compact layout","This is a modern minimalist bathroom design featuring a white bathroom sink, black faucet, and a small bathroom countertop. The color palette consists of white, gray, and dark brown. Materials include porcelain for the sink and stainless steel for the faucet."
"shabby-chic-style_876.jpg","Modern Minimalist","white, light wood, gray","glass, wood, metal","natural soft light from large windows","calm and airy","sofa, coffee table, chair, plant, floor lamp","open space with central seating area and separate dining area","This modern minimalist living room combines a light wood palette with white for a clean and airy feel. The open layout includes a central seating area and a separate dining area, enhancing the spaciousness of the room."
"shabby-chic-style_877.jpg","Modern Minimalist","white, light gray, wood accent","porcelain, linen, stone","natural soft light from large windows","calm and airy","tub, sink, mirror, book","small space with tub in corner under a window","A modern bathroom design with minimal decoration, featuring natural lighting, a large white bathtub, and a simple color scheme."
"shabby-chic-style_878.jpg","Modern Minimalist","white, beige, light wood","wood, fabric, metal","natural soft light from large windows and overhead recessed lights","calm and airy","sofa, coffee table, floor lamp, plant","open space with central seating area","The room has a modern minimalist style with light wood tones, soft white fabrics, and metal accents. The space is well-lit from the large windows above and recessed overhead lights. The furniture includes a comfortable sofa, a coffee table for convenience, and a floor lamp for adjustable lighting. A single plant adds life to the space."
"shabby-chic-style_879.jpg","Modern","white, light grey, dark brown","stainless steel, wood, marble","Recessed ceiling lights and under cabinet lighting with a soft glow","Bright and clean","kitchen island, black stools, vase with flowers","A galley style kitchen layout featuring appliances on the walls for easy access.","This is a modern, well-lit kitchen with stainless steel appliances and a clean, bright aesthetic."
"shabby-chic-style_88.jpg","Scandinavian","white, green, light wood","wood, linen, brass","natural light from large windows creating a bright and airy atmosphere","calm and inviting","sofa, coffee table, plant, floor lamp","open space with a central seating area, surrounded by white pillows on couches","The interior design has a Scandinavian influence, featuring an open layout that is bright and inviting. Materials include wood, linen, and brass. Color palette consists of whites, greens, and light woods. A vase filled with flowers adds a touch of freshness to the space."
"shabby-chic-style_880.jpg","Minimalist","white, gray, black","wood, metal, glass","well-lit with natural light from a large window and ambient lighting fixtures","calm and tranquil","sofa, coffee table, floor lamp, plants","open space with a central seating area and stairs leading to an upper level","This minimalist interior design features clean lines, neutral tones, and natural materials to create a serene atmosphere in an open-plan living space."
"shabby-chic-style_881.jpg","Modern Minimalist","black, white, silver","brass, glass, wood","ambient, adjustable track lighting","clean, elegant, sophisticated","large wall-mounted mirror, silver candleabra, white potted plant","open space with central focal point","A modern minimalist interior design featuring a large wall-mounted mirror, silver candelabra, and white potted plant, creating a clean, elegant, and sophisticated atmosphere."
"shabby-chic-style_882.jpg","Modern Minimalist","white, black, gray","concrete, steel, oak wood","industrial pendant lights","cool and contemporary","high tables, booth seating, metal artwork","open space with industrial pendant lighting at high tables","Industrial-inspired minimalist dining room featuring modern furniture, concrete flooring and pendant lights. The color palette is monochromatic and the overall mood is cool and contemporary."
"shabby-chic-style_883.jpg","Minimalist","white, light gray","wood, brick","soft and warm from a mix of natural light and low-wattage lamps","calm and cozy","crib, bookshelf, artwork, chandelier","simple, clean lines with a central focus on the crib area","This nursery is designed with a minimalist aesthetic in mind, using natural materials and soft lighting to create a calm and cozy atmosphere for a baby."
"shabby-chic-style_885.jpg","Modern","white, grey, black","stainless steel, wood, glass","Under-cabinet lighting illuminates countertops, supplemented by overhead lights.","Contemporary and clean.","modern gas stove with flat-panel design, stainless steel built-in dishwasher, quartz kitchen countertops","A galley kitchen with an island in the center, featuring a sink and additional storage space.","This modern kitchen features stainless steel appliances set into white cabinets, providing a sleek and minimalist look."
"shabby-chic-style_886.jpg","Modern Minimalist","white, beige, light wood","oak wood, linen, glass","soft ambient lighting","calm and serene","mirror, sink, vanity, shelving","clean lines with a clear division of space into functional areas","This bathroom combines a modern minimalist design with light wood accents and oak paneling. The clean, uncluttered look is achieved through the use of linen materials and glass elements that reflect the soft ambient lighting. The vanity and shelving unit provide ample storage space while maintaining a sleek aesthetic."
"shabby-chic-style_887.jpg","Modern Minimalist","white, gray, black","linen, wood, metal","bright and natural from large windows","calm and peaceful","sofa, coffee table, plant, floor lamp, artwork","open space with central seating area","A modern, minimalist room design featuring a calming color palette of white and gray with accents of black. The space is filled with natural light from large windows, showcasing a sleek, clean design with linen textiles, wood elements, and metal accents. The room includes comfortable seating on a sofa, a coffee table for functionality, a plant to bring in greenery, a floor lamp for ambient lighting, and artwork to add personality."
"shabby-chic-style_889.jpg","Scandinavian","white, wood, natural tones","wood, marble, metal, leather","Natural and ambient light from a large window","Warm and inviting","bathtub, vintage-style clawfoot tub, sink vanity with mirror, wooden towel rack","Space is divided into separate areas for sleeping, bathing, and grooming.","A classic Scandinavian design features a simple color palette, natural materials, and clean lines. The vintage-style clawfoot tub adds a touch of elegance to the space."
"shabby-chic-style_89.jpg","Modern Minimalist","light gray, white, soft wood","wood, marble, stainless steel","natural soft light from large windows and pendant lights above island","calm and airy with a touch of luxury","dining table with 6 chairs, kitchen island with stools, potted plant, framed art","open space with central seating area, surrounding by walls filled with windows and cabinets","This modern kitchen and dining space is designed with clean lines and minimalist appeal, featuring a neutral color palette that complements the natural light coming through large windows. The room's luxurious touches can be seen in the marble countertops and stainless steel appliances. The open layout promotes easy flow between spaces, while the central island serves as both additional seating and a functional workspace."
"shabby-chic-style_890.jpg","Modern","white, light grey, dark wood","wood, glass, stainless steel","natural light from large windows and under-cabinet lights","clean, bright, and organized","range hood, cooktop, wall-mounted oven, refrigerator, sink","linear arrangement with workspace in the center","This is a modern kitchen with clean lines, minimalistic design and natural light that creates a bright and inviting atmosphere."
"shabby-chic-style_891.jpg","Contemporary","beige, white, light gray","wood, fabric, metal","Ample natural light from windows and a combination of overhead lights and floor lamps","Clean, bright, and inviting","sofa, coffee table, potted plant, area rug, vase","Open floor plan with furniture placed to encourage conversation and flow between spaces.","This living room has a modern design with neutral colors, wooden accents, and plenty of natural light."
"shabby-chic-style_892.jpg","Modern Minimalist","white, beige, light wood","tile, wood, glass","modern and clean, with recessed lighting on the ceiling","bright and serene","white porcelain sink, vintage-style mirror, small framed artwork","space arranged for functionality with a small sink area in a corner of a room","This bathroom combines clean, modern design elements with a minimalist approach to create a bright and serene space."
"shabby-chic-style_893.jpg","Modern Minimalist","white, black, wood tones","wood, fabric, metal","natural soft light from large windows","calm and airy","sofa, coffee table, plant, vase","open space with central seating area","This modern minimalist living room is characterized by clean lines, natural materials, and soft lighting. The color palette is neutral with black accents, creating a calm atmosphere. The layout includes a sofa facing a coffee table on a wooden floor, complemented by a large plant in the corner and a vase with flowers."
"shabby-chic-style_894.jpg","Modern Minimalist","white, gray, brown","wood, metal, glass","Natural light from large windows","Calm and airy","sofa, coffee table, plants, floor lamp","Open space with central seating area surrounded by greenery","A modern minimalist living room featuring wood, metal, and glass furnishings that blend into the large windows allowing natural light to fill the space. The centerpiece is a comfortable sofa set on a light-colored rug in front of a coffee table adorned with plants. A floor lamp near the seating area provides additional illumination."
"shabby-chic-style_897.jpg","Industrial Loft","dark grey, grey, brown","wood, metal, glass","overhead recessed lighting with a large chandelier as focal point","modern yet cozy","high ceiling, cathedral windows, large rustic dining table, antique mirror","open layout with no doors, connected to a kitchen and living room","This living space combines modern design elements like a high ceiling and exposed ductwork with warm materials like wood and metal. The large windows allow for ample natural light, creating an inviting atmosphere that balances industrial charm with homely comfort."
"shabby-chic-style_898.jpg","Modern Minimalist","white, beige, light wood","wood, linen, steel","natural soft light from large windows and recessed ceiling lights","calm and airy","sofa, coffee table, flat screen TV, floor lamp, plant","open space with central seating area around fireplace, flanked by sliding glass doors to backyard",""
"shabby-chic-style_899.jpg","Modern Minimalist","white, green, purple","stainless steel, tile backsplash, oak cabinetry","natural soft light from large windows","clean and spacious","oven, counters, herbs in pots, wooden bowl, kitchen island","open space with central kitchen island","Modern minimalist kitchen with stainless steel appliances, oak cabinetry and a tile backsplash. Natural light pours through large windows, creating a spacious and clean atmosphere."
"shabby-chic-style_9.jpg","Modern Minimalist","white, beige, light wood","oak wood, marble, steel","bright and natural with overhead lighting fixtures","calm and spacious","white center island, stainless steel appliances, large white farmhouse sink, wooden kitchen stools","an L-shaped layout with a kitchen island in the middle","A modern and minimalist kitchen design with bright overhead lighting, oak wood cabinetry, marble countertops, and stainless steel appliances."
"shabby-chic-style_90.jpg","Modern Minimalist","white, beige, light wood","steel, linen, oak wood","natural soft light from large windows","calm and airy","bed, sofa, coffee table, plant, floor lamp","open space with central seating area","This is a modern minimalist room featuring a neutral color palette, steel accents and oak wood elements. The room has large windows allowing natural light to fill the space, creating a calm and airy mood. Key furniture pieces include a bed, sofa, coffee table, plant and floor lamp."
"shabby-chic-style_902.jpg","Scandinavian","white, blue, wood","wood, metal, fabric","natural soft light from large windows","warm and cozy","kitchen island, oven, sink, cabinets, shelves","open space with central kitchen island and countertop","This Scandinavian-style kitchen features a clean, minimalist design with wood finishes and white accents. Natural light floods in through the windows, creating a warm and inviting atmosphere."
"shabby-chic-style_903.jpg","Scandinavian","white, blue, neutral","wood, fabric, metal","natural light from large windows","calm and serene","couch, throw pillows, area rug, coffee table","open space with central seating area","The living room is a modern, Scandinavian-inspired space with a neutral color palette, featuring wooden accents and comfortable furniture for relaxation."
"shabby-chic-style_904.jpg","Modern","dark brown, light brown, black, white","wood, fabric, metal, plastic","bright and indirect lighting","modern and minimalist","wall-mounted string lights, shelving unit, decorative mirror","open space with clean lines and simple arrangement","The interior design features a modern style with dark wood accents, bright indirect lighting, and a minimalist color palette. The room has a simple shelving unit and decorative wall-mounted string lights that create a modern and sleek atmosphere."
"shabby-chic-style_906.jpg","Modern Minimalist","white, gray, wood","stainless steel, glass, marble","recessed lighting in ceiling and pendant lights over kitchen island","modern and bright with a touch of warmth","dining table, kitchen island, sofa, chairs, rounded furniture","open layout with separate areas for cooking, dining, and lounging","This modern kitchen and living space combines sleek design elements with warm materials to create a bright and inviting atmosphere."
"shabby-chic-style_907.jpg","Scandinavian","soft pink, white, neutral","wooden flooring, linen, felt accents, wooden furniture","sunny with soft natural light filtering through the curtains","gentle and inviting","crib, toy shelves, dollhouse, play rug, rocking horse","open floor plan with central focus on crib area, surrounded by playful furniture and accessories","A cozy nursery room decorated in soft pastel tones with natural light creating a warm atmosphere."
"shabby-chic-style_909.jpg","Industrial Loft","white, black, copper","wood, brick, metal","Natural soft light from large windows and recessed LED lights.","Warm and cozy with an industrial edge.","kitchen island, black stools at island, wooden table, brick backsplash","Open space with central seating area around kitchen island, with additional seating at bar stools.","This is a modern industrial kitchen with an open layout. The color palette is dominated by white and copper, while the materials used include wood, brick, and metal. Natural light floods in through large windows, creating a warm and inviting atmosphere."
"shabby-chic-style_91.jpg","Modern","white, gray, wood","glass, steel, leather","natural light from large windows","bright and energetic","chandelier, dining table, sofa, framed artwork, floor lamp","open space with central seating area around dining table","This modern living room has a bright and airy feel, featuring a steel chandelier, glass windows, and white color scheme. The dining table is set against the large window, which allows natural light to flood the space."
"shabby-chic-style_910.jpg","Modern Minimalist","gray, white, black","wood, leather, fabric","Natural light from ceiling windows","Calm and modern","couch, coffee table, sectional sofa, flat-screen TV","Open space with central seating area","A modern living room with a minimalist design, featuring gray upholstered furniture, wood accents, and natural lighting."
"shabby-chic-style_911.jpg","Scandinavian","white, beige, light wood, orange","wooden shelves, fabric upholstery, brass fixtures","natural soft light from large windows","cozy and inviting","sofa, coffee table, floor lamp, plant, chair","open space with central seating area","This Scandinavian-style living room features a cozy, inviting atmosphere created by natural light and warm wooden tones. The open floor plan allows for easy movement and interaction between spaces."
"shabby-chic-style_912.jpg","Modern Industrial","white, black, brass","wood, metal, brick","well-lit with natural light from skylight and additional floor lamps","clean, contemporary, inviting","vintage style chair, antique-style side table, modern pendant light, large abstract painting","open concept with clear separation between dining and living spaces","This modern industrial interior features a mix of vintage and contemporary elements, creating a warm and welcoming atmosphere. The space is well-lit with natural light, highlighting the contrasting materials such as wood and metal."
"shabby-chic-style_913.jpg","Scandinavian","white, beige, navy blue","tile, wood, metal","natural soft light from large windows","calm and cozy","tub, chair, candles, potted plant","small enclosed space with tub in the corner next to a window","This is a bathroom design, likely Scandinavian in style. The color palette is simple with white walls and navy blue accents. The materials used are tile for the floor, wood for some of the furniture, and metal for fixtures. There is soft lighting coming from windows, creating a calm and cozy atmosphere. The main objects in this bathroom include a tub, chair, candles, and a potted plant. The layout is compact with the tub placed next to a window."
"shabby-chic-style_914.jpg","Modern Minimalist","white, beige, light wood","wood, glass, metal","natural light from large windows and additional recessed lights","calm and modern","coffee table, sofa, vase with flowers, chandelier, framed art","open space layout with an archway leading to another room","A spacious, minimalist living room with a natural color palette and sleek furniture design."
"shabby-chic-style_916.jpg","Modern Minimalist","white, beige, light wood","brick wall, metal beams, wood floor","natural soft light from large windows","calm and airy","sofa, coffee table, plant, floor lamp","open space with central seating area","This modern living room boasts a minimalist design with a Scandinavian influence, featuring a brick wall and metal beams for architectural interest. The light wood furniture provides warmth to the space, which is filled with soft-toned textiles and natural light from large windows."
"shabby-chic-style_918.jpg","Scandinavian","white, light blue, wood","brick, glass, wicker","natural soft light from large windows","calm and airy","sofa, coffee table, plant, floor lamp","open space with central seating area","This space is a Scandinavian-style room featuring light colors and natural materials. The large windows let in soft, diffused light that creates a calm and airy atmosphere. The furniture consists of a sofa centrally positioned under the windows, with wicker chairs on either side for seating. A plant adds a touch of nature to the space, contributing to the overall serene mood."
"shabby-chic-style_919.jpg","Modern Minimalist","white, gray, green","fabric, linen, wood, metal","natural light from large windows and overhead recessed lighting","modern, sleek, clean and luxurious","queen size bed with gray comforter, two nightstands with lamps on top, floor mirror, artwork","bedroom layout features a bed along the wall opposite large windows, flanked by two nightstands and a floor mirror for dressing area","This is a modern and minimalist bedroom with a clean and luxurious feel. The color palette consists of white, gray, and green accents, and materials used include fabric, linen, wood, and metal. The room benefits from natural light and overhead recessed lighting that create a bright and airy atmosphere."
"shabby-chic-style_920.jpg","Modern Minimalist","white, light wood, beige, navy","wood veneer, linen, steel, acrylic","soft and natural light from a large window","calm and serene","sofa, coffee table, floor lamp, plant, painting","open space with a central seating area","This is an open concept interior design in a modern minimalist style, featuring soft lighting and natural materials."
"shabby-chic-style_921.jpg","Scandinavian","white, beige, purple","wood, linen, glass","bright and airy with natural light from large windows","calm and inviting","long farmhouse table, wicker chairs, flowers in a potted plant, vintage wall clock","open space with central seating area","This sunny kitchen features a Scandinavian design with a warm color palette, natural materials, and minimalist furniture. The space is well-lit with ample seating at the center table."
"shabby-chic-style_922.jpg","Minimalist","pink, white, wood","cotton, leather, metal","Natural light from a window. Overhead lighting.","Calm and fresh.","bed, nursery crib, nightstand, dresser, lamp","Divided room with one section for sleeping and another for nursery. Bed in the corner with a window.",""
"shabby-chic-style_923.jpg","Modern Minimalist","white, beige, light wood","wood, cloth, leather","bright and airy with natural light from large windows","calm and organized","sofa, coffee table, plant, floor lamp","open space with central seating area","A modern minimalist living room with a neutral color palette, featuring wood floors, white walls and furnishings, leather accents, large windows for natural light, and a cozy arrangement of furniture."
"shabby-chic-style_928.jpg","Modern Minimalist","white, beige, wooden accents","natural wood, fabric, glass","soft natural light from large windows","calm and airy","white shelving unit, wooden crates as storage, potted plants for greenery, framed photos on the wall, woven baskets with knick-knacks","open space with central seating area","This interior design is a minimalist take on a modern style. The room is bright and airy, filled with natural wood tones and accents in white and beige. A soft light from the windows creates a calm atmosphere while the wooden crates add a rustic touch to the space. A white shelving unit anchors the room, while potted plants provide a touch of nature and woven baskets showcase personal items."
"shabby-chic-style_929.jpg","Scandinavian","beige, white, light wood","oak wood, linen, concrete, steel","natural soft light from large windows","calm and airy","couch, coffee table, plant, floor lamp","open space with central seating area","The room has a Scandinavian design with a neutral color palette, featuring oak wood and linen furnishings. The large windows allow for natural light to fill the space, creating a calm and airy atmosphere. A couch is positioned in the center of the room as the main seating area, surrounded by a coffee table, plant, and floor lamp for ambient lighting."
"shabby-chic-style_93.jpg","Modern Minimalist","white, blue, beige","wood, metal, glass","natural soft light from large windows and recessed lighting","bright and energetic","couch, coffee table, plant, floor lamp","open space with central seating area","The interior design features a modern minimalist style, with a neutral color palette of white and beige, complemented by blue accents. The materials used are primarily wood, metal, and glass. Natural soft lighting illuminates the space, creating a bright and energetic mood. Key objects include a couch for seating, a coffee table for functional use, a plant to bring life indoors, and a floor lamp for additional lighting. The layout of the space is open with a central seating area, encouraging social interaction."
"shabby-chic-style_930.jpg","Modern","brown, white, green","wood, paper, clay","natural light streaming in from windows and ceiling light fixtures","playful and charming","stuffed bear, drawing of bear wearing crown of flowers, piggy bank","organized with a neat arrangement of objects on flat surface","This scene captures a playful and charming decor style, featuring wood textures, paper crafts, and a whimsical touch. The stuffed bear and drawing of the same animal are both brown, creating a harmonious color palette that complements the natural wood accents in the room. A cute piggy bank adds an element of childhood nostalgia to the space."
"shabby-chic-style_931.jpg","Modern Minimalist","white, light wood","wood, linen","natural light from large windows","calm and airy","sofa, coffee table, plant, floor lamp","open space with central seating area","The interior design has a minimalist approach, featuring light wood tones, linen textiles, and a modern style. The space is well-lit by natural light and the atmosphere feels calm and airy."
"shabby-chic-style_932.jpg","Modern","white, wooden accents","tile backsplash, stainless steel, wood spice rack","bright, modern pendant lights","clean and contemporary","spice rack with hanging pots and pans, wall-mounted magnetic knife strip","open concept kitchen area with no walls separating it from the adjacent living space","This modern kitchen design combines a tile backsplash with wooden accents, stainless steel appliances, and pendant lights for a clean, contemporary look. The spice rack adds a functional touch to the open layout, while the wall-mounted magnetic knife strip helps maintain the sleek aesthetic."
"shabby-chic-style_94.jpg","Modern","white, gray, light wood","oak wood, marble, brass","Recessed lighting and track lighting around perimeter","Clean, simple, and functional","white kitchen cabinets, stainless steel appliances, small plant on windowsill, modern mirror","L-shaped layout with separate zones for cooking, cleaning, and dining","This modern kitchen features a bright color palette with oak wood accents, white cabinets, and stainless steel appliances. The space has an L-shaped layout with dedicated areas for cooking, cleaning, and dining, with a small plant adding a touch of greenery to the space."
"shabby-chic-style_95.jpg","Scandinavian","silver, white, light blue","glass, wood, feather-like decoration","dim and warm ambient light from string lights","whimsical and festive","Christmas tree, ornaments, string lights","central display with decorative surroundings","A Scandinavian-style Christmas scene with a silver Christmas tree, white and light blue ornaments, and feather-like decorations that give it an ethereal look."
"shabby-chic-style_96.jpg","Modern Minimalist","white, blue accent","velvet upholstery, wooden headboard","warm and inviting with soft overhead lighting","elegant and serene","bed, sofa, coffee table, lamp, plant","organized space layout with a separate seating area","A luxurious bedroom with a modern design, featuring a large bed, upholstered furniture, and soft lighting for a serene atmosphere."
"shabby-chic-style_97.jpg","Industrial","white, black, metallic","wood, concrete, steel","dimmable overhead light with warm tone","modern and sleek","stainless steel sink and faucet, black countertop, large window for natural light","small galley kitchen with two sinks and stove","Industrial-style kitchen features modern appliances, a clean color scheme of white and black, and ample natural light."
"shabby-chic-style_99.jpg","Scandinavian","neutral, beige, blue","light wood, fabric, metal","bright natural light from windows","calm and airy","bed, shelves, books, poster","open space with central furniture arrangement","A simple, clean bedroom design with a focus on functionality and natural light."
