"filename","style","color_palette","materials","lighting","mood","objects","layout","summary"
"southwestern_0.jpg","Industrial Loft","white, black, brass","wood, metal, leather","natural soft light from large windows and skylights","industrial chic with a touch of luxury","vintage industrial chair, rustic wooden coffee table, decorative horse head sculpture, metal floor lamp, red flowers in glass vase","open space with central seating area and brick wall as focal point","An open loft interior features a blend of industrial and luxury elements, with a focus on natural light and rustic materials."
"southwestern_1.jpg","Modern","white, cream, navy blue","wood, fabric","natural light from windows, complemented by indoor light fixtures","warm and inviting","bed, nightstands, chair, table","large bedroom with a seating area in front of windows","This is a modern bedroom that combines various textures, colors, and natural lighting to create a warm and inviting atmosphere."
"southwestern_100.jpg","Modern Minimalist","white, beige, light wood","wood, brass, leather","natural soft light from large windows","calm and airy","sofa, coffee table, floor lamp, rug","open space with central seating area around fireplace","The living room is decorated in a modern minimalist style, using light wood tones and natural materials. The open floor plan allows for spaciousness, and the arrangement of furniture creates an inviting atmosphere around the central focal point of the fireplace."
"southwestern_101.jpg","Modern","dark brown, light gray","wood, glass, metal","Recessed lighting with ambient, task and accent lights.","Elegant and sophisticated","wine racks, bar counter, seating area, lounge chairs","Dividers between the wine racks create a linear layout, with seating areas on either side.","This is an upscale bar that uses modern design elements and materials to provide a sophisticated atmosphere. The color palette consists of dark wood tones paired with light gray accents. The materials used are mainly wood for the wine racks, glass for shelves and barriers, and metal for structural components. Recessed lighting provides ambient illumination, while task lights focus on specific areas like bottles and seating. Accent lighting adds a dramatic flair to the space. Seating is arranged around the bar counter, which serves as a focal point in the room."
"southwestern_102.jpg","Modern Minimalist","white, gray, natural wood","oak wood, brick veneer, marble, stainless steel","soft and natural light from ceiling lights and windows","calm and inviting","sectional sofa, coffee table, floor lamp, large dining table, white chairs","open floor plan with kitchen, living room, and dining area connected","A modern minimalist design with a palette of white, gray, and natural wood tones. The space features oak flooring, brick veneer walls, marble countertops, and stainless steel appliances."
"southwestern_103.jpg","Modern Minimalist","light gray, dark brown, wood accents","concrete flooring, brick wall, stainless steel railing","natural light from large windows and outdoor lights","calm and modern","large sofa, minimalist coffee table, low to the ground floor lamp, large potted plant","open space with minimal walls, leading to an outdoor patio area","This interior design features a modern, minimalistic style with natural lighting and brick accents."
"southwestern_104.jpg","Modern Minimalist","white, beige, light wood","stone, steel, wood","natural soft light from large windows","calm and airy","sofa, coffee table, plant, floor lamp","open space with central seating area","A modern minimalist design featuring a neutral color palette, natural materials, and an open layout that feels calm and airy."
"southwestern_105.jpg","Southwestern","rustic orange, earthy brown, vintage turquoise","stone, wood, wicker","sunlit atmosphere with natural light from windows and skylights","relaxed and earthy","sofa, coffee table, cactus, vintage chairs","open floor plan with sitting area in front of large window","This living space has a Southwestern design style, featuring warm earthy colors and natural materials. The open layout and sunlit atmosphere create a relaxed and inviting vibe."
"southwestern_106.jpg","Scandinavian","white, beige, light wood","wool, leather, linen","natural soft light from large windows","calm and airy","sofa, coffee table, rug, vase","open space with central seating area","This modern living room combines clean lines, natural light, and a mix of textures to create a bright and inviting space."
"southwestern_107.jpg","Modern Minimalist","beige, light wood, blue accent","leather upholstery, wood paneling, woven texture","natural soft light from large windows and floor lamp","calm and airy","sofa, coffee table, plant, floor lamp, vase with flowers","open space with central seating area","This living room features a modern minimalist design with light wood and beige tones, leather upholstery, and woven textures. The space is filled with natural light from large windows and has a cozy atmosphere created by the fireplace."
"southwestern_109.jpg","Modern Minimalist","white, light wood, steel","oak wood, linen, concrete","natural soft light from large windows","calm and airy","stainless steel refrigerator, black marble countertops, white ceramic sink","open space with central island and seating area","This modern kitchen has a clean, minimalist design with a focus on open space and natural light. The color palette is simple yet sophisticated, featuring white walls and light wood accents against stainless steel appliances. The room is well-lit by large windows that provide an unobstructed view of the surrounding mountains."
"southwestern_11.jpg","Native American","earth tones, natural wood, burnt orange, dark grey","wood, clay, silver, leather","low and warm, with no windows visible","rich and traditional","weaving on wall, rattlesnake skin belt, pottery vase, wooden chairs, earthenware bowls","separate seating area with table in front of weaving","This interior design showcases a Native American theme, blending earth tones and natural materials to create a rich and traditional atmosphere. The room is anchored by a large woven piece on the wall, flanked by wooden chairs and accompanied by a pottery vase and rattlesnake skin belt for decoration. In front of this central area sits a table with earthenware bowls, offering functionality while maintaining the theme."
"southwestern_110.jpg","Southwestern","beige, rusty orange, dark green","stone, adobe, wood","Warm, inviting ambiance from lanterns and candle light.","Relaxed and welcoming atmosphere","large fire pit, vintage-style sofa, cactus plant, textured area rug","The main seating area is designed around the central fire pit, creating a cozy and communal space for guests.","This southwestern-inspired living room features an adobe structure with vaulted ceilings, complemented by natural materials such as stone and wood. The color palette is warm and earthy, with accents of dark green providing a touch of contrast against the beige tones. A central fire pit serves as the focal point of the space, encouraging conversation and relaxation."
"southwestern_111.jpg","Modern Minimalist","white, gray, wood","oak wood, marble, stainless steel","natural light from windows and a central vanity light.","calm and serene","sink with wooden cabinets, mirror on wall, hand towel hanging on rack","single occupant bathroom with sink in corner, mirror above sink, vanity light above sink.",""
"southwestern_113.jpg","Southwest","sandy tan, sky blue, rustic brown","wood planks, white paint, blue tile","Natural sunlight coming through open windows and skylights","Rustic and warm with a touch of playfulness","large wooden beams, blue and white plates on display shelf, handwoven basket, bright red rooster decoration","Kitchen space is open to dining area, with wood-burning stove as focal point","A southwestern kitchen with a colorful and rustic design featuring natural materials and vibrant colors."
"southwestern_114.jpg","Modern Minimalist","white, natural wood","oak wood, linen","natural soft light from large windows","calm and airy","wooden bookshelves, candlestick chandelier, wicker basket, potted plant","open space with central seating area","A modern minimalist interior design style featuring a clean, uncluttered living room layout with large wooden bookshelves filled with decorative items."
"southwestern_115.jpg","Mid-Century Modern","brown, blue, white","wood, tile, concrete","bright and natural from large windows","warm and cozy","bathtub, window, bench, plant","intimate and private space","This bathroom features a mid-century modern design with warm colors, natural materials, and ample light from large windows. The bathtub is centrally placed within the room, adjacent to a window that offers views of the outdoors. The interior includes wood accents on the walls and flooring, along with blue tiles that add a pop of color. A bench and plant provide additional comfort and greenery in the space."
"southwestern_116.jpg","Modern Minimalist","beige, stainless steel, dark wood","oak, linoleum, stainless steel","ambient and under-cabinet lighting","clean and uncluttered","gas range, metal refrigerator, stainless steel dishwasher, wood cabinets","functional with efficient work triangle","This kitchen combines modern minimalist design elements with a palette of neutral colors and stainless steel appliances, creating a clean and uncluttered space that is both functional and efficient."
"southwestern_117.jpg","Southwestern","beige, brown, wood","wood, brick, stucco","natural light from large windows","warm and inviting","sofa, coffee table, plant, floor lamp","open space with central seating area","A cozy Southwestern style living room featuring warm tones, natural materials, and an inviting layout centered around a comfortable seating area."
"southwestern_118.jpg","Mid-Century Modern","light brown, white, dark wooden","wood, tile, brick","natural soft light from large windows and track lights on ceiling","warm and cozy","dining table with bench seats, kitchen island with stools, wooden cabinets, antler chandelier","open space with central dining area in front of kitchen island, flanked by built-in seating and cabinetry","This is a bright and welcoming interior design, featuring a mix of traditional and modern furnishings that create a cozy yet stylish atmosphere. The open layout enhances the feeling of space and connects the kitchen to the dining area."
"southwestern_119.jpg","Southwestern","earth tones, natural greens, warm orange","wood paneling, stone accents, leather upholstery","Natural light from high ceilings and large windows during sunset","Warm and inviting with a touch of rustic charm","couches for seating, coffee table for beverages, fireplace for warmth, large vase or pottery as decor","Open space design leads to central gathering area around fireplace, with additional seating in separate spaces","This Southwestern-style home features natural wood and stone materials, warm earth tones, and a cozy atmosphere that encourages relaxation and conversation."
"southwestern_12.jpg","Modern Minimalist","white, black, wood","stainless steel, glass, wood","recessed lighting in the ceiling and under-cabinet lights","clean and modern","bar stools, kitchen island, hanging pots, stainless steel appliances","open concept with a clear separation between the kitchen and dining areas","The image depicts a modern, minimalist kitchen with a focus on clean lines and stainless steel appliances. The color palette is dominated by white with black accents, providing a sleek look against the wood elements that add warmth to space."
"southwestern_121.jpg","Modern Minimalist","white, beige, light wood, green accent","oak wood, linen, concrete, steel","natural soft light from large windows","calm and airy","sofa, coffee table, plant, floor lamp","open space with central seating area","The interior design is a modern minimalist style with a warm and inviting atmosphere."
"southwestern_123.jpg","Southwest","sand, tan, brown","stucco, wood, adobe","natural light from many windows and doors","warm and inviting","doorway with large wooden door, built-in planter with cactus, cobblestone driveway, potted plant","open floor plan connecting the interior spaces","This adobe house features a distinctive southwestern style, characterized by natural materials and earth tones. The open layout allows for ample light and views of the surrounding landscape."
"southwestern_124.jpg","Modern Minimalist","white, gray, black","oak wood, leather, marble, brass","warm and soft light from recessed ceiling lights and floor lamps","calm and sophisticated","sofa, coffee table, floor lamp, area rug, large wall art","open space with L-shaped seating arrangement centered around fireplace","This modern living room combines clean lines and neutral colors with warm lighting to create a serene and elegant atmosphere."
"southwestern_126.jpg","Industrial Loft","black, white, copper","metal, concrete, wood","reclaimed wood ceiling and exposed brick walls","edgy and urban","vintage industrial chairs, metallic pendant light, large potted plant","open concept with central island for cooking and dining","An industrial-style kitchen with a lofted ceiling, exposed brick walls, and concrete countertops. The space features dark wood cabinets, black appliances, and a copper faucet that adds warmth to the room."
"southwestern_127.jpg","Scandinavian","light gray, white, rustic brown","wood planks, concrete, stone","natural light from large windows and skylights","calm and serene","sofa, coffee table, fireplace, large rugs","open floor plan with connected indoor-outdoor spaces","A modern Scandinavian style home with a cozy and inviting atmosphere, featuring wooden planks, concrete elements, and large windows for an abundance of natural light."
"southwestern_128.jpg","Modern","dark wood, white, steel","oak wood, stainless steel, marble","recessed lighting, pendant lights, and ample natural sunlight through a large window","inviting, warm, and spacious","kitchen island with built-in seating, stainless steel appliances, wooden cabinetry, large format backsplash","open concept with an L-shaped counter that extends into a dining area","This modern kitchen and dining area blends sleek design elements with ample space for meal preparation, entertaining guests, and enjoying family time."
"southwestern_129.jpg","Industrial Loft","brown, red, white","wood, brick, concrete","natural soft light from large windows and warm artificial lights from lamps","warm and cozy","sofa bed, coffee table, framed artwork, floor lamp","open space with central seating area next to a large window","The interior design of this room is warm, inviting, and features a blend of rustic materials like wood and brick against a modern-industrial theme."
"southwestern_13.jpg","Modern","natural wood, white, gray","wood, steel","well-lit space with natural light from windows and interior lights","modern and bright, but also cozy due to textiles","kitchen island, dining table and chairs, lounge chair","open layout with kitchen in center of living space, leading to outdoors through sliding glass doors","This modern kitchen and living space is bright, well-lit, and open to the outdoors, featuring a blend of natural wood and steel materials that gives it an elegant yet contemporary feel."
"southwestern_130.jpg","Modern Minimalist","neutral, brass accents","stone, stainless steel appliances","ambient and task lighting with integrated fixtures and adjustable overhead","contemporary and inviting","modern kitchen island, high-rise ceiling fan, outdoor gas fire pit","open concept with a central dining area surrounded by the living space","This modern kitchen features minimalist design elements, neutral color palette, and stainless steel appliances. The layout integrates the indoor and outdoor spaces seamlessly, creating an inviting atmosphere for entertaining or relaxation."
"southwestern_131.jpg","Modern Southwest","sand, green, red","stone, wood, glass","Natural lighting from skylights and windows, with warm ambient lighting","Cool and relaxed","cactus garden, outdoor furniture, fireplace, clay planter","Open patio area with a stone fireplace at the center, flanked by outdoor seating and plants.","A modern desert-themed patio designed for relaxation and entertaining with plenty of natural lighting and unique cactus garden decor."
"southwestern_132.jpg","Modern Minimalist","white, light wood, gray","marble, wood, metal","well-lit with natural light from large windows and recessed lights","calm and serene","bathroom vanity, mirror above counter, vase with sticks, sink","single sink in a long bathroom counter with mirror above it","This is a modern minimalist bathroom. The color palette consists of white, light wood, and gray. Materials used are marble, wood, and metal. Lighting is well-lit with natural light from large windows and recessed lights, giving the space a calm and serene atmosphere."
"southwestern_134.jpg","Modern","brown, white, black","wood, stainless steel, glass","well-lit with recessed lighting and undercabinet lights","clean, sleek, and contemporary","island with bar stools, built-in oven, vase of flowers","kitchen designed for efficient workflow with a central island","This is a modern kitchen with a warm color palette featuring wood and white cabinetry, stainless steel appliances, and a glass backsplash. The layout is designed to maximize efficiency with an island at its heart."
"southwestern_135.jpg","Scandinavian","neutral, white, wood","concrete, wood, metal","Natural light from large windows and overhead skylights","Airy and open with a touch of rustic charm.","kitchen island, bar stools, butcher block counter, potted plants","Open kitchen space with central island for cooking and seating.","This Scandinavian-style kitchen combines modern design elements with natural materials to create a bright, open atmosphere."
"southwestern_137.jpg","Modern Minimalist","white, neutral tones, natural wood","wood, fabric, metal","natural soft light from large windows","calm and serene","bed, chair, coffee table, plant, artwork","open space with central seating area around bed","This modern minimalist room features a clean and uncluttered design, with neutral tones dominating the color palette. The large windows allow for an abundance of natural light to fill the space, creating a calm and serene atmosphere. The centerpiece is a comfortable bed, surrounded by a minimal number of furnishings that include a coffee table and a single chair. A plant and artwork add warmth and personality to the room, making it both functional and inviting."
"southwestern_138.jpg","Modern Minimalist","black, white, natural wood","wood grain laminate panels, stainless steel appliances, black countertops","under-cabinet LED lighting and recessed ceiling lights","clean, sleek, and functional","large island with built-in sink and dishwasher, modern stove top oven, built-in microwave","open concept kitchen with seamless integration between living room and dining area","This modern, minimalist kitchen combines a clean design with high-quality materials for both functionality and style."
"southwestern_14.jpg","Modern","blue, green, white","wood, marble, metal","recessed lighting with under-cabinet lights and pendant lights above island","clean and sleek with a touch of warmth from the wood accents","stainless steel refrigerator and dishwasher, large center island, butcher block countertops","an open floor plan that combines kitchen, dining, and living spaces","A modern home kitchen with a blend of neutral colors, wood accents, stainless steel appliances, and a large island for cooking and entertaining."
"southwestern_143.jpg","Scandinavian","white, beige, light wood","wood, brick, linen","natural soft light from large windows","warm and cozy","sofa, coffee table, plant, floor lamp","open space with central seating area","A sunny and open Scandinavian-style living room featuring light wood tones, a comfortable couch, large windows allowing natural light in, and a cozy atmosphere."
"southwestern_144.jpg","Modern Minimalist","light brown, white, dark wood","marble, glass, wood","natural soft light from large windows","calm and airy","sink with marble countertop, hanging pendant lights, large mirror, plant","clean lines and simple design focused on functionality and reflection of natural light","This modern bathroom features a minimalist design with a clean, uncluttered appearance. The use of marble for the sink countertop adds an elegant touch to the space. Natural light from large windows illuminates the room, creating a calm and airy atmosphere."
"southwestern_145.jpg","Scandinavian","white, beige, light wood","wood, metal, natural stone","Natural soft light from large windows and ceiling skylight.","Warm and cozy with a touch of rustic charm.","kitchen island, dining table with chairs, vintage-style kitchen cabinet, stainless steel oven and range","Open space with central seating area, including kitchen island in the middle of the room.","This Scandinavian-inspired kitchen combines natural materials like wood and stone with a touch of modern minimalism. The abundant natural light gives the space a warm and inviting feel, while the open layout encourages interaction and connection between the cooking and dining areas."
"southwestern_146.jpg","Modern Minimalist","light gray, white, neutral","wood, fabric, glass","natural soft light from large windows","warm and cozy","dining table with bench seating, chandelier hanging above table, floor lamp by window, sofa in corner of room, modern vases holding flowers","open space with central seating area","This modern minimalist dining room features a large wooden table surrounded by comfortable bench seating, set against a backdrop of natural light. The room's neutral color palette and simple yet elegant furnishings create a warm and inviting atmosphere."
"southwestern_147.jpg","Southwestern","brown, orange, white","wood, brick, leather","warm ambient light from ceiling fans and recessed lights","rustic and comfortable","couch, bed, coffee table, area rug, fireplace","a combined living room and bedroom with an L-shaped couch creating a cozy seating area","The interior of this house is designed in a Southwestern style, featuring warm earth tones and materials like wood and leather. The space is well-lit by ceiling fans and recessed lights, creating a comfortable and rustic ambiance."
"southwestern_148.jpg","Southwest","beige, brown, orange","wood, stone, clay","warm, cozy lighting from natural wood fireplace and floor lamps","relaxed and inviting","sofa, coffee table, end tables, area rug","open space with seating area arranged around central fireplace","This living room has a warm, Southwestern design with natural materials like wood and stone. The open layout allows for easy social interaction and the fireplace serves as both a heat source and a focal point."
"southwestern_149.jpg","Modern Minimalist","white, grey, green","wood, metal, glass","natural light from skylights and windows","calm and peaceful","planter box, outdoor sofa, outdoor rug, decorative rocks, ornamental grasses","rectangular shape with central garden feature","An outdoor space designed in a modern minimalist style, featuring natural materials and a focus on simplicity and tranquility."
"southwestern_15.jpg","Modern","brown, green, yellow","wood, stone, brick","Natural light from large windows and outdoor lighting at night","Calm and cozy","couch, chairs, plant, fire pit","Open floor plan with kitchen, dining, and living room in a connected space","This modern home features an open floor plan that leads to an outdoor patio area. The color palette is warm, with brown wood walls, green plants, and yellow accents. The materials include wood flooring, stone cladding, and brick on the fire pit. Natural light illuminates the space during the day, and the home's design incorporates a comfortable outdoor seating area."
"southwestern_151.jpg","Rustic","brown, white, red","wood, leather, metal","The room has a mix of natural and artificial light sources, creating an inviting atmosphere.","This living room exudes a warm, welcoming vibe that feels cozy and comfortable.","couch, coffee table, lamp, area rug","The space is arranged with a central seating area, creating an intimate environment for socializing or relaxation. The fireplace adds to the warmth of the room.","This rustic living room features wooden floors and walls, cozy furniture like leather couches, a stone fireplace, and decorative elements such as area rugs and wall hangings."
"southwestern_152.jpg","Scandinavian","white, gray, natural wood","oak wood, linen, brass","ambient with some natural light from large windows","cozy and welcoming","sofa, chandelier, wooden coffee table, woven rug, framed art","open space with central seating area near large wooden table","This is a spacious, modern-style living room featuring oak wood floors and walls, comfortable white sofas, and natural lighting. The color palette is neutral, enhancing the sense of cleanliness and calmness. A chandelier adds a touch of elegance to the space."
"southwestern_154.jpg","Modern Minimalist","white, beige, wood accents","concrete, wood paneling, leather","natural soft light from large windows and a chandelier","calm and serene","sectional sofa, coffee table with decorative trays, floor lamp, area rug, framed artwork","open space with a central seating area, flanked by windows on both sides","This modern living room features a minimalist design with concrete and wood accents, creating a calm and serene atmosphere. Natural light streams in through large windows on either side of the central seating area, highlighting the elegant chandelier above. The space is furnished with comfortable leather sofas and wooden paneling that add warmth to the overall design."
"southwestern_156.jpg","Modern","white, brown, black","leather, wood, fabric","recessed lighting and a large window with sunlight streaming in","cozy and inviting","modern sectional sofa, rectangular wooden coffee table, large floor lamp, metallic end tables, abstract modern artwork","an open-concept living and dining area with a fireplace as the focal point","A contemporary living space that combines functionality with sophisticated design elements."
"southwestern_157.jpg","Modern Minimalist","white, beige, natural wood, dark gray","oak wood, stainless steel, stone, marble","natural light with under-cabinet LED strip lights","modern and elegant","large island, wooden dining table and chairs, kitchen cabinetry, stainless steel appliances","open space with central island and seating around it, surrounded by ample countertops and cabinets","This kitchen is a modern and minimalist design with natural materials and finishes, featuring an open layout that encourages social interaction while cooking or dining."
"southwestern_158.jpg","Industrial","gray, brass","metal, tile, wood","Natural light from large windows and pendant lights","Warm and inviting with a touch of urban industrial chic.","black metal console table, white marble countertops, brass coffee pot, wooden shelving unit","Open concept kitchen and living space with island and pendant lighting in the center","This open floor plan kitchen features gray cabinetry, brass accents, wood paneling on the walls, and a large island with pendant lights above it."
"southwestern_159.jpg","Modern","green, beige, brown","concrete, wood, metal","bright and warm, with natural light from the windows","relaxed and inviting","outdoor furniture, fire pit, potted plants","arrangement of furniture around fire pit in a circular fashion","This is an outdoor space designed for relaxation and enjoyment, featuring modern furniture with a warm color palette. Natural light illuminates the area, creating a comfortable and inviting atmosphere."
"southwestern_16.jpg","Modern Minimalist","white, black, brass","wood, marble, metal","recessed lighting throughout the space with overhead lights and a chandelier over the island","clean, bright, and contemporary","kitchen island, gas range and hood, white-framed windows","a U-shaped kitchen layout with an L-shaped counter and seating area","This kitchen features a modern design with a minimalist approach. The space includes wood cabinetry, white marble counters, stainless steel appliances, and pendant lighting. A central island provides additional workspace and seating, while recessed lighting adds to the contemporary feel."
"southwestern_160.jpg","Modern Minimalist","white, beige, black","steel, concrete, glass","natural soft light from large windows and recessed lighting","calm and airy","sofa, coffee table, plant, floor lamp, vase","open space with central seating area, separated by sleek glass doors into pool area","The interior design of the space showcases a modern minimalist style with a color palette dominated by neutral tones. The materials used include steel for structural elements and concrete flooring which add to the contemporary feel. Large windows allow natural light in, while recessed lighting complements this. The mood is calm and airy, indicative of open space planning. Key objects include a sofa, coffee table, plant, floor lamp, and a vase that adds a touch of elegance. The layout features an open seating area with central placement, and the glass doors lead to an outdoor pool area."
"southwestern_161.jpg","Southwestern","brown, beige, red","stone, clay, wood","natural light during daytime and warm artificial lights at night","relaxed and welcoming","couches, table, plant, fireplace","separate seating areas with open floor plan","This is a beautiful Southwestern style living room during twilight, featuring warm tones and materials like stone and clay."
"southwestern_163.jpg","Modern Minimalist","white, beige, light wood","wood, cloth, metal","warm and cozy","calm and serene","dining table, chairs, artwork, floor lamp","open space with central seating area","This is a modern minimalist dining room with a white palette, featuring a wooden dining table surrounded by chairs, warm lighting, and artwork on the wall. The open layout creates a serene atmosphere for meals."
"southwestern_166.jpg","Modern","beige, brown, white","wood, marble, fabric","ambient lighting from recessed ceiling lights and fireplace glow","warm and cozy","sofa, coffee table, fireplace, flat screen tv, floor lamp","open concept living space with a central seating area flanked by walls of glass that offer mountain views","This modern home's open layout invites relaxation and conversation, featuring warm wood tones, cozy textures, and stunning mountain views."
"southwestern_167.jpg","Modern","white, black, silver","stainless steel, wood, tiles","recessed lighting and under-cabinet LED strip lights","contemporary and sleek","kitchen island, pull-down stove range hood, stainless steel refrigerator","an efficient work triangle with stove, sink, and refrigerator in close proximity","This modern kitchen combines functionality with a clean aesthetic featuring stainless steel appliances, wood cabinetry, and tile backsplash."
"southwestern_169.jpg","Modern","white, beige, light wood","wood, linen, stone","natural light from large windows with white frames","modern and minimalist","sectional sofa, rectangular coffee table, large area rug, floor lamp","open space with central seating area","This modern living room features a neutral color palette, including light wood accents. The furniture is minimalistic and includes a sectional sofa and a rectangular coffee table. Large windows allow for plenty of natural light to fill the space, while a floor lamp provides additional illumination. A large area rug adds warmth and texture to the room."
"southwestern_17.jpg","Modern","white, wood, black","wood, marble, glass","bright natural light from large windows","clean, contemporary and airy","large mirror, bathroom sink, countertop vanity with drawers, cabinet doors, soap dispenser","functional layout with vanity area separated from rest of bathroom space","This modern bathroom features a large vanity area with a countertop, cabinet, and drawers, set against a backdrop of natural light. The clean lines and neutral colors create a contemporary and airy feel."
"southwestern_170.jpg","Classic","maroon, goldenrod, white","wood, silk, velvet","subtle overhead chandelier","elegant and warm","tablecloth on table, candlestick holders, dishware on shelf","formal dining with symmetrical arrangement of furniture","A formal dining room showcases a classic style with a maroon accent wall, wooden flooring, and gold-toned fixtures."
"southwestern_171.jpg","Scandinavian","white, light wood, gray","oak wood, linen, glass","natural soft light from large windows and recessed ceiling lights","calm and airy","white cupboard, black coffee maker, cream-colored mugs, wooden utensil holder","cozy nook with shelving for kitchen essentials","A well-lit, organized kitchenette with Scandinavian design elements and a focus on natural materials."
"southwestern_172.jpg","Modern Minimalist","white, beige, light wood","oak wood, linen, concrete","natural soft light from large windows and skylights","calm and airy","sofa, coffee table, plant, floor lamp, bookshelf, cushion, potted plant","open space with central seating area, large window overlooking outdoor patio","This modern minimalist living room features a neutral color palette and natural materials, creating a calm and airy atmosphere. The large windows let in plenty of light, while the open layout promotes relaxation and social interaction."
"southwestern_173.jpg","Contemporary","white, beige, neutral tones","tiles, glass, metal, wood","natural light from windows and recessed ceiling lights","calm and serene","bath tub, sink vanity, shower, bathtub, storage shelves, towel racks","space divided into separate areas for shower, tub, and storage","This is a spacious bathroom with a neutral color palette and natural lighting. It has separate sections for the shower, bathtub, and storage."
"southwestern_174.jpg","Modern Minimalist","beige, light wood, white","wood, porcelain","natural soft light from large windows","calm and airy","oven, sink, stove, kettle, cutting board","open space with central cooking island","The kitchen combines a modern minimalist design with warm wood tones, creating an inviting space."
"southwestern_175.jpg","Desert Contemporary","earthy browns, soft greys, warm yellows","stone, wood, metal","natural light with accents of warm spotlighting","calm and earthy","large stone archway, cacti and succulent garden, adobe walls, vintage metal trash can","open courtyard with central gathering area","A modern, desert-inspired garden and patio space featuring earthy tones and materials, with a welcoming stone archway leading into the yard."
"southwestern_178.jpg","Scandinavian","neutral tones, wood accents, pop of color","leather, wood, textile","natural light from large windows and soft ambient lighting","calm and cozy","lounge chair, coffee table with decorative books, area rug, floor lamp","open floor plan","A modern Scandinavian living room with a mix of neutral tones, wood accents, and pops of color, featuring comfortable seating and natural light."
"southwestern_179.jpg","Modern","white, oak wood, stainless steel","wood, metal, marble","Recessed lights in ceiling with pendant lighting over island","Bright and clean","island with breakfast bar, large range hood, stainless steel appliances, wood cabinets","Open kitchen with central island, leading to dining room","This modern kitchen is bright and spacious with a warm oak wood finish on the cabinets and stainless steel appliances."
"southwestern_182.jpg","Modern Minimalist","neutral color palette, pop of color in accessories","wood, fabric, glass","natural light coming from large window, complemented by floor lamp and overhead lights","cozy and inviting","sectional sofa, coffee table with books and decor items, fireplace, plant","open space design with a central seating area around fireplace","This living room has a modern minimalist style, featuring a neutral color palette with pops of color from accessories. The space is filled with wood and fabric materials, with natural light coming in through the large window and supplemented by floor lamp and overhead lights. The cozy mood is created with a sectional sofa around the fireplace, a coffee table with books and decor items, and a plant."
"southwestern_185.jpg","Modern Minimalist","white, gray, wood","concrete, steel, glass","ambient light from recessed lights and soft, warm overhead track lighting","calm and airy","sofa, coffee table, flat screen TV, plants, potted succulents","open concept space with island kitchen and central seating area","A modern minimalist interior design showcasing a monochromatic color palette, concrete and steel materials, and an open layout that fosters a calm and airy atmosphere."
"southwestern_188.jpg","Modern Minimalist","beige, white, neutral tones","oak wood, leather, metal","natural light from large windows and warm ambient lighting","calm and airy","sofa, coffee table, plant, wall art, circular mirrors","open space with central seating area","Modern Minimalist style living room with a neutral color palette, oak wood accents, warm lighting and circular mirrors creating an airy feel."
"southwestern_189.jpg","Modern Minimalist","white, blue, wood, gray","linen, wood, steel, glass","moderate light with soft ambient glow from recessed lights and floor lamps.","calm and serene","king-size bed with pillows and a throw blanket, wooden headboard, two side tables with lamps, sofa with matching cushions","open plan with sleeping area separated from living space by rug","The bedroom features a clean, modern design with minimalist decor and neutral color palette. The large king-size bed is the focal point of the room, with matching side tables for lamps, which provide soft ambient lighting. The open layout allows for easy flow between the sleeping area and the living space, creating a serene and uncluttered atmosphere."
"southwestern_19.jpg","Modern Minimalist","white, light wood, gray","stainless steel, quartz countertops, oak cabinets","recessed and under-cabinet lighting, with some natural light coming in from the windows.","clean and elegant, with a neutral color palette that creates a serene atmosphere.","built-in oven, stainless steel refrigerator freezer, island with countertop and sink","a galley kitchen layout with two parallel counters, one on each side of an island","This is a modern, minimalist kitchen with sleek design elements such as built-in appliances and quartz countertops. The neutral color palette and stainless steel fixtures contribute to its elegant and serene atmosphere."
"southwestern_191.jpg","Scandinavian","white, beige, grey, wood accents","natural wood, fabric upholstery, stonework","Natural light from windows, complemented by pendant lighting and recessed ceiling lights","Calm and serene with a touch of rustic warmth","Dining table and chairs, Pendant light fixture, Area rug","Open floor plan with dining room adjacent to living space, featuring high ceilings and large windows","This interior design showcases a Scandinavian-style open floor plan with a warm and inviting color palette of whites, beiges, greys, and natural wood accents. The dining area features a wooden table surrounded by fabric upholstered chairs, complemented by pendant lighting and recessed ceiling lights that illuminate the space. A stonework wall adds a touch of rustic warmth to the room."
"southwestern_192.jpg","Modern Southwestern","brown, white, red","leather, wood, stone, brass","warm ambient light from floor lamps and fireplace.","relaxed and inviting","leather sofa, rustic coffee table, area rug, framed artwork","L-shaped arrangement with seating area facing fireplace","This living room has a modern southwestern design, featuring warm leathers and wood accents, complemented by rustic furnishings that evoke a cozy atmosphere."
"southwestern_193.jpg","Modern Minimalist","beige, white, light wood","stone, glass, wood","natural soft light from large windows and recessed lights in the ceiling","calm and airy","sofa, coffee table, flat-screen TV, outdoor seating area, floor lamp","open space with central living room area, leading to outdoor pool and patio","This modern house showcases a minimalist design with neutral colors, natural materials, and large windows that bring in an abundance of soft light. The living room is the heart of the home, opening up to a spacious backyard featuring a swimming pool and outdoor seating area."
"southwestern_194.jpg","Modern Minimalist","white, light brown, dark wood","stone, wood, stainless steel","natural light streaming in through large windows and illuminating the space with a warm glow","calm and serene","cactus, plant, vase, sleek furniture","clean lines, open floor plan with high ceiling","This modern minimalist space exudes a calm and serene vibe through its clean lines, natural lighting, and carefully chosen materials."
"southwestern_195.jpg","Modern","blue, light brown, dark grey","stone tile, glass, metal railings","bright and clean with natural light from large windows","calm and serene","large pool, outdoor sofa, modern fire pit, potted cactus","curved pool design with outdoor sitting area and central fire pit","Modern luxury pool with curved design, complemented by an outdoor seating area featuring a fire pit."
"southwestern_196.jpg","Modern Minimalist","white, gray, brass","wood, metal, glass","Recessed lighting and pendant lights add to the modern ambiance.","Bright and airy with a focus on clean lines and minimal decor.","recessed lighting, kitchen island, stainless steel refrigerator, wine rack","Open kitchen layout connecting to dining area with large island serving as both storage and additional seating.","This modern kitchen and dining area is bright, airy, and features clean lines and a minimalist design with materials such as wood and metal."
"southwestern_197.jpg","Rustic","earth tones, green accents","oak wood, marble countertops","natural light from large windows","warm and welcoming","kitchen island, vintage-style stove, wooden table, antler chandelier","U-shaped layout with wood cabinetry along walls","This is a spacious kitchen that incorporates rustic design elements, such as oak cabinets and marble countertops. The room is filled with natural light from large windows that offer views of the outdoors. The green accents add a touch of color to the space."
"southwestern_198.jpg","Rustic","brick red, earthy green, light grey","wooden beams and columns, stone fireplace, cobblestone flooring","warm glow from the stone fireplace with overhead chandelier","comfortable and inviting","large stone fireplace, antler chandelier, overstuffed couches, vintage rug","open space arrangement with a central seating area around the fireplace","This cozy living room features an open concept layout centered around a rustic stone fireplace. With vaulted wooden ceilings and brick walls, it exudes warmth and comfort."
"southwestern_199.jpg","Industrial Loft","dark grey, wood tones, black accents","concrete block walls, exposed steel beams, distressed wood flooring","low and industrial, with some ambient light coming from the high windows","cool and modern, with a touch of rustic charm","pool table, bookshelf filled with books, vintage soda machine, large mirror above pool table","an open space layout with the pool table as the centerpiece, surrounded by bookshelves and other seating areas","This is a contemporary billiards room with an industrial vibe. The concrete walls, distressed wood floor, and exposed steel beams give it a rugged charm, while the dark grey color palette adds a touch of elegance."
"southwestern_2.jpg","Rustic Southwestern","earthy tones, southwestern earthtones, blue accents","rustic wood beams, natural stone countertops, adobe walls","sunlit from large windows, warm overhead lighting","warm and welcoming","large wooden dining table, antler chandelier, colorful pottery display, vintage wood cabinets","open concept kitchen with island for food preparation, adjacent living area","A warm and rustic Southwestern-style home kitchen and dining space featuring a blend of natural materials and colorful accents."
"southwestern_20.jpg","Southwestern","ochre, sage green, turquoise","stone, stucco, wood","Natural light from south-facing windows and outdoor lighting at night","Warm and inviting with a touch of rustic charm","sofa, area rug, potted cactus, wall art","Straightforward layout with front door entry leading to central seating area","A cozy southwestern style home with stone walls, natural materials and decor, and a warm inviting atmosphere."
"southwestern_200.jpg","Modern Minimalist","white, light gray, beige, wood","glass, wood, leather, metal","natural soft light from large windows","calm and serene","bed, dresser, mirror, lounge chair, couch","open space with central bedroom area","This modern, minimalist bedroom features a white color palette, glass walls, and wood accents. The room is bathed in natural light from the windows. The open layout promotes a calming atmosphere while the comfortable furnishings invite relaxation."
"southwestern_201.jpg","Modern Minimalist","grayscale, off-white, navy","metallic accents, concrete, stainless steel","bright and natural light from large windows","clean and uncluttered","modern kitchen island with built-in seating, high stools at counter, large metal pendant light, white marble backsplash","open space with central cooking area flanked by storage and seating on either side","This modern kitchen features a minimalist design with a monochromatic color scheme, metallic accents, and concrete countertops. Natural light floods the space through large windows, creating a bright and uncluttered atmosphere."
"southwestern_202.jpg","Modern Minimalist","white, black, wood accents","oak wood, glass, metal, fabric","overhead lighting and natural light from window","clean, sleek, and contemporary","white sink vanity, wood cabinet, black towel rack, framed mirror, candle","rectangular bathroom with a vanity and mirror on one wall","The bathroom features a modern design with minimalistic elements, creating a clean and contemporary atmosphere. The use of wood accents provides warmth, while the white sink vanity contrasts well with black towel rack and cabinet handles."
"southwestern_203.jpg","Scandinavian","gray, white, wood","metal, glass, porcelain","overhead lighting with under-cabinet lights","modern and sleek","large vanity mirror, two sinks, wooden bowl sink, wooden cabinets","linear arrangement of cabinet spaces, mirror over double sinks","This is a modern bathroom with a Scandinavian design featuring gray and white tones and natural wood accents. The space utilizes metallic fixtures and a large vanity mirror, while overhead lighting illuminates the room. A double sink setup provides functionality in a clean, linear layout."
"southwestern_204.jpg","Modern Minimalist","white, wood","oak wood, concrete, steel","natural soft light from large windows","calm and airy","wooden stair railing, kitchen island, dining table, sofa, floor lamp","open space with central seating area and kitchen island","This is a modern minimalist interior design featuring a clean, uncluttered space with natural light and wood accents."
"southwestern_206.jpg","Contemporary","brown, beige, white","wood, brass, marble","Warm recessed lighting with under cabinet lights","Inviting and homey","stove top oven, kitchen island, range hood, wooden cabinets","Open kitchen design, island in middle of space","This kitchen has a warm and welcoming atmosphere with its wooden cabinetry and ample lighting. The open layout allows for easy interaction while cooking or entertaining."
"southwestern_207.jpg","Modern Minimalist","white, gray, wood, blue","oak wood, linen, concrete, steel","natural soft light from large windows and a fireplace","calm and airy","sofa, coffee table, plant, floor lamp","open space with central seating area around fireplace","This modern living room is designed to be open, bright and inviting, featuring a neutral color palette that highlights the natural materials used throughout the space."
"southwestern_208.jpg","Mid-Century Modern","beige, wood tones, green accent","adobe, wood, brass","soft and warm interior lighting, enhanced by natural light from large windows","vibrant yet relaxed, with a touch of rustic charm","modernist couch, wooden coffee table, floor lamp, large potted plant","spacious and open design, with central seating area around a fireplace","This Southwestern-style home showcases its architectural heritage through the use of adobe walls and a curved, kiva-like design. The interior is styled in mid-century modern fashion, featuring warm wood tones, brass accents, and soft lighting."
"southwestern_209.jpg","Southwestern","white, beige, dark brown","stucco, wooden beams, natural stone","Ambient and accent lighting from lantern-style fixtures","Warm and inviting","sofa, coffee table, area rug, potted plant, outdoor seating","Open space with covered patio area connected to the living room","A cozy Southwestern-style patio, featuring white stucco walls and wooden beams, complemented by warm tones of brown and natural stone accents."
"southwestern_210.jpg","Spanish Colonial","beige, rustic brown, wood tones","stone walls and floors, wooden beams, tile","natural light from high ceiling windows","warm and inviting","potted plants, vase with flowers, wooden table with wicker chair, rustic wooden bench","long narrow space with seating area in middle and courtyard at end","This interior design combines a Spanish Colonial style with warm, earthy colors and natural materials, creating a cozy yet spacious atmosphere."
"southwestern_212.jpg","Modern Minimalist","dark wood, white, blue","wood, metal, glass","natural soft light from large windows and ceiling fan with lights","calm and airy","wooden bookcase, leather chair, plant on the desk, framed artwork on wall, white lamp","spacious room with a central desk area under wooden beams, flanked by walls of bookcases and a seating area in front of a window","This modern minimalist office features clean lines, natural lighting, and a cozy atmosphere."
"southwestern_213.jpg","Modern","white, silver, red","stainless steel appliances, tiled backsplash, wood cabinetry","bright white recessed lights with track lighting above the island","clean and contemporary","stainless steel oven, white double sink, red vase with flowers, white shelf","island in center of kitchen with cabinets on both sides, stove to one side, sink to the other, all set against a white backdrop","This modern kitchen is equipped with stainless steel appliances and features a color palette of white, silver, and red. The island serves as a central workspace with surrounding cabinetry providing ample storage. Track lighting above the island complements recessed lights in the ceiling."
"southwestern_214.jpg","Modern Minimalist","white, black, gray","glass, wood, fabric","natural soft light from large windows and recessed lights","calm and airy","sofa, coffee table, side table, floor lamp, rugs","open space with central seating area","This modern living room features a minimalist design, with neutral colors creating a calm and airy atmosphere. The use of glass walls allows for natural light to fill the space while maintaining privacy. The furniture arrangement is focused on functionality and comfort, featuring a central seating area flanked by rugs, a coffee table, and side tables."
"southwestern_215.jpg","Scandinavian","white, beige, wood, grey","stone, wood, fabric","Natural light through the large windows creating a bright and airy atmosphere","Calm and cozy","sofa, coffee table, potted plant, floor lamp, stone fireplace","Open space with a central seating area surrounding the stone fireplace","This living room combines Scandinavian design elements with natural materials and textures for a cozy, welcoming atmosphere."
"southwestern_216.jpg","Modern Minimalist","light gray, white, beige","wood, linen, marble","bright and natural light from large windows","calm and airy","king-size bed, dresser, lamp, chaise lounge","open space with central seating area, surrounded by windows","A modern minimalist bedroom featuring a king-size bed and chaise lounge, set against large windows that bring in bright natural light."
"southwestern_217.jpg","Scandinavian","off white, gold, rust","wood, fabric","natural sunlight","warm and cozy","bed, nightstand, chair, table","spacious with high ceiling","The bedroom is in a Scandinavian style, featuring natural colors like off white, gold and rust. It has wooden accents and is filled with soft fabric furnishings that create a warm and cozy mood."
"southwestern_218.jpg","Southwestern","rust, beige, blue","wooden beams, adobe wall, metal hand rail","natural light from overhead skylights and outdoor patio lights","warm, inviting and relaxed","built-in BBQ grill, fireplace with wood storage, outdoor seating area","an open courtyard surrounded by the house, with outdoor seating areas on either side of a fountain","A Southwestern style home showcases an indoor-outdoor living space in a warm and inviting manner."
"southwestern_219.jpg","Modern","light grey, dark grey, white","glass, stainless steel","bright and modern with recessed lighting","clean and sleek","kitchen island with seating, built-in oven and microwave","open kitchen concept with a spacious center island","A modern kitchen design featuring a light color palette, stainless steel appliances, and a clean and sleek aesthetic."
"southwestern_22.jpg","Scandinavian","blue, orange, red","burlap, wood, leather","natural sunlight and warm candles","cozy and inviting","trunk with pillows, blanket, pillow on trunk","travel-inspired bohemian living space","This living space embraces a Scandinavian bohemian style, featuring a trunk filled with colorful throw pillows and blankets. The materials used include burlap, wood, and leather for a natural and rustic feel. Sunlight pours in through the windows, creating a warm and cozy atmosphere."
"southwestern_221.jpg","Contemporary","white, gray, black","wood, metal, fabric","The room is well-lit with natural sunlight coming through the large windows.","Warm and inviting, with a focus on comfort and luxury.","bed, nightstands, seating area, rugs","The room features a large bed in the corner next to the window. In front of the bed, there's a seating area with two nightstands on either side. There are also rugs scattered on the floor.","This spacious bedroom offers a comfortable and stylish retreat with its contemporary design, luxurious materials, and well-lit space."
"southwestern_222.jpg","Contemporary","beige, wood tones, blue accent","wood veneer, brass, natural stone","ambient light from ceiling fixtures, natural light from large windows","warm and inviting","dining table, chairs, artwork, cabinet","open concept with dining area adjacent to living space","This spacious living area features a contemporary design with warm wood tones and accents of blue, creating a welcoming atmosphere. The open layout allows for easy flow between the living and dining spaces."
"southwestern_223.jpg","Modern Minimalist","dark wood, light wood, white","oak, stainless steel, marble","natural soft light from above and under cabinets","modern and sleek with a touch of warmth","large island with built-in cooktops, stainless steel range hood, wooden cabinetry with drawers and doors, marble countertops, metal faucet over a double basin sink","clean lines creating an open space centered around kitchen island","This is a modern kitchen designed with a minimalist approach, featuring a mix of dark wood and white, stainless steel appliances for a clean and sleek look, with warmth added through the marble countertops."
"southwestern_224.jpg","Modern Minimalist","green, white, brown","wood, glass, stone","natural soft light from large windows","calm and airy","sofa, coffee table, plant, floor lamp, vase","open space with central seating area","This modern minimalist interior features a neutral color palette, natural materials like wood and stone, and large windows that let in soft light. The space is open and welcoming, with a central seating area surrounded by plants and decorative objects."
"southwestern_225.jpg","Modern Minimalist","green, gray, yellow","wood, metal, stone","natural sunlight with soft shadows","peaceful and inviting","fountain, large stones, plants, flowers","circular arrangement with path leading to the center","A serene garden design featuring a stone fountain, plants, flowers, and a wooden path that guides visitors towards the heart of the garden."
"southwestern_226.jpg","Modern Minimalist","white, gray, black","wood, metal, glass","natural soft light from large windows and black pendant lights","calm and airy","island, bar stools, cookware, potted plant","open space with central island seating area and a view of the outdoor patio","This modern minimalist kitchen features a clean, white palette accented by gray and black elements. The room is well-lit by natural light from large windows and pendant lights over the island. The island serves as a central gathering spot with bar stools surrounding it for casual dining or socializing. Cookware is neatly arranged on the countertops, while a potted plant adds a touch of nature to the space. A view of the outdoor patio enhances the open feeling of the kitchen."
"southwestern_227.jpg","Modern","brown wood, beige, blue","wood, stone, metal","natural light from windows and recessed lighting","warm and inviting","sofa, coffee table, potted plant, artwork","open concept with fireplace as focal point","A modern living room that incorporates earthy tones, natural materials, and comfortable furnishings to create a warm and inviting atmosphere."
"southwestern_229.jpg","Scandinavian","white, beige, light wood","linen, wood, metal","bright natural light","calm and airy","sofa, coffee table, plant, vase","open space with central seating area","Scandinavian-style living room featuring a white sofa, linen materials, and natural light from the large windows."
"southwestern_23.jpg","Southwestern","earthy tones, warm browns, terracotta accents","stone walls, bamboo ceiling, native woods","soft, warm lighting provided by lanterns and candles","intimate and cozy atmosphere","large vase with dried flowers, wooden rocking chair, antler chandelier, baskets for storage","a sprawling open plan with a central fireplace serving as the focal point","A cozy southwestern-inspired home that blends rustic elements with luxurious comfort."
"southwestern_230.jpg","Modern Minimalist","gray, white, wood","steel, leather, linen","modern chandelier","calm and serene","sofa, coffee table, chair, floor lamp, potted plant","open space with central seating area, fireplace as focal point","Modern living room featuring a minimalist design, grays and whites with wood accents. Fireplace serves as the main focal point in an open floor plan, providing warmth and comfort."
"southwestern_231.jpg","Modern Minimalist","white, light wood, dark grey","glass, linen, wood, steel","natural soft light from large windows and ceiling lights","calm and airy","bed, sofa, coffee table, plant, chairs","open space with central seating area","This modern, minimalist bedroom features a calming color palette of white and light wood, paired with dark grey accents. The room is illuminated by natural soft light from large windows and ceiling lights. The space includes a comfortable bed, a cozy sofa, a practical coffee table, a plant for greenery, and chairs to create a central seating area."
"southwestern_232.jpg","Modern Minimalist","white, beige, light wood","concrete, steel, stone","natural soft light from large windows","calm and airy","wooden dining table, sofa, floor lamp, plant","open space with central seating area","The interior design of this house features a Modern Minimalist style, with a color palette of white, beige, and light wood, creating a calm and airy mood. The house is made of concrete, steel, and stone, giving it an industrial feel. Large windows allow for natural soft light to fill the space. In this open layout, a central seating area around a wooden dining table serves as the focal point."
"southwestern_234.jpg","Southwestern","beige, brown, rust, red","wood, stone, brick","warm glow from fireplace and candle light","cozy and rustic","fireplace, couches, shelves, rug","comfortable sitting area with open kitchen","This living room is designed in the Southwestern style, featuring a warm color palette of beige, brown, rust, and red. The room utilizes natural materials like wood, stone, and brick for a cozy and rustic atmosphere. The main furniture includes comfortable couches arranged around a fireplace, with shelves nearby to display decorative items. A rug completes the inviting space."
"southwestern_235.jpg","Modern Minimalist","light gray, white, navy blue","stone, wood, fabric","Natural light coming in from the large window, supplemented by recessed lighting.","Warm and cozy with a touch of sophistication.","modern sofa, large stone fireplace, minimalist coffee table, floor lamp, area rug","Open concept living space with kitchen area in the background. Large window overlooking outdoor patio.",""
"southwestern_237.jpg","Southwest","ochre, rusty red, turquoise","adobe, wood-framed windows, natural stone, woven tapestry","natural light from many windows and a skylight","warm, inviting, and relaxed","sofa with colorful pillows, wooden coffee table, potted plant, flooring area rug","open floor plan with multiple seating areas","This Southwest-inspired space features a warm palette of ochre, rusty red, and turquoise, blended with natural adobe walls and wooden accents. The room is filled with colorful furniture, including comfortable couches and cozy rugs. Natural light streams in through numerous windows and a skylight, creating an inviting atmosphere that is both relaxed and full of energy."
"southwestern_239.jpg","Modern Minimalist","white, beige, blue","concrete, wood, leather","bright and natural from large windows and skylights","modern and serene with a touch of rustic charm","pool table, sofa, dining table, outdoor seating area, potted plants","open concept space with outdoor patio leading to mountain views","This modern minimalist interior showcases clean lines, natural materials, and a serene atmosphere, with an emphasis on outdoor living spaces that lead to breathtaking desert mountain views."
"southwestern_24.jpg","Modern Minimalist","beige, brown, white","concrete, wood, tile","natural soft light from large windows","calm and airy","sofa, coffee table, plant, floor lamp","open space with central seating area and walls defining boundaries","This bathroom exhibits a modern minimalist design style with natural concrete walls, wood and tile materials, and soft lighting. The room has an airy and calm atmosphere with its open layout centered around a sofa and coffee table in front of large windows."
"southwestern_240.jpg","Modern Minimalist","white, light wood, dark blue","wood, porcelain, brass","Soft overhead lighting with a decorative fixture above the mirror and under cabinet lighting below the sink.","Clean, spacious and bright","sink, mirror, cabinet, towel rack","A single countertop with a built-in sink. Above the sink is a large mirror encased in wood with decorative trim, below are cabinets and drawers. To one side, there's a towel rack.","This modern bathroom design features a minimalistic style with clean lines and neutral colors. The wood-encased mirror and wood cabinet add warmth to the space, while the brass fixtures contribute a touch of elegance."
"southwestern_241.jpg","Southern Plantation","light gray, beige, wood brown","stone veneer, wood paneling, cedar shake","sunlit through large windows, with supplemental lighting from recessed ceiling lights","warm and welcoming","porch swing, rocking chair, wreath on the front door, wooden beams","central covered porch with steps leading to entrance, flanked by symmetrical wings with windows on both levels","This is a classic Southern-style house with a welcoming feel. It features light wood and gray tones, stone veneer accents, cedar shake roofing, and wooden beams. The front porch swing and rocking chair invite relaxation and conversation."
"southwestern_242.jpg","Modern Minimalist","white, gray, natural wood","oak wood, concrete, stainless steel","overhead light fixture, complemented by wall sconces and pendant lights","clean and uncluttered","freestanding bathtub with overhead shower, large mirror above vanity, wooden chair in corner","open floor plan with large bathroom area leading to separate toilet/shower space","Modern-style bathroom with a minimalist design, featuring oak wood elements, a gray palette, and sleek fixtures."
"southwestern_243.jpg","Modern Minimalist","white, beige, light wood","steel, glass, wood","natural light from large windows","calm and airy","modern sofa, minimalist coffee table, floor lamp, large modern mirror, textured wall art","open space with central seating area","This is a modern minimalist living room with a light color palette, featuring steel and wood materials, natural light from large windows, and furniture that creates a calm and airy atmosphere."
"southwestern_244.jpg","Modern Minimalist","beige, brown, white","stainless steel, oak wood, stone","recessed lighting and ambient track lighting","clean and sophisticated","oven range, center island with seating, large screen TV, metal sculpture","open-concept kitchen with center island serving as bar area","This modern kitchen is designed for both functionality and aesthetics, featuring minimalist decor, stainless steel appliances, oak wood accents, and a large center island that serves as a bar area."
"southwestern_245.jpg","Modern Minimalist","white, light wood","stone veneer, oak flooring, steel beams","Natural soft light from large windows and glass doors","Bright and airy with a warm and inviting atmosphere","sofa, coffee table, plant, floor lamp","Open space with central seating area flanked by living room furniture","Contemporary design featuring clean lines, minimalist decor, and natural lighting that creates a serene and comfortable living space."
"southwestern_246.jpg","Southwest","terracotta, purple, yellow","adobe brick, cedar wood, textured stone","natural light from high windows and large skylights","warm and inviting","kiva fireplace, cactus garden, vintage saguaro chandelier, Native American art","open courtyard with covered outdoor seating area","The Southwestern design of this structure features natural materials, warm earth tones, and an emphasis on indoor-outdoor living."
"southwestern_247.jpg","Modern","white, brown, wood accents","marble, brass hardware, woven textiles","Overhead recessed lighting complemented by vanity lights above mirror.","Clean and contemporary with warm natural tones.","oversized wall mirror, freestanding pedestal sink, floor-to-ceiling windows","Bathroom features a large window, a freestanding pedestal sink, and storage cabinets.","This modern bathroom combines clean lines with a warm color palette to create a spacious and inviting atmosphere."
"southwestern_248.jpg","Scandinavian","beige, light wood, gray","wood, fabric, stone","natural light with warm ambient lighting from floor lamps and wall sconces.","calm and cozy","sofa, coffee table, floor lamp, plant, area rug","open space with central seating area, with natural views through windows to outside patio.","This is a Scandinavian-style living room with a soothing beige color palette and a warm, cozy atmosphere. The space features wood flooring and furniture, stone accents, and soft lighting that highlights the textures of the materials used. A comfortable seating arrangement surrounds an area rug, creating a central focal point for conversation and relaxation. Natural light pours in from large windows, offering picturesque views of the outdoors."
"southwestern_249.jpg","Southwestern","white, off white, brown","wood, brick, stone","natural light from windows","warm and welcoming","bathtub, sink, large mirror, decorative vase","semi-enclosed space with open view to outdoors","This is a bathroom design that incorporates Southwestern elements, such as the wooden beam ceiling and terracotta-colored tiles. The color palette consists of warm earthy tones, while materials used include natural wood for the cabinets, stone for the walls, and brick for accents. Lighting is provided by natural light from large windows, creating a welcoming ambiance. The space features a bathtub positioned under an arched window, with a sink on one side and a mirror opposite it. A decorative vase adds a touch of personality to the room."
"southwestern_25.jpg","Contemporary","grayscale palette, white accent","marble tile flooring, steel fixtures, wood paneling","modern and recessed lighting","clean and minimalist","freestanding vanity unit, framed wall art, potted plant","linear design with separate areas for vanity, toilet, and shower","This is a modern bathroom with a grayscale palette, featuring marble tile floors and steel fixtures. The layout includes a linear design with separate areas for the vanity, toilet, and shower."
"southwestern_250.jpg","Cottage Garden","purple, pink, white","stone, wood, clay","Dappled sunlight filtering through canopies of leafy trees","Elegant and natural","flowering plants, trees, stepping stones, small garden structures","Naturalistic, winding paths leading to seating areas","A serene garden setting filled with blooming flowers and verdant plants, evoking a sense of tranquility and connection with nature."
"southwestern_252.jpg","Modern Minimalist","white, grey, natural wood","oak wood, glass, stainless steel","soft, natural light from recessed lighting and large windows","clean and spacious","kitchen island with stools, built-in oven and cooktop, large hanging pendant lights, modern kitchen sink","open layout with central island and perimeter countertops","This modern kitchen is designed for functionality and style, featuring a minimalist color palette and contemporary materials. Natural light streams in through large windows, highlighting the stainless steel appliances and oak cabinets. A kitchen island serves as both additional seating and extra counter space."
"southwestern_255.jpg","Modern Minimalist","white, light green, dark gray","wood, plaster, glass","natural light with warm tones from the sunroof","calm and serene","sofa, modern armchair, coffee table, minimalist artwork","open space design with a large central seating area","This interior design features a Modern Minimalist style with a color palette of white, light green, and dark gray. The materials used include wood, plaster, and glass, creating a clean and sleek atmosphere. Natural light enters through the sunroof, casting warm tones on the space, enhancing the calming mood."
"southwestern_256.jpg","Modern","blue, green, beige","brick, tile, glass","natural light from large windows","calm and relaxing","pool, chairs, palm tree, potted plants","outdoor space with pool in center, surrounded by landscaping and palm trees","The interior design style is modern with a focus on clean lines and minimalist furnishings. The color palette consists of blue, green, and beige tones. Natural light and outdoor elements such as the pool and palm tree contribute to a calm and relaxing atmosphere."
"southwestern_258.jpg","Scandinavian","white, blue, gray","wood, fabric, glass","bright and natural light from large windows","calm and airy","bed, couch, coffee table, lamp, plant","open space with bedroom area separate from living room","The interior design of this home is a modern take on Scandinavian style, characterized by clean lines and an emphasis on natural light. The color palette includes white, blue, and gray tones that create a serene atmosphere. Materials used are wood for the flooring and furniture, fabric for upholstery, and glass for the windows to allow ample sunlight in. The layout of the space is open and separate areas include a bedroom and living room, both featuring large windows that enhance the feeling of spaciousness."
"southwestern_259.jpg","Scandinavian","white, beige, wood, green","oak wood, linen, concrete, steel","natural soft light from large windows and recessed ceiling lights","calm and airy","sofa, coffee table, plant, floor lamp, potted tree, rug","open space with central seating area near large windows, leading to backyard patio","This is a modern Scandinavian-style living and dining room with an open layout featuring natural wood floors and oak walls. The space is bright and airy with soft lighting from recessed ceiling lights and large windows that lead to the backyard patio."
"southwestern_26.jpg","Modern","green, beige, red","wood, concrete, stone","natural light from the windows and the outdoor setting, with some artificial lights in the house","calm and soothing","large stones and rocks, palm trees, greenery, bushes","a combination of manicured lawn and outdoor landscaping elements integrated with the home's architecture","A modern house with a garden that seamlessly blends into the landscape, creating a serene atmosphere."
"southwestern_260.jpg","Mid-Century Modern","dark brown wood, blue, white","wood, metal, tile","bright and direct from overhead lights","functional and nostalgic","double sink vanity, wooden cabinets, blue soap dispenser","small space with compact layout","A functional bathroom with a mid-century modern design, featuring wooden cabinets and a double sink vanity."
"southwestern_262.jpg","Modern Minimalist","white, beige, navy blue","wood, marble, leather","large chandelier and natural light through windows","calm and sophisticated","sofa, coffee table, floor lamp, statue, framed artwork","open space with central seating area, fireplace as focal point","This modern living room features a minimalist design with neutral color tones and a blend of natural and man-made materials. The chandelier adds elegance to the space while the large windows allow for an abundance of natural light. A central seating area, fireplace, and thoughtfully chosen furnishings contribute to a sophisticated and inviting atmosphere."
"southwestern_264.jpg","Modern Minimalist","white, black, grey","wood, leather, metal","natural light coming from large windows and recessed ceiling lights","clean, contemporary, and spacious","bed, nightstand, chair, coffee table, bookshelf","open concept with bedroom area separated from living room by a low wall","This modern minimalist space features clean lines, neutral colors, and a thoughtful layout that separates sleeping areas while maintaining an open feel."
"southwestern_265.jpg","Modern Minimalist","white, beige, light wood","oak wood, linen, steel","natural soft light from large windows","calm and airy","sofa, coffee table, plant, floor lamp","open space with central seating area","This modern kitchen features a minimalist design with an emphasis on light wood tones, clean lines, and natural materials. The room is well-lit by large windows that provide a serene ambiance. The layout consists of an open dining area with a central island for added functionality."
"southwestern_266.jpg","Scandinavian","beige, brown, light gray","stone, glass, metal","Natural light from large windows and skylights.","Open and airy with a warm, inviting atmosphere.","Modern sofa, Coffee table, Rug on the floor, Plant in pot, Modern armchair","Open space with central seating area, surrounded by windows.","A Scandinavian-style house with large glass windows and stone accents, featuring a warm color palette that enhances the natural light, modern furniture and comfortable seating areas."
"southwestern_267.jpg","Modern Minimalist","gray, white, black","wood, leather, metal","natural soft light from large windows","calm and airy","sofa, coffee table, plant, guitar, piano","open space with central seating area and steps leading to upper level","This modern minimalist interior design features a gray, white, and black color palette, with materials like wood, leather, and metal. The room has large windows allowing for natural soft lighting. There's a sofa, coffee table, plant, guitar, and piano in the space, which gives it a calm and airy feel. An open layout leads to an upper level accessible by steps."
"southwestern_268.jpg","Modern Minimalist","white, beige, gray","oak wood, linen, stainless steel","bright and soft natural light from large windows","calm and cozy","sofa, coffee table, floor lamp, potted plant","open space with central seating area surrounding fireplace","This modern living room is designed with a minimalist approach, using neutral colors and a mix of natural wood, linen, and stainless steel. The bright lighting creates an airy atmosphere, while the comfortable furniture arrangement encourages relaxation."
"southwestern_269.jpg","Modern Loft","natural wood, neutral tones, blue accent","wood paneling, stone fireplace, exposed brick","soft, indirect lighting from wall sconces and recessed lighting","modern rustic with warm ambiance","couch, coffee table, floor lamp, area rug, artwork","open floor plan with separate seating area near fireplace","This is a modern loft living space with rustic touches. The room features wood paneling, stone fireplace and exposed brick walls which create a warm ambiance. Soft lighting completes the cozy atmosphere."
"southwestern_27.jpg","Eastern","blue, orange, white","wooden flooring, silk rugs, lacquered wood furniture","low to medium ambient light with warm tones and accentuated by decorative lanterns","warm and inviting","embroidered silk wall hangings, antique wooden screens, blue and white porcelain urns","space designed with traditional Eastern aesthetics in mind, featuring symmetry, balance, and harmonious color schemes.","This interior design evokes the spirit of Eastern elegance through its careful selection of materials, vibrant colors, and thoughtful layout."
"southwestern_270.jpg","Modern Minimalist","light gray, dark gray, wood accent","stainless steel, wood veneer, white subway tile","well-lit with recessed lighting and a large window providing natural light","modern, clean, and spacious","double wall ovens, cabinetry, stainless steel range hood","kitchen with an L-shaped countertop and two stoves underneath a long window","This kitchen combines modern design elements, such as stainless steel appliances and wood accents, with a minimalist aesthetic to create a spacious and functional cooking area."
"southwestern_271.jpg","Modern Minimalist","beige, stone grey, light wood","concrete, wood planks, natural stone","natural soft light from large windows","calm and airy","step with built-in seating, low wall of stone bricks","outdoor area with natural elements integrated into design","This image shows an outdoor space designed in a modern minimalist style. The color palette is simple, featuring beige, stone grey, and light wood. Materials used include concrete for steps and low walls, along with wooden planks and natural stone bricks. The space has ample natural lighting due to large windows. The overall mood of the space is calm and airy, providing a serene atmosphere. Notable features include a step with built-in seating and a low wall made of stacked stone bricks."
"southwestern_272.jpg","Scandinavian","white, light wood, gray","wood, leather, brick","natural soft light from large windows and recessed ceiling lights","calm and airy","bathtub, sofa, coffee table, plant, floor lamp","open space with central seating area adjacent to the large windows overlooking a mountainous landscape","This is a Scandinavian-style interior with an open design concept, featuring light wood and gray accents against white walls. The spacious living room has recessed ceiling lights and large windows offering stunning views of the mountains. A cozy sofa and leather armchair face a coffee table with a plant for a touch of greenery, while a floor lamp provides warm lighting. A brick fireplace adds texture and rustic charm to the space."
"southwestern_273.jpg","Modern","white, gray, wood","wood, leather, metal","recessed lighting with warm, ambient glow","comfortable and inviting","dining table, chairs, vases, candles, wall art","open floor plan with dining area adjacent to living space","This modern interior design features a neutral color palette, predominantly white and gray tones accented with natural wood elements. The room is furnished with a variety of seating options including chairs, sofas, and ottomans, all arranged around a central wooden table. Decorative elements include vases for flower arrangements, candles adding warmth to the space, and wall art that adds personality to the room."
"southwestern_275.jpg","Modern Minimalist","white, beige, light wood","oak wood, linen, concrete, steel","natural soft light from large windows and recessed ceiling lights","calm and airy","sofa, coffee table, plant, floor lamp, wine rack","open space with central seating area around a kitchen island","This modern home combines clean lines, minimalist design elements and natural lighting to create an inviting open concept living space."
"southwestern_276.jpg","Modern Minimalist","green, gray","artificial grass, wood","bright and natural light from surrounding areas","calm and serene","grass patches, small wooden fence, potted plants","linear space with defined boundary lines","A modern, minimalist outdoor space featuring artificial grass on a concrete ground, framed by a small wooden fence and potted plants."
"southwestern_277.jpg","Modern Minimalist","light beige, white, dark wood","oak wood, linen, concrete, steel","bright and airy, with ample natural light from floor-to-ceiling windows","contemporary and sleek","sofa, coffee table, floor lamp, plant, modern art","spacious open living area with large sliding glass doors leading to a patio","This modern living room is designed with clean lines and minimalist decor, featuring light beige and white tones that create a warm and inviting atmosphere."
"southwestern_278.jpg","Southwestern","beige, brown, blue","adobe, wood, metal","Natural light, both from windows and doors","Warm and inviting","large sofa in front of window, coffee table in front of sofa, potted cactus on the right side","A single-story home with an open floor plan that combines living room, dining area and kitchen.","This southwestern style house offers a warm and inviting atmosphere with natural lighting and adobe walls."
"southwestern_28.jpg","Modern","dark brown, light brown, white","wood, steel, glass","recessed lighting and kitchen island","clean and bright","kitchen island with sink, stainless steel refrigerator, wooden table and chairs, decorative vase on counter","L-shaped layout with open plan living spaces","This is a modern kitchen with wooden cabinetry, stainless steel appliances, and an island in the center. The color palette includes dark brown for the cabinets and light brown for the walls, complemented by white countertops. The layout features an open plan design that combines the kitchen with adjacent living spaces."
"southwestern_282.jpg","Modern","green, brown, white","brick, concrete, wood","natural light filtering in through the glass doors and windows","relaxed and inviting","pool with blue tile border, plant box with green plants, seating area on a patio, large flower pot with white flowers","outdoor space with a swimming pool at the center, surrounded by plant boxes and seating areas","A modern outdoor living space featuring natural materials like brick and concrete, with a focus on a tranquil and welcoming atmosphere."
"southwestern_283.jpg","Southwestern","rusty red, turquoise, earth brown","stone tiles, wooden beams, metal accents","natural lighting from large windows and ceiling fixtures","vibrant and warm","kitchen island, kitchen hutch, stove top oven, pottery collection","spacious with open kitchen, dining, and living room areas","This southwestern style home has a vibrant color palette and materials such as stone tiles, wooden beams, and metal accents. The spacious kitchen features a large island, an oven integrated into the cabinetry, a pottery collection, and plenty of counter space."
"southwestern_284.jpg","Modern","beige, white, wood","oak wood, linen, steel","natural soft light from large windows","calm and airy","sofa, coffee table, plant, floor lamp","open space with central seating area","This modern living room features a neutral color palette of beige, white, and wood. The design emphasizes natural lighting from the large windows, creating a calm and airy atmosphere. Oak wood accents complement the linen upholstery on the furniture, while a steel railing adds a touch of sleekness to the space. The layout is open with central seating area where one can enjoy conversation or watch TV."
"southwestern_287.jpg","Southwestern","beige, brown, blue","stone, wood, tile","Mixed with natural light from large windows and recessed ceiling lights.","Warm, inviting and cozy.","large stone sink with a wooden base, freestanding bathtub, vintage mirror above the sink, woven basket on the floor","Open design with a large window allowing for natural light to flow into space. Vanity area next to the tub, separate walk-in shower, and sitting area.","This bathroom has a southwestern style, featuring warm earth tones, stone walls, wooden elements, and decorative tilework. The design combines modern fixtures with traditional materials for a cozy and inviting space."
"southwestern_288.jpg","Modern","light wood, white, copper","wood, stainless steel, natural stone","recessed lighting with adjustable bulbs","bright and inviting","kitchen island, range hood, dining table, bar stools","L-shaped design with central kitchen island","This modern residential kitchen combines light wood cabinetry with a variety of materials and finishes to create a warm, inviting space. The use of natural stone countertops adds elegance, while stainless steel appliances provide a sleek contrast. Recessed lighting allows for adjustable brightness, contributing to the bright and inviting mood."
"southwestern_29.jpg","Scandinavian","beige, light gray, natural wood","stone, concrete, wood","Natural light from the large windows","Modern and minimalistic with a touch of warmth","modern sofa set, simple coffee table, contemporary floor lamp, large-scale art piece","Open plan living space, connected to the outdoors through sliding glass doors","A modern Scandinavian home with minimalist design elements and natural materials creating a warm and inviting atmosphere."
"southwestern_290.jpg","Modern Minimalist","white, gray, green","wood, fabric","natural light from a large window","calm and peaceful","bed, nightstand, plant, artwork","compact with emphasis on simplicity","This modern bedroom features a minimalist design with a calming color palette, natural lighting, and simple furniture placement. A compact layout emphasizes functionality and tranquility."
"southwestern_291.jpg","Modern Minimalist","brown, white, cream","wood, marble, brass","bright and ambient","clean and contemporary","oven, cookware, cutting board, jars, vase","kitchen with central cooking area","A modern kitchen with a clean, minimalist design featuring wood and marble elements, bright lighting, and functional appliances."
"southwestern_292.jpg","Modern","blue, green, grey","concrete pavers, rocks, plants","natural sunlight and outdoor lights","calm and serene","curved bench, grasses, flowers, boulders","curving walkway leading to stone seat among rocks and plants","This image depicts a modern outdoor garden with curved concrete pavers, natural rock formations, and a variety of grasses and flowers. The color palette is predominantly blue, green, and grey, which complement the natural surroundings. The materials used include stone for the walkway, boulders as decorative features, and plants that add a touch of nature to the space."
"southwestern_293.jpg","Contemporary","light brown, white, wood accents","wood, glass, stone","Warm and inviting with a mix of natural and artificial light.","Clean, organized, and serene.","large mirror on the wall, modern vanity sink, vintage-style chair, decorative toiletries","Well-defined spaces for bathing and personal grooming.","A contemporary bathroom with a serene, clean atmosphere featuring wood accents and glass elements."
"southwestern_294.jpg","Modern Minimalist","white, beige, light wood, dark wood","wood, stone, concrete, metal","natural soft light from large windows","calm and airy","sofa, coffee table, plant, floor lamp","open space with central seating area","A modern minimalist living room featuring a clean color palette, natural light, and carefully chosen furniture for a comfortable and airy atmosphere."
"southwestern_295.jpg","Modern Minimalist","light wood, neutral gray, white","concrete, steel, linen","natural soft light from large windows with glass doors","calm and airy","bed, wooden nightstand, pillows, abstract artwork","open space with central seating area defined by bed and sofa arrangement","This modern minimalist living room features a serene color palette of light wood, neutral gray, and white. The concrete wall adds an industrial touch, while the glass doors and large windows let in ample natural light. A comfortable bed with wooden nightstand is central to the space, with a sofa and abstract artwork contributing to a cozy atmosphere."
"southwestern_296.jpg","Spanish Colonial","beige, light tan, brown","stucco, wood, tile","sunny and bright, with ample natural light","warm and welcoming","large front doorway, terrace patio, front lawn planters, clay-tiled roof","symmetrical design with central walkway and landscaped courtyard","This Spanish Colonial home is characterized by a warm palette of colors, terracotta tones, and natural materials. The architecture features arched doorways and a central courtyard, while the front lawn showcases landscaping elements."
"southwestern_298.jpg","Modern Minimalist","white, grey, green","concrete block wall, brick pavers on pathway, steel grill gate","natural soft light from large windows and skylights","calm and serene","stone bench, large round planter with succulents, steel outdoor furniture, tall green fern","linear space with plants along the walkway leading to the entrance","Modern garden with minimalistic design, utilizing a palette of white, grey and green. The concrete wall is part of the house, and a steel gate marks the entrance to the garden."
"southwestern_30.jpg","Southwestern","blue, green, orange","tile, stone, wood","recessed lighting and natural sunlight from windows","warm and inviting","cabinet, shower stall, sink, toilet","small space with efficient use of space for restroom facilities","A small Southwestern-style bathroom with tile flooring, a walk-in shower, and efficient fixtures."
"southwestern_300.jpg","Modern Minimalist","white, beige, light wood","wood paneling, leather, canvas","natural soft light from large windows","calm and airy","sofa, coffee table, plant, floor lamp","open space with central seating area","This is a modern, minimalist living room with natural lighting creating a calm and airy atmosphere."
"southwestern_301.jpg","Southwest","adobe, rusted iron, cactus green","stone, wood, metal","sunlit with natural light filtering through windows and a high ceiling","warm and inviting","adobe pillars, rusted metal lanterns, cactus potted plants","open courtyard design with central gathering area","This Southwestern-style building features a warm and inviting atmosphere, utilizing natural materials such as stone and wood, and incorporating natural light to highlight its rustic charm."
"southwestern_302.jpg","Industrial Loft","dark grey, white, natural wood","steel, concrete, wood, marble","soft and diffused light with pendant lights above island","modern and cozy","island with sink, dining table and chairs, large vase with flowers, wine rack","open concept design with galley kitchen layout and central island for dining","This open-concept kitchen features an industrial loft design with a warm and inviting atmosphere. The space is characterized by dark grey walls, natural wood accents, concrete flooring, and steel appliances. A large island houses the sink and provides additional counter space, while a dining table with chairs accommodates seating for meals. The kitchen also has ample storage with cabinets and a wine rack, and is well-lit by pendant lights overhead."
"southwestern_303.jpg","Modern Southwestern","earth tones, neutral accents","adobe bricks, stucco walls, wooden floors, rusted metal railings","combination of natural and artificial light sources to create a warm and inviting atmosphere.","calm, serene, and relaxed ambiance","outdoor furniture, stone fireplace, plant life, artwork","open floor plan with central courtyard and outdoor living space","A southwestern style home that combines adobe, stucco, wooden floors, and rusted metal railings to create a warm and inviting atmosphere. The neutral color palette contrasts nicely with the earth tones, and natural light from the large windows fills the space, enhancing the serene mood. Indoor and outdoor living spaces are seamlessly connected, providing a great indoor-outdoor flow for entertaining or relaxation."
"southwestern_305.jpg","Contemporary","neutral tones, black, gold","wood, glass, metal","natural light from windows, complemented by ceiling lights and under-cabinet lighting","clean and modern with a touch of elegance","kitchen island, stainless steel appliances, decorative vases, potted plants","open kitchen concept, featuring an L-shaped countertop layout with center island and ample storage","This is a contemporary kitchen design with neutral tones that exude modern elegance. The space features a mix of wood and metal for both storage and decorative elements, enhanced by glass accents. The natural light streaming in from the windows provides an inviting atmosphere, while the center island adds functionality to the space. Stainless steel appliances keep the kitchen feeling fresh and clean."
"southwestern_307.jpg","Modern Minimalist","white, neutral, wood accent","wood, linen, glass, stainless steel","well-lit with natural light from windows and recessed lights in ceiling","modern and spacious, with clean lines and minimal decor","sectional sofa, large coffee table with a wooden top, floor lamp with a metal base, flat-screen TV on wall, outdoor patio seating","open floor plan with central seating area in front of windows and sliding doors leading to outdoor space","This is a modern, minimalist living room design with neutral colors, clean lines, and natural light. The open floor plan features a sectional sofa and large coffee table as the centerpiece, with a flat-screen TV on one wall and outdoor patio seating adding to the space's functionality."
"southwestern_308.jpg","Modern Minimalist","neutral grey, white, wood accents","glass for windows and doors, natural wood beams, black metal railings","Natural soft light from large glass windows providing panoramic view of mountains","Airy and spacious, with a serene ambiance","white sofa with red throw pillows, modern wood coffee table, large potted plant on floor, black leather armchair","Open space layout with central seating area focusing on the stunning mountain view outside","This modern living room is designed with a minimalist approach, utilizing large glass windows to maximize natural light and provide a breathtaking view of the mountains."
"southwestern_31.jpg","Industrial Loft","black, blue, red","metal, wood, concrete","natural light from windows and ceiling track lights","modern and rugged","long wooden table with bar stools, kitchen island with stove top, brick wall backsplash","open kitchen layout, central island for cooking and dining","This industrial-style kitchen is characterized by its black and blue color palette, metal cabinetry and appliances, concrete countertops, and wooden table with bar stools. The space is illuminated by natural light from windows and ceiling track lights, creating a modern and rugged mood."
"southwestern_310.jpg","Mid-Century Modern","white, beige, light wood, green accent","oak wood, linen, stainless steel","soft, warm light from track and pendant lights","cozy and welcoming","kitchen island, stainless steel appliances, large kitchen rug, wooden dining table, wine rack","L-shaped layout with central island and seating area around it.","A clean and modern kitchen with a mix of wood, stainless steel, and linen accents."
"southwestern_311.jpg","Scandinavian","beige, white, grey","wood, fabric, glass","bright and natural, with windows as the main source of light","calm and airy","sofa, coffee table, floor lamp, vase, book","open space with a central seating area framed by large windows, creating an inviting atmosphere","This Scandinavian-style living room is bright and airy, featuring natural light from the large windows that surround the open space. The color palette is neutral, with beige, white, and grey dominating the space, while the materials used include wood for furniture, fabric for cushions and curtains, and glass for accents."
"southwestern_312.jpg","Modern","white, blue, wood","wood, leather, fabric","Natural light from the large windows fills the room, creating a bright and airy atmosphere.","Bright and airy","sofa, coffee table, plant, floor lamp, area rug","Open space with central seating area featuring a sofa, coffee table, plant, and floor lamp.","A modern living room with a bright and airy atmosphere, featuring natural light, wood materials, blue accents, and comfortable furniture."
"southwestern_314.jpg","Desert Modern","sandy beige, terra cotta, ochre","stone, adobe brick, native plants","Natural sunlight filtering through architectural features","Warm, inviting and relaxed","large potted cacti, low-slung seating area, drought-tolerant plants","Sparse yet impactful placement of greenery and stones","A tranquil desert retreat with a modern twist, where natural materials are harmoniously combined with minimalistic design."
"southwestern_315.jpg","Modern","Brown, White, Gray","Marble, Glass, Wood","Natural light from large windows and overhead track lighting","Clean and contemporary","Bathtub, Shower Head, Faucet, Tile Flooring","Linear design with separate shower and bathtub areas","A modern bathroom with marble tiling, overhead track lighting, a large window, a separate shower and bathtub, and minimalist fixtures."
"southwestern_316.jpg","Modern Minimalist","brown, red","stone, wood, metal","natural soft light from large windows and ceiling lights","warm and cozy","doors, potted plants, chair","open space with central entrance doorway","A modern minimalist style with a warm and cozy atmosphere, featuring stone walls, wood and metal accents, natural lighting, and a central entrance."
"southwestern_317.jpg","Modern Minimalist","white, beige, black","wood, fabric, metal","natural soft light from large windows","calm and airy","baby crib, sofa, chair, area rug","open space with central seating area","This modern minimalist nursery features a simple color palette of white, beige, and black, with wood, fabric, and metal materials. The room is illuminated by natural soft light from large windows, creating a calm and airy mood. Key furniture pieces include a baby crib, sofa, chair, and area rug arranged in an open space layout centered around the seating area."
"southwestern_318.jpg","Southwest","sand, rust, ochre","adobe brick, wood, cork","natural light from window and kiva fireplace","warm and inviting","kiva style fireplace, Native American blanket on bed, Santa Fe style chair","bedroom with built-in furniture, centered around kiva fireplace","This is a cozy southwestern style bedroom with adobe brick walls and wooden ceiling beams. The room features a large kiva fireplace as the focal point, with warm earth tones accented by rust and ochre. The bed is centrally positioned around this feature, with traditional Santa Fe style furniture that complements the overall aesthetic."
"southwestern_319.jpg","Modern Minimalist","white, beige, light wood, green accent","concrete, steel, wood-framed glass","natural soft light from large windows","calm and airy","sofa, coffee table, plant, floor lamp, poolside chairs","open space with central seating area, including a pool and outdoor lounge chairs","This modern minimalist design features natural light, clean lines, and a neutral color palette. The space includes an infinity pool and comfortable outdoor furniture to create a serene atmosphere for relaxation."
"southwestern_32.jpg","Scandinavian","white, gray, brass","tile, wood, glass","ambient lighting from recessed fixtures","airy and open","toiletries on the countertop, a large mirror above the sink, a decorative vase","a curved layout with a toilet positioned against the wall under a window","The bathroom is designed in a Scandinavian style with a white and gray color scheme, featuring tile walls and flooring. A large mirror above the sink reflects the light from recessed fixtures, creating an airy atmosphere. Toiletries are neatly arranged on the countertop. A decorative vase adds a touch of elegance to the space."
"southwestern_320.jpg","Scandinavian","beige, light wood, white","wood, leather, metal","natural lighting from sunroof and window","calm and airy","table, chairs, plant, pool","open space with outdoor seating area facing pool","This image showcases an outdoor living room in a Scandinavian style, featuring a natural color palette of beige and light wood, with wood and leather materials. The room has a cozy feel thanks to the soft lighting from a sunroof and large window. The layout is open space with seating facing a pool area, creating an airy atmosphere."
"southwestern_321.jpg","Southwestern","earth tones, adobe reds, sky blues","stucco walls and ceilings, wooden doors and windows, natural stone floor","Natural light from the many windows and skylights","Warm and welcoming with a hint of rustic charm","statue of a horse, saddle on the wall, rusted metal decorations, cacti","Open floor plan with a courtyard in the center","The interior design showcases Southwestern elements such as stucco walls, adobe reds, and wooden doors. Natural light pours into the space through many windows and skylights, creating a warm and welcoming atmosphere."
"southwestern_322.jpg","Mid-Century Modern","beige, brown, tan","stucco, wood, clay tiles","natural sunlight streaming through windows and skylights","warm and inviting","sofa, coffee table, chairs, clay pot fireplace","open plan with central firepit area","This living room features a warm, mid-century modern design, utilizing stucco walls and wood accents. Natural sunlight fills the space, highlighting the clay tiled floor and creating an inviting atmosphere. The open layout allows for easy movement, while the central firepit serves as the focal point of the room."
"southwestern_325.jpg","Modern Minimalist","white, gray, wood accent","stainless steel appliances, white cabinetry, wood countertops, marble backsplash","natural light from large windows and recessed lights in the ceiling","bright and open","stainless steel refrigerator, range hood over stove, large island with sink, wooden dining table, modern pendant light","kitchen layout features an L-shaped counter with a center island that serves as the focal point of the space.","This modern kitchen design combines minimalist elements for a sleek and clean look, featuring stainless steel appliances, white cabinetry, and wood accents. Natural light floods the space through large windows, creating a bright and open atmosphere."
"southwestern_327.jpg","Modern Minimalist","white, beige, light wood","stone tiles, marble countertops, steel fixtures","soft natural light from large windows","calm and airy","large soaking tub, freestanding shower with frosted glass doors, round wooden stool, modern floor lamp","clean lines, open space with central seating area","This bathroom combines a modern minimalist design with natural materials and soft lighting to create a serene and calming atmosphere."
"southwestern_328.jpg","Modern Minimalist","light green, beige, gray","concrete, natural wood, bamboo","natural light during the day, soft warm glow from outdoor lighting at night","calm and relaxed","wooden bench, large potted plant, outdoor fireplace, stone sculpture","curved walkway through different sections of landscaping, with seating areas and plants","This modern minimalist backyard design emphasizes simplicity and natural materials, creating a serene space to unwind."
"southwestern_33.jpg","Modern Minimalist","gray, white, wood","stone, glass, wood","natural light from large windows","calm and airy","sofa, coffee table, plant, floor lamp","open space with central seating area","This is a modern home with a minimalist design, featuring gray and white color tones. Stone walls are visible along with large windows allowing for natural light. The open layout is accented by a sofa, coffee table, plant, and floor lamp."
"southwestern_331.jpg","Modern","green, white, purple","stone, wood, metal","natural and soft, with overhead lighting and floor lamps","calm and inviting","couches, chairs, potted plants, vase","circular arrangement with central fireplace","A tranquil and colorful backyard patio, featuring a modern design with natural materials."
"southwestern_332.jpg","Modern Minimalist","white, blue, green","wood, leather, fabric","natural soft light from large windows","calm and airy","sofa, coffee table, plant, floor lamp","open space with central seating area","A modern minimalist living room with a serene atmosphere, featuring wood accents, blue and green tones, natural light, and comfortable seating."
"southwestern_334.jpg","Modern Minimalist","white, beige, light wood","wood, leather, plastic","bright and natural from large windows and skylights","airy and expansive","modern white sofa, curved wood coffee table, large potted plant, modern metal floor lamp, round woven throw pillow","open space with central seating area and outdoor view","This image showcases a modern minimalist style with clean lines, neutral colors, and natural materials. The bright lighting from windows and skylights adds to the airy atmosphere, while the large potted plant and woven throw pillow add a touch of warmth."
"southwestern_335.jpg","Industrial Loft","dark brown, light grey, steel blue","concrete walls and floor, raw steel, leather upholstery","recessed lighting accented with industrial-style spotlights","modern, edgy, and somewhat stark","large flat screen TV on wall, sectional sofa, rectangular coffee table, industrial-style floor lamp, modern pendant light","spacious open layout with seating arranged around central entertainment unit","This living room is designed in an industrial loft style, featuring dark brown concrete walls and flooring, raw steel elements, and leather upholstery. The color palette includes light grey accents to complement the darker tones. Recessed lighting and large flat screen TV are key features of this space."
"southwestern_336.jpg","Scandinavian","white, black, red, natural wood","glass block wall, wooden cabinetry, stainless steel fixtures, marble countertops","Natural light from large windows on glass blocks, complemented by recessed ceiling lights.","Bright and airy with a touch of elegance.","freestanding bathtub, his and hers sinks, red robe hanging on wall, large potted plant, wooden stool","Open layout with shower and tub separated by glass block wall, his and hers sinks, large mirror above vanity, and open shelving.","A modern bathroom design that combines Scandinavian minimalism with luxurious materials and fixtures."
"southwestern_338.jpg","Modern Minimalist","dark wood, white, red accent","wood, marble, metal","warm and bright with recessed lighting","lively and inviting","round wooden table, modern sofa and chairs, large vase with flowers, white and red patterned rug","open concept layout with kitchen and dining room connected","A modern, minimalist living space that combines elements of rustic charm with contemporary design."
"southwestern_34.jpg","Modern Minimalist","green wall, white trim","concrete walls, wood floor, glass window","natural soft light from large windows","calm and airy","modern sofa, clean lines on furniture, simple decor items","open space with central seating area","This modern minimalist living room features a green wall, white trim, concrete walls, wood floor and large windows. The lighting is soft and natural, giving the room a calm and airy feel. The furniture has clean lines and simple decor items complete the space."
"southwestern_341.jpg","Scandinavian","beige, natural green, rustic brown","stone, wood, metal","natural light from windows and outdoor lanterns","calm and serene","large stone bench, modern wood-burning stove, outdoor fire pit with logs, decorative metal torches","outdoor space with stone seating and a central focal point for gathering","An outdoor gathering area in a Scandinavian style that uses natural materials, soft color palette, and ambient lighting to create a tranquil and inviting space for relaxation and conversation."
"southwestern_345.jpg","Modern Minimalist","dark gray, white, wood accents","brick wall, metallic vase, wooden door","ambient with accent lighting on decorative pieces","modern and sleek","large metallic vase as art centerpiece, brick wall for textural interest, wooden door for warmth and continuity","narrow hallway with open entry into main room","A modern minimalist space features a brick wall, wooden door, and metallic vase as focal points, with accent lighting highlighting decorative pieces."
"southwestern_346.jpg","Modern Minimalist","white, oak wood, beige","wood, stone, glass","natural soft light from large windows","calm and focused","bookcase with books, leather chair, desk with computer monitor, area rug, abstract artwork","space arranged around central desk area, with bookcases on two sides providing symmetry.","This office is a modern minimalist space with a focus on simplicity and efficiency. The color palette is soft and neutral, with the oak wood adding warmth to the room. Natural light filters through large windows, creating a calm and focused atmosphere. The bookcases are filled with books, reflecting the occupant's academic or professional interests. A leather chair offers comfort at the desk area, and an abstract artwork on the wall adds a touch of personality. Large windows on two sides provide symmetry to the space, which is organized around the central desk area."
"southwestern_347.jpg","Southwestern","pink, white, green","adobe, wood, glass","Natural light from windows and skylights","Warm and inviting","cactus plant, vintage rug, wooden bench, potted cacti, western-style sofa","Open concept with a central fireplace","This Southwestern style home features warm pink walls, wooden and adobe materials, natural lighting from windows and skylights, and a cozy atmosphere."
"southwestern_348.jpg","Modern","beige, white, brown","concrete, wood, glass","natural sunlight streaming in through the windows and sliding glass doors","bright, inviting and spacious","couches on a raised patio, coffee table, outdoor sofa, potted plant, poolside table with chairs","open floor plan leading to the pool, outdoor seating areas and backyard","The interior design of this house showcases a modern style with clean lines, neutral colors, and an emphasis on natural light. The materials used are warm and earthy, creating a welcoming atmosphere. The layout flows from the living room to the outdoor spaces, including a pool and patio area."
"southwestern_349.jpg","Modern Rustic","beige, grey, orange","wood, leather, brass","Soft light from ceiling lights and natural light through large windows","Warm and inviting","couch, coffee table, chair, potted plant","Open space with furniture arranged around fireplace","A modern rustic living room featuring a cozy sitting area, fireplace and warm lighting."
"southwestern_35.jpg","Scandinavian","light brown, blue, white","porcelain, brass, wood","natural light from window above sink","clean and bright","vase with flowers, soap dispenser, kitchen towel on rack","linear layout with double sink in front of window","A clean, bright kitchen featuring a rustic style with porcelain sinks and wooden accents."
"southwestern_350.jpg","Southwestern","beige, brown, red","adobe brick, wood, metal","natural light during daytime","warm and inviting","kiva fireplace, skeleton decoration, vintage cart wheel","simple open space with central focal point","Southwestern-style adobe building features a kiva fireplace with a skeleton decoration, creating a warm and inviting atmosphere."
"southwestern_351.jpg","Modern Minimalist","light beige, dark wood, white","concrete, wood, steel","Natural soft light from large windows and a skylight.","Calm and spacious","pool table, chaise lounges, outdoor fireplace, potted plants","Open space with central seating area, pool in the middle and patio furniture surrounding.","Modern minimalist backyard with a pool and patio space that is designed for relaxation and entertainment."
"southwestern_352.jpg","Modern Minimalist","beige, grey, green","concrete, stone, wood","natural soft light from large windows and outdoor lighting at night","calm and serene","large rocks for seating, driftwood sculpture, green plants, modern metal chair","winding stone path leading through a rock garden","This outdoor space combines modern minimalist design with natural elements to create a serene and inviting atmosphere. The use of concrete, stone, and driftwood adds texture and visual interest, while the green plants bring life and color to the scene."
"southwestern_353.jpg","Spanish Colonial","white, tan, rust, brown","stucco, wood, tile, iron","Sunlit","Warm and inviting","Terracotta pot, Old-fashioned door, Antique window grille, Talavera tile","Climbing a series of outdoor steps to an entrance","A Spanish Colonial staircase made with stucco and wooden handrails, leading up to a wooden door on the second floor."
"southwestern_355.jpg","Modern","beige, green accent, dark wood","wooden decking, bamboo, stone wall","natural light from windows and sunroof","calm and relaxed","sofa, coffee table, potted plants, floor lamp","outdoor patio with pergola and seating area","This modern outdoor space features a wooden decking, bamboo elements, stone wall, and a thatched roof pergola. The color palette includes beige tones with green accents, providing a relaxed and calm atmosphere. Natural light fills the space from windows and sunroof."
"southwestern_356.jpg","Modern Minimalist","yellow, white, wood","oak wood, glass, brass","soft natural light from large windows","calm and elegant","console table with sink, mirror over console table, soap dispenser, toothbrush holder","open space with a separate area for the vanity","This bathroom has a modern minimalist design featuring oak wood accents, glass elements, and brass fixtures. The color palette consists of yellow, white, and wood, creating a warm and elegant atmosphere that is illuminated by soft natural light from large windows."
"southwestern_357.jpg","Modern Minimalist","white, black, gray, wood","wood, fabric, metal","natural soft light from large windows","calm and airy","bed, couch, nightstand, chair, lamp, artwork","open space with central seating area","This modern hotel room features a minimalist design, using wood for the bed frame and furniture, black accents, gray linens on a white bed, and a neutral color palette to create a calm and airy atmosphere. Natural light floods in through large windows, enhancing the serene vibe of the space."
"southwestern_359.jpg","Modern Minimalist","beige, white, dark wood","stone, linen, wood","bright and airy","calm and cozy","sofa, coffee table, floor lamp, plant, chairs","open space with central seating area","The interior of this house combines a Modern Minimalist design style, featuring neutral colors like beige and white, contrasted with dark wood accents. The stone foundation provides a warm texture to the home's exterior, while linen and wood materials are used within. The space is brightly lit, giving it an airy feel. A sofa and coffee table create a cozy central seating area, and a floor lamp adds a touch of elegance. Plants and chairs add a natural and inviting atmosphere."
"southwestern_36.jpg","Modern","gray, blue, orange","wood, glass, stone","bright and natural sunlight","modern and spacious","bench, table, cushion, floor lamp","open floor plan with central patio area","This modern space features a minimalist color scheme, with a variety of materials like wood and glass. The sunlight streaming in from the large windows creates a bright and airy atmosphere, while the open layout contributes to a sense of spaciousness."
"southwestern_360.jpg","Mid-Century Modern","rust, orange, cream","marble, brass, wood","natural light from a large window","warm and cozy","vintage kitchen sink, mid-century modern dishes","small, compact layout with efficient use of space","This kitchen is a cozy, warm space that embraces the Mid-Century Modern style. The color palette is a mix of rust, orange, and cream, complemented by marble countertops and wooden cabinets. Lighting comes from a large window, creating an inviting atmosphere. Objects include vintage kitchen sink and dishes that add to the overall charm."
"southwestern_361.jpg","Early Modern","dark brown, off white, red accent","wooden, fabric, metal","natural light from a large window above the cabinet","warm and inviting","cabinet, vase, brass figure on top of cabinet","space focused around the antique wooden cabinet","This room has a vintage feel with an early modern style cabinet as its centerpiece, featuring warm colors and materials like wood and brass. The lighting comes from above and creates a cozy atmosphere."
"southwestern_362.jpg","Rustic","brown, black, white","wood, marble, metal","natural light from a window and under-cabinet lights","warm and inviting","bathroom vanity, faucet, sink, toiletries","traditional bathroom with sink centered in front of mirror","This bathroom features a rustic design with wood cabinets and marble countertop. Natural light fills the space, creating a warm atmosphere. A traditional vanity sits under a mirror, flanked by a metal faucet and toiletries."
"southwestern_363.jpg","Scandinavian","white, beige, light wood, blue","wood, fabric, metal, glass","natural soft light from large windows","calm and airy","sofa, coffee table, plant, floor lamp","open space with central seating area and built-in bookshelves on either side","This is a cozy and bright living room with modern Scandinavian design, featuring light wood tones, white furniture, and an abundance of natural light from large windows. The space includes a central seating area with a sofa and coffee table, flanked by built-in bookshelves filled with books and decorative objects."
"southwestern_364.jpg","Modern","gray, navy blue, rust, wood","wood, leather, stone, fabric","Warm ambient light from recessed ceiling lights and a large fireplace","Cozy and welcoming with an emphasis on comfort.","sofa, coffee table, wood burning fireplace, floor lamp, area rug","Open concept living room with stone fireplace as focal point, flanked by seating areas.","A modern rustic mountain lodge interior with a cozy and inviting atmosphere."
"southwestern_365.jpg","Southwestern","adobe, sandstone, cedar","stucco, clay tile, desert stone","natural light, warm and inviting glow from overhead beams and archways","relaxed and welcoming","large patio door for ample natural light, tall cactus accents, wildflower arrangement","open floor plan with separate yet connected spaces, including living room, kitchen, and outdoor area","This Southwestern style home combines modern amenities with traditional design elements, creating a comfortable and visually appealing living space."
"southwestern_366.jpg","Modern Minimalist","neutral grays, warm wood tones, bright whites","stainless steel appliances, marble countertops, cork flooring","recessed lighting and a large skylight bring in ample natural light","modern, clean, and uncluttered","large island with seating, stainless steel refrigerator and stove, built-in wine rack","open concept kitchen and dining area","This modern kitchen features a clean and uncluttered design, neutral color palette, and natural light. The open concept layout connects the kitchen with the adjacent dining area."
"southwestern_368.jpg","Industrial Loft","rusty brown, concrete gray, copper accent","concrete, metal piping, wood","natural light from high, narrow windows","edgy and industrial","large metal shelf, industrial style lamps, antique machinery","long and narrow space with a central workspace","This garage-style building combines raw, industrial elements like concrete walls and metal piping with unique, salvaged objects to create an edgy loft space."
"southwestern_369.jpg","Scandinavian","white, light grey, green accent","oak wood, glass, stainless steel, linen","bright natural light from large windows","calm and spacious","freestanding bathtub, vintage mirror, wood floor lamp, modern wall sconces, blue vase","open space layout with central bathroom area","This is a modern and minimalist Scandinavian style bathroom, featuring a white freestanding bathtub in the center of an open space. Light grey walls provide a calm atmosphere, contrasted by green accents for a natural feel. Oak wood flooring complements the overall design, and the large windows allow ample natural light to fill the space. The bathroom includes vintage elements such as a mirror with a wooden frame and classic glass wall sconces, while modern elements like a blue vase add pops of color and visual interest."
"southwestern_37.jpg","Modern Minimalist","brown, white, silver","wood, glass, metal","recessed lighting with ambient and accent lights","modern and contemporary","pool table, bar stools, television, liquor bottles","open space with central bar area","This room is a modern man cave with a focus on minimalist design and functionality for entertainment and relaxation."
"southwestern_370.jpg","Southwestern","earthy tones, neutral greys, rusty reds","stone, wood, leather","natural light from large windows and outdoor lighting","warm, inviting, rustic","large stone fireplace, lounge chairs, candles, pottery","open floor plan with a central seating area","A cozy Southwestern living room featuring rustic materials and warm earthy tones."
"southwestern_372.jpg","Modern Minimalist","white, light wood, neutral grey","leather, wood, glass","warm and inviting with soft overhead lighting","comfortable and relaxing","sofa, coffee table, floor lamp, area rug, large window","open concept design with central seating area","A modern, minimalist living room featuring neutral tones and a variety of natural materials."
"southwestern_373.jpg","Modern Minimalist","brown, white","wood, metal","bright and natural light from windows and glass doors","calm and spacious","modern cabinets, stainless steel appliances, large kitchen island","open concept with central workspace","This kitchen features a modern minimalist design with wood flooring, metal cabinetry and stainless steel appliances. The open concept layout is complemented by the use of natural light and neutral colors."
"southwestern_374.jpg","Modern Minimalist","beige, light wood, dark grey","cement block, slate tile, stainless steel","Natural light with dark windows allowing for bright interior","Calm and Zen","sofa, coffee table, potted plant, floor lamp","Open space with central seating area, poolside patio in backyard","This modern minimalist home creates a serene and uncluttered atmosphere. The use of neutral colors and natural materials such as concrete block and slate tile contributes to the calm and zen mood of the space. The open layout allows for bright lighting during the day, with the option for soft light in the evenings through the dark windows. The backyard features a poolside patio area that adds to the relaxed feel of the home."
"southwestern_375.jpg","Southwestern","red, beige, green","stucco wall, bamboo plants, ceramic planter, rustic pottery","Natural light with warm shadows and highlights from the sun","Calm and serene","Stylized sun face on wall, Cactus plants, Bamboo sticks, Sculpted planter","Outdoor garden with raised flower beds","A soothing desert-style outdoor space featuring natural elements, warm tones and a sun motif."
"southwestern_376.jpg","Southwestern","earth tones, reds, yellows","stone, wood, leather","natural and warm artificial lighting","casual and relaxed","poolside fire pit, large white couch, patio table with chairs, potted cactus, floor lamp","circular arrangement around central outdoor fireplace","This space has a Southwestern style with earth tones and natural materials, creating a warm and inviting atmosphere for relaxation by the pool."
"southwestern_377.jpg","Southwestern","terracotta, cream, green","wood, stone, mosaic tiles","natural light from large windows and patio doors","warm and inviting","outdoor wicker chair, patio table with built-in gas grill, large cactus","open patio area with raised seating area","Southwestern design style with warm tones and natural materials, featuring outdoor furniture and a cozy atmosphere."
"southwestern_378.jpg","Modern","gray, white, red","tile, wood, brass","ambient light from hidden lights and natural light from large windows","modern, minimalist, monochromatic","framed artwork on wall, wooden bench in corner, abstract sculpture on floor","open space with central area for seating","This interior design is a modern, minimalist space featuring a monochromatic color palette of gray, white and red. The room is designed with geometric tilework that adds an artistic touch to the space. The open layout creates a sense of spaciousness while the central area provides a focal point for seating."
"southwestern_379.jpg","Modern Minimalist","white, cream, light wood","oak wood, marble, stainless steel","natural soft light from large windows","calm and airy","double sink, mirror, candle holder, plant","space divided into distinct sections: mirror, sink, toiletries, storage cabinet","Modern bathroom with a focus on clean lines and natural materials, creating an elegant and serene atmosphere."
"southwestern_38.jpg","Modern Minimalist","white, beige, light wood","oak wood, linen, steel","natural soft light from large windows","calm and airy","sofa, coffee table, plant, floor lamp","open space with central seating area","This spacious bedroom features a modern minimalist design, characterized by white walls and light wood accents. The room is filled with natural light from large windows, creating a calm and airy atmosphere. The bed, made of oak wood, sits at the center of the space, flanked by a sofa for seating. The coffee table holds a plant that adds a touch of nature to the room, while a floor lamp stands ready to provide additional lighting when needed."
"southwestern_380.jpg","Modern Minimalist","white, beige, light wood","oak wood, linen, concrete","natural soft light from large windows and a black metal pendant light above the mirror","calm and airy","white porcelain sink with chrome faucet, black metal pendant light, wooden vanity countertop","a narrow entryway that leads into a bathroom","This modern minimalist design features a clean, monochromatic color scheme with oak wood and linen accents, creating a calming atmosphere. The space is bathed in natural soft light from large windows, complemented by a black metal pendant light above the mirror."
"southwestern_382.jpg","Modern Minimalist","beige, white, light wood","oak wood, stainless steel, granite","bright and natural light from large windows","calm and spacious","stove top oven, stainless steel refrigerator freezer, kitchen sink, wood cabinets","space designed for efficient cooking with clean lines and minimal clutter","This kitchen is a modern, spacious space that combines natural materials like oak wood with stainless steel appliances to create a calm atmosphere. The design is minimalist, focusing on practicality and functionality."
"southwestern_383.jpg","Scandinavian","beige, natural wood, blue accents","wood cabinets and countertops, stainless steel appliances, tile backsplash","bright and airy with recessed lighting and a window above the sink","clean, organized, and inviting","large island in center of kitchen, modern stove top oven, recessed pantry","L-shaped layout with separate areas for cooking, dining, and preparation","This Scandinavian-style kitchen is designed to be practical yet aesthetically pleasing, featuring warm wood tones against a clean, white backdrop."
"southwestern_384.jpg","Modern Minimalist","green, white, wood","brick, stucco, metal, glass","natural soft light from large windows and outdoor lanterns","calm and airy","stone staircase, wooden bench, stone wall, outdoor furniture, small garden plants","outdoor space with tiered landscaping leading to a patio area","This is an outdoor interior design image featuring a stone staircase leading to a patio area surrounded by landscaping and outdoor furniture, creating a calm and airy atmosphere."
"southwestern_385.jpg","Scandinavian","white, beige, light wood","stone, plaster, wood","Natural soft light from large windows","Cool and serene","sofa, coffee table, plant, floor lamp, area rug","Spacious open living area with high vaulted ceilings and stone fireplace","This Scandinavian-style home features a neutral color palette, natural materials, and a minimalist design. The large windows let in soft light that brightens the space. A comfortable seating area is positioned around a central fireplace, with additional furnishings and decor adding warmth and personality."
"southwestern_386.jpg","Modern","neutral, brown, stone","brick, wood, metal","natural sunlight during the day, subtle artificial lighting in the evening","warm and inviting","pool table, outdoor furniture set, landscaping elements","spacious and open","The image shows a modern house with a mix of natural materials such as brick and wood, complemented by metallic accents. The color palette is neutral with earthy browns and stone tones. The home's design incorporates outdoor furniture for relaxation and landscaping elements to enhance the overall look. The layout features an open floor plan that allows for a sense of spaciousness."
"southwestern_387.jpg","Southwestern","brown, blue, yellow","wood, metal, brick","natural light from windows","warm and inviting","door, patio furniture, tiled floor, potted plant","open space with outdoor accessibility","Southwestern style home entryway with a warm and welcoming atmosphere."
"southwestern_388.jpg","Modern Minimalist","beige, light wood, white","wood paneling, stainless steel, glass","well-lit with overhead track lighting and ambient light from windows","calm and serene","modern sofa, low coffee table, contemporary artwork, floor lamp","long narrow hallway leading to open living area","This modern minimalist space features a calm and serene atmosphere with overhead track lighting, beige color palette and low-profile furniture, leading to an open living area at the end of the long hallway."
"southwestern_390.jpg","Modern Southwest","beige, brown, white","wood, stone, metal","warm and ambient lighting from string lights","cozy and inviting","couches, dining table, potted plants, string lights","open floor plan with a covered patio area","This modern southwest-style space features warm, neutral colors and natural materials that blend seamlessly with the desert surroundings."
"southwestern_391.jpg","Modern Minimalist","grey, white, wood","brick, concrete, steel","natural soft light from large windows","calm and airy","sofa, coffee table, plant, floor lamp","open space with central seating area","This Modern Minimalist living room features a monochromatic color palette of grey, white and wood, which creates an airy and calm atmosphere. The main materials used include brick for the floor, concrete for the walls, and steel for the fixtures. The lighting comes from large windows on one side that lets in natural soft light, enhancing the serene ambiance. The room contains a sofa, coffee table, plant, and floor lamp as its main furniture pieces. The layout is open, with the seating area positioned centrally."
"southwestern_392.jpg","Modern Minimalist","white, beige, wood tones","wood, linen, metal, glass","natural soft light from large windows and hanging globe lights","calm and serene","long wooden dining table, modern chairs, wood accent pieces, plants","open space with central seating area, adjacent to outdoor patio","This modern dining room features a minimalist design with natural materials and soft lighting, creating a calm and serene atmosphere for meals and gatherings."
"southwestern_393.jpg","Modern Minimalist","dark grey, light grey, brown, green","stone, metal, wood","bright and diffused light from surrounding landscape","serene and contemplative","water feature, landscaped area with rocks and plants, concrete pathway with curved edges","organic arrangement that blends into the natural surroundings","This modern landscape design features a minimalist approach, utilizing stone and metal materials in harmony with the surrounding environment. The color palette is dominated by earth tones and greens, contributing to a serene and contemplative mood. A water feature serves as a focal point, while landscaping elements such as rocks and plants add texture and depth."
"southwestern_394.jpg","Southwestern","white, beige, green, blue","wood, metal, glass, stone","natural and artificial light that creates a warm ambiance","welcoming and inviting with a touch of rustic charm","couches, coffee table, plant, area rug, artwork","split-level design with open concept living spaces","This Southwestern style home features a warm color palette, natural materials, and a spacious layout that promotes relaxation and social interaction."
"southwestern_396.jpg","Modern Industrial","brown, beige, black","leather, brass, wood","ambient light from recessed ceiling lights","elegant and sleek","large leather armchair, wooden desk, decorative deer head, floor lamp","reception area with L-shaped seating arrangement","The office's interior design combines a modern industrial style, characterized by sleek lines and an earthy color palette. The space features luxurious leather furniture, wooden accents, and brass fixtures that create a refined yet relaxed atmosphere."
"southwestern_397.jpg","Modern Minimalist","neutral tones, light wood accent","concrete, wood paneling, glass, metal","natural light through windows, with additional track lighting for highlighting art pieces and architectural features","modern and spacious with a touch of rustic charm","large sectional sofa, rectangular wooden coffee table, metal floor lamp, modern abstract wall art","open concept living space with kitchen in the background, creating a flow between the spaces","This open-concept modern design features neutral tones and natural materials, creating a serene and inviting atmosphere that blends seamlessly with the outdoor environment through large windows."
"southwestern_398.jpg","Modern Minimalist","white, silver, light wood","stainless steel, wood, glass","natural soft light from large windows and ceiling recessed lights","bright and airy","modern range hood, large center island, metal kitchen cabinetry, white subway tile backsplash","spacious open plan layout with central island for cooking and dining","A sleek, modern kitchen featuring stainless steel appliances, wood cabinetry, a stylish range hood, and a large center island providing ample space for cooking and dining."
"southwestern_399.jpg","Rustic","brown, white","wood, stone, metal","Natural light from windows and stone walls","Warm and earthy","two wooden sinks, large mirror with wood frame, stone tile backsplash, antler chandelier","Two sinks side by side on a large countertop","A cozy, rustic bathroom design featuring natural materials and warm lighting."
"southwestern_4.jpg","Modern Minimalist","white, beige, light wood","oak wood, linen, concrete, steel","natural soft light from large windows","calm and airy","wood table, yellow chairs, stove, potted plants","open space with central seating area","This modern kitchen features an open layout with a large center island. The minimalist design includes a neutral color palette with oak wood accents and steel appliances. Natural light floods the space, creating a calm atmosphere."
"southwestern_40.jpg","Scandinavian","white, wooden tones, black accents","stainless steel appliances, light wood cabinets, glass backsplash, cork flooring","Natural light from large windows, with under-cabinet lighting and pendant lights over island","Bright and airy, with a focus on natural materials and colors","island with sink, kitchen bar stools, large window for view, wooden kitchen table","Open space with central kitchen island serving as focal point, flanked by countertops and windows","A modern Scandinavian-style kitchen with a focus on natural materials, open layout and bright lighting. The space features wood tones, steel appliances and an emphasis on clean lines."
"southwestern_400.jpg","Modern Minimalist","white, beige, gray","concrete, metal, glass","Natural soft light from large windows and outdoor umbrella","Calm and airy with a touch of warmth","outdoor table and chairs, fire pit, potted plant, outdoor umbrella","Open space with central seating area, surrounded by nature","This outdoor living space is designed in a modern minimalist style with a neutral color palette. The use of concrete, metal, and glass materials lends to the clean and sleek appearance. Large windows allow for abundant natural light to brighten the area, while the outdoor umbrella provides shade for relaxation. The open layout encourages connection with nature and promotes a calm and airy atmosphere."
"southwestern_401.jpg","Mid-Century Modern","navy blue, white, brass","wood, porcelain, tile, brass","recessed ceiling lights with brass fixtures","bold and vibrant","blue vanity cabinets, pink striped hand towels, wooden tray holding decorative objects","wall-mounted sink with mirror above it, flanked by blue cabinets and brass fixtures","A mid-century modern bathroom features navy blue cabinets, a bold color palette, and recessed ceiling lights. The space is organized around the central vanity unit."
"southwestern_402.jpg","Modern Spanish","beige, red brick, brown wood","brick, stone, wood","Natural light from large windows and skylights","Warm, inviting and cozy","large wooden doors with glass panels, decorative brick fireplace, lush green plants, rustic wood bench","Open floor plan with center courtyard","This two-story house features Spanish architectural elements, such as a red tile roof and wooden accents. The interior design is warm and inviting with earth tones and natural materials like brick and stone. Large windows let in plenty of light, creating an airy atmosphere that's enhanced by the use of skylights for additional illumination. Inside, the open layout leads to a central courtyard, which provides a focal point and additional outdoor space."
"southwestern_403.jpg","Modern","gray, white, wood","marble, stainless steel, wood","bright and natural, with an emphasis on ambient light","modern and sleek, with a touch of elegance","kitchen island, kitchen cart, oven, sink","open-concept layout, with the kitchen island as a focal point","A modern kitchen with a marble countertop and stainless steel appliances, featuring a large open island that serves as both a prep space and a seating area."
"southwestern_404.jpg","Modern Minimalist","blue, white, pink","wool, linen, leather","bright and even light with recessed lights","calm and serene","bed, headboard, pillows, sheets","space organized around bed for comfortable sleep","Spacious and inviting bedroom with a cozy and modern design."
"southwestern_405.jpg","Rustic Contemporary","white, brown, blue","wood, clay, concrete","Natural light from large windows","Warm and cozy","couch, coffee table, stove, bookshelf, plant","Open space with a central seating area near a fireplace.","A modern rustic living room with white walls, wooden beams and flooring, a stove for warmth, comfortable seating around the fireplace, and ample light from windows."
"southwestern_406.jpg","Southwestern","red, white, beige","adobe brick, wood beams, stucco","Natural light from windows and skylights","Warm and welcoming","kiva fireplace, wooden door with glass panels, adobe bench","Open space with a raised platform area for dining or relaxing","A rustic, adobe-style house in the mountains with a warm and inviting atmosphere."
"southwestern_407.jpg","Southwestern","brown, green, blue","stone, wood, brick","Natural light from large windows and doors","Warm and inviting","doorway to courtyard, built-in grill in backyard, large vase with flowers on front porch","One level, open floor plan with living area connected to kitchen through a countertop bar","A single-story home featuring a warm Southwestern design with natural materials and a color palette of earth tones, set in a sunny yard."
"southwestern_408.jpg","Scandinavian","white, light wood, gray, navy","oak wood, linen, concrete, steel","soft, natural light from large windows and recessed lighting fixtures","calm and airy","sofa, coffee table, chair, plant, floor lamp","open space with central seating area and high ceiling","Modern Scandinavian interior design featuring minimalist furniture, natural materials, and abundant natural light."
"southwestern_409.jpg","Modern","white, dark wood","oak wood","natural light from windows","modern and clean","white cabinets, black handles, bathroom vanity","linear design with closed door","The image shows a modern bathroom interior with an open door revealing white cabinets, a black handle, and a sink area."
"southwestern_41.jpg","Modern Minimalist","white, beige, light wood","concrete, linen, steel","natural soft light from large windows","calm and airy","sofa, coffee table, plant, floor lamp","open space with central seating area","This modern minimalist house features a clean, open layout with large windows that allow ample natural light to fill the space. The color palette is soft and neutral, with white walls and beige accents providing a calm atmosphere. Concrete flooring gives the home a contemporary feel, while linen curtains add a touch of warmth. A floor lamp provides additional lighting in the evenings. The central seating area with a sofa and coffee table is a focal point of the space."
"southwestern_410.jpg","Southwestern","beige, green, brick red","adobe brick, wooden beams, stone","natural light from large windows and doors, supplemented by indoor lanterns","warm and inviting with a touch of rustic charm","large wooden door with archway, adobe chimney, cactus garden","open courtyard design with adjoining buildings, creating an intimate outdoor-indoor living space","This southwestern style home combines traditional adobe architecture with the natural beauty of the desert landscape, featuring a warm color palette and rustic materials."
"southwestern_411.jpg","Southwest","tan, light brown, green","wood, stucco, cactus","Natural light from windows and doorway","Warm and inviting","door, cactus","Closet-like space with open door and cactus to the left","An interior design that utilizes Southwest motifs, featuring a warm palette of colors with wood accents and natural lighting."
"southwestern_412.jpg","Scandinavian","white, blue, green","tile, metal, wood","overhead light and ambient natural light","calm and organized","sink, faucet, cabinet","kitchen with sink and counter","A kitchen with a clean Scandinavian style featuring tile backsplash, white cabinetry, wood accents, and overhead lighting."
"southwestern_414.jpg","Modern","green, yellow, blue","stone, wood, metal","natural sunlight and warm artificial lights","calm and refreshing","cactus, jasmine, stones, rocks","circular arrangement of rocks and plants with a central point","This interior design features a Modern style with a focus on natural materials, such as stone and wood, along with green and yellow accents to create a serene atmosphere. The circular arrangement of rocks and plants around a central point adds a sense of balance and harmony."
"southwestern_416.jpg","Scandinavian","white, light gray, wood accents","stone, concrete, glass","Natural light from large windows creates a bright and airy atmosphere.","Calm and cozy with rustic elements.","sofa in front of fireplace, wooden coffee table, stone walls, vaulted ceiling","Open space with central seating area, stone walls as room dividers.","Spacious Scandinavian-style home with natural wood accents and vaulted ceilings."
"southwestern_417.jpg","Modern","white, grey, wood","oak wood, glass, steel, concrete","natural soft light from large windows and overhead track lighting","bright and energetic with a warm feel due to wooden accents","kitchen island, modern chairs, stone fireplace, stainless steel refrigerator","open space with central kitchen island and seating area","The interior of a modern home featuring an open floor plan, natural light, a stone fireplace, and wooden accents."
"southwestern_418.jpg","Mid-Century Modern","cream, brick red, wood, leafy green","oak wood, linen, concrete, steel","ambient light with warm tone","cozy and inviting","cat, wooden coffee table, vases, paintings","space arranged around a central area","A cozy Mid-Century Modern living room with warm tones, featuring an orange cat on the floor, wooden coffee table, vases with red flowers, and paintings on the walls."
"southwestern_419.jpg","Modern Minimalist","natural wood, white, stainless steel","oak veneer plywood, glass front cabinets, silver stainless steel appliances","bright recessed lighting, under cabinet lights and a central island light","elegant, uncluttered, sleek and modern","built-in microwave oven, wooden rolling kitchen island, stainless steel refrigerator freezer","an L-shaped layout with the kitchen island as a central workspace","This modern, minimalist kitchen features built-in appliances and ample storage in an elegant and uncluttered space."
"southwestern_42.jpg","Southwestern","light blue, beige, green accent","stone, wood, glass","natural light from large windows","warm and inviting","poolside lounge chair, straw hat, outdoor rug, fire pit, patio heater","open space with a swimming pool in the center, adjacent to an outdoor seating area","The image showcases a Southwestern-style swimming pool patio with natural light and materials such as stone, wood, and glass. The mood is warm and inviting with an emphasis on comfortable outdoor furniture like a lounge chair, straw hat, rug, fire pit, and heater."
"southwestern_420.jpg","Modern","neutral earth tones, natural greens, warm woods","stucco, stone tile, metal railings","ambient from recessed lights, warm spot lighting highlighting architectural features","luxurious and inviting","large-scale artwork on wall above fireplace, outdoor seating with fire pit","formal entry leading to open living space, separate dining area in back of house","This modern Spanish style home features a neutral color palette and warm woods, with stucco and stone tile exteriors. The interior combines elegant architectural elements like archways and coffered ceilings with comfortable furnishings for a luxurious atmosphere."
"southwestern_421.jpg","Southwest","rust, white, beige","wood, brick, leather","warm ambient light from sconces and floor lamps","cozy and intimate","sectional sofa, wood coffee table, area rug, framed artwork","open concept with a central seating area","This living room is decorated in the Southwest style, featuring rustic materials like wood and brick alongside plush furnishings that create a cozy atmosphere. The space has a warm lighting scheme, highlighted by sconces on the walls and floor lamps near the seating area."
"southwestern_422.jpg","Scandinavian","white, gray, wood","subway tiles, marble, metal","bright and natural with ample windows","clean, modern and minimalistic","shower curtain, bath towel, sink, toilet","small space with efficient use of available area","This bathroom uses a Scandinavian style with a monochromatic color scheme and natural materials. The lighting is bright, and the layout maximizes the limited space while maintaining functionality."
"southwestern_423.jpg","Modern","beige, light brown, green accent","wood paneling, brick wall, granite countertop","Natural light from large windows and skylights","Elegant and sophisticated","modern sofa, coffee table with glass top, large painting on wall, contemporary floor lamp","Open space with central seating area, leading to a separate dining room","This modern house is designed for both style and functionality, with a warm color palette and natural materials."
"southwestern_424.jpg","Mid-Century Modern","white, blue, orange","tile, wood, metal","soft and natural light from large windows","vintage and playful","bathtub with built-in seat, pedestal sink, bathroom window with stained glass panels, framed artwork","single-piece bathroom design with tub in corner","This is a charming Mid-Century Modern bathroom featuring tiled floors and walls, wooden elements, and framed artwork. The bathtub sits under a window with stained glass panels, and the pedestal sink adds to the vintage feel of the space."
"southwestern_425.jpg","Modern Minimalist","white, beige, light wood","oak wood, linen, steel","natural soft light from large windows and overhead lights.","calm and airy","sofa, coffee table, plant, floor lamp","open space with central seating area around wood-burning stove.","A modern, minimalist living room with a cozy atmosphere centered around a wood-burning stove."
"southwestern_426.jpg","Modern Minimalist","white, black, brown","wood, steel, leather","Natural light from large windows, overhead track lighting in the dining area","Calm and airy with a touch of rustic charm","sofa, dining table with bench seating, floor lamp, cabinet","Open space layout with central focus on dining area","This modern minimalist living room and kitchen combination features a white color palette, warm wood accents, steel elements, and large windows that provide natural light. The design is centered around functionality and openness, creating a calm and airy atmosphere."
"southwestern_427.jpg","Mid-Century Modern","blue, beige, black","tiles, wood, metal","natural light from the sliding glass doors, enhanced by ceiling lights","lively and vibrant","shower area with a blue tiled floor, turquoise tile accents on walls and floor, wooden beams above shower","small open bathroom space, featuring shower area in the corner","This bathroom design blends Mid-Century Modern elements with bold colors for a vibrant and lively atmosphere. The blue tiles on the floor and walls create a striking contrast against the beige backdrop, while the wood accents add warmth to space."
"southwestern_428.jpg","Modern Minimalist","yellow, green","stone, metal, wood","natural light","calm and airy","plant, pathway, fence","outdoor space with natural elements","This image showcases a modern minimalist style with a palette of yellow and green. The materials used include stone, metal, and wood. The space is designed to feel calm and airy through the use of natural light and outdoor elements like the fence and pathway."
"southwestern_429.jpg","Modern Minimalist","white, beige, gray","metal, wood, glass","natural light from surrounding windows, with warm LED track lights supplementing","calm and airy","patio set on wooden deck, outdoor rug, outdoor sofa and chairs, potted plants","open space with central seating area, flanked by raised beds of various plants","This outdoor living space is designed in a modern minimalist style, featuring clean lines and natural materials. The color palette includes white, beige, and gray tones, complemented by wood accents. The space is illuminated with warm LED lights to create a calm and airy atmosphere. A variety of plants are used to add life and texture, while the patio set on wooden deck provides a comfortable seating area for relaxation or entertaining."
"southwestern_43.jpg","Scandinavian","white, blue, wood, green","oak wood, woven fabric, tiled wall, steel wire","natural soft light from large windows with white curtains","calm and airy","white cabinets, canvas storage bins, wooden desk, metal shelf unit, potted plants","storage space with wall mounted shelves and a desk","This is an organized and tidy storage room with natural light, white cabinets, wooden shelves and bins for storage of art supplies."
"southwestern_430.jpg","Modern Minimalist","white, light wood, gray","wood, glass, stainless steel","recessed lighting throughout the space, supplemented by natural light from large windows.","bright and airy","large island with built-in stove top, open shelving for cookware, modern pendant lights over island","an L-shaped layout that includes an open kitchen, dining area, and living room space.","This modern kitchen combines functionality with a minimalist design, featuring clean lines, natural materials, and bright lighting to create a spacious and inviting atmosphere."
"southwestern_431.jpg","Modern","white, gray, wood accent","wooden beams, plush fabrics, smooth stone","recessed ceiling lights with dimmable bulbs","inviting and comfortable","white sofa, black leather chair, large area rug, wooden coffee table, stone fireplace","split-level living space with open concept between kitchen and living room","This modern interior design features a neutral color palette, natural materials, and sleek furniture to create an inviting and stylish living space."
"southwestern_432.jpg","Southwestern","blue, white, brown","wood, leather, brass","Natural light from skylights and warm ambient lighting","Warm, inviting, rustic","couch, coffee table, chairs, lamps, pillows","Open concept with a central focus on the seating area","This Southwestern-style living room features warm wood tones, blue accents, and rustic furniture, creating an inviting atmosphere."
"southwestern_435.jpg","Scandinavian","white, light wood, blue","wood, glass, marble, fabric","Natural soft light from large windows with wooden window seats, and pendant lights over the island","Bright and airy, inviting a feeling of spaciousness","center island with breakfast bar, dining table, wooden chairs, blue vase on island","Open space with central seating area, including kitchen island and dining table. Wooden cabinets and counters surround the area.","A Scandinavian-style kitchen featuring a bright color palette of white, light wood, and blue, with wooden materials complemented by glass and marble accents. Large windows allow for natural light to fill the space while pendant lights over the island add warmth in the evenings."
"southwestern_436.jpg","Naturalistic","purple, white, green","wood, stone, metal","Mixed natural and artificial light with a warm tone","Peaceful and inviting","flowering plants, rustic wooden fence, rock pathway","Outdoor garden space with meandering paths","A serene outdoor garden with a naturalistic design, featuring purple flowers, a rustic wooden fence, and rock walkways."
"southwestern_437.jpg","Modern","light wood, grey, black","wood, steel, glass","sunlit with natural light from windows","bright and airy","cabinets, barstools, pendant lights, dishwasher","straight and open","A modern kitchen with a warm wood tone, natural lighting from large windows, stainless steel appliances, cabinets, barstools for seating at the island, pendant lights over the island, and an open layout."
"southwestern_44.jpg","Contemporary Kitchen","Brown Wood, White Tile Backsplash","Wood Cabinetry, Stainless Steel Appliances","Natural Light from Windows and Recessed Lights","Warm, Inviting and Modern","Central Island with Storage, Stainless Steel Gas Range","Open Plan Kitchen and Dining Space with Seating Area","This kitchen combines modern materials with a warm, welcoming atmosphere for both cooking and socializing."
"southwestern_440.jpg","Modern Minimalist","natural wood, white, grey","wood, metal, glass","bright natural light from windows","calm and serene","outdoor furniture, trees, water feature","outdoor space with separate seating areas","This outdoor sitting area features a modern minimalist design with natural wood, white, and grey accents. The space is designed to take full advantage of the bright natural light from windows, creating a calm and serene atmosphere."
"southwestern_441.jpg","Modern Desert","beige, brown, gray","concrete, brick, steel","natural light during sunset","warm and serene","pool, fire pit, sofa, planter box","rectangular pool with fire pit in the center of courtyard","Modern desert-inspired home with an indoor swimming pool, outdoor fire pit, and landscaping that emphasizes local flora."
"southwestern_442.jpg","Modern Minimalist","beige, brown, grey","stone, brick, concrete","natural sunlight from large windows","calm and serene","bench, large plant, small sculpture, steel planter","open space with central seating area","The design creates a calming atmosphere, focusing on natural materials and simple lines."
"southwestern_443.jpg","Bohemian","blue, white, beige","tile, wood, fabric","natural and ambient light","vibrant and eclectic","sink, toilet, mirror, shelves","narrow space with functional areas","A vibrant bohemian bathroom featuring blue and white tiles, a wood-framed mirror, and an eclectic mix of furnishings."
"southwestern_444.jpg","Modern","neutral, beige, brown","stone, leather, wood","soft and warm ambiance with dimmable recessed lighting and a floor lamp for adjustment","comfortable and inviting","large sectional sofa, stone fireplace, flat screen television on wall, wooden coffee table, area rug","open concept living room with vaulted ceiling and a central seating area","This modern living room design is characterized by neutral tones, natural materials, and a warm ambiance. The open layout allows for easy movement and social interaction, while the central fireplace serves as a focal point."
"southwestern_445.jpg","Modern Minimalist","white, beige, wood accents","stainless steel appliances, white marble counters, light wood floors","Natural soft light from large windows and recessed ceiling lights","Warm and inviting with a touch of sophistication","center island in kitchen, white sofa in living area, statement chandelier in dining room","Open space connecting kitchen, dining, and living areas with clean lines and minimal decor","This modern home combines minimalist design principles with a warm color palette to create an inviting and sophisticated living environment."
"southwestern_446.jpg","Modern Minimalist","white, gray, black","leather, wood, metal","Natural light from large windows","Calm and serene","Queen size bed, Leather headboard, Rustic wall decoration, Wall sconce","Open space with central seating area","Modern minimalist design featuring a queen size bed in the center of an open room with rustic accents on the walls and a leather headboard."
"southwestern_447.jpg","Southwestern","beige, stone, tan, green","brick, wood, metal, plastic","Natural light from large windows and skylights, warm and inviting","Southwestern design creates a welcoming and relaxed atmosphere","large stone fireplace, wildflower arrangement in pots on front porch, Native American rugs, wooden armoire","Open layout with hallways leading to bedrooms, large living room at center of home","Southwestern style house features stucco walls and flooring, wooden ceiling beams, stone fireplace, and natural desert landscaping."
"southwestern_448.jpg","Modern Minimalist","white, black, metallic","glass, wood, brass","modern pendant lights with brass fixtures hanging from the ceiling","clean and contemporary","island with built-in bar stools, large open shelving for decorative items, high stools around an island","kitchen with a central island, surrounding counters, and pendant lighting over the island","A modern kitchen with a minimalist design, featuring metallic finishes and a clean color palette."
"southwestern_449.jpg","Modern","beige, green, gray","brick, wood, metal","soft and natural light from large windows","calm and welcoming","chairs, table, plants, doorway","open space with central seating area next to sliding glass doors","This is a photograph of a well-decorated modern interior living room area. It features a beige color palette, stone walls and floor, metal railings, wood furniture, large windows for natural light, plants, and a central seating arrangement with chairs and table under the open sky."
"southwestern_45.jpg","Southwestern","beige, brown, green","wood, stone, plaster, metal","Natural light from windows and skylights","Warm, earthy, inviting","sofa, coffee table, floor lamp, plant, rock wall","Open floor plan with patio extension","A cozy Southwestern-style home with a warm and welcoming atmosphere, featuring natural materials and decorative elements."
"southwestern_450.jpg","Modern Minimalist","white, beige, light wood","stone, stucco, natural fibers","Natural soft light from large windows and recessed ceiling lights","Calm and serene","outdoor seating area, swimming pool, fire pit, landscape design elements","Open space with central seating area surrounded by landscaping and outdoor furniture","Modern minimalist backyard with an outdoor living room that features a swimming pool, fire pit, and landscape design elements that create a calm and serene atmosphere."
"southwestern_451.jpg","Southwestern","rustic reds and earthy browns","adobe, cactus wood, stucco","natural sunlight during the day, warm interior lighting at night","desert-inspired, cozy and inviting","large cactus plant, woven rugs, adobe wall fireplace, Native American art","long, narrow hallway leading to a central courtyard","Southwestern style home with adobe walls and stucco roof, featuring earthy colors and textures, warm lighting and desert-inspired decor."
"southwestern_453.jpg","Industrial Loft","brown, white, natural wood","wood, brick, metal","mix of natural and artificial light, creating a warm and inviting ambiance.","modern and rustic","kitchen island, bar stools, cabinets with built-in wine rack","open concept with an L-shaped bar area and a seating arrangement around the kitchen island.","This loft-style kitchen combines industrial design elements with warm, natural materials to create a unique space that is both modern and rustic."
"southwestern_454.jpg","Modern Minimalist","beige, light wood, blue accent","concrete, leather, linen","natural soft light from large windows and recessed lighting","calm and airy","sofa, coffee table, plant, floor lamp, throw pillows","open space with central seating area in front of large window overlooking desert landscape","Modern interior design showcasing clean lines, neutral colors, and minimalist decor. The space is well-lit by natural light and features a comfortable sitting area for relaxation."
"southwestern_455.jpg","Scandinavian","white, light wood, blue","wood, metal, glass","The kitchen is illuminated by natural light through a large window.","bright and airy","stove, oven, sink, dishwasher, cabinets, bowls","The kitchen is designed with an L-shaped counter providing ample workspace.","This Scandinavian kitchen features light wood cabinets, stainless steel appliances, and a large window allowing for natural light to fill the space."
"southwestern_456.jpg","Spanish Revival","white, tan, brown","stone, wood, stucco","Warm, subdued lighting from interior lights and dark sky at night","Inviting and traditional","front door with arch, wooden bench, terracotta pots, decorative wooden fence","Front courtyard leading to front door, central seating area visible through large window","A Spanish Revival style home with a warm and inviting atmosphere, featuring stone accents and traditional materials."
"southwestern_457.jpg","Scandinavian","beige, white, red","wood, fabric, brick","natural soft light from large windows","calm and airy","sofa, coffee table, plant, floor lamp","open space with central seating area","This living room is designed in a Scandinavian style, featuring beige and white tones on the walls, a red accent couch, wooden flooring and furniture, fabric upholstery, a brick fireplace, and large windows that allow natural light to fill the space. The room has a calm and airy atmosphere with soft lighting and minimal decor."
"southwestern_458.jpg","Modern Minimalist","light grey, dark grey, white","wooden flooring, steel frame, glass windows and doors","bright natural light from large windows","modern and open","sectional sofa, mid-century modern coffee table, contemporary rug, floor lamp, geometric wall art","open concept with living room and dining area flowing into kitchen","This is a spacious, open layout that combines the living room, dining area, and kitchen seamlessly. The style of the space leans towards minimalism, with light wood and steel accents complementing the light grey walls."
"southwestern_459.jpg","Scandinavian","light beige, dark gray, white","wood, glass, metal","soft overhead lighting and natural sunlight","bright, open and clean","kitchen island, butcher block table, black pendant lights, stainless steel refrigerator","modern galley kitchen with central island","This modern Scandinavian kitchen features a light color palette, wood and metal materials, natural lighting and minimalist design. The space is open and bright, with a central kitchen island providing ample counter space."
"southwestern_46.jpg","Mid-Century Modern","white, beige, wood, green","concrete, glass, metal, wood","natural soft light from large windows","cozy and inviting","sofa, chair, plant, lamps, artwork","open space with central seating area, poolside patio","This Mid-Century Modern style house combines clean lines and geometric shapes with warm wood accents. The color palette includes white, beige, wood, and green, complemented by concrete, glass, metal, and wood materials. Large windows allow for natural soft light throughout the space. A cozy atmosphere is created by a central seating area near the poolside patio."
"southwestern_460.jpg","Modern","earth tones, neutral whites","stone, wood, metal","soft, warm lighting from natural windows and outdoor lights","modern and serene with a touch of rustic charm","white sofa, wooden coffee table, stone fireplace, large art piece","open floor plan with central living area, separate dining space, and private bedroom areas","This modern home in Arizona exudes a serene and stylish atmosphere. The stone exterior leads to an open interior filled with neutral colors and natural materials, creating a warm and inviting space that blends the best of contemporary design with rustic elements."
"southwestern_461.jpg","Modern Minimalist","gray, white, blue","wood, leather, stone","recessed lighting with ambient and task lighting provided by ceiling fixtures.","calm and cozy","sofa, coffee table, floor lamp, armchair, bookshelf","circular arrangement of furniture around a central fireplace focal point.","This living room is designed in a modern minimalist style with gray and white color tones. The space features wood accents, stone walls, and leather upholstery. Lighting is soft and ambient with recessed fixtures, and the layout revolves around a central fireplace with furniture arranged in a circular configuration."
"southwestern_462.jpg","Modern Country","neutral tones, wood accents, soft pastels","marble counters, reclaimed wood flooring, rustic stone walls","natural light from multiple windows with warm ceiling lights to complement","inviting, rustic yet sophisticated","antler chandelier, vintage kitchen island, stained glass window","spacious and open plan with country-inspired accents throughout","This modern country home boasts a warm and welcoming atmosphere, blending rustic charm with refined elegance."
"southwestern_463.jpg","Southwestern","brown, white, red","stone, wood, brick","Warm, ambient lighting from chandelier and candles.","Elegant and rustic with a warm and welcoming atmosphere.","couches, coffee table, decorative pillows, area rug","Open floor plan with seating area centered around fireplace.","Southwestern style living room featuring stone walls, wood and brick accents, warm lighting, and comfortable furniture."
"southwestern_464.jpg","Contemporary","white, gray, tan","wood, fabric, metal","Warm and inviting with a mix of natural light from large windows","Relaxed and comfortable","sofa, coffee table, plant, floor lamp","Open space with a central seating area and an L-shaped arrangement for conversations.","This living room is designed to create a welcoming atmosphere, featuring comfortable seating, warm lighting, and an open floor plan."
"southwestern_465.jpg","Desert Contemporary","brown, beige, green","stone, wood, metal","bright natural sunlight","calm and tranquil","cacti, large rocks, plants","naturalistic landscape design with rock walls","This space features a modern desert-inspired interior design, utilizing natural elements such as cacti and large boulders to create a calm and serene atmosphere."
"southwestern_466.jpg","Modern","beige, green, blue","stone, wood, leather","Warm, natural light from the large windows.","Calm and inviting.","sofa, coffee table, plant, floor lamp","Open space with a central seating area and walls surrounding for privacy.","Modern design with warm lighting and natural materials, creating a calming atmosphere."
"southwestern_467.jpg","Modern","beige, gray, black","tile, glass, stainless steel","natural light from large windows and recessed lighting in ceiling","clean and sleek","shower head, handheld shower spray, tub faucet","large open space with corner tub and glass door enclosure","Modern bathroom design featuring tile walls, a large tub, and a shower enclosure with a glass door."
"southwestern_468.jpg","Industrial Loft","blue, yellow, brass","wood, metal, tile","natural and industrial style lighting with metal pendant lights over sink area","rustic yet refined","vintage mirror, blue chest of drawers, brass sink fixtures, antler decoration","long narrow hallway leading to bathroom with large mirror on wall and blue cabinet on right side.","The design features an industrial loft style, with a color palette that includes blue, yellow, and brass. Materials used in the space are wood, metal, and tile. The lighting is a mix of natural light through windows and industrial style lights over the sink. The overall mood of the space is rustic yet refined, with vintage mirrors, antler decorations, blue cabinets, and brass fixtures adding charm and character to the design."
"southwestern_469.jpg","Modern","beige, brown, black","tile, metal, wood","soft and ambient lighting from recessed lights","clean and minimalist","bathtub, soap dispenser, candle holder, shower curtain","bathroom with separate tub and shower stall","This modern bathroom features a clean, minimalistic design with beige tile walls and floor. The materials used include metal for fixtures, wood for accents, and ceramic tiles on the walls and floor. The lighting is soft and ambient, created by recessed lights above the tub. The overall mood is serene and relaxing, making it an ideal space for unwinding after a long day."
"southwestern_47.jpg","Garden","earth tones","rocks, plants, gravel","natural and supplemental lighting to highlight rock features","calm and relaxing","rock formations, succulents, small trees","terraced garden design with curving walkway","A tranquil desert-inspired garden featuring a variety of rocks, succulents and small trees in an intimate courtyard space."
"southwestern_470.jpg","modern","beige, red, brown","wooden floors and walls, cotton linens, leather headboard","warm ambient light from recessed ceiling fixtures","comfortable and inviting","king size bed, two nightstands with lamps, large window, area rug","central queen size bed flanked by two nightstands, all on beige carpeting","A modern bedroom with a cozy and inviting atmosphere. The room features wooden floors and walls that complement the warm lighting and comfortable cotton linens. A large window offers natural light during the day while recessed ceiling fixtures provide ambient light at night."
"southwestern_471.jpg","Modern Minimalist","gray, white, wood","concrete, metal, wood","recessed ceiling lights","modern and serene","sink, vanity mirror, basket, towel rack, bath tub","space designed for functionality with a focus on clean lines and simple shapes","A modern bathroom design featuring a minimalist color palette, concrete walls, metal fixtures, and sleek lighting."
"southwestern_472.jpg","Modern Minimalist","blue, white, red","wood, metal, glass","well-lit with natural light coming from large windows","spacious and serene","modern sofa, coffee table, decorative vases, abstract wall art","open concept with central seating area","This modern living room features a minimalist design with a clean color palette and carefully chosen materials. The space is well-lit by natural light and creates an open feel with its layout."
"southwestern_474.jpg","Contemporary","white, brown, blue","wood, glass, tile","well-lit with a combination of natural and artificial light sources","calm and relaxed","sink, mirror, shower curtain, toilet paper holder","simple, clean lines with all fixtures lined up along the wall","This bathroom is designed with a clean, modern look featuring wooden elements and a calming color palette."
"southwestern_475.jpg","Southwestern","earth tones, red accents","wood, stone, leather","warm, ambient lighting with additional task lighting","inviting and comfortable","sofa, coffee table, rug, artwork","open floor plan with central seating area","A modern Southwestern living room with warm colors, materials, and a cozy atmosphere."
"southwestern_476.jpg","Scandinavian","white, beige, light wood","oak wood, linen, concrete, steel","natural soft light from large windows","calm and airy","sofa, coffee table, plant, floor lamp","open space with central seating area","This is a bright and modern living room that feels spacious and inviting, featuring Scandinavian design elements such as light wood flooring and linen upholstery. The large windows let in ample natural light that enhances the airy atmosphere. The room is filled with simple yet stylish furnishings including a comfortable sofa and coffee table. A potted plant adds a touch of greenery to space, while a floor lamp provides additional lighting options. The design creates an open feel throughout the living area."
"southwestern_477.jpg","Southwestern","earth tones, muted greens, rusty orange","stone, wood, metal","Natural sunlight and warm interior lighting","Cool and relaxed","large cactus in center of courtyard, low stone wall, woven rattan chair","A spacious patio surrounded by plants, with a sitting area under a large overhang","This Southwestern-style patio features natural materials and furniture, inviting relaxation in the warm sunshine."
"southwestern_478.jpg","Modern Minimalist","white, beige, wood accents","brick tile, stainless steel, wood","natural soft light from large windows and recessed ceiling lights","clean, bright, and inviting","kitchen island with cooktop, wine rack, potted plants, modern hanging pendant lights","open space with central kitchen island","This spacious kitchen combines modern minimalist design elements with warm, earthy tones to create a clean and inviting atmosphere."
"southwestern_479.jpg","Modern Southwestern","earth tones, white, light wood","stone veneer, wood, glass","a blend of natural and artificial light, with a focus on soft ambient lighting","warm and inviting","vaulted ceilings, large fireplace, antler decoration, stonework art","a spacious open floor plan, with a centralized living area","This modern southwestern style home features an earth-toned color palette and natural materials, creating a warm and inviting atmosphere with a spacious open layout. The design incorporates large windows for ample lighting, a vaulted ceiling, a centralized living area around the fireplace, and unique stonework art and decoration."
"southwestern_48.jpg","Southwestern","earth tones, blue-grays, rusty red","adobe brick, wood plank ceiling, natural wood, stucco","natural light with warm, inviting ambiance","casual yet refined","built-in pool, poolside lounge chairs, outdoor dining table, cacti, potted plants","open floor plan with living spaces flowing into outdoor spaces","This Southwestern style home features a harmonious blend of indoor and outdoor spaces, with warm earth tones and natural materials."
"southwestern_480.jpg","Desert Contemporary","earthy tones, cool blues, southwestern accents","adobe bricks, wood planks, cement blocks","soft natural light, filtered through large windows and covered porch","calm and inviting with a touch of rustic charm","large comfortable couch, wood-burning stove, cactus garden, modern kitchen island","split level design with open living spaces and private quarters on upper level","A blend of modern design elements with the warm earth tones and textures of the desert, this home is both stylish and comfortable."
"southwestern_481.jpg","Scandinavian","white, blue, orange","wood, linen, metal","natural soft light from large windows","calm and airy","bed, nightstand, pillows, lamp","open space with central bed area","This is a modern Scandinavian bedroom with an open layout. The color palette consists of white, blue and orange, giving it a bright and cheerful feel. Materials used are wood, linen and metal, contributing to the room's clean and natural aesthetic."
"southwestern_482.jpg","Mid-Century Modern","tile colors, white grout","ceramic tile, porcelain, metal fixtures","natural light from a single frosted window above the shower","simple and utilitarian","white shower caddy","small, narrow space with built-in seating","This is a modern, mid-century style bathroom with decorative tile on the walls and floor, giving it a vintage yet clean feel."
"southwestern_483.jpg","Modern","white, gray, black","tile, metal, glass","bright and clean","minimalist and sleek","shower head, shower knob, shower curtain, floor drain","small space with functional layout","A modern bathroom shower stall featuring a minimalist design with tile walls and floor, metal fixtures, and a glass shower door."
"southwestern_484.jpg","Scandinavian","light wood, blue, white","wood, fabric, brick","natural soft light from large windows","cozy and inviting","sofa, coffee table, plant, floor lamp, child's bedroom set","open space with central seating area around a wooden dining table","This image depicts a cozy, modern living room and kitchen combination that offers ample natural lighting and Scandinavian-style furniture."
"southwestern_485.jpg","Southwestern","earth tones, vibrant reds and blues","adobe, wood, ironwork","natural light from skylights and large windows","warm and welcoming","saguaro cactus, kiva fireplace, rusted metal artwork, Native American style rug","spacious with outdoor access through patio doors","This southwestern-style house features warm adobe walls, vibrant red and blue accents, and a spacious patio area that seamlessly extends the living space into the outdoors."
"southwestern_487.jpg","Modern Minimalist","neutral tones, wood accents, brass","stainless steel appliances, quartz countertops, bamboo flooring","recessed lighting with ambient task lighting","spacious and serene","dining table, bar stools, hanging pot rack, modern pendant lights","open concept design","This kitchen combines modern minimalist design with natural wood accents, creating a bright and spacious open concept space."
"southwestern_488.jpg","Modern Minimalist","white, light gray, wood accents","glass, stone, metal","natural soft light from large windows and floor-to-ceiling glass doors","calm and airy","sofa, chairs, side tables, floor lamp","open space with central seating area adjacent to a balcony overlooking a landscape view","This modern minimalist living room features an all-white color palette with wood accents, creating a calm and airy atmosphere. The large windows and floor-to-ceiling glass doors allow for ample natural light and provide stunning views of the landscape beyond."
"southwestern_489.jpg","Lodge","brown, white, wood","stone, wood, leather","warm ambient light from stone fireplace and recessed ceiling lights","comfortable and cozy","large stone fireplace, mountain-themed decor, wooden coffee table, leather sofa with pillows, brass chandelier","open concept living and dining area","This lodge-style living room features a cozy atmosphere with stone walls, wood furniture, and a warm glow from the stone fireplace."
"southwestern_49.jpg","Modern Minimalist","white, beige, light wood","wood, fabric","natural soft light from large windows","calm and airy","bed, nightstands, couch, lamps, pillows","spacious room with bed as focal point, flanked by nightstands and couch against the wall, lamps providing ambient lighting.","This modern minimalist hotel room features a neutral color palette of white, beige, and light wood, paired with wooden furniture and fabric textiles. The room is bathed in natural soft light from large windows, creating a calm and airy atmosphere."
"southwestern_490.jpg","Southwestern","terracotta, white, light wood","wood, stone, brick","Natural light from windows, enhanced with warm accent lighting","Warm and inviting","large area rug, vintage clay pots, wicker basket, wooden bench","Open layout with arched doorways leading to different areas of the home","This interior design showcases a Southwestern theme, using natural materials like wood and stone, along with warm terracotta tones. The open layout and vintage accents create a welcoming and cozy atmosphere."
"southwestern_491.jpg","Modern Minimalist","beige, gray","wood, fabric","bright with ample natural light from large windows and a central skylight","calm and inviting","sofa, coffee table, floor lamp, plant, vase","open space with central seating area around fireplace","This is a modern, minimalist living room featuring a neutral color palette, natural lighting, and a comfortable open layout."
"southwestern_492.jpg","Modern","beige, light wood, black","hardwood flooring, fabric upholstery, metal hardware","natural light from windows and overhead fixtures","clean and minimalistic","mid-century modern sofa, modern coffee table, contemporary side tables, minimalist area rug","open concept living room with a clear pathway from entry to kitchen","A modern living space with hardwood flooring, minimalistic furniture and lighting, and an open layout that connects the living room to the dining area."
"southwestern_493.jpg","Southwestern","beige, rust, terracotta, turquoise","stucco, wood, brick","Natural light coming from windows and outdoor courtyard","Warm and inviting with a touch of rustic charm","large vase on staircase, woven baskets on shelves, antler chandelier","Open concept with exposed beam ceiling and large windows","This Southwestern style interior design is characterized by warm earth tones, rustic materials, and a mix of traditional and contemporary elements."
"southwestern_494.jpg","Industrial Loft","gray, rust, brass","wood, metal, tile","reclaimed wood beams with integrated lighting","modern and warm","kitchen island, coffee table, dining table, bar stools, vintage industrial lamp","open-concept living, dining, kitchen area with vaulted ceiling and exposed ductwork","This space combines the raw elegance of an industrial loft aesthetic with the cozy warmth of a rustic cabin. The open floor plan brings in abundant natural light from the windows to highlight the reclaimed wood beams and vintage-style lighting. The kitchen features a spacious island for additional counter space, while the living room is anchored by a statement coffee table. A cozy nook is created under the stairs with a window seat offering a unique viewpoint of the surrounding area."
"southwestern_495.jpg","Modern Minimalist","white, beige, light wood","linen, wood","natural soft light from large windows and bedside lamps","calm and airy","bed, table, pillows, lamp","open space with central seating area surrounding large bed","This modern minimalist bedroom features a white and light wood color palette, with linen and wood as the main materials. The room is bathed in natural soft light from large windows and bedside lamps. A large bed is situated on a wooden table accompanied by pillows and a lamp, creating an airy and calming mood."
"southwestern_498.jpg","Scandinavian","white, beige, light wood, green accent","wood, fabric, glass","warm and natural light from wall sconces","calm and serene","sofa, coffee table, plant, floor lamp","open space with central seating area and staircase to upper level","Scandinavian-style interior with neutral color palette, natural materials, and warm lighting."
"southwestern_499.jpg","Modern Minimalist","white, gray, wood","oak wood, linen, metal","natural soft light from large windows","calm and airy","table with wooden benches, decorative vases, cactus plant, abstract artwork","open space with central seating area","This modern minimalist dining room features a wood table with linen and metal accents, accompanied by a cactus and abstract art on the wall. The large windows allow for natural light to fill the room, creating an airy atmosphere."
"southwestern_5.jpg","Mid-Century Modern","red, gold, cream","velvet, silk, wood","dimmable lighting fixtures create a warm and inviting ambiance","comfortable and elegant","patterned armchair, round table, area rug, wall hanging","an L-shaped sofa arrangement facing a central coffee table","This room exudes mid-century modern vibes with its bold red patterned textiles, gold accents, and cream upholstery. The space is designed for relaxation and conversation with comfortable armchairs and soft lighting."
"southwestern_50.jpg","Southwestern","neutral tones of beige and white, earthy browns and terracottas, bright accents","natural stone tile flooring, cork flooring in living area, wood beams on ceiling","combination of recessed lighting and natural sunlight from windows","warm, welcoming, with a rustic charm","large sectional sofa facing fireplace, distinctive southwestern style chairs and ottoman, vintage-looking coffee table, ornate metal wall sconces","open floor plan with living room, dining area and kitchen flowing seamlessly together","A well-decorated Southwestern themed living space, featuring a mix of natural materials and distinctive design elements."
"southwestern_500.jpg","Modern","neutral, wood tones","glass, wood, metal","Ample natural light from large windows with white blinds. Overhead fixture complements vanity lights for bathroom.","Warm and inviting","freestanding tub, sink with vanity mirror above it, shower with glass doors","Large open space connecting bedroom, sitting area, and bathroom. Bathroom centrally located.","Modern design with neutral tones, wooden accents, and glass elements in bathroom. Ample natural light creates a warm and inviting atmosphere."
"southwestern_501.jpg","Modern Minimalist","white, beige, light wood","concrete, steel, glass","natural soft light from large windows and recessed ceiling lights","calm and airy","sofa, coffee table, plant, floor lamp, cactus","open space with central seating area and open kitchen area","A modern minimalist home design featuring concrete walls, steel accents, light wood tones, natural lighting and a mix of indoor and outdoor plants."
"southwestern_502.jpg","Modern Minimalist","gray, white, black","leather, concrete, brass","natural soft light from large windows","calm and serene","sofa, coffee table, floor lamp, plant, bookshelf","open space with central seating area","This is a modern, minimalist living room with a gray color palette. The materials used include leather for the furniture and concrete walls for a natural feel. The room has ample lighting from large windows that let in soft sunlight. The mood of the space is calm and serene, perfect for relaxation. Key objects in the room include a sofa for seating, a coffee table for functionality, a floor lamp for ambient lighting, a plant to bring life indoors, and a bookshelf for storage."
"southwestern_503.jpg","Modern Minimalist","dark wood, white, brass","oak wood, marble countertop, brushed nickel faucet","natural light from large windows with black grids, and warm recessed lighting","clean and organized with a touch of comfort","large island with bowl on top, hanging lights above island, potted plant on the island, wooden cutting board, stainless steel range hood","U-shaped kitchen design featuring central island, flanked by a sink and oven on one side, and seating area with bar stools on another","This modern minimalist kitchen combines functionality with a touch of luxury. Featuring natural wood accents, marble countertops, and brushed nickel fixtures, the space is both stylish and practical."
"southwestern_505.jpg","Scandinavian","neutral, bright accents","wood, fabric, glass","Natural sunlight from window","Calm and cozy","Bed, Coffee Table, Plant, Wooden Sculpture, Area Rug","Open space with central seating area","A clean and modern bedroom with a neutral color palette, featuring a large bed as the focal point."
"southwestern_506.jpg","Modern Minimalist","white, beige, light wood","oak wood, linen, concrete, steel","natural soft light from large windows","warm and cozy","sofa, coffee table, plant, floor lamp","open space with central seating area","This modern minimalist interior design combines a neutral color palette with natural materials like wood, linen, and concrete. The space is illuminated by soft, diffused light from large windows that frame the room's high ceilings. A central sofa and coffee table act as a focal point, inviting conversation and relaxation. The warm and cozy atmosphere is further enhanced by plush seating arrangements and natural elements like the plant on the floor lamp."
"southwestern_507.jpg","Modern","beige, brown, brass","oak wood, stainless steel, leather, ceramic","recessed lighting with warm tones and under-cabinet lights for kitchen area","comfortable and inviting","sectional sofa, dining table, coffee table, bar stools, wall art","open concept with kitchen, dining, and living areas connected for ease of movement","A modern home interior that combines neutral colors, natural wood, brass accents, and a mix of casual and sleek furniture pieces."
"southwestern_508.jpg","Southwestern","beige, wood brown, blue","stucco, wood, metal","Natural sunlight and warm ambient lighting","Cool and serene","wooden door, wooden windowsill, brick detail on wall, wrought iron door hanger","L-shaped living area with hallway and entryway","This is a Southwestern style home featuring stucco walls, wood doors and windowsills, a warm color palette, natural lighting, and a serene atmosphere."
"southwestern_509.jpg","Minimalist","white, black, brass","wood, tile, metal","ambient and task lighting","clean and organized","mirror, sink, bathroom vanity, black towel rack","linear with sink at end","A modern, minimalist bathroom design with a monochromatic color scheme and sleek materials."
"southwestern_51.jpg","Scandinavian","white, rust red, navy blue","leather upholstery, wooden floors, brick fireplace, linen cushions","soft, natural light coming through large windows and a skylight","cozy and inviting","sectional sofa, leather armchair, rustic wooden coffee table, vintage typewriter","open floor plan with central seating area around a fireplace","A cozy Scandinavian living space featuring leather upholstery, a brick fireplace, and soft lighting."
"southwestern_510.jpg","Modern Minimalist","white, light wood","glass, oak wood","natural soft light from large windows","calm and airy","freestanding bathtub, wooden vanity, sink, large mirror, towel bar","open space with central freestanding bathtub, flanked by wooden cabinetry on either side.","This bathroom features a modern minimalist design with a light wood and white color palette. Large windows allow natural soft light to enter the room, creating a calm and airy atmosphere. The freestanding bathtub is the central focal point, flanked by wooden cabinetry on either side."
"southwestern_511.jpg","Modern","neutral tones, warm wood accents","light-toned wood panels, stainless steel appliances, white countertops","recessed ceiling lights with adjustable brightness","clean and bright, with a touch of warmth","kitchen island in center, built-in oven and microwave, stainless steel faucet","L-shaped kitchen layout with counters around perimeter","This kitchen design is modern, featuring a neutral color palette with warm wood accents. The layout is L-shaped, providing ample counter space and room for movement."
"southwestern_512.jpg","Desert Modern","earthy tones, blue-gray, neutral","adobe brick, natural stone, wood","Bright sunny day light","Warm and inviting","cactus plants, large rocks, outdoor seating","Desert-inspired courtyard with outdoor living space","A desert-themed modern home featuring adobe, stone, and natural materials. Bright lighting enhances the warm and inviting atmosphere."
"southwestern_513.jpg","Southwestern","brown, white, tan","wood, clay, stone","natural light from windows and doors","warm and inviting","door, jar, plant, pot","open courtyard with wooden door leading to building","Southwestern style entrance with warm colors, natural materials and an open layout."
"southwestern_514.jpg","Southwestern Rustic","beige, brick red, rusty orange, deep brown","adobe bricks, wood beams, cactus wool, natural stone","warm ambient light from lanterns and fireplace","cozy and intimate","sofa set, coffee table with drink holder, potted cactus, outdoor seating area","intimate patio space with stone wall surround for privacy","This living room combines the warmth and rustic charm of Southwestern design elements, featuring an adobe fireplace that serves as a focal point. The color palette is earthy and warm, while the materials used include wood beams, stone, and native plants. Lanterns provide soft lighting, enhancing the cozy atmosphere."
"southwestern_515.jpg","Modern","blue, green, brown","brick, wood, concrete","natural light from surrounding windows","peaceful and tranquil","bench, rock garden, plant","outdoor living space with bench at center","A tranquil outdoor living space featuring a blue bench surrounded by plants, rocks, and natural lighting."
"southwestern_516.jpg","Southwestern","adobe, earth tones","stone, wood","Warm ambient lighting","Cozy and inviting","kiva oven, adobe bench, clay pottery","Circular courtyard with central hearth and seating area","This Southwestern style kitchen is designed to mimic the traditional outdoor kitchens of the Pueblo people, featuring an adobe fireplace and seating arrangement around a central hearth. The color palette is dominated by earth tones and stone elements, with warm lighting that creates a cozy atmosphere."
"southwestern_517.jpg","Modern Minimalist","beige, light wood, grey","oak wood, linen, concrete, steel","natural soft light from large windows and recessed lighting","calm and airy","sofa, coffee table, plant, floor lamp, chair","open space with central seating area","The interior design of this house combines a modern, minimalist style with warm and inviting colors. The living room features oak wood flooring and walls, with linen cushions adding comfort to the seating arrangement. Large windows allow for plenty of natural light, creating an airy feel that is complemented by recessed lighting. The central fireplace serves as a cozy focal point in the space. Overall, this living room is designed to be both functional and visually appealing, providing a comfortable environment for relaxation and entertainment."
"southwestern_518.jpg","Modern","light brown, beige, white","wood, glass, metal","natural and ambient lighting from a window","calm and contemporary","console table with drawers, framed mirror on the wall, decorative vases","small room with console table against the wall","This image shows a modern interior design with a calming ambiance, featuring a light wood and beige color palette. The console table serves as the focal point of the space, complemented by the decorative vases and framed mirror on the wall. The room benefits from natural and ambient lighting, contributing to its contemporary feel."
"southwestern_52.jpg","Industrial Loft","white, brown, black","wood, metal, concrete","Natural light coming from open doors and ceiling skylight","Modern and minimalistic with a rustic touch","large industrial-style door, modern artworks on wall, vintage wooden table","Narrow hallway with open double doors, leading to living room area","The interior design features an Industrial Loft style with a blend of modern and rustic elements, utilizing wood and metal materials. Natural light floods the space, creating a bright and airy atmosphere."
"southwestern_520.jpg","Modern Rustic","beige, gray, brown","reclaimed wood, brick, concrete","natural light from window with no shades","warm and cozy","toiletries in a wooden container on the back of the toilet, potted plant on the sink counter, framed artwork above the toilet","small space with efficient use of wall-mounted fixtures and mirror for an illusion of spaciousness","This modern rustic bathroom utilizes reclaimed wood and concrete for a warm, eco-friendly design. The natural light from the window contributes to its airy feel."
"southwestern_521.jpg","Modern Minimalist","dark brown, black, brass","marble, wood, metal","well-lit with recessed lighting and a wall sconce","calm and luxurious","mirror, sink, towel rack","small bathroom layout with a vanity against the wall","A modern minimalist bathroom with a dark brown color scheme, marble countertop, and recessed lighting."
"southwestern_522.jpg","Industrial Loft","dark brown, light gray, beige","brick wall, concrete floor, wooden beam ceiling, metal pipes","natural soft light from large windows and recessed lighting","warm and cozy","couch, coffee table, rug, floor lamp, decorative pillows","open space with central seating area, brick fireplace as focal point","This room features an Industrial Loft style design, with a warm and cozy mood created by the use of materials such as brick walls, concrete floors, and wooden beams on the ceiling. The color palette consists of dark brown, light gray, and beige, creating a harmonious look. Lighting is provided by large windows and recessed lighting fixtures. Furniture includes a comfortable couch, coffee table, rug, floor lamp, and decorative pillows, all arranged around a central seating area in front of a brick fireplace."
"southwestern_523.jpg","Modern Minimalist","light wood, white, gray","cedar shake siding, stone floor, stainless steel","natural soft light from large windows and overhead lighting fixture","calm and airy","wooden bench, outdoor dining table, large hanging metal star decoration, stone wall fountain, outdoor floor lamp","open space with central seating area under large overhead windows","This is a cozy outdoor living space featuring a modern minimalist design style, with light wood and gray accents against a stone flooring. The room is furnished with a wooden bench, dining table, hanging star decoration, fountain, and floor lamp, all of which complement the overall open and airy mood created by the natural lighting."
"southwestern_524.jpg","Spanish Colonial","beige, brown, green","stone, wood, metal","warm and welcoming light from the chandelier and sconces","inviting and classic","large archway, ornate metal railings, colorful decorative tiles, potted plants","central walkway flanked by seating areas and doors on either side","A charming Spanish Colonial style home with an inviting entrance featuring a grand archway, ornate metal railings, and colorful decorative tiles."
"southwestern_525.jpg","Modern Minimalist","beige, white, dark wood","wood paneling, leather upholstery, stone accents","natural soft light from large windows and wall sconces","calm and airy","sofa, coffee table, floor lamp, plant, bookcase","open space with central seating area around fireplace","This modern living room features a minimalist design with a neutral color palette, wood paneling and dark wood furniture. The space is illuminated by natural light from large windows and wall sconces, creating a calm and airy atmosphere."
"southwestern_526.jpg","Modern Minimalist","light gray, purple, white","wood, fabric, metal","natural soft light from large windows and a skylight","calm and airy","sofa, coffee table, purple armchair, floor lamp, painting on the wall","open space with central seating area around a fireplace","This is a modern minimalist living room with a color palette of light gray, purple, and white. The room features wood, fabric, and metal materials and has a calm and airy mood due to the natural soft lighting from large windows and a skylight."
"southwestern_527.jpg","Southwestern","sandy beige, turquoise blue, rusty brown","stucco walls, wooden ceiling beams, brick accents","ambient lighting with warm lamps and candlelight","inviting and relaxed","cactus in corner, adobe fireplace, woven baskets on wall","open patio leads to entry hall, which opens into living room and dining area","This Southwestern style house features a warm and inviting interior with stucco walls, wooden ceiling beams, brick accents, and a cozy ambiance created by candlelight and warm lamps."
"southwestern_528.jpg","Modern Minimalist","white, light wood, stainless steel","oak wood, glass, steel","recessed ceiling lights with track lighting over island","bright and open","kitchen island, white cabinets, stainless steel appliances, chandelier","U-shaped design with central kitchen island","This modern kitchen combines a minimalist style with clean lines and a neutral color palette, featuring stainless steel appliances against oak wood cabinetry. The bright ceiling lights and track lighting over the island provide ample illumination in this well-designed space."
"southwestern_53.jpg","Modern Minimalist","light wood, cream, black accents","wood, leather, stainless steel","soft and warm, with recessed lighting throughout","modern and sophisticated, but cozy and inviting","floor lamp, framed artwork, large area rug, wooden side table","open floor plan with a central focal point","A modern design space that combines functionality with an elegant touch, featuring natural wood tones and black accents."
"southwestern_530.jpg","Modern","dark brown, beige, gray","wooden flooring and walls, modern upholstery on furniture","recessed lights in the ceiling with accent lighting over pool table","luxurious and comfortable","pool table, large flat screen television, modern armchairs, large area rug","an open floor plan with a separate room for the living space, connected to the pool room","This living space combines modern design elements with comfortable seating options. The large pool table serves as an elegant centerpiece in this luxurious home."
"southwestern_531.jpg","Modern Minimalist","gray, white, brass","wood, marble, stainless steel","natural soft light from large windows","clean and serene","modern kitchen island, high-rise ceiling pendant lights, large abstract art piece","open space with central kitchen island and high-rise ceiling lights","A modern, minimalist kitchen design that combines sleek lines with natural materials. The color palette is a blend of grays and whites, creating a clean and serene atmosphere. The large windows let in abundant natural light, while the stainless steel appliances add a touch of industrial edge to the space."
"southwestern_532.jpg","Contemporary Rustic","beige, brown, green","wood, stone, brick","warm, ambient light from the fireplace and chandelier","cozy and inviting","dining table with wicker chairs, potted plant, artwork on the wall, candlestick","open kitchen to living area with a view of the outdoor patio","This rustic style kitchen and dining area features exposed stone walls, wooden ceiling beams, and a warm color palette. The space is illuminated by soft ambient lighting from above and below."
"southwestern_533.jpg","Modern Minimalist","neutral, wooden accents","stone, metal","natural soft light from large windows","calm and airy","outdoor stone fireplace, large metal grill, wooden table and chairs, potted plant","open space with central seating area","This outdoor seating area has a modern minimalist style, featuring neutral tones and wood accents. The stone fireplace provides warmth, the metal grill is perfect for cooking, and the wooden furniture adds a touch of rustic charm."
"southwestern_534.jpg","Modern Minimalist","white, beige, brown, gold","marble, leather, brass","natural soft light from large windows","calm and airy","bathtub, sink, shower, vanity","spacious bathroom with bathtub centered in the space","This modern bathroom combines simplicity with luxury, featuring a marble-tiled design and gold accents that give it an elegant and sophisticated feel."
"southwestern_535.jpg","Modern Minimalist","white, gray, wood","brick wall, oak wood flooring, linen upholstery","natural soft light from large windows and overhead light","calm and airy","bed, nightstand, lamp, potted plant","open space with central sleeping area","A modern minimalist bedroom design with natural materials and lighting."
"southwestern_538.jpg","Modern Minimalist","brown, gray, black","wood, stone, metal","natural soft light from large windows and recessed ceiling lights","cozy and sophisticated","couches, coffee table, fireplace, lamp","open space with central seating area","This modern living room features a warm and inviting color palette, with minimalist design elements. The open layout and large windows allow for plenty of natural light to fill the space."
"southwestern_539.jpg","Modern Rustic","brown, white, green","wood, stone, metal","natural light streaming through large windows and skylights","warm and inviting","large stone fireplace, dining table, outdoor seating area","open central court with surrounding buildings","A modern rustic lodge style design featuring natural materials, warm lighting, and an open layout that encourages social interaction."
"southwestern_540.jpg","Modern Minimalist","white, beige","ceramic tile, porcelain toilet paper holder, stainless steel faucet","overhead fluorescent light fixture","clean and sterile","white pedestal sink, hanging mirror above sink, cube-shaped towel rack, bathroom accessories","compact single occupant space","The image depicts a small, minimalist bathroom with a modern design. The color palette is simple, featuring white and beige tones, while the materials include ceramic tile, porcelain fixtures, and stainless steel fittings. Lighting comes from an overhead fluorescent light. The mood of the space is clean and sterile, indicative of a focus on practicality over luxury. The layout is compact with all essentials in close proximity to each other."
"southwestern_541.jpg","Modern Minimalist","beige, brown, green","wood, stone, leather","subtle and warm ambient lighting with accents from floor lamps","calm and relaxed","sofa, coffee table, floor lamp, plant","open space with central seating area and separate tub area","This spacious bathroom combines a warm color palette with modern minimalist design elements, creating a calming atmosphere. The materials used include wood for the flooring and walls, stone for accent pieces, and leather for the tub's surround. The room features soft ambient lighting that complements the wooden tones, and is furnished with essential pieces like a sofa, coffee table, floor lamp, and a potted plant."
"southwestern_542.jpg","Modern Minimalist","beige, light brown","tile, stainless steel, wood","natural light from large window","modern and tranquil","sink, mirror, shower head, floor grout","open space with central shower area","This modern bathroom has a clean, minimalist design with beige tiles and stainless steel fixtures. The lighting is bright with natural light coming from the large window. The layout is open with a walk-in shower in the center."
"southwestern_543.jpg","Modern Minimalist","beige, wood, gold","wood, tile, mirror","natural soft light from a large window above the mirror","calm and serene","round wooden vanity, brass sink, pink marble bowl, two candles","long rectangle with rounded corners","This modern bathroom features a minimalist design with a natural color palette of beige, wood, and gold. The space is lit by soft natural light from a window above the mirror, creating a calm and serene atmosphere."
"southwestern_544.jpg","Scandinavian","light beige, rustic brown, burnt orange","wood, stone, brass","natural light from large windows and floor lamps providing warm ambient lighting","calm and cozy with a touch of rustic charm","king size bed with colorful patterned bedding, wooden headboard with decorative brass elements, two matching wood side tables with brass accents, two floor lamps providing warm ambient lighting, patterned area rug under the bed","bedroom space designed to be inviting and comfortable, centered around a king size bed","This bedroom combines Scandinavian design principles with rustic elements for a cozy and welcoming atmosphere."
"southwestern_546.jpg","Native American","earth tones, green hues, blue accents","natural stone, wood, clay, metal","Natural light with sunny exposure","Peaceful and grounded","cactus, large rocks, adobe walls, feather decorations","Outdoor natural garden setting with large boulders and native plants arranged for aesthetics and functionality.","This scene is designed to evoke the essence of the Native American Southwest, using local materials and plants in harmonious balance with the natural environment."
"southwestern_547.jpg","Southwestern","beige, brown, tan","stucco, cobblestone, wood","Natural light from patio doors and ceiling fans","Warm and inviting with a touch of rustic charm","sofa, coffee table, plant, floor lamp","Open space with central seating area, outdoor patio visible","The interior design features a Southwestern style with natural materials and earth tones, creating a warm and welcoming atmosphere."
"southwestern_548.jpg","Modern Minimalist","white, gray, navy blue","wooden decking, stone tiles, metal railings","natural soft light from large windows and outdoor lantern","calm and relaxed","outdoor sofa, coffee table with plants, wood-burning fireplace, stone water feature","circular arrangement of seating around a central fire pit","This backyard design features a modern minimalist style with natural materials, creating a calm and relaxed atmosphere perfect for outdoor gatherings."
"southwestern_549.jpg","Industrial Loft","brown, tan, cream","wood, metal, leather","industrial-inspired lighting with exposed fixtures and bulbs","bold and edgy","antler decoration, rustic bed frame, modern bedding, wooden headboard","open and spacious with high ceilings and lofted design elements","This is a bold and edgy industrial-inspired loft bedroom featuring a rustic wooden bed frame, modern bedding, and a large antler decoration on the wall."
"southwestern_55.jpg","Contemporary","white, gray, brown","wood, marble, metal","Natural light and recessed lighting","Warm, inviting, and stylish","bar stools, countertop, island range hood, backsplash","Open concept with central island","This kitchen is a modern space with clean lines, warm colors, and top-quality materials. The center island provides both functionality and style, making it an ideal space for cooking and entertaining."
"southwestern_551.jpg","Modern Minimalist","dark wood, light wood, neutral","wood, glass, concrete","soft and natural light from large windows","calm and modern","floor lamp, sofa, coffee table, plant, painting","linear with central focus on staircase","This interior design features a modern, minimalist style with a warm and neutral color palette. The materials used include wood, glass, and concrete. Lighting is soft and natural from large windows. The mood of the space is calm and contemporary. Key objects include a floor lamp, sofa, coffee table, plant, and painting, arranged in a linear layout that focuses on the staircase."
"southwestern_552.jpg","Modern","white, gray, light brown","wood, metal, glass","Natural light from large windows and ambient ceiling lights","Sophisticated and elegant","sofa, coffee table, large abstract artwork, floor lamp, potted plant","Open space with central seating area, leading into dining room in background","This modern living room is characterized by a neutral color palette, sleek lines and textures, and natural lighting that enhances the spacious feel."
"southwestern_554.jpg","Modern Minimalist","white, oak wood, gray","steel, quartz countertops, wood cabinets","large windows provide natural light that brightens the space","bright and clean","stainless steel range hood, modern gas range, large island for food preparation, flat-screen TV mounted on wall","an open layout with a kitchen island serving as the focal point and providing additional counter space.","This modern kitchen features an open layout, minimalist design elements, and stainless steel appliances for a bright and contemporary feel."
"southwestern_555.jpg","Scandinavian","white, beige, light wood","oak wood, linen, concrete, steel","natural soft light from large windows and track lighting","calm and airy","sofa, coffee table, plant, floor lamp, painting, wooden shelving","open space with central seating area and fireplace","The living room has a Scandinavian design, featuring neutral colors and natural materials. The layout is open with a focus on comfort and simplicity."
"southwestern_556.jpg","Modern","gray, white, wood","wood, fabric, metal","natural light from window and overhead fixtures","calm and serene","bed, nightstands, pillows, headboard, wall art, lamps","a bedroom with a large bed, nightstands on both sides of the bed, and wall art above the bed.","A modern bedroom with a serene atmosphere featuring a large wooden bed, a well-lit space with natural lighting, and a minimalistic color palette."
"southwestern_557.jpg","Modern Minimalist","white, gray, brass","oak wood, metal, marble","recessed lighting with brass fixtures for ambient, task and accent lighting","modern yet warm and inviting","blue sofa, wooden coffee table, vintage antler mount on wall, floor lamp, metal wall clock","open-plan living space with central seating area","A modern minimalist living room designed for functionality and comfort, featuring a monochrome color palette, metals, and wood, with brass lighting fixtures providing ambient light. The room is furnished with a blue sofa, wooden coffee table, antler mount, floor lamp, and metal clock on a white wall."
"southwestern_558.jpg","Modern Minimalist","blue, gray, white","concrete, steel, natural wood","natural soft light from large windows and a black and white striped umbrella providing shade","calm and airy","swimming pool, chair, table, plant","pool as the focal point with seating area beside it","A modern minimalist swimming pool backyard featuring a poolside table and chairs, with natural materials for an airy and serene ambiance."
"southwestern_559.jpg","Modern Minimalist","white, gray, red accents","oak wood, leather, glass, brass","soft and warm, with floor lamps as primary source of light","modern and inviting, with a touch of luxury","black leather sofa, gray leather armchair, marble coffee table, floor lamp, large abstract painting","open space with clean lines and central seating area","This modern living room features a luxurious white leather sofa, gray armchairs and marble tables, all arranged around a fireplace. The color palette is neutral with red accents adding warmth. Large windows provide natural light, while floor lamps add soft illumination when needed. An abstract painting serves as an eye-catching focal point in the space."
"southwestern_560.jpg","Southwestern","rustic brown, white, beige","stone, wood, brass","warm and dimmed light from candles and lanterns","cozy and intimate","rustic wooden dining table, leather chairs, area rug, stone fireplace, candelabra","split level with open living area above the kitchen, separated by a stairwell","Southwestern style living room showcases natural materials and soft lighting for a cozy atmosphere."
"southwestern_562.jpg","Modern Minimalist","white, beige, light wood","oak wood, linen, concrete","natural soft light from large windows","calm and airy","sofa, coffee table, plant, floor lamp, large abstract painting","open space with central seating area","This modern living room features a neutral color palette, natural materials like concrete and oak wood, large windows allowing for ample sunlight, and minimalist furnishings that create a calm atmosphere."
"southwestern_563.jpg","Mexican Hacienda","terracotta, white, brown","stucco wall, wood trim, talavera tiles","warm, inviting light from lanterns and candle lamps","casual yet elegant","rustic wooden sofa, talavera table with candles, cactus plant, wooden door","open floor plan with central gathering area","This living room exudes the charm of a Mexican Hacienda, with terracotta walls and tiles, white accents, wood trim, and traditional lantern lighting."
"southwestern_564.jpg","Modern","black, white, gray","metal, wood","Overhead pendant with frosted glass shades","Bright and contemporary","black wrought iron chandelier, black metal frame, white ceiling, white wall","Large open space, symmetrical around a central light fixture","A modern interior with clean lines and an elegant black chandelier as the focal point."
"southwestern_566.jpg","Modern Minimalist","gray, white, natural wood","brick, wood planks, metal pipes","dimly lit, with accent lighting on specific areas","moody and intense","vintage car, antique desk, industrial pendant lights","long, narrow space leading to a bright open area","This image shows an interior space with a minimalist design style that includes brick flooring and metal pipes. The color palette is neutral with gray and white as the main elements. The layout of the space leads towards a bright open area, which gives a sense of spaciousness despite the narrow entrance. The mood of the space is moody and intense due to the dim lighting and the use of vintage cars as decorative pieces."
"southwestern_567.jpg","Modern Minimalist","black, brown, white","leather, glass, wood","soft natural light from large windows during sunset","calm and airy with a hint of rustic charm","leather sofa, black leather chair, large flat screen TV, white marble coffee table, floor lamp","open space design with a central seating area facing expansive mountain view","This office is designed in a modern minimalist style, with natural materials like wood and leather, offering a calm and airy atmosphere while still maintaining rustic charm. The large windows allow for soft natural light during sunset and provide stunning views of the mountains."
"southwestern_568.jpg","Rustic Modern","light brown, dark brown, white","reclaimed wood, marble, metal","natural light from large windows with hanging lights","cozy and warm","large mirrors, wooden vanity, sinks, cabinets","long and narrow space with double sinks flanking a central cabinet","This bathroom has a rustic modern design, featuring reclaimed wood elements, marble counters, large mirrors on both sides of the vanity, and hanging lights that provide soft lighting. The color palette is warm with natural tones, creating a cozy atmosphere."
"southwestern_569.jpg","Modern Minimalist","blue, white, black","leather, wool, brass, wood","natural soft light from large windows and warm ambient lighting","calm and airy","sofa, coffee table, plant, floor lamp, large fireplace","open space with central seating area surrounding a fireplace","The living room features a modern minimalist design, using blue and white as the primary color palette. The furniture is upholstered in leather and wool, while the flooring consists of wood. Lighting comes from large windows that allow natural light to fill the space, enhancing the open feel. Warm ambient lighting adds a cozy atmosphere. Objects include a comfortable sofa, a coffee table for placing drinks or decorative items, a plant that brings life and greenery indoors, a floor lamp for additional lighting as needed, and a fireplace that serves as a central focal point and source of warmth during cooler months."
"southwestern_57.jpg","Modern","purple, yellow, green","wood, metal, concrete","natural sunlight from large windows","calm and inviting","large planter with plants, fence, outdoor furniture","spacious courtyard setting","A modern outdoor space featuring a mix of purple flowers, wood fencing, and concrete elements."
"southwestern_570.jpg","Modern Desert","beige, browns, rustic oranges","stone, wooden beams, brickwork, metallic accents","natural light during sunrise/sunset with warm tones, transitioning to cooler colors at night","calm and relaxed in a desert oasis","large circular seating area, sweeping staircase, outdoor dining space, poolside seating, cacti","open floor plan with indoor-outdoor connections, emphasizing the curve of the building and the natural environment","A modern retreat in the Arizona desert, capturing the serene beauty of the surrounding landscape."
"southwestern_571.jpg","Modern Minimalist","neutral tones, dark accent colors","concrete and wood elements, metallic details","evenly lit with natural light during daytime; warm and inviting overhead lighting at night","calm and relaxed","outdoor furniture set, potted plants, poolside heater, fire pit","an open-concept outdoor living space with seating areas adjacent to the pool","This image showcases a modern minimalist style with an outdoor living space that combines wood and concrete materials, neutral tones, and dark accent colors. The layout features furniture around a central outdoor kitchen area, surrounded by potted plants, and highlighted by warm overhead lighting. The mood is relaxed, perfect for unwinding near the pool or enjoying an evening by the fire pit."
"southwestern_572.jpg","Modern","brown, white","wood, glass, metal","natural sunlight from skylights and windows","bright and airy","wooden deck chairs, outdoor table, potted plants, floor lamp","open-concept patio connected to living space","A modern outdoor seating area with natural wood elements, glass doors for indoor access, and a cozy atmosphere for relaxation."
"southwestern_573.jpg","Contemporary","white, blue, brown","tile, wood, metal","ambient and accent lighting with dimmable options","calm and relaxing","bathtub, shower enclosure, sink, cabinet","spacious bathroom design with separate shower and bathtub areas","This bathroom features a clean, contemporary style with a soothing color palette. The space is well-lit and functional, providing a relaxing atmosphere for daily routines."
"southwestern_574.jpg","Modern Minimalist","gray, white, natural wood","stainless steel, quartz counters, wood cabinets","soft, natural light from large windows","calm and functional","modern stove, built-in refrigerator, stainless steel sink","kitchen design with efficient use of space and easy access to appliances","A modern, minimalist kitchen that utilizes stainless steel appliances, quartz counters, wood cabinets, and large windows for natural light."
"southwestern_575.jpg","Scandinavian","white, beige, light wood","wood, leather, glass","Natural soft light from large windows","Calm and airy","chair, couch, coffee table, painting","Open space with central seating area and wooden stairs leading to second floor.","Scandinavian design with a warm and inviting atmosphere, featuring natural materials and light color palette."
"southwestern_578.jpg","Southwestern","tan, beige, brown","stucco, stone, wood","Warm natural light from the sunny day.","Calm and inviting.","doorway entrance, palm tree in front yard, front yard garden, patio table","Single story house with a wide, welcoming porch overlooking the garden area.","Southwestern style home with stone and stucco exterior. Porch entryway with palm tree out front creates a warm and inviting atmosphere."
"southwestern_580.jpg","Southwestern","Earthy tones of brown and green, Warm orange hues, Bright blue accents","Stucco walls and ceilings, Exposed wooden beams, Natural stone flooring, Native plants","Soft, warm lighting that highlights natural elements of the space","Inviting and cozy with a touch of rustic charm","Outdoor seating area with fire pit, Mosaic artwork on walls, Potted succulents in terracotta pots","An open courtyard leads to adjacent rooms, enhancing the sense of space and light","This Southwestern-style design incorporates earthy tones, warm textures, and native materials for a cozy yet modern feel."
"southwestern_581.jpg","Modern Minimalist","white, beige, light wood","oak wood, linen, concrete","natural soft light from large windows and floor lamps","bright and energetic","sofa, coffee table, plant, floor lamp","open space with central seating area and island","This is a modern, minimalist living room with clean lines and bright colors. The materials are natural and warm, creating a welcoming atmosphere. Large windows allow for ample natural light to fill the space, while strategic placement of furniture creates a central gathering area."
"southwestern_582.jpg","Modern","white, brown, black","stainless steel, wood, stone","well-lit with natural light from windows and artificial lights","bright and inviting","large island in center of kitchen, high stools for seating, stainless steel refrigerator and oven","open concept with central island and seating area","Modern style kitchen with a warm color palette, featuring wood materials, stainless steel appliances, and plenty of natural light."
"southwestern_583.jpg","Modern Minimalist","light wood, white, gray","wood, metal, glass","natural light from large windows","warm and welcoming","island with seating, stainless steel appliances, potted plant, wooden bar stools","open space with kitchen island and bar area","This modern kitchen design features a minimalist aesthetic, with clean lines and natural light creating a warm and inviting atmosphere."
"southwestern_584.jpg","Modern Industrial","rust, muted orange, green","rusted steel, concrete, wood","ambient, soft, natural lighting","industrial chic with a touch of rustic charm","metal containers, cacti, stacked wood blocks","linear arrangement along a wall","This interior design features a blend of modern industrial elements, with rusted steel and concrete materials complementing the muted color palette. The natural lighting brings out the textures of the materials while creating a calm and relaxed atmosphere."
"southwestern_586.jpg","Modern Minimalist","white, gray, black","stainless steel, glass, wood","bright and natural from multiple windows","clean, bright, and airy","modern stove top oven, stainless steel refrigerator, quartz countertops, modern island","open space with central kitchen island","A modern, minimalist kitchen with clean lines and a bright atmosphere."
"southwestern_587.jpg","Modern Minimalist","light beige, dark brown, blue","concrete, wood, glass","natural soft light from large windows","calm and airy","patio table with umbrella, wooden bench, sleek stainless steel outdoor grill, large potted plant, modern outdoor lighting fixture","open space with central seating area","This backyard features a minimalist modern design with an emphasis on natural materials and soft, airy lighting. The layout is designed to feel open and inviting, with a central seating area surrounded by plants and outdoor furniture."
"southwestern_588.jpg","Modern Southwestern","beige, southwest red, earth brown","adobe brick, cobblestone accents, wood beams","natural sunlight through large windows and vaulted ceilings","warm and inviting","large sofa facing fireplace, southwestern area rug, potted cactus, vintage southwest prints","open concept with vaulted ceiling, adobe walls, and wood floors","A modern southwestern style home featuring adobe architecture, warm earth tones, and rustic decor."
"southwestern_589.jpg","Scandinavian","white, light wood","wood, linen","natural soft light from large windows","calm and airy","mirror, dresser, shelf, cushion","spacious open room with a central vanity area","A clean, minimalist bathroom with Scandinavian design elements featuring light wood and linen accents."
"southwestern_59.jpg","Modern Minimalist","white, beige, light wood","oak wood, linen, steel","natural soft light from large windows and recessed ceiling lights","calm and airy","large mirror over sink, white marble countertops, wood framed window, modern wall sconces","well-organized and clean lines for a spacious feel with the bathroom featuring two sinks set into an L-shaped vanity","A modern bathroom design that combines minimalism with high-quality materials, providing a serene and stylish retreat."
"southwestern_590.jpg","Modern Minimalist","green, grey, brown","metal fence, grass, gravel","natural soft light from the setting sun","calm and peaceful","tree, fence, rocks, pathway","open space with central pathway leading to a house in the distance","A modern, minimalist yard at sunset featuring a green color palette and materials such as metal fencing, grass and gravel."
"southwestern_591.jpg","Scandinavian","white, beige, light wood","wood, fabric, metal","natural soft light from large windows","calm and airy","sofa, coffee table, plant, floor lamp","open space with central seating area","The interior design is a blend of Scandinavian style with beige color palette, using wood, fabric and metal materials. The room features an open layout with a large window that provides natural soft light. The overall atmosphere is calm and airy."
"southwestern_592.jpg","Mid-Century Modern","warm brown, neutral white, deep blue","wood paneling, brass fixtures, stone countertops","natural light from large windows with wood trim","inviting and homely","large center island, dark wooden dining table, brass pendant lights, wooden kitchen cabinets","U-shaped layout with central kitchen island, flanked by seating areas","This mid-century modern style kitchen features warm wood tones and a cozy atmosphere, with ample natural light highlighting the rich materials used throughout the space."
"southwestern_593.jpg","Modern Minimalist","green, beige, gray","concrete, steel, wood","natural soft light from large windows and overhead lights","calm and airy","modern outdoor sofa, coffee table, low-maintenance plants, large concrete planter, sleek steel fire pit","angular design with a variety of seating options leading to the garden","This Modern Minimalist backyard offers an inviting outdoor space featuring a concrete retaining wall, sleek steel furniture, and low-maintenance plants."
"southwestern_594.jpg","Modern","neutral, wooden tones, brass","wood paneling, leather upholstery, natural stones","chandeliers, pendant lights with brass fixtures","elegant and sophisticated","formal dining table and chairs, large area rug, modern artwork, statement chandelier","open floor plan with seating area in the center","This luxurious interior features a modern design, neutral tones, brass accents, wooden paneling and furniture, leather upholstery, and elegant lighting. The space is arranged to create an inviting atmosphere for dining or entertaining."
"southwestern_596.jpg","Modern","white, brown, wooden accents","brick, stucco, wood","The space features natural light from the large windows and warm ambient lighting.","This living area creates a welcoming and comfortable atmosphere.","poolside lounge chair, poolside table with chairs, potted plant, stainless steel grill","The living space is designed around the pool, offering both indoor and outdoor seating options that maximize views of the backyard.","This modern house has a spacious living area with an open layout that connects to the pool. The design combines natural materials and earthy tones with contemporary furnishings for a comfortable, stylish space."
"southwestern_597.jpg","Modern Minimalist","white, light wood, red accent","wooden flooring, wooden ceiling beams, natural stone wall, stainless steel appliances","well lit by recessed lighting and chandelier","spacious, clean, and modern","large island in center of kitchen, white sofa, red armchair, stone fireplace, large abstract artwork","open floor plan with large center island between living and dining areas","This modern minimalist design features a spacious open floor plan, clean lines, and natural materials. The color palette is neutral with pops of red accents adding warmth to the space."
"southwestern_6.jpg","Desert Landscape","green, red, brown","stone, gravel, plants","Natural sunlight from a clear sky","Calm and peaceful","cacti, succulents, rocks, stones","Circles and curves to mimic natural landscape","A desert-themed garden with gravel pathways, cacti, succulents and rocks creating a peaceful outdoor space."
"southwestern_60.jpg","Modern Minimalist","white, neutral grays, soft beige","wood veneer flooring, textured stone walls, metal accents","vaulted ceiling with dimmable recessed lighting and pendant lights over seating area","clean, serene, and inviting","large sectional sofa, modern coffee table, sleek floor lamp, abstract artwork","open space with a central seating area and a view of the outdoors through large windows","This modern living room features a neutral color palette, contemporary furniture, and natural light from the high vaulted ceiling."
"southwestern_601.jpg","Modern Minimalist","dark wood, white, blue","wood, metal, leather","natural light from large windows","modern and sophisticated","bar stools, countertops, wine rack","open space with central seating area under a wooden ceiling beam","This modern bar features a minimalist design with an emphasis on natural wood and blue accents. The room is brightly lit by large windows, creating a warm and sophisticated atmosphere."
"southwestern_602.jpg","Southwestern","beige, brown, rust, turquoise","adobe, stucco, wood, metal","warm and inviting with natural light from windows and a ceiling fan","vibrant and relaxed","sofa, coffee table, potted plant, floor lamp, fireplace","an open floor plan that flows seamlessly into the outdoor patio","This southwestern style home features adobe walls, wooden ceiling beams and a cozy living room with rustic accents."
"southwestern_604.jpg","Scandinavian","beige, white, light wood","wood, linen, glass","Natural soft light from large windows","Calm and airy","sofa, coffee table, plant, floor lamp","Open space with central seating area","This room features a Scandinavian design, with natural light streaming in through the large windows. The beige and white color palette provides a calm atmosphere, while the wood materials and linen textiles add warmth to the space."
"southwestern_605.jpg","Modern Minimalist","white, blue, orange","metal, stone, wood","sunlit from large windows","calm and serene","sofa, table, chairs, potted plants","open floor plan with central seating area","This space is a modern minimalist outdoor living area, featuring a colorful palette of orange and blue accents on white walls. The materials used are metal, stone, and wood, creating a warm yet sleek atmosphere. Sunlit from large windows, the mood of the space is calm and serene."
"southwestern_606.jpg","Southwestern","beige, brown, green","wooden planks, flagstone, metal railing","Natural light from large windows and sliding glass doors.","Calm and peaceful","swimming pool, hot tub, outdoor fireplace, large potted cactus","Outdoor living space with a stone wall enclosing the swimming area.","This Southwestern-style outdoor living space features a wooden plank floor, flagstone walls, and metal railing. The space is illuminated by natural light from large windows and sliding glass doors. A large potted cactus adds to the desert feel of the space. The outdoor fireplace provides warmth on cooler evenings."
"southwestern_607.jpg","Modern Minimalist","grey, green, beige","stone, wood, metal","natural soft light from skylights and stone archways","calm and relaxing","waterfall, seating area, planter, light post","curved pathway leading to water feature with surrounding greenery","A serene desert garden with a modern minimalist design featuring natural stone elements, green plants, and a curved walkway that leads visitors to a tranquil waterfall surrounded by lush cacti and succulents."
"southwestern_609.jpg","Modern Minimalist","green, gray, beige","stone, wood, metal","natural soft light from large windows","calm and airy","cactus, large stone, tree, bench","open space with central seating area","A modern garden with a minimalist design, featuring natural materials and plants, creating a serene atmosphere."
"southwestern_611.jpg","Southwestern","beige, brown, red","stucco, wood, glass","Natural light from large windows and skylights","Warm and inviting","adobe fireplace, rustic furniture, Native American art, tile backsplash","Open floor plan with a covered patio in front of the living room.","A charming stucco house with Southwestern style accents, featuring warm tones and natural materials."
"southwestern_612.jpg","Modern Minimalist","beige, light wood, grey","brick wall, concrete, metal","natural soft light from large windows","calm and relaxing","wine barrel planter, potted plant, outdoor seating, water feature","space with a defined central area and walls acting as boundary markers","This space is designed for relaxation, with the outdoor elements such as wine barrels and water features contributing to a tranquil atmosphere. The color palette is natural and earthy, while the materials are simple yet stylish."
"southwestern_613.jpg","Modern Minimalist","beige, light wood, gray","oak wood, glass block, tile, steel","natural soft light from large windows and recessed lights in ceiling","calm and serene","bathtub, double sinks, shower head, towel rack","open space with a central bath area","A modern, spacious bathroom with beige and wood tones, glass block shower walls, recessed lighting, and large windows."
"southwestern_614.jpg","Modern","green, beige, brown","wood, stone, metal","Natural light from large windows and glass doors","Calm and serene","cactus plant, patio chair, outdoor table","Circulular arrangement of plants and seating area","An outdoor living space designed with a modern aesthetic, featuring natural materials and a serene atmosphere."
"southwestern_615.jpg","Modern","light gray, white, dark wood","wood paneling, stone wall, brass accents","Overhead beams with pendant lights","Modern and sleek","sectional sofa, coffee table, floor lamp, dining table","Open concept kitchen and living room with stone archway between them","This open concept home features a modern design with wooden accents, a sectional sofa in the center of the space, pendant lights from overhead beams, and a stylish floor lamp."
"southwestern_616.jpg","Scandinavian","white, beige, light wood","oak wood, linen, steel","natural soft light from large windows","calm and airy","sofa, coffee table, plant, floor lamp","open space with central seating area","This is a spacious Scandinavian-style living room with wooden floors, white and beige walls, steel accents, and natural light streaming in from large windows. A comfortable sofa sits under the lighting of a floor lamp. The room features wood furniture, linen upholstery, and green plants adding a touch of nature to the space."
"southwestern_617.jpg","Modern Minimalist","white, beige, light wood","brick, glass","natural soft light from large windows","calm and airy","sofa, coffee table, plant, floor lamp","open space with central seating area","This image showcases a modern minimalist style home with a focus on natural light, clean lines and a warm color palette."
"southwestern_619.jpg","Southwestern","red, white, black","wood, leather, cloth","soft ambient light with a focal fireplace","warm and inviting","sofa, coffee table, area rug, chair, books","open floor plan with a central sitting area","This living room combines elements of Southwestern design with modern comforts, featuring wooden beams and clay tiles on the ceiling. The space is filled with furniture in red, white, and black colors, providing a cozy yet chic atmosphere."
"southwestern_620.jpg","Mid-Century Modern","white, beige, blue","tile, wood, metal","well-lit with natural light from windows and pendant lights","clean, bright, and modern","bathtub, mirrored cabinet above the sink, sink countertop, floating shelves","open plan design with a separate tub area","A clean, modern bathroom with a focus on function and style."
"southwestern_621.jpg","Modern Minimalist","white, beige, wood accents","stone tile, wood beams and pillars, rattan wicker","warm yellow-toned lighting from ceiling lanterns and wall sconces","modern, cozy, warm and inviting","wooden table and chairs, stone fireplace, vase with flowers, floor lamps","outdoor patio area with a covered seating area featuring an L-shaped barrier","This modern, minimalist patio space is designed to be both cozy and inviting with its neutral color palette and warm yellow lighting. It features natural materials such as stone tiles, rattan wicker furniture, and wooden beams and pillars for a relaxed yet sophisticated atmosphere."
"southwestern_622.jpg","Modern","light wood, beige, black","oak wood, marble, stainless steel","well-lit with recessed lighting and under cabinet lights","clean, open, and inviting","island with sink, bar stools, large potted plant","L-shaped floor plan with kitchen, dining room, and family room in a continuous space","This modern kitchen features light wood cabinets and countertops that provide a warm and inviting ambiance. The open layout connects to the adjacent dining area and living space for easy flow and entertainment."
"southwestern_624.jpg","Modern Minimalist","white, beige, light wood","oak wood, linen, steel","natural soft light from large windows and a mix of ambient, task, and accent lighting","calm and airy","sofa, coffee table, plant, floor lamp, vase","open space with central seating area surrounding a focal point on the wall where artwork is displayed","This interior design combines modern minimalist elements with natural materials and lighting to create a calm and airy atmosphere. The open layout encourages social interaction, while the strategic placement of furniture creates a focal point around the artwork on display."
"southwestern_625.jpg","Modern Minimalist","light beige, natural gray, dark wood","concrete, wood, glass","Bright and airy with natural light from large windows","Calm and relaxed","pool, chairs, palm trees, lounge chair","Open space with a central pool area surrounded by seating options","An outdoor backyard designed in a modern minimalist style, featuring natural materials and lighting to create a calm and relaxed atmosphere."
"southwestern_626.jpg","Scandinavian","white, beige, light wood, blue","wood, linen, glass, stone","natural soft light from large windows and recessed ceiling lights","calm and airy","sofa, coffee table, plant, floor lamp, chandelier","open space with central seating area","This interior design features a Scandinavian style, characterized by natural materials and light colors. The room is filled with wood accents and linen textiles, complemented by glass elements that add to the sense of spaciousness. The fireplace serves as a focal point, creating a warm and inviting atmosphere. Large windows allow for an abundance of natural light, enhancing the airy feel of the room."
"southwestern_628.jpg","Mid-Century Modern","beige, light wood, green accent","stucco, wood, brick","natural soft light from large windows and ceiling fans","warm and inviting","vintage sofa, coffee table, floor lamp, cactus plants, large potted plants","long, open hallway with arches leading to individual rooms","The interior of this building exhibits a warm mid-century modern style with stucco walls and wood accents. The soft lighting is enhanced by large windows and ceiling fans, creating a welcoming atmosphere that is complemented by the natural greenery from various cactus plants and potted plants."
"southwestern_629.jpg","Modern","white, brown, green","brick, wood, stone","Natural light from large windows and skylights","Warm, inviting and cozy atmosphere","patio furniture, potted plants, outdoor rug, decorative wall art","Outdoor space with a curved walkway leading to the front door","A modern house with warm materials and natural lighting that creates an inviting atmosphere."
"southwestern_63.jpg","Modern Minimalist","black, white, wood","concrete, brass, marble","natural soft light from large windows","calm and airy","sink, mirror, coat rack, cabinet","linear and functional","The bathroom features a minimalist design with black and white color scheme. The concrete sink sits below a large mirror, reflecting the clean lines of the space. A coat rack is mounted on the wall for convenience, while the wooden cabinet provides storage. The soft lighting adds warmth to the otherwise stark environment."
"southwestern_630.jpg","Southwestern","Earthy tones, Turquoise accents","Stucco walls, Wicker, Ceramic","Natural light from large windows and fireplace glow","Warm, inviting, and rustic atmosphere","Baskets hanging on the wall, Southwestern patterned rugs, Native American-inspired sculptures","Open floor plan with a central seating area around the fireplace","This southwestern-themed living room features earthy tones and natural materials, creating a warm and inviting space. The large windows let in plenty of sunlight, and the fireplace adds to the cozy ambiance."
"southwestern_631.jpg","Scandinavian","white, beige, light wood","oak wood, linen, steel","natural soft light from large windows","calm and airy","vase, bookshelf, plant, rug, floor lamp","open space with central stairwell and seating area","Scandinavian design in a loft-style home, featuring neutral colors, natural materials, and open spaces."
"southwestern_632.jpg","Modern","white, gray, beige","glass, wood, fabric","Warm and inviting","Calm and serene","bed, nightstands, pillows, artwork","Open concept with bedroom separated by glass doors from living area","This is a modern style room with a warm color palette that includes white, gray, and beige. The space uses materials like glass, wood, and fabric to create a serene mood with warm lighting. In the center of the room is a bed with nightstands on either side, adorned with pillows and artwork on the wall."
"southwestern_633.jpg","Contemporary","white, black, wood","dark hardwood, metal railings, tile flooring","A mix of natural and artificial lighting, with recessed ceiling lights and wall sconces.","Elegant and inviting","stair railing, wooden stairs, wainscoting on walls","Floor plan features an open hallway with a wooden staircase and metal railings. The hallway is designed to look spacious.","This image showcases an elegant interior design, featuring a contemporary style with dark hardwood flooring, white walls, and metal railing on the stairs."
"southwestern_634.jpg","Scandinavian","light wood, white, gray","wood paneling, black countertop, metal fixtures","Natural soft light from large windows and ceiling lights.","Calm and airy, with a touch of rustic charm.","oversized round mirror, wood-framed sink and vanity, black metal wall sconces","A narrow bathroom that uses wood paneling to create a warm atmosphere.","This Scandinavian-style bathroom features a light wood color palette, contrasted with black countertops and fixtures. The space is well-lit, featuring large windows and ceiling lights. Wood paneling adds a rustic touch to the modern design."
"southwestern_638.jpg","Modern","dark teal, light gray, bright white","stainless steel appliances, quartz countertops, wood floors","well-lit with recessed lighting and a large window that brings in natural light","clean, bright and inviting","stainless steel appliances, oak cabinetry, quartz countertops, wooden island, hanging potted plant","an open kitchen with a central wooden island in the middle","This modern kitchen combines stainless steel appliances, wood floors, and cabinets for a sleek and inviting space."
"southwestern_639.jpg","Modern","white, black, light brown","wood, steel, quartz","natural light and recessed ceiling lights","clean, sleek, and spacious","island, oven range, sink, cabinetry, pendant lights","open concept with central island and counter space","This modern kitchen features a clean design with white cabinetry, black backsplash, and stainless steel appliances. The center island adds functionality to the space."
"southwestern_64.jpg","Mid-Century Modern","beige, brown, black","brick, wood, metal","Natural light through windows, accentuated by natural wood beams","Warm and inviting with a rustic charm","vintage metal gate, large stone planter, modern pendant lights","Open floor plan with seating area centrally positioned","A sunlit, mid-century modern space with natural materials and a warm, inviting atmosphere."
"southwestern_641.jpg","Industrial Loft","black, white, wood","wood, steel, brick","soft and diffused lighting from recessed ceiling fixtures","industrial yet warm and inviting","island with sink, metal bar stools, plant, kettle","open kitchen space with island at center, flanked by cabinets and seating","This industrial loft-style kitchen features a black and white color scheme, with wood accents. The space is open and airy with high ceilings, soft lighting, and an island at the center with sink and metal bar stools."
"southwestern_644.jpg","Modern Minimalist","white, beige, light wood","wood, linen, steel","under-cabinet lights and string lights for ambiance","warm and cozy","sofa, coffee table, plant, floor lamp","open space with central seating area under a covered patio","This modern minimalist kitchen and living room design features warm tones, steel appliances, and string lights for ambiance. A central seating area encourages socializing around the kitchen island while enjoying the natural light from large windows."
"southwestern_645.jpg","Modern Southwest","beige, tan, natural wood","stone, wood, clay","warm sunlight streaming through large windows and ceiling skylight","casual and relaxed","large fireplace with natural wood mantle, stone seating area, outdoor grill, hanging wicker chairs, large potted cactus","open courtyard layout featuring a central outdoor kitchen and fireplace surrounded by stone seating and potted plants","This modern southwest outdoor space features natural materials and warm lighting, creating a casual and relaxed atmosphere for gatherings around the large fireplace."
"southwestern_646.jpg","Modern","brown, green","metal, wood","natural light from skylights","modern and serene","planter, plant, pot","linear arrangement of planters against a wall","This is an image of an interior space with modern design featuring a palette of brown, green and wooden elements. The natural lighting creates a serene atmosphere."
"southwestern_647.jpg","Modern Minimalist","white, beige, light wood","wood, fabric, glass","subtle and soft, with recessed lighting supplemented by candles","calm and intimate","dining table, chairs, candelabra, plants","open plan with dining area leading to an outdoor patio","The interior is characterized by clean lines, a neutral color palette, and elegant furnishings. The open layout connects the indoor space with the outdoors, while candles add warmth and soften the atmosphere."
"southwestern_648.jpg","Southwestern","red, blue, orange","adobe, tile, concrete, metal","natural light from skylights","earthy and warm","fountain, outdoor seating area, planter with succulents","rectangular courtyard with central focal point","This image showcases an outdoor space designed in a Southwestern style, characterized by the use of red and blue tile, adobe walls, and natural lighting. The color palette is warm and earthy, featuring elements like succulent plants and wooden furniture. The layout is rectangular with a central focal point that draws attention to the fountain."
"southwestern_649.jpg","Spanish Colonial","dark blue, light blue, white","tile on walls and floor, wood cabinetry, brass fixtures","recessed lighting with wall sconces","warm and inviting","toiletries in a bowl on sink counter, a framed picture on the wall over the toilet, a bath mat","small bathroom with corner sink and mirror above toilet","This Spanish Colonial style bathroom combines dark blue tile walls and floor with white wood cabinetry and brass fixtures, creating a warm and inviting atmosphere. The recessed lighting and wall sconces provide ample illumination, while the corner sink and mirror above the toilet maximize space efficiency."
"southwestern_65.jpg","Modern Minimalist","white, navy blue, wood accent","oak wood, linen, metal","bright natural light from large windows and ceiling fan","calm and airy","two-tiered bunk beds, couch, coffee table, plant, floor lamp","open space with central seating area in front of large windows","A modern, minimalist room with a clean color palette featuring navy blue accents. A bright and open space with a calming atmosphere created by the ceiling fan and large windows."
"southwestern_650.jpg","Modern Minimalist","light wood, beige, gray","oak wood, stainless steel, glass","natural soft light from large windows","calm and airy","island with a dark brown granite countertop, stainless steel appliances, modern light fixtures, wooden cabinets","open space with central island, flanked by double ovens on opposite walls of the kitchen.","This modern minimalist kitchen features an open layout with a large central island, wooden cabinets, and stainless steel appliances. The light wood color palette is complemented by gray accents, creating a calm and airy atmosphere."
"southwestern_651.jpg","Modern Industrial","blue, black, white","wood, metal, tile","mixed natural and recessed lighting with dimmer switches for control","modern and sleek, but also warm and inviting","blue cabinets, island with stove and hood, wooden countertops, metal faucet","kitchen with open concept dining area, creating a central workspace and social space","This kitchen combines modern industrial elements with warm tones and natural materials to create a welcoming yet stylish space."
"southwestern_652.jpg","Rustic","earthy tones, natural greens, muted blues","wood, stone, metal","Warm, ambient lighting with a combination of overhead and accent lighting.","Cozy and inviting, reminiscent of a countryside kitchen.","large center island, wooden bar stools, vintage-style oven range, stone wall shelf","The kitchen has an open floor plan with the central island serving as a focal point for dining and socializing. There is ample counter space around the sink area, providing plenty of room for food preparation.","This rustic kitchen features wood paneling on the walls and ceiling, creating a warm and inviting atmosphere. The center island serves as both a workspace and dining spot, while overhead cabinets provide additional storage."
"southwestern_657.jpg","Modern Minimalist","white, beige, light wood","wood, linen, concrete, metal","natural soft light from large windows","calm and airy","couch, coffee table, chair, plant, sofa","open space with central seating area and a view of the outdoors through a large window","This living room is designed in a modern minimalist style, featuring a neutral color palette with natural materials like wood and concrete. The room is well-lit by the sunlight coming through the large windows, creating a calm and airy atmosphere."
"southwestern_658.jpg","Southwestern","sandstone, terracotta, muted blue","stone, adobe bricks, leather, brass","Natural light from large windows and a high ceiling with exposed beams.","Earthy, rustic and warm.","wooden furniture with leather accents, woven rugs, saddle blanket thrown over back of sofa, large clay pot as a vase","Open floor plan leading to outdoor patio with large arched entryway.","A southwestern style interior with warm earth tones, rustic materials and furniture, natural lighting and an open, inviting layout."
"southwestern_659.jpg","Scandinavian","green, white, beige","artificial grass, wooden border fence, metal flagpole","natural daytime light","calm and serene","putting green, flagstick, patio furniture","open space with central green island","A modern Scandinavian-style patio designed for outdoor relaxation, featuring an artificial putting green and flagstick."
"southwestern_66.jpg","Modern Minimalist","white, beige, light wood","wood, fabric, glass","soft natural light from large window","calm and serene","bed, side table, lamp, couch, rug","open space with central bedroom area","A modern, minimalist room featuring soft, natural lighting and a calming atmosphere. The centerpiece of the room is a large bed dressed in white linens, flanked by a side table and lamp, with a comfortable couch and rug providing ample seating space."
"southwestern_660.jpg","Southwestern","beige, brown, green","stone, wood, metal","natural light from windows and skylights","warm and inviting","chair, table, plant, lantern","long hallway with open archways to courtyard","This image features a Southwestern-style interior design with a warm color palette that incorporates stone, wood and metal materials. The space has natural lighting from windows and skylights, creating an inviting atmosphere."
"southwestern_661.jpg","Industrial Loft","white, dark wood","oak, linen","overhead track lighting with warm-toned bulbs","modern and minimalist, with a touch of rustic charm","wooden bunk beds, wooden table with two lamps on either side, wool blanket draped over the top bunk","a long hallway lined with open loft spaces, leading to a central seating area under track lighting","The space features an industrial loft design, with dark wood and white color palette. The overhead track lighting gives off a warm glow that contrasts with the cool tones of the wooden bunk beds. A wool blanket adds texture to the scene. The minimalist style is complemented by the open layout."
"southwestern_662.jpg","Southwest","earthy brown, sage green, clear blue","stucco, wood beams, stone tiles","natural light with wooden shades and warm ambient lighting","rural tranquility","large wooden door, stone archway, pool, potted plants","enclosed courtyard with central entryway to pool area","This Southwest style house features earthy tones and natural materials, creating a rustic yet inviting atmosphere."
"southwestern_663.jpg","Modern Minimalist","beige, white, light wood","concrete, wood, metal","soft light from large windows and interior lights","warm and inviting","sofa, coffee table, plant, floor lamp, seating area","open space with central seating area surrounded by other furniture","This modern minimalist design features a neutral color palette, concrete walls and floors, wood accents, and soft lighting. The open layout includes a comfortable seating area in the center, complemented by various decorative elements."
"southwestern_664.jpg","Scandinavian","neutral tones, wood accents","oak wood cabinetry, stainless steel appliances, granite counters","natural light with recessed spotlights","bright and airy","island, stools, hanging pendant lights, wine rack","open space with center island, open shelving, and large windows","This modern kitchen combines a warm color palette with natural materials to create an inviting space that is both functional and stylish."
"southwestern_665.jpg","Scandinavian","light wood, white, gray","wood, metal, glass","bright with natural light coming through the windows and skylights","airy, spacious, and inviting","open kitchen shelves, pantry with jars of food, stainless steel appliances","long narrow galley-style layout","This kitchen design features Scandinavian elements such as open shelving and natural light. The color palette is warm, with a focus on wood and neutral tones. Materials include wood, metal, and glass, contributing to a modern yet cozy atmosphere."
"southwestern_666.jpg","Southwestern","rust, red, beige","wood, clay, silk","warm and low ambient light from small lanterns with candles","earthy and cozy","couch, coffee table, throw blanket, wall art, small sculpture","open space layout with central seating area","This living room has a Southwestern style, featuring warm earth tones and materials such as wood, clay, and silk. The low ambient lighting creates a cozy and intimate atmosphere, while the open space design allows for easy movement and interaction."
"southwestern_667.jpg","Modern","blue, white, wood","stone, glass, metal","Natural sunlight with accents of warm LED lights","Relaxed and luxurious","pool, outdoor furniture, landscaping, patio, stairs","Open concept with indoor pool leading to outdoor living space","A modern, luxurious swimming pool in a backyard with an open layout that connects the interior and exterior spaces."
"southwestern_669.jpg","Contemporary","gray, beige, green","wood, leather, stone, fabric","Soft ambient lighting with accent light on artwork.","Calm and inviting.","couch, coffee table, flat screen TV, wine rack, potted plant","Open concept living space featuring a fireplace, wine rack, and comfortable seating area.","This contemporary living room is designed with warm tones and natural materials to create a welcoming and relaxing atmosphere."
"southwestern_67.jpg","Southwestern","earthy tones, muted reds, natural greens","wooden beams and planks, tile backsplashes, natural stones","soft ambient lighting with occasional overhead fixtures","rustic yet comfortable","kitchen island, bar stools, wooden shelves, vintage decor pieces","open space with central bar area surrounded by seating and appliances","The interior design of this kitchen/bar combo features a warm, inviting Southwestern style. Earthy tones dominate the palette, complemented by wooden beams and planks as well as tile backsplashes. The space is illuminated by soft ambient lighting with occasional overhead fixtures that add to the rustic feel."
"southwestern_670.jpg","Southwestern Desert Modern","beige, rusty orange, copper, teal","adobe brick, stone tile, rusted metal, leather","natural light from large windows and skylights, with warm artificial lighting in the evenings","warm, inviting, and relaxed","vintage cowhide rug, large adobe fireplace, antique Mexican wood carving, metal lantern","a blend of indoor and outdoor spaces with open flow between areas","This home's design is inspired by the Southwestern desert, featuring materials like adobe brick and stone tile. The space is inviting, warm, and relaxed, designed to blur the lines between indoors and outdoors."
"southwestern_671.jpg","Southwestern","red-orange, cream, green","stucco, wood, stone","Warm natural light from multiple windows and patio doors","Vibrant and cozy","adobe archway, wooden door with grate, straw-like ceiling covering, potted cacti and succulents, stone planter with agave plants","L-shaped courtyard with central sitting area on patio","This Southwestern style house features a warm color palette of red-orange, cream, and green. Stucco walls, wood accents, and stone elements create a vibrant and cozy atmosphere. The L-shaped courtyard offers multiple seating areas and is surrounded by an array of cacti and succulents."
"southwestern_672.jpg","Spanish Colonial","white, light brown, wood, steel","stone, wood, brick, concrete","natural light with accent lighting","rustic and welcoming","wooden archway, wagon wheel, cactus, saddle","open courtyard style with covered area for shade","This space is a covered entryway to a rustic, outdoor courtyard. The design features Spanish Colonial influences with natural stone and wood finishes. The mood is welcoming, and the layout provides easy access from one side of the courtyard to another."
"southwestern_673.jpg","Modern Minimalist","white, beige, light wood","wood, fabric, glass","natural soft light from large windows and recessed lights","calm and airy","sofa, coffee table, plant, floor lamp, rug","open space with central seating area flanked by walls of glass","This modern living room features a minimalist design, characterized by its white walls and light wood flooring. The furniture is arranged around a central seating area, which includes a sofa and coffee table. A large rug ties the space together, while recessed lighting complements the natural light coming through the walls of glass."
"southwestern_674.jpg","Modern Minimalist","light wood, white, grey, black","oak wood, stainless steel, leather","soft overhead lighting with under-cabinet lights for task illumination","modern and sleek","large island, bar stools at counter, hanging pendant light, range hood","open concept with kitchen flowing into dining area","This modern kitchen is designed with a minimalist approach, featuring light wood cabinetry and sleek stainless steel appliances. The space opens up to the dining room, creating a seamless flow between the two areas."
"southwestern_675.jpg","Modern Minimalist","white, beige, light wood","wood decking, brick pavers, stainless steel railing","natural soft light from large windows and outdoor lighting accents","calm and airy","wicker sofa, coffee table with glass top, plant in white pot, floor lamp with shade","open space with central seating area on deck","This outdoor living space is a serene and modern retreat, featuring minimalist design elements and natural materials that blend seamlessly with the environment."
"southwestern_676.jpg","Modern Minimalist","earthy tones, green accent","stone, wood, metal","natural light from large windows","calm and airy","tree, fountain, bench","curved walkway around pond","A modern minimalist garden with an earthy color palette, featuring a stone fountain at the center of a curved walkway surrounded by trees and a wooden bench."
"southwestern_677.jpg","Mexican","ochre, blue, white","wooden beams, terracotta tiles, brass","ambient and focused lighting with recessed ceiling fixtures","warm, inviting, and rustic","antler trophy, vase with flowers, large crucifix, painting of religious figure","long narrow space with arched doorways","A traditional Mexican hallway with wooden beams, terracotta tiles, and a warm atmosphere featuring artwork, trophies, and floral accents."
"southwestern_678.jpg","Modern Minimalist","white, black, wood accents","concrete, wood beams, glass railings","natural light with ceiling lights","calm and airy","circular sofa, coffee table, outdoor fireplace, large plant, decorative pillows","open space with central fire pit surrounded by seating and furniture","Modern minimalist backyard with a rustic stone outdoor fireplace, wooden beams on the patio, and a circular sofa facing the fire pit."
"southwestern_679.jpg","Scandinavian","white, beige, light wood","tile, bamboo, wicker","natural light from skylight and decorative lights","calm and tranquil","bathtub, wicker baskets, potted plants, vase, framed picture","tilework on walls with central bathtub and potted plants as accents","A serene, calming bathroom decorated in a Scandinavian style with clean lines and natural materials."
"southwestern_68.jpg","Modern","white, gray, yellow","wood, fabric, glass","natural light from large windows","calm and sophisticated","bed, sofa, armchair, area rug, wall art","open space with central seating area","This modern bedroom design features a neutral color palette, primarily white and gray, accented by yellow. The room is well-lit by natural light coming in from large windows. The material choices include wood for the bed frame and floor lamp, fabric for upholstery, and glass for an accent wall. A cozy sofa and armchair are arranged around a central seating area, which is softened with an area rug featuring geometric patterns. Above the bed, there's a colorful wall art piece that adds a touch of personality to the room."
"southwestern_680.jpg","Scandinavian","purple, green, grey","wood, stone, fabric","Natural sunlight filtering through trees and shrubs.","Peaceful and serene","bench, pathway, flower beds, shade tree","Sparse and open garden area with curved pathways","A peaceful outdoor space featuring natural materials, a palette of calming colors, and a Scandinavian design aesthetic."
"southwestern_682.jpg","Modern Minimalist","white, black, natural wood","metal panels for exterior walls, wood for interior walls, concrete for flooring","Natural light from large windows and a window above the door allows for ample daylight. Additional lighting is provided by ceiling recessed lights.","Calm and airy with a touch of rustic charm.","patio chair, pottery planter, wooden dining table, outdoor rug","Open-concept living space with a central seating area.",""
"southwestern_683.jpg","Southwestern","earth tones, desert greens","adobe brick, stucco, natural stone","natural light from large windows and vaulted ceilings","warm and inviting","potted plants, rustic wooden furniture, weathered metal decorations","spacious outdoor courtyard with central fountain, leading to indoor living space","This Southwestern-style home showcases a warm and inviting atmosphere, blending modern comforts with traditional materials and colors."
"southwestern_684.jpg","Scandinavian","white, beige, light wood","wood, fabric, glass","Natural soft light from large windows","Calm and airy","sofa, coffee table, plant, floor lamp, bookshelves, throw pillows","Open space with central seating area","This is a cozy living room with a Scandinavian design, featuring white walls and furniture with natural wood accents. The room has large windows allowing plenty of light to enter, creating a calm and airy atmosphere. A comfortable sofa and coffee table form the central seating area, and a plant adds a touch of greenery. To one side of the room is a bookshelf filled with books, while on the opposite side there's a floor lamp providing additional lighting."
"southwestern_685.jpg","Contemporary","white, grey, wood","wood, stone, metal","Natural light from windows and skylights, complemented by ambient and task lighting.","Warm and welcoming with a touch of elegance.","kitchen island with wooden top, barstools, baskets for fruit and bread, vases with flowers","Open-concept layout connecting kitchen to living room, with the bar area as central focal point.","This contemporary kitchen features a warm color palette, wooden island and bar area, stone details, and ample natural light."
"southwestern_686.jpg","Modern Minimalist","white, beige, light wood","wood, fabric, metal","bright and natural from multiple windows","modern yet inviting","sofa, coffee table, area rug, floor lamp","open floor plan with central area for seating and conversation","The living room is designed in a modern minimalist style, featuring neutral colors and materials that create a warm and inviting atmosphere. Multiple windows allow for abundant natural light to fill the space."
"southwestern_687.jpg","Modern Southwestern","beige, earth tones, green","adobe bricks, wooden doors and windows, natural stone","Natural light from large windows and skylights, enhanced by warm recessed lighting.","Warm and inviting with a touch of rustic charm.","adobe fireplace, wooden door and windows, cacti and succulents, woven rugs","Open concept living space with a separate bedroom wing.","This modern Southwestern-style house combines earth tones, adobe construction, wooden accents, and natural light to create a warm and inviting atmosphere."
"southwestern_688.jpg","Scandinavian","beige, natural wood, blue accent","brick wall, wood beams and pillars, concrete floor","natural soft light from large windows","warm and inviting","outdoor seating area with chairs and a table, pool in the backyard, cacti as plants","open space layout leading to an outdoor seating area","The image showcases a modern Scandinavian style house with a warm, inviting atmosphere. The color palette is soft and natural, primarily beige with accents of blue. Materials used include brick walls, wood beams and pillars, and concrete floors. Large windows allow for ample natural light, creating a calm and bright space. Outdoor elements like the pool and cacti add to the relaxed feel of the setting."
"southwestern_689.jpg","Scandinavian","beige, light wood, blue","stone, wood, glass","natural soft light from large windows and skylights","calm and airy","sofa, coffee table, plant, floor lamp, chair","open space with central seating area and fireplace","This Scandinavian-style house features a warm and welcoming ambiance, with natural stone walls, wooden accents, and floor-to-ceiling windows that fill the interior with soft light. The layout emphasizes an open and inviting space, perfect for gatherings or quiet relaxation."
"southwestern_69.jpg","Modern Minimalist","beige, wood, green","linen, concrete, steel","natural soft light from large windows","calm and airy","sofa, coffee table, plant, floor lamp","open space with central seating area","The interior design features a Modern Minimalist style, with beige linen walls, wood accents, and steel furniture. The room has natural soft lighting from the large windows surrounding the central seating area, which is adorned with plush sofas and a coffee table. A plant and floor lamp add to the calm and airy mood of the space."
"southwestern_690.jpg","Modern","white, light brown, dark grey","wood, steel, silestone","under-cabinet lighting and ceiling recessed lighting","bright, spacious and inviting","island with bar stools, modern pendant lights, large picture window, stainless steel appliances","open concept with kitchen, dining and living spaces in one continuous flow","Modern kitchen with a bright color scheme, wood accents, and sleek stainless steel appliances."
"southwestern_691.jpg","Modern Southwestern","rustic earth tones, deep reds and browns","natural stone walls, wooden ceiling beams, leather upholstery","warm, ambient light from recessed lights, a fireplace, and natural sunlight coming in through large windows","warm and inviting with a touch of rustic charm","large sectional sofa with throw pillows, wooden coffee table, vintage-style lanterns on poles, a tall, slender wooden sculpture, two decorative pots","open floor plan with a central sitting area adjacent to the kitchen","This living room features a warm Southwestern design, blending natural materials and textures with rustic accents."
"southwestern_692.jpg","Modern Minimalist","neutral grays, natural wood tones, soft pastels","wood, linen, concrete, leather","Natural light from large windows with a hint of diffused sunlight through the wooden ceiling beams.","Calm and serene, with a touch of elegance.","sectional sofa, wooden coffee table, vase with fresh flowers, floor lamp","Open space with a central seating area and surrounding lounging spaces.","This modern minimalist living room features neutral grays, natural wood tones, soft pastels, and natural materials. The large windows let in abundant natural light, enhancing the serene atmosphere. A sectional sofa anchors the space, with surrounding lounging areas providing additional seating options."
"southwestern_693.jpg","Modern","blue, white, wood","wood, porcelain, glass","recessed lighting with a soft, warm glow","modern and sleek with a touch of rustic charm","large kitchen island, hanging pendant lights, wooden cutting board, black and white geometric pattern on the wall","an L-shaped layout with a small nook for dining or sitting area","This kitchen combines modern design elements with rustic accents to create a warm, inviting space."
"southwestern_695.jpg","Modern Minimalist","light brown, green, purple","granite rock, concrete pavers, steel beams","natural light from skylights, supplemented by under-mounted LED lighting","serene and naturalistic","rock garden feature, low maintenance shrubbery, flowering plants","narrow rectangular space with curved edges","A modern, minimalist outdoor living space featuring a mix of natural materials and plants that emphasize the beauty of both the rocks and flowers."
"southwestern_70.jpg","Modern Minimalist","brown, beige, grey","leather, wood, steel","warm and cozy, with recessed lighting and a floor lamp","calm and serene","king-size bed, couch, coffee table, area rug, wall art","open space with central seating area, flanked by side tables","The interior design of a hotel room features a warm and minimalist aesthetic, with natural materials and soft lighting. The layout is open and inviting, with the bed as the focal point."
"southwestern_700.jpg","Modern Minimalist","white, grey, beige","wood, steel, glass","natural soft light from large windows and track lighting","calm and airy","sofa, coffee table, floor lamp, plant, bookshelf","open space with central seating area, connected to outdoor patio","This modern living room is designed in a minimalist style, featuring light wood and steel accents against a neutral color palette. The space utilizes natural light from large windows and track lighting for ambient illumination."
"southwestern_702.jpg","Modern Minimalist","gray, white, natural wood","brick, marble, wood","large floor lamps with warm white LED bulbs, complemented by recessed ceiling lights.","modern and sophisticated, with a touch of rustic charm from the exposed brick wall.","sofa, couch, coffee table, floor lamp, area rug","open concept space featuring an L-shaped seating arrangement centered around a stone fireplace, with a large window allowing for natural light and views of the outdoors.","This living room combines modern minimalist design elements with rustic accents, creating a warm yet stylish atmosphere."
"southwestern_704.jpg","Native American","brown, red, gold","wood, stone, leather","natural light from skylights and windows","warm and inviting","long bench, large teepee structure, pillow seating area, weaving display","circular arrangement for communal gathering","This interior design features an authentic Native American style, using earthy materials like wood and stone to create a warm and inviting space. Natural light floods in from skylights and windows, highlighting the textures of the wooden beams and leather seating. A central teepee structure serves as a focal point for communal gatherings, while a long bench offers additional seating options. The color palette is rich with earth tones, complemented by accents of red and gold. Objects like a large weaving display showcase traditional craftsmanship."
"southwestern_706.jpg","Scandinavian","white, beige, light wood","wood, concrete, glass","natural soft light from large windows and vaulted ceilings","calm and airy","sofa, coffee table, plant, floor lamp","open space with central seating area, surrounded by desert landscape","This contemporary home features a minimalist Scandinavian design, with neutral color tones and natural materials. The open layout allows for ample light from the large windows and vaulted ceilings, creating a serene and airy atmosphere."
"southwestern_709.jpg","Scandinavian","white, beige, brown","tile, wood, brass","natural light from a large window overhead","calm and serene","bathtub, table, plant","open space with tub in corner against wall, table by the tub for convenience","This bathroom follows a Scandinavian design style, featuring an open layout with a white tub tucked into a corner against the wall. The room is bathed in natural light from a large window overhead, creating a calm and serene mood. The materials include tile for the tub surround, wood for accents, and brass for fixtures such as the faucet and door handles."
"southwestern_71.jpg","Modern","beige, green, orange","concrete, wood, stone","natural sunlight from large windows","calm and serene","bench, planter, tree, path light","curved path through a garden","A modern garden with beige stone, green foliage, and natural light."
"southwestern_710.jpg","Scandinavian","white, beige, black, brass","wood, glass, steel, concrete","natural soft light from large windows and recessed ceiling lights","calm and airy with a touch of coziness","kitchen island, wooden dining table, hanging pendant lights, copper-colored pots, framed artwork","open space with central seating area, kitchen island adjacent to dining and living areas","This modern Scandinavian kitchen features a light and airy design with an emphasis on natural materials such as wood and concrete. The color palette is neutral but with bold accents of black and brass, giving it a sleek yet warm feel. The large windows allow for ample daylight to fill the space, enhancing the calm atmosphere. The kitchen island provides additional counter space and serves as a central gathering point for cooking and dining, while the adjacent dining area includes a wooden table surrounded by chairs. A copper-toned pendant light hangs above the table, adding warmth and texture to the space."
"southwestern_711.jpg","Modern","white, light wood, gray","concrete, steel, wood","sunlit courtyard and interior spaces with recessed lighting","calm and modern","pool, large outdoor seating area, floor lamp, plant","open floor plan with pool as central feature","This modern house features an open floor plan, clean lines, minimalist design elements, and a courtyard pool that connects the indoor living spaces to the outdoor environment."
"southwestern_712.jpg","Modern Western","red, brown, black","leather, wood, brass","ambient with warm tones","cozy and rustic","sofa, couch, coffee table, fireplace, rug","living room arranged around fireplace with seating facing television","The living room is designed in a modern western style, with red and brown as the main color palette. The space features leather furniture, wood accents, and brass decorations, creating a warm and inviting atmosphere."
"southwestern_713.jpg","Scandinavian","white, beige, wood tones","concrete block, wood trim, tile","Natural light from sliding glass doors and ceiling-mounted lights","Bright, airy, and spacious","sofa with throw blankets, coffee table with decorative trays, floor lamp, artwork on the wall, vases with flowers","Open-concept living room, dining area, and kitchen","This modern Scandinavian interior design features concrete walls, wood tones, and natural light, creating a bright and airy space that is spacious and inviting."
"southwestern_714.jpg","Rustic","neutral earth tones, natural woods, stone, metallic accents","wood paneling, brickwork, leather upholstery, cable knit blankets","Natural light from large windows and skylights, with warm ambient lighting provided by wooden beams and stone pillars.","Warm, inviting, and cozy, with a touch of rustic charm","sectional sofa, wooden coffee table, fireplace, large area rug","Open concept living space with high ceilings, wood flooring, and stone walls. A wooden staircase leads to an upstairs loft area.","A cozy rustic-style living room that seamlessly flows into the adjacent dining and kitchen areas."
"southwestern_715.jpg","Modern","white, light gray, dark brown","wood paneling, glass, metal","Natural light from large windows and skylights, with recessed ceiling lights adding ambient light.","Sleek and contemporary with a touch of warmth.","modern sectional sofa, floor lamp, minimalist coffee table, plant, abstract art","Open floor plan, living room flowing into kitchen area.","The house showcases a modern design with clean lines and neutral colors. Natural light floods in through large windows, creating an airy and spacious feel."
"southwestern_716.jpg","Modern Minimalist","black, white, brass","glass, wood, steel","recessed lighting and wall sconces with white lampshades","clean and serene","modern towel rack, brass faucet, large framed mirror, white soap dish","space divided into shower and toiletry areas","A sleek modern bathroom with black tile walls, white fixtures, glass doors on the shower, and brass accents throughout."
"southwestern_717.jpg","Modern Minimalist","beige, brown, cream","wood, fabric, concrete","Soft and natural light from large windows.","Warm and cozy","king size bed, large flat screen TV, couch with throw pillows, lamp with wooden base, large area rug","Open space layout with bedroom in front of large windows, providing view of desert landscape.","This is a modern minimalist hotel room with warm beige tones. The space features a king size bed with throw pillows, a large flat screen TV mounted on the wall, and a comfortable couch for relaxation. Wooden accents in the lighting fixtures add to the natural ambiance, while the large area rug provides warmth underfoot. The room's layout opens up to the desert landscape outside, allowing guests to enjoy stunning views of nature."
"southwestern_718.jpg","Southwestern","earthy tones, stone grey, warm orange","stucco, wood, steel","natural light from large windows and skylights","rustic yet refined","outdoor lounge chair, wood-burning fireplace, large vase with succulents, stone wall accent","open concept with stone foundation and wood-beamed ceiling","This Southwestern style home combines natural materials, a neutral color palette, and earthy tones to create a warm and inviting atmosphere. The open floor plan allows for easy movement between spaces, while the outdoor lounge chair provides an additional seating area. The wood-burning fireplace serves as the focal point of the living room, with the stone wall accent adding texture and interest."
"southwestern_719.jpg","Modern","neutral, white, gray","stone, wood, fabric","overhead track lighting with warm white bulbs","inviting and comfortable","fireplace, large sofa, coffee table, lounge chair","linear arrangement with fireplace as focal point, leading to seating area","This modern living room features a neutral color palette with stone walls and wood accents, creating a warm and inviting atmosphere. The large sofa and coffee table are positioned near the fireplace, which is surrounded by stone tile for a cozy sitting area. The overhead track lighting enhances the natural light from nearby windows."
"southwestern_72.jpg","Southwestern","earth tones, red accents, navy blues","wood, cork, clay","warm and dim, creating a cozy atmosphere with fireplace and candles","relaxed and inviting","lounge chair, coffee table with decorative trays, rug on stone floor, potted plant","spacious open living area with curved walls and a large window for viewing the mountains","This Southwestern living room is designed to feel like an extension of the outdoors, incorporating warm materials, earth tones, and cozy lighting for a relaxed, inviting atmosphere."
"southwestern_720.jpg","Modern Southwestern","beige, rust, blue","adobe brick, corten steel, wood","natural light and soft outdoor lighting","warm, inviting, and cozy","patio furniture, potted plants, artwork","open courtyard with raised platform","This modern Southwestern space features warm earth tones with a rust accent, adobe brick walls, natural lighting from large windows and a skylight, and outdoor lighting that highlights the steel and wood doors. The central patio area is surrounded by potted plants and artwork, creating a relaxed, cozy atmosphere."
"southwestern_721.jpg","Modern","beige, light wood, dark brown","wood, stone, metal","natural and artificial light mix","warm and inviting","kitchen island, stainless steel appliances, wood cabinetry, stone countertops","U-shaped layout with cooking area in center, flanked by seating and dining spaces","A modern kitchen with a warm, inviting atmosphere featuring wood cabinetry, stone countertops, stainless steel appliances, and a central kitchen island."
"southwestern_722.jpg","Southwestern","rustic brown, natural beige, warm orange","clay, wood, stone","natural light from windows and lanterns","inviting and rustic","adobe wall, kiva fireplace, potted cactus, weaving loom","open floor plan with multiple seating areas","This interior design features a Southwestern style with natural materials and warm colors, creating an inviting and rustic atmosphere."
"southwestern_723.jpg","Scandinavian","white, copper","wood, glass","bright and natural light","calm and serene","vase with flowers, plant, jars on shelf","clean lines and uncluttered space","This interior design features a Scandinavian style with a clean, bright aesthetic using natural materials like wood and glass. The copper accents add warmth to the predominantly white color palette."
"southwestern_724.jpg","Mid-Century Modern","white, black, red","stucco, wood, metal","bright natural light from windows and small skylights","vibrant and cheerful","chair, table, couch, plant","open and airy with high ceilings","This modern mid-century styled home features stucco walls, bright colors, wood accents, metal fixtures and furnishings, all bathed in natural light. The space is open, inviting, and vibrant."
"southwestern_725.jpg","Modern","beige, green, blue","wood, stucco, stone","Natural light from large windows and skylights","Warm and inviting","cactus garden, large planter with desert plants, front door with built-in artwork, stone fireplace, contemporary outdoor furniture","House with a spacious front patio and pathway leading to the entrance","This modern house features an open floor plan, clean lines, and a warm color palette of beige, green, and blue. It is surrounded by a beautiful cactus garden and desert plants, creating a serene and inviting atmosphere."
"southwestern_726.jpg","Mountain Contemporary","earth tones, green accents","stone clay, wood planks, leather","warm and natural light","serene and inviting","cabin structure, stairs with plants, large stone fireplace, rustic wooden bench","outdoor setting with steps leading to deck","A rustic mountain cabin with natural building materials, warm lighting and a stone fireplace."
"southwestern_727.jpg","Southwestern","beige, brick red, terracotta","stucco, stone, wood","Soft, warm light from overhead lights and a fireplace.","Warm and welcoming","wicker chair, outdoor rug, large outdoor pottery","Southwestern-style courtyard with a central patio surrounded by walls made of stone and stucco.","The image displays an interior design style characterized by the use of warm earth tones, natural materials such as stucco and wood, and a focus on outdoor elements like potted plants. The overall atmosphere is welcoming and reminiscent of southwestern homes."
"southwestern_728.jpg","Southwest","earth tones, reds, browns","stucco, adobe bricks, wood beams","Natural sunlight streaming in through large windows and patio doors, with soft overhead lighting.","Warm and inviting with a touch of rustic charm.","patio set for 4, vase with flowers, candle chandelier, potted plants","Open floor plan with an L-shaped patio that extends the living space to the outdoors.","A Southwest style home with a warm and inviting atmosphere featuring earth tones, stucco walls, wood beams, and plenty of natural sunlight."
"southwestern_729.jpg","Modern","white, wood, green","stone, concrete, rattan","soft and warm","cozy and inviting","pool table, chairs, couches, potted plant","L-shaped outdoor seating area with poolside bar","This interior design features a modern and minimalist style with warm lighting, an L-shaped patio with chairs and couches surrounding a pool table, and a cozy atmosphere."
"southwestern_73.jpg","Modern Minimalist","grayscale, brass accents","marble, wood, metal","ambient recessed lighting, with accent lighting from wall sconces","modern and luxurious","freestanding bathtub, his and hers vanity sinks, floor-length mirrors","linear layout, with freestanding tub facing large wall mirrors","This bathroom features a clean, modern design with a monochromatic palette and elegant materials, providing an upscale atmosphere for relaxation."
"southwestern_730.jpg","Modern Minimalist","white, beige, light wood","stucco, cushioned leather furniture, wood floor","bright and energetic from recessed lighting","warm and cozy","leather sofa, coffee table, flat-screen TV, fireplace, plant","open space with central seating area","This modern living room features a minimalist design with white stucco walls, light wood accents, and cushioned leather furniture. A cozy fireplace in the corner adds warmth to the space."
"southwestern_731.jpg","Southwestern","orange, yellow, green","tile, brass, wood","natural sunlight from window","vibrant and cheerful","rug, potted plant, shower curtain, toothbrush holder","small bathroom with shower stall area","Southwestern-themed bathroom with colorful tilework and wooden elements, featuring a rug, potted plant, shower curtain, and toothbrush holder."
"southwestern_732.jpg","Southwestern","rust, sand, cinnamon","wood, leather, clay","warm from fireplace and natural light","vibrant and inviting","sofa, coffee table, wooden chest, decorative vases","open concept with stone walls and beams","This Southwestern style living room is filled with warm earth tones, natural materials, and rustic furniture. The open space features a cozy seating area around the fireplace and ample windows for natural light. A wooden chest adds storage and decor, while vases add color and texture to the room."
"southwestern_733.jpg","Modern Minimalist","beige, light brown, brown","wood, cane, wicker, metal","natural soft light from large windows and recessed ceiling lights","calm and serene","large bed with patterned headboard, wall art of fish, wooden dresser, nightstands with lamps","open space with central focal point, featuring large bed in front of wall art","The room is a serene and modern bedroom with minimalist design elements and natural materials. The color palette consists of neutral tones with wood accents. Lighting comes from recessed ceiling lights and natural light entering through the large windows. The layout features an open space with a central focal point, showcasing the large bed in front of the wall art."
"southwestern_734.jpg","Southwestern","light beige, cream, navy blue","wood planks on ceiling and walls, cushioned upholstered seating, brass finishes","Warm ambient light from overhead fixture","Rustic with a touch of luxury","flat-screen TV mounted on wall, wooden sideboard, vase of flowers, decorative pillows","Lounge area with central seating under large window","A Southwestern themed living room with wood plank ceiling, comfortable cushioned furniture, a mounted flat screen TV and a cozy fireplace creating an inviting atmosphere."
"southwestern_735.jpg","Modern Minimalist","white, beige, light wood","wood, linen, fabric","natural soft light from large windows","calm and airy","sofa, coffee table, plant, floor lamp","open space with central seating area","This modern living room features a minimalist design, with light wood tones and white walls. The large windows let in plenty of natural light, creating an airy and serene atmosphere. The furniture is arranged around the fireplace, which serves as the focal point of the space."
"southwestern_736.jpg","Modern Minimalist","warm neutral tones, burnt orange accent","natural wood veneer, leather upholstery, smooth marble countertop","modern track lighting with adjustable spots","sophisticated and luxurious","wooden dining table, curved wooden chairs, modern abstract artwork, white marble backsplash","open concept kitchen and living area with island as central focus","This modern minimalist interior features warm neutral tones, curved wooden furniture, sleek marble surfaces, and contemporary lighting. The space is designed for functionality and sophistication, with an open layout that combines the kitchen and living areas."
"southwestern_737.jpg","Modern Minimalist","white, light wood, green","wood, cement, metal","Natural soft light from large windows and a few floor lamps.","Calm and serene, with the presence of water adding to its relaxing atmosphere.","Terracotta pots with plants, Pool table for recreational purposes, Large rectangular wood-burning grill for cooking, Potted plant in corner with a tall, slender plant to add vertical interest, Cement planter along the wall for additional greenery","Open space with central courtyard and pool area. The wood-burning grill is off to one side.","This space combines modern minimalism with a resort-like feel, featuring terracotta pots with plants as its focal point."
"southwestern_738.jpg","Modern Minimalist","green, white, light brown","wood, clay, concrete","bright and airy with natural light","calm and serene","tall plant in center of the area, square potted plants to sides, large planter for shrubs","circle of pots with plants arranged around central tall plant","The interior design is modern, minimalist, and inspired by a natural theme. The color palette features soft greens and browns, complemented by concrete, wood, and clay materials. Lighting is bright and airy, filled with natural light from the surrounding windows. The mood of the space is calm and serene, inviting relaxation and enjoyment of nature. The arrangement consists of a circle of potted plants around a central tall plant, creating an intimate and harmonious garden-like setting."
"southwestern_739.jpg","Southwestern","blue, red, yellow","wood, tile, metal","Natural light from large windows and skylights","Warm, inviting, and vibrant","kitchen island, stainless steel appliances, potted plants, artwork","Open kitchen and dining area with a large counter for food preparation.","This Southwestern-style kitchen features warm colors, vibrant tile work, natural materials, and a spacious layout that encourages interaction and communal meals."
"southwestern_74.jpg","Modern Minimalist","beige, brown, green","concrete, wood, steel","soft, natural light from surrounding windows and patio lights","calm and serene","large concrete planter, natural stone pathway, bushes, steel railing","open space with central planter and surrounding pathway","Modern Minimalist style with clean lines, earth tones, and natural elements."
"southwestern_740.jpg","Modern Minimalist","white, beige, light wood","wood, fabric, metal","Natural soft light from large windows and skylights","Calm and airy with clean lines","Sofa, Coffee table, Plant, Floor lamp, Bookshelf","Open space with central seating area near large windows and skylights for natural light","A modern minimalist living room with a calming color palette, natural light from the windows and skylights, and clean lines and simple furnishings."
"southwestern_741.jpg","Modern Minimalist","beige, light wood, white","steel, glass, stone","Natural soft light from large windows","Calm and airy","dining table, chairs, counters, plant","Open space with central seating area, surrounding by expansive desert views through windows.","This modern minimalist living room features clean lines and neutral tones that create a serene atmosphere. The large windows provide a breathtaking view of the Arizona desert, while the steel beams add an industrial touch to the overall design."
"southwestern_742.jpg","Industrial Loft","white, black, rustic brown","concrete, wood, metal","warm and cozy","inviting and comfortable","dining table, chairs, cactus plant, vase of flowers","open floor plan with kitchen, dining and living room spaces connected","This loft-style interior features an open layout with a warm color palette centered around concrete, wood and black. The industrial style is complemented by the rustic brown accents in the furniture pieces. A cozy lighting scheme contributes to the inviting atmosphere of this space."
"southwestern_743.jpg","Modern Minimalist","white, gray, black","brick wall, wood, tile floor, metal","natural light from skylights and window","clean, modern, and serene","bathroom sink with double vanity, large mirror on the wall, white sofa, wooden bench","open bathroom layout with central seating area","This is a contemporary style bathroom featuring minimalist design elements, with a focus on clean lines and modern fixtures."
"southwestern_744.jpg","Modern","white, gray, blue","brick, wood, glass","Natural light flooding in through the large windows","Clean, spacious, and inviting","white sofa, black leather armchair, abstract art on wall, modern floor lamp, rectangular coffee table","Open plan with separate living room and dining area","This home exudes a contemporary vibe, with clean lines and bright colors creating a spacious yet cozy atmosphere. The large windows flood the space with natural light, contributing to a warm and inviting ambiance."
"southwestern_745.jpg","Mid-Century Modern","beige, white, green, black","wood, brick, glass, metal","Natural light from large windows and skylights, with additional indoor lights.","Warm and inviting, with a focus on creating a comfortable atmosphere.","sofa, coffee table, plant, floor lamp, chairs","Open space with a central seating area, surrounded by additional furniture pieces.","This house features a warm and inviting mid-century modern design, emphasizing comfortable spaces with natural light."
"southwestern_746.jpg","Modern Minimalist","green, sandstone, gray","wooden pots, large boulders, cacti","natural light from the trees above","calm and relaxed","cactus plants, rock garden, concrete planter boxes","arranged in a circular pattern around centerpiece","This modern minimalist landscape design incorporates large wooden planters, cacti and rocks to create a tranquil atmosphere. The color palette is earthy with natural tones of green and sandstone, complemented by gray concrete elements. The space is arranged in a circular pattern around a central focal point, encouraging relaxation and contemplation."
"southwestern_747.jpg","Scandinavian","white, beige, orange","wood, fabric, stone","natural soft light from large windows","warm and cozy","sofa, coffee table, chairs, plant, bookshelves","open space with central seating area","The interior design is Scandinavian, featuring a warm and cozy color palette of white, beige, and orange. The materials used include wood, fabric, and stone, creating a textured and inviting space. Large windows allow for natural soft light that enhances the atmosphere. The open floor plan has a central seating area with a sofa and coffee table surrounded by chairs. Bookshelves add depth to the room and hold a collection of books."
"southwestern_749.jpg","Southwest Modern","sandstone, copper, sky blue","wood and stone, metal railings, glass block","natural light with accent lighting","warm and inviting","adobe walls, large outdoor fireplace, cacti and succulents, Southwestern artwork","open floor plan with indoor pool at center of home","A Southwest Modern home in Arizona featuring sandstone, copper accents, and outdoor living spaces."
"southwestern_75.jpg","Modern","white, wood tones, gray","wood, stainless steel appliances, glass backsplash","recessed lighting with accent under cabinets","contemporary and inviting","island, bar stools, kitchen table, wall art, potted plant","L-shaped layout with central island and perimeter counters","This modern kitchen features a blend of wood tones, gray accents, and sleek appliances. The design includes an L-shaped counter arrangement with a central island providing extra workspace and seating options."
"southwestern_750.jpg","Southwestern","beige, brown, red","adobe, wood, metal","Natural light from windows, enhanced by outdoor lamps","Casual and inviting","sofa, coffee table, plant, outdoor seating, rugs","Open floor plan with indoor-outdoor flow","This adobe house in the Southwest showcases a warm and inviting style, with earthy tones, natural materials, and an open layout that brings the outdoors in."
"southwestern_751.jpg","Modern Minimalist","beige, white, black","wood, leather, fabric","natural soft light from large windows","calm and airy","sofa, coffee table, plant, floor lamp","open space with central seating area","This interior design features a modern minimalist style, with a neutral color palette of beige, white, and black. The materials used include wood, leather, and fabric. Natural light streams in through large windows, creating a calm and airy mood. Furnishings consist of a sofa, coffee table, plant, and floor lamp."
"southwestern_752.jpg","Modern Minimalist","white, brown, black","metal, wood, marble","well-lit by natural light","calm and serene","statue of horse on base, coffee table","open space with central seating area","The design is minimalist, featuring a statue and a wooden coffee table in a well-lit room."
"southwestern_753.jpg","Scandinavian","beige, blue, wood","concrete, stone, glass","natural light from windows and ceiling lights","calm and modern","tub, fireplace, sofa, chairs, rug, lamp","open plan with central tub and fireplace","Spacious bathroom with a cozy fireplace, surrounded by modern design elements."
"southwestern_754.jpg","Scandinavian","light tan, dark grey, navy blue","wood paneling, natural stone, brushed metal","Warm ambient light from under-cabinet and wall sconces, with accent lighting highlighting artwork","Calm and inviting","modern sofa, minimalist coffee table, contemporary artwork, mid-century modern floor lamp","Open space with central focus on seating area, enhanced by light-colored stairs leading to upper level.","This Scandinavian-style living room features a warm color palette and a mix of wood, stone, and metal materials. The space is well lit by ambient and accent lighting, creating a calm and inviting atmosphere."
"southwestern_755.jpg","Southwestern Modern","beige, brown, green","stone, wood, metal","natural light from skylights and large windows","relaxed and inviting","poolside chaise lounges, outdoor fireplace, native plants, patio umbrella","open courtyard with a pool at the center","This outdoor space in the Southwest is designed to maximize comfort and relaxation while taking advantage of the warm climate and natural light."
"southwestern_756.jpg","Southwestern","earth tones, blue-green hues, bright yellow","adobe brick, wooden beams and ceilings, stone accents","natural light from large windows during the day, and warm artificial lighting at night","inviting, cozy, warm","large potted cactus in center of courtyard, woven outdoor furniture with bright pillows, native stone pathway leading to entrance","courtyard with outdoor seating area leading to a covered patio and entrance, surrounded by desert landscaping","This Southwestern style home features warm earth tones, natural materials, and an abundance of native vegetation. The bright colors contrast with the adobe walls, creating a lively and inviting atmosphere that is both cozy and welcoming."
"southwestern_757.jpg","Modern","black, white, wood","metal, brick, wood","natural sunlight coming through the trees","sleek and modern","large wooden gate, stone wall behind gate, black metal fence","open space with path leading to structure in background","A stylish black metal gate surrounded by natural stone walls in a serene, tree-lined setting."
"southwestern_758.jpg","Modern Minimalist","grey, green, rust","stone, wood, metal","natural and diffused light from outdoor sources","calm and soothing","large rocks, shrubs, flowers","organic arrangement with plants as focal points","Modern minimalist garden design with stone, wood, and metal accents, creating a serene atmosphere through the use of large rocks, shrubs, and flowers."
"southwestern_76.jpg","Modern Minimalist","white, orange, wood","pine wood, steel beams, stainless steel","ambient and natural light from large windows","modern and airy","sofa, coffee table, plant, floor lamp, desk, chairs","open space with central seating area and kitchenette","The room has a modern minimalist design with orange accents, featuring wood walls and steel beam ceiling. The open layout is airy and sunlit."
"southwestern_760.jpg","Spanish Mediterranean","beige, rust color, terra cotta","stucco on walls and ceiling, terrazzo flooring, wooden shutters and beams","natural light through arched windows, with some artificial lighting for evening","opulent and luxurious","ornate wrought iron gate and fence, potted palm trees, large sculptures","front entrance leads to a central courtyard with a pool, surrounded by the house on three sides","This Spanish Mediterranean estate home features an elaborate stucco facade, arched windows, and a large open patio area for entertaining."
"southwestern_761.jpg","Southwestern","white, light beige, dark wood","stone, wood, wicker","Natural light from large windows and a skylight","Warm, inviting, and rustic","large stone fireplace, vintage-style sofa, wicker armchair, wooden coffee table with decorative tray","Open floor plan with a central seating area around the fireplace","A cozy Southwestern style living room featuring natural materials, warm colors, and a central stone fireplace."
"southwestern_762.jpg","Modern Minimalist","white, beige, light wood","wood, fabric, glass","natural soft light from large windows","calm and airy","sofa, coffee table, plant, floor lamp","open space with central seating area","This is a modern minimalist living room design, featuring a neutral color palette of white, beige and light wood. The furniture and decor include wooden flooring and walls, fabric upholstery on the sofa and chairs, and glass accents. The layout encourages an open and inviting space with seating centered around the fireplace. The room is well-lit by natural soft light from large windows."
"southwestern_763.jpg","Southwest","purple tile, white grout, brass fixtures","tile, stucco, wood","Natural light from window","Vibrant and warm","toilet, sink, bathtub, mirror","Small space with shower and toilet separate","Southwestern themed bathroom with colorful tiles, bathtub, sink, mirror, and separate toilet area."
"southwestern_764.jpg","Modern Minimalist","beige, white, wood accent","concrete, leather, steel","warm and cozy","calm and airy","sofa, coffee table, fireplace, floor lamp, plant","spacious open floor plan with central seating area","This spacious living room features a modern minimalist design, characterized by clean lines and a neutral color palette. The space is warm and cozy, with concrete walls and a leather sofa that exude comfort. A fireplace in the corner adds to the room's inviting atmosphere."
"southwestern_765.jpg","Modern Minimalist","orange, brown, white","wood, silk, brass","natural light from large windows and ceiling fan","warm and inviting","couches, coffee table, statues, lamp","open layout with a fireplace at the center","This living room is decorated in a modern minimalist style, with warm tones and natural materials. The space is open and inviting, featuring large windows for ample light."
"southwestern_766.jpg","Southwestern","earthy tones, greens, rusts","adobe bricks, wooden beams and rafters, muted earth tones","Ample natural light from large windows and doorways","Casual, warm and inviting","antique wooden table with vintage bottles, large stone fireplace, outdoor seating area, potted greenery","Central courtyard surrounded by open rooms and hallways","A southwestern-style home built in the shade of a large tree, featuring an inviting courtyard, rustic furnishings, and earthy tones."
"southwestern_767.jpg","Modern","beige, blue, green","wood, fabric, metal","bright and even, with natural light coming in from the windows","calm and serene","exercise mat, bike, dumbbells, yoga blocks, potted plant","room is divided into sections for different workouts, with a central seating area for resting or stretching.","The room serves as an efficient home gym space, combining cardio and strength training equipment within a compact layout."
"southwestern_768.jpg","Modern Minimalist","white, beige, light wood","wood, linen, glass","natural soft light from large windows","warm and cozy","couch, coffee table, plant, fireplace, vase","open space with central seating area around fireplace","This living room is designed in a modern minimalist style, featuring light colors and natural materials that create a warm and inviting atmosphere."
"southwestern_770.jpg","Southwestern","earth tones, red accents","stone, wood, clay","ambient and warm, with natural light from windows","cozy and relaxed","leather sofa, coffee table, area rug, kiva fireplace","living area with stone walls and vaulted ceiling","A cozy living room with Southwestern design elements, featuring leather furniture, an area rug, a kiva fireplace, and earth-toned decor."
"southwestern_771.jpg","Modern Minimalist","beige, dark wood, blue","concrete, marble, metal","warm ambient lighting from recessed lights","calm and serene","large mirror, modern sink with faucet, wooden cabinets, toilet","clean lines and simple design","This is a modern bathroom with clean lines, wood accents, and minimalist decor. The space features concrete walls and floors, providing a warm and calming atmosphere."
"southwestern_772.jpg","Modern Minimalist","white, black, wood accents","metal handrails, wood stairs, natural wood floors","dramatic with a focus on ambient light from floor lamps and wall sconces","contemporary and minimalist, with an emphasis on clean lines and simplicity","sectional sofa, modern armchair, coffee table with gold legs, floor lamp, large abstract artwork","open concept design that leads the eye down the stairs to another room","This modern minimalist space is designed for both functionality and visual appeal, with a strong focus on clean lines and contrasting materials."
"southwestern_773.jpg","Southwestern","earth tones, neutral, green","stone, wood, clay","sunny and warm","relaxed and inviting","potted cactus plant, adobe fireplace, straw hat, blanket on the bench","open patio style","This space has a Southwestern motif with earth tones, stone and wood materials, and natural lighting. The open design creates a relaxed atmosphere for lounging or entertaining."
"southwestern_774.jpg","Southwestern","rust orange, sandstone beige, greenish brown","wood framing and flooring, adobe walls, brass hardware","natural light through sliding glass doors, some artificial ambient light from ceiling lights","cozy and warm","large windowed bed with wooden headboard, rustic wooden nightstands, two potted cacti, Southwestern area rug","bedroom has large glass doors, a seating area by the window, and is decorated in a Southwestern style","A cozy bedroom with natural lighting and Southwestern-style furnishings."
"southwestern_775.jpg","Rustic Lodge","natural wood, white, gray","wood paneling, metal roofing, stone veneer","Natural and warm, with ample natural light from large windows.","Warm and inviting, reflecting a cozy, countryside atmosphere.","horse stall, saddle rack, wooden table, bench","The main space consists of an open area leading to separate horse stalls.","This rustic lodge features a simple and functional design, with natural materials and warm colors that emphasize the countryside setting."
"southwestern_777.jpg","Modern Minimalist","natural wood, white, light grey","stonework, reclaimed wood, natural stone","warm, ambient light from floor lamps and a fireplace","cozy and intimate","large, reclaimed wood beams and pillars, wood-burning fireplace, stone benches, modern artwork","open space with central stone seating area under wooden arches","A modern mountain retreat built into the side of a cliff, featuring natural materials and an intimate ambiance."
"southwestern_779.jpg","Modern Minimalist","white, black, wood","oak wood, metal, stone","natural soft light from large windows","calm and airy","bar stools, marble countertop, stainless steel faucet, vase with plants, modern pendant lights","spacious and open with a central kitchen island","This is a modern minimalist kitchen, characterized by a clean, uncluttered look with ample natural light streaming in. The space features oak wood cabinetry and a marble countertop, while the black stools add contrast to the otherwise neutral palette. The large island serves as both a practical workspace and a social gathering spot around which the room is arranged."
"southwestern_780.jpg","Modern Minimalist","beige, light wood, neutral accent","oak wood, linen, concrete","natural soft light from large windows","calm and airy","sofa, coffee table, plant, floor lamp","open space with central seating area","This modern minimalist living room features a neutral color palette with wooden elements and soft lighting to create a calm, airy atmosphere."
"southwestern_782.jpg","Modern","white, beige, wood","oak wood, linen, concrete","soft and warm with recessed lighting in the ceiling","inviting and comfortable","couch, coffee table, plant, fireplace","open floor plan with a central seating area","This modern living room features a cozy couch, warm wood tones, and a fireplace, creating an inviting space for relaxation."
"southwestern_783.jpg","Modern Minimalist","beige, white, brown","tile, fiberglass shower door, metal fixtures","well-lit with natural light from the window","clean and serene","white toilet, brown stool, small framed mirror","compact space with white walls and floor","This is a clean, modern bathroom with minimalist design. The color palette is simple, featuring beige, brown, and white tones. The space uses tile flooring and fiberglass shower doors for easy maintenance. Natural light from the window provides well-lit ambiance."
"southwestern_784.jpg","Southwestern","rusty orange, warm beige, bright red","natural wood, textured fabric, rough stone","Warm and cozy with natural soft light from large windows","Southwestern style creates a warm, inviting atmosphere","king-size bed with ornate dark wooden frame and rustic blanket, two black lamps on either side of the bed, small wooden bench at foot of the bed","The room has an open layout with a central seating area around the fireplace.","This cozy Southwestern-style room features a rustic king-size bed, warm colors, and natural lighting that creates a welcoming atmosphere."
"southwestern_786.jpg","Modern","dark brown, white, gold","marble, brass, wood","Recessed lighting with adjustable bulbs, warm tone.","Elegant and luxurious.","round sink in marble bathroom vanity, large round mirror above sink, wall sconces on either side of mirror","Bathroom with a large rectangular countertop, sink set into countertop, wall sconces flanking the mirror.",""
"southwestern_788.jpg","Modern","white, navy blue, light gray","wood, fabric, glass","natural light during the day, soft ambient lighting in the evenings","serene and inviting","sofa, coffee table, area rug, wall art","open floor plan with a bedroom area separate from living space","A modern and spacious interior design that is both functional and visually appealing, with attention to the use of natural light and neutral color tones."
"southwestern_789.jpg","Southwestern","sandy beige, rustic brown, terra cotta","stone, adobe, stucco","Natural light from large windows and doors","Warm and inviting with a touch of rustic charm","large rug on tile floor, cactus plants in pots, wagon wheel decoration","Open space with central courtyard area, enclosed by low walls","A sprawling adobe ranch house that blends into the desert landscape."
"southwestern_790.jpg","Modern","neutral tones, natural greens","wood paneling, stone wall, metal frame","ambient natural light","warm and inviting","couches, coffee table, lamps, rug, chairs, side tables, picture frames","open layout with central fireplace and seating areas","A modern living room with a cozy atmosphere featuring wood paneling, stone walls, neutral tones, and natural greens accents."
"southwestern_791.jpg","Southwestern","earth tones, rustic reds, natural greens","stone, adobe bricks, wood","Warm, low ambient lighting with a focal point around the fire pit and water features.","Calm and relaxed.","outdoor seating area, cacti, ornamental stonework, outdoor grill","Multi-level patios with a central swimming pool surrounded by lounge chairs, outdoor dining table, and barbecue.",""
"southwestern_792.jpg","Modern Minimalist","gray, beige, green","stone, wood, concrete","natural lighting with a mix of soft and direct sunlight","calm and serene","pathway, rock wall, greenery, bench","a winding path leading through different areas of the garden","This landscape design features a modern minimalist style with a focus on natural materials and light. The color palette is soft with grays, beiges, and greens. A winding path leads visitors through the garden, surrounded by rock walls, greenery, and benches for relaxation."
"southwestern_793.jpg","Modern Minimalist","white, beige, light wood","wood, metal, glass","natural soft light from large windows","warm and cozy","island with cooktop, wooden cabinets, red accents, stainless steel appliances","open kitchen layout with central island","A modern minimalist kitchen with a warm, welcoming atmosphere featuring wooden cabinets and red accents."
"southwestern_794.jpg","Modern Minimalist","white, beige, light wood","stone, wicker, plaster","natural soft light from large windows and ceiling lights","calm and airy","sofa, coffee table, plant, floor lamp","open space with central seating area surrounding fireplace","This outdoor living area is designed in a modern minimalist style, featuring light wood and stone materials that create a warm and inviting atmosphere. The large windows let in natural light, while the ceiling lights provide soft illumination for evenings. A comfortable sofa and coffee table encourage relaxation and conversation, with a potted plant adding a touch of nature. The central fireplace serves as a focal point around which the space is arranged."
"southwestern_795.jpg","Modern","white, beige, light wood","wood, fabric, glass","soft and warm overhead lighting with ambient accent lighting","neutral, calm, and sophisticated","large sectional sofa, cushioned chairs, coffee table, decorative vase","open floor plan with a central seating area","This modern living room features neutral colors, soft lighting, and contemporary furniture."
"southwestern_796.jpg","Industrial Loft","black, white, brass","wood, concrete, metal","reclaimed wood beams and black pendant lights","modern and rustic","kitchen island with barstools, large-scaled industrial metal shelving, wooden countertops, black range","open floor plan with kitchen flowing into dining area","This is a modern, loft-style kitchen and dining space that combines the warmth of natural wood elements with sleek, industrial design accents."
"southwestern_797.jpg","Mountain Lodge","brown, green, wood","wooden planks, stone wall, metal railings","natural light from the large windows and deck","rustic and cozy","stone fireplace, cushioned sofa, potted plant, wooden table","wrap-around seating around the stone fireplace","This mountain lodge features a warm wooden deck with a natural stone fireplace and rustic wooden furniture, surrounded by potted plants that add to the cozy atmosphere."
"southwestern_798.jpg","Modern Minimalist","white, black, wood accents","concrete flooring, steel railing, glass doors","bright and natural light from large windows","open and spacious","modern sofa, black coffee table, floor lamp, large vase with branches","open space design with central seating area under glass doorway","This is a modern minimalist interior with a spacious open floor plan and a focus on bright natural light. The color palette is simple, with black accents on the furniture complementing the white walls and wood elements. The space features concrete flooring, steel railing, and large glass doors that lead to an outdoor area."
"southwestern_799.jpg","Modern Minimalist","white, beige, light wood","wood, fabric, metal","natural soft light from large windows and track lighting","calm and airy","sofa, coffee table, plant, floor lamp, wildlife mounts","open space with central seating area, flanked by natural elements such as wood floors and stone walls","This modern living room features a minimalist design with a neutral color palette of white, beige, and light wood. The wooden floors and ceiling create a warm atmosphere while the track lighting adds brightness. A large window fills the space with natural light. The room is decorated with a few pieces of furniture including a sofa for comfort, a coffee table for functionality, a plant to bring in nature, a floor lamp for extra lighting, and wildlife mounts that add a touch of adventure."
"southwestern_8.jpg","Modern Minimalist","beige, white, natural wood","brick, wood paneling, fabric upholstery","natural soft light from large windows and skylights","calm and airy","sofa, coffee table, vase with flowers, rug, large bookshelf","open space with central seating area, fireplace on one wall","This modern interior design showcases a minimalist aesthetic with neutral colors and a warm atmosphere, featuring a combination of materials such as brick and wood paneling. The furniture includes a comfortable sofa for relaxation, a rug to add texture, and a large bookshelf for storage. Natural light floods the space through multiple windows and skylights, creating a tranquil environment."
"southwestern_80.jpg","Mid-Century Modern","dark brown, light gray, rustic orange","wood paneling, leather upholstery, stone veneer","warm glow from recessed lighting and floor lamps","cozy and inviting","sofa, coffee table, area rug, framed artwork, floor lamp","open concept with fireplace dividing living room from hallway","A spacious, mid-century modern living area featuring warm wood paneling and leather furnishings, complemented by a cozy fireplace."
"southwestern_800.jpg","Modern Minimalist","dark brown, light grey, navy blue","black marble, natural wood, metal, leather","contemporary and dimmable LED lighting with adjustable fixtures","clean, serene, and sophisticated","stone sink countertop, brass bathroom faucet, potted plant, stacked black and white towels","straightforward design with clean lines and no clutter","This is a modern, minimalist bathroom designed for function and style. It features dark brown marble walls, light grey tile flooring, navy blue accents, natural wood accents, and black marble countertops. The space includes a stone sink with a brass faucet, potted plant, towels neatly stacked on the counter, and contemporary LED lighting that can be adjusted for ambiance."
"southwestern_801.jpg","Modern","green, wood, stone","wood, stone, metal","Natural light from the surrounding trees, and supplementary artificial lighting for evening use.","Calm and serene","bench, planter with flowers, wooden pergola, rock garden","An outdoor sitting area surrounded by natural elements, including a wooden bench under a pergola supported by stone columns, with potted plants and rocks adding to the natural feel.","A peaceful and tranquil outdoor sitting area featuring a variety of materials like wood, stone, and metal, designed for relaxation and enjoyment of nature."
"southwestern_802.jpg","Modern","white, light gray, wood accents","concrete, metal, glass","natural light from large windows and skylights","open, airy, minimalistic","modern sofa with cushions, wooden coffee table, minimalist artwork, sleek floor lamp, small indoor plant","open layout with open concept living and kitchen space","Modern style home featuring minimalistic design, natural light, concrete floors, wood accents, and a welcoming atmosphere."
"southwestern_803.jpg","Southwestern","rusty orange, terracotta brown, dark green","wood, stone, clay","soft, warm outdoor lighting","inviting and relaxed","large vase with plant, couch, stone fireplace, floor lamps","patio style layout centered around firepit","This outdoor space has a Southwestern design, featuring natural materials like wood and stone. The warm lighting creates an inviting atmosphere for relaxation."
"southwestern_804.jpg","Modern Minimalist","white, beige, light wood","white brick, oak wood, white marble","natural soft light from large windows","warm and cozy","sofa, coffee table, plant, floor lamp","open space with central seating area","This modern living room design features clean lines, minimal furniture, a neutral color palette of white and light wood tones, with oak wood accents. The space is brightened by natural soft light from large windows that offer views of the mountains."
"southwestern_805.jpg","Modern Minimalist","beige, light wood, white","concrete, wood, glass","Natural soft light from large windows","Calm and airy","sofa, coffee table, floor lamp, plant, wooden side table","Open space with central seating area","This modern living room features a minimalist design with stone walls, large windows allowing ample natural light, and wood accents. The neutral color palette creates a serene atmosphere, while the wooden furniture adds warmth to the space."
"southwestern_806.jpg","Mid-Century Modern","light tan, dark green, turquoise","stucco exterior walls, concrete tiles on roof, slate grey stucco accents","bright and natural light from multiple windows with white trim","relaxed and inviting","vintage-style mid-century modern sofa and armchairs, mid-century modern coffee table, floor lamp with a turquoise base, indoor potted plants","open floor plan with living room adjacent to dining area, and kitchen to the side","This mid-century modern home features a warm and inviting atmosphere, with a light tan stucco exterior that complements the dark green accents. Inside, white trim around windows allows for bright natural light, while turquoise slate stucco walls add a pop of color to the space."
"southwestern_807.jpg","Desert Botanical","green, brown, yellow","cement, glass, natural stone","Natural, direct sunlight","Vibrant and Energetic","cactus plants, tumbleweeds, rocks","A mix of natural materials and desert flora in a loose arrangement","This interior design captures the essence of a Southwestern desert, with a variety of cacti and other native plants that create an atmosphere of warmth and vitality."
"southwestern_808.jpg","Southwest","sand, olive green, sky blue","clay tiles, stucco walls, wooden beams","natural light from windows","warm and inviting","adobe fireplace, large cactus plant, rustic wooden furniture","compact living space with outdoor patio flow","A cozy Southwestern-style home, filled with natural materials and desert plants."
"southwestern_809.jpg","Mid-Century Modern","white, beige, green accent","wood, concrete, glass","natural light from large windows and glass doors","calm and airy","sofa, coffee table, plant, floor lamp","spacious open floor plan with central seating area","This image features a modern mid-century home exterior with a welcoming patio and doorway entrance. The color palette is simple yet vibrant, with white walls contrasting beige tones and green accents. Wooden elements on the front door add warmth to the space. Natural light fills the area through large windows and glass doors, creating an airy atmosphere. Indoor furniture includes a sofa for relaxation and a coffee table for functional living spaces. Landscaping with a potted plant contributes to a feeling of nature and tranquility."
"southwestern_81.jpg","Modern Minimalist","green, purple, orange","wood, metal, glass","bright and natural light from large windows","calm and inviting","cactus, planter, chair, bench","outdoor patio space with seating area","A modern minimalist garden space featuring a mix of cacti, planters, and outdoor furniture arranged to create a calm and inviting atmosphere."
"southwestern_810.jpg","Modern Minimalist","white, beige, black","oak wood, steel, quartz","recessed lighting with undercabinet task lighting","clean, sleek and functional","built-in oven, stainless steel refrigerator, dining table, bar stool","U-shaped galley layout with central island","A modern, minimalist kitchen that combines wood and metal for a sleek, functional design."
"southwestern_811.jpg","Naturalistic","green yellow, rustic red, earthy brown","concrete pavers, natural stones, wood chips","Bright natural light from overhead fixtures and strategically placed bulbs","Peaceful and calming","rock garden, low growing plants, large rocks","Rectangular space with a curved pathway leading through different plantings","The garden's design is an eclectic mix of natural elements, creating an inviting space to explore and appreciate the beauty of nature."
"southwestern_812.jpg","Scandinavian","beige, light wood, blue","stucco, stone, wood","natural soft light from large windows","calm and airy","sofa, coffee table, plant, floor lamp","open space with central seating area around pool","This interior design combines a Scandinavian style with warm, natural materials to create a serene and inviting atmosphere. The sofa and floor lamp provide comfortable seating and ambient lighting, while the large windows let in plenty of sunlight. The plant adds a touch of greenery, enhancing the outdoor connection. The pool is surrounded by stucco walls with stone accents that blend well with the natural rock formations outside."
"southwestern_813.jpg","Modern","beige, gray, black","glass, marble, steel","ambient and task lighting from recessed lights in ceiling","clean and serene","sink, mirror, shower enclosure, toilet","space layout with shower at end of room","This is a modern bathroom with an elegant glass shower enclosure, clean lines, and neutral colors that create a serene atmosphere."
"southwestern_814.jpg","Modern","white, light wood, blue","wood, leather, stone","Recessed lighting with warm white bulbs, also featuring natural light from windows.","Warm and inviting, with a modern touch.","couch, coffee table, dining table, bookshelf, chandelier","Open floor plan with living room area adjacent to dining room area.",""
"southwestern_815.jpg","Modern Minimalist","beige, light wood, marble","oak wood, marble, linen, gold-toned fittings","well-lit with natural light and recessed ceiling lights","modern and elegant with a warm touch","kitchen island, marble backsplash, dining table and chairs, plants","open kitchen/living space with seating around the central island","This is a modern, minimalist interior design featuring warm beige and light wood tones, with marble accents. The open layout allows for natural light to fill the space and creates a central dining area."
"southwestern_816.jpg","Industrial Loft","dark wood, white, red accent","wood, metal, glass","modern track lighting","edgy and sophisticated","wooden shelving unit, large metal beam across center, red accent piece on wall","industrial loft style space layout with high ceilings and exposed beams","This image showcases an industrial loft style interior design, featuring dark wood cabinetry against a yellow backdrop. The space has a modern track lighting setup that provides ample illumination, contrasted by white walls and red accents. The materials used include wood, metal, and glass. The room is open and spacious with high ceilings, highlighted by an exposed beam running across the center."
"southwestern_817.jpg","Modern Minimalist","green, brown, white","wood, stone, metal","Natural light flooding into the space through large windows and sliding glass doors.","Calm and airy.","sofa, coffee table, plant, floor lamp, chair","Open space with a central seating area. The living room is adjacent to the kitchen, providing an easy flow for socializing.","A modern, minimalist design in a California desert home, featuring warm tones and natural materials that blend harmoniously with the outdoor landscape."
"southwestern_818.jpg","Industrial Loft","purple, blue, silver","metal, concrete, wood","harsh overhead light","intense and energetic","chair, table, plant, light fixture","narrow space with sparse arrangement","This interior design features an industrial loft style, characterized by a bold use of color and materials. The space is dominated by purple and blue tones, contrasted against metallic surfaces and concrete textures. A harsh overhead light illuminates the room, creating a stark and intense atmosphere. The furniture and decor are minimalistic, with only a few objects like a chair, table, plant, and light fixture adding to the sparse arrangement of the space."
"southwestern_820.jpg","Modern Minimalist","white, beige, grey","brick, wood, metal","natural soft light from large windows and a skylight","calm and airy","large sofa, coffee table, floor lamp, potted plant","open space with central seating area and outdoor poolside area","This is a modern minimalist space that combines natural materials such as wood, brick, and metal. The design is characterized by clean lines and an open layout that creates a calm and airy atmosphere."
"southwestern_821.jpg","Southwestern","white, light beige, wood brown","natural wood, adobe, burlap","natural light from windows and skylights","warm and rustic","bench, pillow on bench, framed painting on wall, wood door","long narrow hallway with doorways at end","This interior design image portrays a warm Southwestern style, utilizing natural materials and adobe walls to create a rustic atmosphere. The space features a long narrow hallway lined with doorways leading to other rooms, providing an open feeling while maintaining the traditional Southwestern aesthetic."
"southwestern_822.jpg","Modern Minimalist","white, beige, wood, green accent","wooden door, stone wall, metal gate, brick driveway","natural light from above and natural shadows on ground","calm and welcoming","door, garden gnome, large potted plants, railing, flowers","space is open with a central pathway leading to house","A serene modern minimalist space with a large wooden door at the entrance, set against a backdrop of a natural stone wall and garden elements."
"southwestern_823.jpg","Modern","grey, orange, yellow","stone, wood, metal","Natural sunlight streaming through large windows and doors.","Bright, cheerful and inviting.","large outdoor fireplace, patio furniture set, climbing plants","An outdoor living space with a central seating area surrounded by various plantings and decorative elements.","This desert-inspired garden features a modern style with bright, contrasting colors, natural materials, and is designed for relaxation and entertainment in an arid climate."
"southwestern_826.jpg","Mountain Lodge","earthy browns, rich greens, natural tans","wooden beams, stone cladding, metal railings","Warm ambient lighting with strategically placed lanterns","Rustic and inviting","outdoor fireplace, wood-burning stove, outdoor grill, comfortable seating","A winding deck overlooking a mountainous landscape","This outdoor living space is designed in the rustic style, featuring natural materials and warm lighting. The deck has an inviting atmosphere with a fireplace and grill, making it perfect for entertaining or relaxation against the backdrop of a picturesque mountain view."
"southwestern_827.jpg","Modern","beige, brown, green","wood, rock, metal","natural light from windows and outdoor lighting","modern with a touch of rustic charm","step stair, plants, potted trees, outdoor chairs","linear layout leading to backyard patio","This image shows an outdoor entryway with a step stair made of rustic materials and plants, leading to a patio. The style is modern with natural lighting from windows and outdoor lighting. The color palette includes earth tones, the main materials are wood, rock, and metal."
"southwestern_828.jpg","Contemporary","white, gold, cream","wood, fabric, glass","Soft and warm with natural light from large window","Bright and airy","bed, sofa, lamp, pillows","Open space with bed as focal point, sofa for seating, lamp for reading or ambiance","This bedroom features a large bed, a cozy sofa, and a warm lighting setup that invites relaxation."
"southwestern_829.jpg","Modern Minimalist","white, gray, wood","wood, glass, leather","soft natural light from windows and overhead lights","warm and inviting","couch, coffee table, flat screen TV, fireplace, plants","open concept living area with view of backyard pool and patio","Modern minimalist living room with wood accents, a cozy fireplace, and large windows that allow for ample natural light. The space is open and inviting, perfect for relaxation and socializing."
"southwestern_83.jpg","Modern Minimalist","white, beige, dark wood","stucco, leather, metal","bright and sunny, with the glow from the setting sun reflecting off a large glass window","calm and airy","pool, couches, potted cactus, floor lamps","an open floor plan, with a living area adjacent to an outdoor pool","A modern minimalist space with clean lines and an emphasis on natural materials and light. The setting sun creates a warm ambiance, highlighting the stonework of the room's architecture."
"southwestern_830.jpg","Industrial Loft","white, wood, black","wood, metal, fabric","large windows allowing for natural light","cool and rustic","sofa, coffee table, plant, floor lamp, bookshelf","modern open concept with exposed wooden beams and white walls","This loft-style living room combines cool tones of wood, black, and white to create a modern industrial atmosphere. Large windows let in ample natural light, while the exposed wooden beams add an urban touch. The space is unified by a neutral color palette and simple yet elegant furnishings."
"southwestern_831.jpg","Modern Minimalist","neutral tones","natural stone, wood paneling, glass","bright, natural light from large windows and sliding glass doors","modern and sleek with a touch of warmth","lounge chairs, coffee table, floor lamp","outdoor living space with seating area facing the pool and mountain views","This modern minimalist design features neutral tones, natural stone elements, wood paneling, and glass to create a sleek and inviting outdoor living space that maximizes brightness and mountain views."
"southwestern_832.jpg","Modern Minimalist","beige, light wood, white","concrete, steel","natural soft light from large windows","calm and airy","swimming pool, poolside chairs, cactus","open space with central swimming pool surrounded by lounge chairs","This modern outdoor patio design features a minimalist style, using beige and light wood tones for a warm and inviting atmosphere. The pool is made of concrete, and the seating area includes a set of steel-frame lounge chairs arranged around the pool. Large windows allow natural light to fill the space, creating a calm and airy mood that's perfect for relaxation."
"southwestern_833.jpg","Modern","beige, brown, white","oak wood, leather, brass","warm and cozy with recessed lighting","comfortable and inviting","sofa, coffee table, armchair, artwork, vase","open space plan with large windows and central seating area","This living room features a modern design with beige and brown tones, oak wood accents, comfortable leather furniture, warm lighting, and artwork that adds personality."
"southwestern_834.jpg","Modern Minimalist","tan, white, blue","stucco, wood, glass","Natural soft light from large windows","Bright and energetic","Chaise lounge, Side table with lantern-style lamp, Large planter with greenery, Vase of flowers, Outdoor seating area with cushions","Open space with central seating area","This modern, minimalist living room is bathed in natural light and features a bright color palette that creates a lively atmosphere. The stucco walls and wood accents add warmth to the space while glass elements keep it airy. A chaise lounge offers a cozy spot for relaxation, and decorative touches like flowers and greenery bring life to the room."
"southwestern_835.jpg","Southwestern","earth tones, brick reds, copper","stucco, wood paneling, stone","natural sunlight and warm lighting from recessed lights","warm and inviting","adobe walls, wooden door, cactus, vase with flowers","entryway that leads to open living area","This Southwestern-style home features stucco walls, wooden doors, and a warm color palette of earth tones and copper hues. The layout includes an entryway leading into the open living space, with wooden furniture accents and cacti adding to the rustic charm."
"southwestern_837.jpg","Modern","beige, light brown, dark green","brick, concrete, wood","natural light with under-lighting for shadows and depth","serene and inviting","large planter boxes, round bench, outdoor table, fairy lights","circular layout with central seating area","This is a modern desert garden with circular seating arrangement in brick and concrete, featuring large planters of various plants with a round bench at the center for relaxation."
"southwestern_838.jpg","Modern Minimalist","black, gray, white","concrete, wood, metal","natural light flooding in from large windows","modern and sleek","wall art, clean lines, low-profile seating, minimal decorations","open space with central feature wall and seating area","This modern desert home is designed with a minimalist approach, featuring a bold statement wall as the centerpiece. The color palette consists of black, gray, and white accents that contrast against the neutral tones of the concrete and wood materials."
"southwestern_839.jpg","Southwestern","light beige, light brown, grey","concrete block, adobe brick, stucco","Natural light from windows and doors","Warm and inviting","cactus plant, outdoor furniture set, large potted plants","Outdoor space with walkway to front door","A Southwestern style exterior featuring natural materials, warm tones, and a relaxed atmosphere."
"southwestern_84.jpg","Modern Minimalist","blue, white, gray","wood, fabric, metal","natural soft light from large windows","calm and airy","bed, dresser, chair, rug, wall art","open space with central seating area, bed in front of large window","This image shows a modern minimalist bedroom with a calming blue color palette. The room features a large window allowing natural light to flood the space and create a serene atmosphere. Materials include wood, fabric, and metal, contributing to an elegant yet simple design."
"southwestern_842.jpg","Scandinavian","green, gray, white","stone, wood, glass","natural light from large windows","bright and airy","wooden table with woven chairs, potted plant, large indoor tree, basket light fixture, stone tile wall","open space with central seating area","This interior is a bright and airy Scandinavian-style room featuring natural materials, large windows that let in abundant natural light, and an open floor plan."
"southwestern_843.jpg","Modern Minimalist","white, beige, green accent","concrete, wood, brick","natural soft light from large windows and floor lamps","calm and airy","sofa, coffee table, floor lamp, plant, cacti","open space with central seating area, walkway leading to entrance door","A modern minimalist living room in a desert-like setting. The color palette is neutral with green accents. Materials include concrete flooring and walls, wood furniture, and brick elements. Natural light floods the space through large windows and floor lamps. A comfortable sofa faces a central coffee table. A walkway leads to an entrance door."
"southwestern_844.jpg","Industrial Loft","black, white, brown","wood, metal, glass","natural soft light from large windows and recessed lights in ceiling","modern and rustic","staircase, lounge chair, dining table, coffee table, decorative plate","open space with central seating area, surrounded by furniture in a square pattern","This is an interior design image featuring an industrial loft style. The color palette consists of black, white, and brown tones. The materials include wood, metal, and glass elements. The lighting comes from natural soft light entering through large windows and recessed lights in the ceiling. The overall mood is modern and rustic. There are various objects such as a staircase, lounge chair, dining table, coffee table, and decorative plate. The layout of the space is open with a central seating area surrounded by furniture arranged in a square pattern."
"southwestern_845.jpg","Modern","black, white, gray","wood, stone, metal","Overhead lights and natural light from a window.","Sleek and contemporary.","bench, planter, light fixture, potted plant","Straight lines on the floor, with a wooden bench in a rectangle shape.",""
"southwestern_847.jpg","Modern Minimalist","white, grey, beige","stone, wood, metal","natural soft light from large windows and skylights","calm and airy","patio furniture, potted plants, landscaping rocks, outdoor rug","open space with central seating area leading to backyard","This is a modern, minimalist style house with a stone exterior and wooden accents. The color palette is light and neutral, creating a calm and airy atmosphere. Natural light flows into the space through large windows and skylights. Outdoor features include landscaping rocks, a rug, patio furniture, and potted plants, contributing to an inviting outdoor living space."
"southwestern_848.jpg","Southwestern Rustic","earth tones, muted pastels, wood and stone accents","rustic wood, clay tile, stone, rattan wicker","natural light from large windows and high ceilings","warm, inviting, and comfortable","kitchen island with built-in seating, stainless steel appliances, wooden cabinetry, ceramic tile backsplash","open kitchen area with separate dining space","This rustic southwestern style kitchen features wooden cabinets, clay tiled walls, and a comfortable island seating area."
"southwestern_85.jpg","Modern Minimalist","white, light wood, gray","wood, fabric, glass","natural soft light from large windows","calm and airy","large window, white wall, potted plants","open space with central seating area","A bright and airy room with natural light streaming in, featuring a minimalist design with a modern touch. The space is centered around a seating area with white furnishings and accents of light wood and gray."
"southwestern_850.jpg","Southwestern","earth tones, rustic reds","stone, wood, clay pottery","natural light with warm glow from fire pit","warm and inviting","stacked stones sculpture, wooden adobe structure with stone chimney, desert cacti, brick oven","open courtyard with central outdoor fireplace","This Southwestern-style patio offers an inviting outdoor retreat, featuring a stacked rocks sculpture and a wood-burning stove set against the backdrop of desert scenery."
"southwestern_851.jpg","Modern Minimalist","beige, dark wood, white","oak wood, fabric, glass","natural soft light from large windows","warm and cozy","couch, coffee table, floor lamp, rug, plant","open space with central seating area","This living room features a modern minimalist design with clean lines and neutral colors. The dark wood elements provide warmth, while the large windows let in ample natural light. The open layout is designed for easy movement around the space."
"southwestern_852.jpg","Modern Minimalist","light wood, white, navy","oak wood, marble, brass","natural soft light from large windows and recessed lights in ceiling","calm and airy","stainless steel appliances, modern pendant lamps, subway tile backsplash, bamboo flooring","open space with central island for food preparation","This modern kitchen is designed with a minimalist approach, featuring light wood cabinetry and white countertops. The space benefits from large windows that let in plenty of natural light, and the use of marble and brass adds a touch of elegance."
"southwestern_853.jpg","Industrial Loft","black, white, copper","metal, wood, concrete","soft industrial lighting with black pendant lights","modern and rustic","barrels on the wall, metal shelves, black countertops, industrial-style barstools","long and narrow space with a bar area in front and storage in back","This is a modern loft-style bar with an industrial feel. The black pendant lights create a warm and inviting atmosphere."
"southwestern_854.jpg","Bohemian","rusty orange, soft yellow, denim blue","wooden door and frame, stained glass window pane, stone accents","Natural light from the stained glass panes, enhanced by a lantern hanging above the door.","Cozy and inviting with a touch of rustic charm","Wooden door, Stained glass window, Lantern, Hedge","A welcoming porch leading to an entryway, framed by hedges.","The house exudes a warm bohemian style with its wooden door, stained glass accents and stone details. The color palette is soft and earthy, creating a cozy atmosphere that is further enhanced by the natural lighting from the stained glass window."
"southwestern_855.jpg","Modern Minimalist","white, gray, brown","wood, fabric, brass","Recessed lighting with warm ambient glow.","Calm and contemporary.","sofa, coffee table, armchair, side tables, area rug","Open floor plan with a central focal point around the fireplace.","A modern living room with minimalistic design, featuring wood floors, neutral tones and sleek furniture."
"southwestern_856.jpg","Southwestern","rust, orange, white, dark wood","adobe brick, wooden beams, rattan, leather","warm and inviting with fireplace light reflecting on adobe walls","rustic and homely","vintage-style fireplace, large wooden dining table, leather sofa, southwestern-style coffee table, traditional woven basket","open floor plan with a central living area flanked by a kitchen and dining room","This southwestern-style living space combines rustic elements with comfortable furnishings to create an inviting atmosphere."
"southwestern_857.jpg","Modern Minimalist","green, grey, yellow","granite, stainless steel, wood","natural sunlight from large windows","bright and cheerful","cactus plant, outdoor rug, modern bench, decorative rocks","arrangement of plants around a central pathway","A modern minimalist garden design featuring desert-style plants, granite boulders, and stainless steel elements."
"southwestern_858.jpg","Mid-Century Modern","orange, gray, white","wood paneling on walls, linen on bedding, brick fireplace","warm and inviting light from ceiling fixture and sconces","comfortable and cozy","king-size bed with gray upholstery, large window for natural light, brick fireplace for warmth","well-appointed, spacious bedroom with central focus on bed","This is a cozy mid-century modern bedroom with a king-size bed as the focal point."
"southwestern_859.jpg","Modern Minimalist","white, beige, grey","glass, steel, tile","natural soft light from large windows","calm and airy","bathtub, stand-alone shower, freestanding sink, shower caddy, towel rack","open space with central bathtub and glass partitioned shower","This bathroom is a modern, minimalist space with clean lines and neutral colors, featuring a large soaking tub, stand-alone shower, and freestanding sink. The layout is open and airy, centered around the bathtub which serves as the focal point of the room."
"southwestern_86.jpg","Modern Minimalist","white, light wood","oak wood, stainless steel","bright and airy, with overhead fixtures","cozy and inviting","island countertop, black stools, potted plant","open space design with island as focal point","The kitchen is a modern, minimalist design featuring an open layout centered around a large island. The color palette is light and neutral, creating a warm and inviting atmosphere. Oak wood cabinets add a touch of natural texture to the space."
"southwestern_860.jpg","Mid-Century Modern","beige, navy blue, rust, white","wood, stone, leather, metal","Natural sunlight flooding through large windows","Warm and welcoming with a touch of rustic charm","vintage wood table, rust-colored armchairs, blue floral throw pillows, antler chandelier","Open concept living space flowing into kitchen area","A cozy, mid-century modern home with warm colors and materials, featuring an open floor plan that combines the living and kitchen areas."
"southwestern_861.jpg","Modern Minimalist","beige, gray, green","wood, stone, metal","natural soft light from large windows and recessed lighting","calm and airy","sofa, round ottoman, plant, floor lamp, modern artwork","open space with central seating area flanked by large windows","A modern minimalist living room in a desert setting, featuring natural light and stone accents."
"southwestern_862.jpg","Modern Minimalist","white, beige, light wood","glass, concrete, metal","natural soft light from large windows","calm and airy","sofa, coffee table, plant, floor lamp","open space with central seating area","This modern minimalist interior features a clean, uncluttered design with a monochrome color palette. Natural light fills the room through large glass windows, creating a serene atmosphere. The furniture is simple and sleek, with a focus on comfort and functionality. A cozy sofa provides seating, while the coffee table holds a plant that adds a touch of nature. A floor lamp offers additional lighting for evenings. The overall feel is one of tranquility and understated elegance."
"southwestern_863.jpg","Modern Minimalist","white, beige, light wood, green accent","oak wood, linen, concrete, steel","natural soft light from large windows and under-cabinet lighting","calm and airy","stainless steel appliances, white subway tile backsplash, modern pendant lights, large island for dining","open space with central kitchen island and adjacent living area","This modern minimalist kitchen features a palette of neutral colors with accents of green, giving it an open yet inviting feel. The stainless steel appliances stand out against the light wood cabinetry, while the large window allows for plenty of natural light to stream in. A central island provides additional counter space and doubles as a dining area, creating a flexible space that's perfect for both cooking and entertaining."
"southwestern_864.jpg","Modern Minimalist","dark grey, light grey, beige","concrete, steel, glass","natural soft light from large windows and floor lamps","calm and airy","sofa, coffee table, plant, floor lamp, fire pit","open space with central seating area around fire pit","This modern minimalist living room features a neutral color palette of dark and light grey, beige and concrete materials. The space is well-lit by large windows and floor lamps, creating a calm and airy atmosphere. A central seating area around the fire pit encourages relaxation and conversation."
"southwestern_865.jpg","Modern Minimalist","dark blue, white, light wood","marble countertop, wood cabinetry, brass fixtures","ambient lighting from wall sconces, with overhead lights to brighten the space when needed","calm and serene","freestanding bathtub, large mirror, wooden vanity, floor lamp","linear layout with bathroom vanity as a central focal point, flanked by the freestanding tub on one side and storage cabinetry on the other","This modern bathroom design balances simplicity with functionality and style, featuring a dark blue color palette, natural materials like marble and wood, and thoughtful lighting that enhances both the aesthetic and practical aspects of the space."
"southwestern_866.jpg","Modern Minimalist","white, beige, light wood, green accent","stone, wood, glass","natural soft light from large windows and ceiling lights","calm and airy","sofa, coffee table, plant, floor lamp, chair, couch, dining table","open space with central seating area around a stone fireplace and dining table","This modern minimalist living room features a stone fireplace, wooden floors, and a neutral color palette that creates a calm and inviting atmosphere."
"southwestern_867.jpg","Modern Minimalist","white, gray, wood tones","leather, metal, stone","recessed and floor lamps providing soft ambient lighting","clean, sleek, and inviting","sectional sofa with pillows, large flat-screen TV on wall mount, floor lamp for additional illumination, coffee table for placing drinks or snacks, ornamental fireplace screen","open space with central seating area facing the television","This modern living room features a minimalist design with clean lines, neutral colors, and functional furnishings that provide comfort and convenience."
"southwestern_868.jpg","Modern Minimalist","white, beige, light wood","wood-look laminate flooring","natural soft light from large windows and recessed ceiling lights","calm and airy","sofa, coffee table, floor lamp, potted plant, vase","open space with central seating area flanked by windows","A modern, minimalist living room with wood-look laminate flooring and a mix of neutral tones and natural materials."
"southwestern_870.jpg","Modern Minimalist","stone, sand, green","stone, concrete, metal","natural light filtering through large glass windows","calm and meditative","large rock, rock pathway, potted succulents","curved walkway with bench seating area","A modern, minimalist garden design with natural stone elements, sandy ground, green plants, and a serene atmosphere."
"southwestern_871.jpg","Southwestern","purple, blue, orange","concrete, wood, metal","Natural light from the courtyard","Lively and warm","Saguaro cactus, chair, fireplace, potted plant, large rug","Central seating area with a fireplace on one side","This Southwestern style patio combines warm and natural materials with vibrant colors to create a lively outdoor space."
"southwestern_872.jpg","Traditional","reds and browns, white moulding, golds","stone fireplace surround, red wood mantle, beige carpet","soft ambient light from fireplace","warm, cozy and inviting","traditional sofa, coffee table, vintage-style rug, old-fashioned chairs","spacious room with seating area centered around fireplace","This is a cozy, traditional living room featuring a large stone fireplace as the focal point. The color palette includes reds and browns, complementing the white moulding and golds in the decor. The space features comfortable seating with vintage-style rugs adding to the inviting atmosphere."
"southwestern_873.jpg","Scandinavian","neutral, beige, light wood","wood, marble, stainless steel","bright and natural sunlight","clean, bright, and spacious","island with stools, kitchen cabinets, kitchen island, hanging pendant light, wooden dining table","open plan with an L-shaped kitchen area","This kitchen features a Scandinavian design with neutral colors, wood and marble materials, natural sunlight streaming in through windows, and a spacious open layout that encourages social interaction."
"southwestern_875.jpg","Modern","white, grey, orange","concrete, metal, wood","sunset glow from west-facing windows and outdoor lighting","calm and relaxed","chairs, couches, potted plants, artwork","patio with sliding doors leading to outdoor space","Modern living room designed for relaxation, featuring a concrete fireplace and west-facing windows that capture sunset views."
"southwestern_876.jpg","Scandinavian","brown wood, greenery, purple flowers","wood, plastic, metal","natural light from a skylight","calm and serene","garden beds, planter boxes, fence, birdhouse","arrangement of raised garden beds in rows","This image showcases a well-organized, Scandinavian-style vegetable garden with a warm color palette and natural lighting. The layout features neatly arranged wooden boxes for growing plants, and the overall mood is peaceful."
"southwestern_877.jpg","Modern","yellow, green, purple","brick pavers, concrete, wood","natural sunlight","bright and cheerful","flowers, rocks, fountain","curved pathway through garden","The yard is a colorful, modern space with a curved walkway leading to a tranquil fountain area."
"southwestern_878.jpg","Modern Minimalist","beige, natural wood, light gray","concrete, wood, steel","natural soft light from large windows and a few ceiling lights","calm and serene","modern sofa, minimalist coffee table, large indoor plant, abstract wall art","long, narrow hallway with straight path and side areas","This modern minimalist hallway features a simple and serene color palette with wood and concrete elements, natural lighting from windows, and a few carefully chosen decorative objects."
"southwestern_879.jpg","Modern","beige, white, gray","brick, wood, metal","A mix of natural light and under-cabinet lighting.","Warm and welcoming.","front door with large glass panel, large window for natural light, flower box on steps","A central front door leading into a living room area with seating.","A modern two-story house with stone exterior and large windows, offering a bright and inviting space."
"southwestern_88.jpg","Modern Minimalist","beige, wood, brown","wood, tile, metal","natural soft light from large windows and under-cabinet lights","warm and cozy","kitchen island, stainless steel range hood, potted plant, wooden beams","open space with central kitchen island and seating area","This kitchen combines a modern minimalist design with warm wood tones, featuring wooden cabinets, tile backsplash, stainless steel appliances, and a large kitchen island. The space is well-lit by natural light from the windows, complemented by under-cabinet lights."
"southwestern_881.jpg","Scandinavian","neutral tones, green accent","wood-plank fence, concrete patio, brick pavers","natural soft light from large windows","calm and airy","plant, chairs, decorative pillow, potted plant","open space with central seating area","This is an image of a backyard patio in a Scandinavian style. The color palette consists mostly of neutral tones with green accents, and the design features materials like wood-plank fence, concrete patio, and brick pavers. Lighting comes primarily from large windows that let in soft, natural light. The overall mood is calm and airy. There are plants, chairs, a decorative pillow, and potted plants as main objects in the space."
"southwestern_883.jpg","Japanese Zen","gray rock, green moss, black water","wood, stone, plants","natural light filtered by trees and foliage","serene and contemplative","bamboo fence, waterfall, stepping stones, pond","linear path around pond with stone border","This image features a Japanese Zen garden. The style is minimalistic, focusing on natural elements and a monochrome color scheme. The materials used include wood, stone, and plants. The lighting is soft, filtered by the surrounding foliage. The overall mood of the space is serene and contemplative, with water features like a pond and a waterfall. The objects in the garden are functional yet minimalistic, including stepping stones, a bamboo fence, and plants."
"southwestern_884.jpg","Modern Minimalist","gray, white, beige","stone, glass, wood","natural soft light from large windows","calm and airy","sofa, coffee table, plant, floor lamp","open space with central seating area","This modern living room features a minimalist design with neutral colors, natural lighting, and a warm atmosphere."
"southwestern_887.jpg","Modern","white, beige, red","wood, stone, metal","warm and inviting with ambient lighting from chandeliers","elegant and sophisticated","vase, artwork, plant, fountain","open floor plan with high ceilings","This interior design features a modern style with warm tones, natural materials and chandelier lighting. The space is open and elegant, decorated with artwork and potted plants."
"southwestern_888.jpg","Modern Minimalist","green, gray, orange","wood, concrete, metal","natural soft light from large windows and an outdoor fountain light","calm and serene","outdoor sofa set, small patio table, green potted plants, stainless steel fire pit","outdoor space with a central seating area and bordered by a garden bed with flowering shrubs","This outdoor living space features a modern minimalist design with concrete floors, gray walls, and wooden furniture. It is enclosed in a low fence and has a serene atmosphere created by natural lighting and a water feature."
"southwestern_890.jpg","Southwestern","beige, red clay, indigo, ochre","stucco, wood, metal, native stone","natural light, high windows, warm tones","warm and inviting with a touch of rustic charm","large woven basket on wall, sturdy wooden door, textured area rug inside","linear arrangement with doors and windows leading to outdoor courtyard","This Southwestern-style building features stucco walls, high windows allowing for plenty of natural light, a neutral color palette, woven textiles, and a focus on natural materials."
"southwestern_891.jpg","Scandinavian","rustic red, light beige, warm wood","wooden flooring and walls, leather upholstery on chairs and bench, woven fabric of chair cushions","Warm lighting from multiple hanging lanterns and overhead chandelier","Cozy and inviting with a touch of rustic charm","rustic wooden dining table, high backed wooden chairs, wooden bench on opposite side of the room, coffee table with glass top","The space features an L-shaped layout with the kitchen area to the left and the dining area to the right, creating a comfortable flow for entertaining.","This cozy dining area is designed in a rustic Scandinavian style, featuring warm wooden elements that create a sense of comfort and homeliness."
"southwestern_892.jpg","Spanish Revival","beige, green, brown","stucco exterior finish, wooden doors and shutters, clay roof tiles","Ample natural light through large windows and sliding glass door","Warm and inviting","large arched doorway, tile accents on columns and window frames, vaulted ceiling, built-in bench under arch","Central courtyard entry with covered walkway leading to front door","Spanish Revival style house featuring stucco exterior finish, wooden doors, clay tiled roof and large windows for ample natural light."
"southwestern_894.jpg","Victorian","red, white, black","wood, linen, velvet","natural soft light from a window with white blinds","elegant and cozy","bed, nightstands, painting on wall, lamp","space designed around a central bed with flanking nightstands and a painting above the bed","This Victorian-style room features a red bed with white linens, surrounded by wood accents. A window with white blinds allows natural light to fill the space, creating an elegant and cozy atmosphere."
"southwestern_895.jpg","Modern Minimalist","white, blue, gray","concrete, wood, metal","soft natural light from large windows and recessed ceiling lights","calm and airy","sofa, coffee table, floor lamp, plant, outdoor seating","open space with central seating area and view of outdoors through large window and sliding glass doors","The interior design presents a modern, minimalist style with a color palette that is calming. The space features concrete flooring and wooden accents, enhanced by soft lighting from natural light sources and recessed ceiling lights. A central seating area with cushioned furniture invites relaxation while the outdoor view through large windows and glass doors brings a connection to nature."
"southwestern_896.jpg","Modern Minimalist","white, beige, light wood","wood plank ceiling, stone tile flooring, metal railings","natural soft light from large windows and recessed lighting","calm and airy","sectional sofa, coffee table, plant, floor lamp, wooden bench","open space with central seating area, leading to outdoor patio","This modern minimalist living room combines light wood and stone tile for a warm yet contemporary feel. Large windows allow natural light in, enhancing the airy ambiance. The layout centers around a sectional sofa, with additional seating on a wooden bench and side tables for functional surfaces."
"southwestern_897.jpg","Southwest","red, beige, blue","wood, clay, stone","bright with natural light from windows and open doors","relaxed and welcoming","wooden door with metal handle, adobe walls and wooden beams, cacti in pots around courtyard","open-concept living space with multiple rooms opening into a central courtyard","This Southwest-style home has wooden doors, adobe walls, and natural lighting that creates a warm and inviting atmosphere."
"southwestern_898.jpg","Modern Minimalist","white, gray, light brown","concrete, steel, stone","natural soft light from large windows and warm artificial lights","calm and airy","sofa, coffee table, plant, floor lamp","open space with central seating area","This is an image of a contemporary residential entrance at sunset, featuring modern minimalist design with gray and white color scheme, steel and stone materials, natural lighting, warm artificial lights, a plant, sofa, coffee table, and floor lamp."
"southwestern_899.jpg","Modern Minimalist","light wood, white, neutral","wood, glass, steel","natural soft light from large windows","calm and airy","bathtub, large mirror, floor lamp","single enclosed space with central fixture","Modern bathroom with a minimalist design, featuring light wood and neutral tones, natural light from large windows, and a spacious layout centered around a walk-in shower."
"southwestern_9.jpg","Southwest","ochre, verdant green, rustic red","adobe bricks, wooden beams, bamboo","warm yellow ambient light with a natural fire glow","peaceful and inviting","chimney, sofa, coffee table, rug, cactus","circular patio design with central seating arrangement","This Southwestern-style living room offers a warm and inviting atmosphere, featuring adobe walls, wooden beams, bamboo accents, and a large fireplace that creates a cozy glow. A circular layout encourages conversation among guests."
"southwestern_900.jpg","Southwestern","earthy tones, muted pastels","wood paneling on ceiling and walls, natural stone floors","warm, low-lit atmosphere with soft ambient lighting and accent lighting from wall sconces","comfortable and inviting","vintage couch, wooden side tables, large woven throw rug","semi-circular arrangement with seating facing each other around a central fireplace","This Southwestern style living room features earthy tones and natural materials, creating a warm and inviting atmosphere."
"southwestern_901.jpg","Craftsman","earth tones, dark wood, stone","wood paneling, stone accents, brass hardware","warm, ambient light from overhead chandelier","comfortable and welcoming","built-in bench with stone backrest, large entry door with decorative wood detail, wall sconces","entryway leading to living room with built-in seating","The entryway is crafted in a Craftsman style, featuring natural materials and earth tones. The space is warmly lit with ambient light from an overhead chandelier and decorative wood detail on the large entry door."
"southwestern_902.jpg","Modern Minimalist","green, gray, white","stone, wood, concrete","natural soft light from large windows and outdoor lighting","calm and airy","bench, coffee table, plant, floor lamp, artwork","space with an open feel, featuring a seating area off of the sidewalk","Modern minimalist style with a focus on natural materials and light. The greenery adds a touch of warmth to the space."
"southwestern_904.jpg","Southwest","beige, rust, green, red","stone, wood, clay","natural sunlight from overhead skylights and outdoor lighting","casual, warm, and inviting","large cacti, adobe wall, wooden table, woven baskets","a courtyard surrounded by low walls with plants, rocks, and a small pond","This is an outdoor space designed in the Southwest style, featuring beige tones and natural materials like stone, wood, and clay. The area is filled with large cacti and decorative adobe wall, creating a warm and inviting atmosphere that encourages relaxation and socializing."
"southwestern_906.jpg","Modern Minimalist","white, light wood, gray","wood paneling on walls and ceiling, stainless steel appliances, marble countertops","natural soft light from large windows and recessed ceiling lights","calm and airy","center island with bar stools, modern stove top oven, stainless steel refrigerator","open space with central seating area defined by the island and bar stools","A modern kitchen with a minimalist design, featuring wood paneling and marble surfaces for a warm and inviting atmosphere."
"southwestern_907.jpg","Modern","beige, gray, blue","concrete, stainless steel, wood","natural light from large windows and recessed ceiling lights","modern and sleek with a warm touch","sofa, coffee table, large indoor plant, flat-screen TV, modern art","open space with curved architecture, central seating area, and outdoor patio access","This modern home features a warm beige color palette with gray accents, concrete walls and flooring, stainless steel appliances, large windows for ample natural light, and an open space layout with curved architecture that includes a central seating area and outdoor patio access."
"southwestern_908.jpg","Scandinavian","white, beige, light wood","concrete, wood, glass","natural soft light from large windows","calm and airy","sofa, coffee table, plant, floor lamp","open space with central seating area","A modern and minimalist interior design featuring a Scandinavian style, with neutral tones that create a calming atmosphere. The use of concrete walls and wood accents adds warmth to the space."
"southwestern_909.jpg","Modern","white, beige, natural wood","brick veneer siding, wood paneling, stone tile","Natural light from large windows and sliding glass doors","Spacious, airy, and modern","large sectional sofa, rectangular coffee table, multiple area rugs, modern-style chairs","Open living space with separate areas for dining, entertainment, and kitchen","This is a modern Spanish-style home featuring an open floor plan with large windows and sliding glass doors that allow natural light to fill the space. The color palette is neutral with accents of wood paneling and stone tile. The materials used are contemporary in style, such as brick veneer siding. The layout includes separate areas for dining, entertainment, and a kitchen, all within an open concept living area."
"southwestern_912.jpg","Southwestern","earth tones, ochre, turquoise accent","adobe bricks, wood, stone","natural light from windows and doors, warm and inviting","relaxed and cozy","large wooden door, adobe fireplace, outdoor seating area, vintage rug","single level with open living space, centralized courtyard","A traditional southwestern-style house with adobe walls, a large central courtyard, and inviting outdoor seating areas."
"southwestern_913.jpg","Modern Minimalist","white, beige, light wood","wood plank flooring, fabric upholstery, leather accents","natural soft light from large windows","calm and airy","sofa, coffee table, plant, floor lamp","open space with central seating area around fireplace","This modern minimalist living room features a bright and clean color palette, with natural light creating a calm and airy atmosphere. The wooden plank flooring complements the fabric upholstery and leather accents, while a large coffee table serves as a central focal point around which furniture is arranged. A floor lamp provides additional ambient lighting, enhancing the cozy vibe of the space."
"southwestern_914.jpg","Rustic","brown, white, green","wood, metal, glass","natural light from windows and doors","cozy and inviting","wooden table and chairs, stone fireplace, potted plant","open living space with kitchen area separated by barrier wall","This rustic cabin features a warm palette of brown, white, and green. The open layout invites a cozy atmosphere, while the natural light from windows and doors creates a bright and welcoming environment."
"southwestern_915.jpg","Modern Minimalist","beige, green accent","concrete, linen, steel","bright and natural light from large windows","calm and airy","sofa, coffee table, floor lamp, plant","open space with central seating area",""
"southwestern_916.jpg","Mid-Century Modern","beige, blue, red","tile, wood, metal","natural light from large window and ceiling light fixture","bright and cheerful","mirror, sink, wooden vanity, vase","space with window view","This bathroom has a retro-inspired design with a mid-century modern style. The color palette includes earth tones like beige and blue, with red accents adding warmth to the space. Natural light from the large window illuminates the room, while the wooden vanity adds a touch of vintage charm. The mirrored cabinets provide additional storage, and the vase brings a decorative touch."
"southwestern_917.jpg","Modern","dark gray, cream, wood brown","brass, black marble, oak wood","recessed ceiling lights and pendant lamps","inviting, modern, and sophisticated","kitchen island, bar stools, metal bowls, decorative fruit stand","open kitchen with a long island for seating and food preparation","This is a stylish and modern kitchen with an open layout, featuring dark gray cabinetry, brass fixtures, and sleek pendant lights. The design includes oak wood accents, black marble counters, and a cozy bar area."
"southwestern_918.jpg","Desert Modern","rusty orange, deep red, light grey","stucco, terracotta tile, metal pipes","Natural sunlight from large skylights and high windows","Southwestern warmth","large round terracotta pot with succulents, modern style metal frame chair, brass and turquoise necklace, textured stone wall","Centralized open space with curved seating arrangement","This modern desert interior design features a warm color palette of rusty orange, deep red and light grey, with stucco walls and terracotta tile floors. Natural sunlight shines through large skylights and high windows, creating a Southwestern warmth mood. The space is arranged around a centralized curved seating arrangement, and decorative elements include succulents in a round terracotta pot and a modern style metal frame chair."
"southwestern_919.jpg","Modern Minimalist","white, light wood, blue accent","concrete, wood, glass","Natural soft light from large windows","Calm and airy","sofa, coffee table, plant, floor lamp","Open space with central seating area","Modern minimalist home with concrete walls, wood accents, and natural lighting."
"southwestern_92.jpg","Modern Minimalist","neutral, brown, wood, green","oak wood, linen, steel, metal","soft natural lighting from windows and recessed lighting","calm and serene","sofa, coffee table, plant, bookshelf, fireplace, floor lamp","open space with central seating area, wood flooring","This living room has a modern minimalist style with neutral tones and wood accents. The space is bright and airy due to natural lighting and recessed lighting fixtures. The wooden furniture provides warmth and a cohesive look, while the fireplace adds coziness. A plush sofa invites relaxation and leisure time."
"southwestern_921.jpg","Zen Garden","earth tones, green accents","rocks, gravel, stone, metal","natural light from above","calm and peaceful","water fountain, rock formation, small plants","simple garden layout with water feature as focal point","A Zen Garden design featuring a tranquil water fountain amidst natural rock formations and greenery, creating a serene and calming atmosphere."
"southwestern_922.jpg","Modern Minimalist","light grey, tan, wooden brown","bamboo, stone, metal","natural soft light from large windows","calm and airy","large wooden chair, rectangular dining table, outdoor potted plant, floor lamp","open space with central seating area under covered patio","This modern minimalist design features a light gray color scheme, natural materials, and an open layout that invites in the outdoors. The central seating area under the wooden pergola is the focal point of the space."
"southwestern_925.jpg","Contemporary","Warm Brown, Soft Beige, Neutral Gray","Natural Stone, Slate Stone, Stained Wood","Dramatic with ambient and accent lighting, highlighting features and creating a cozy atmosphere.","Inviting and luxurious.","Large Flat Screen TV, Slate Stone Fireplace, Stained Wood Entertainment Center, Rustic Stone Coffee Table, Luxury Sectional Sofa","Open layout with a central focus on the television and fireplace. A separate seating area off to one side.","This living room exudes luxury and warmth, featuring a natural stone fireplace, stained wood entertainment center, and comfortable sectional sofa."
"southwestern_926.jpg","Desert Golf Course","Green, Sand","Turf, Concrete, Stone","Daytime sunlight","Serene and relaxed","Putting Green, Bunker, Flagstick","Desert landscape with tee box, fairway, bunker, and flagstick","This is an interior design of a golf course hole with a putting green, sand trap, and flagstick all arranged in a desert landscape setting."
"southwestern_928.jpg","Modern Minimalist","dark green, white, light wood","dark wood, glass, metal","natural soft light from large windows","calm and airy","bookcase, vases, books, candle holder","open space with central bookcase","This image shows a modern minimalist living room with a dark green bookcase as the centerpiece, filled with books and vases. The light wood shelves hold decorative items such as candles and the window allows for natural light to fill the room."
"southwestern_929.jpg","Modern Minimalist","white, light brown, dark brown","wood, leather, marble","natural light from the large windows","calm and elegant","large sofa, coffee table, area rug, floor lamp, potted plant","open space with central seating area","This is a modern, minimalist living room that features light wood and leather furniture on a tile floor. The large windows allow for natural light to fill the space. A potted plant and an area rug add warmth to the room, while the floor lamp provides additional lighting."
"southwestern_93.jpg","Contemporary","dark grey, light grey, white","marble, stainless steel, wood","recessed lighting with ambient lights over mirror and floor lamps for task lighting","modern, clean, serene","mirror, sink vanity, large potted plant, vase with flowers, towels on rack","double sinks with separate mirrors and wooden cabinet underneath. Spacious countertop in front of windows.","This bathroom combines modern design elements with natural light for a serene atmosphere."
"southwestern_930.jpg","Mid-Century Modern","dark blue, light blue, beige","wood, tile, metal","soft, natural light from high windows and pendant lights","warm and welcoming with a touch of nostalgia","large center island, vintage-style appliances, wooden cabinets, blue-toned ceramic wall tiles","open kitchen area adjoining dining room, with central island as focal point","This spacious and inviting kitchen and dining area combines the charm of mid-century design with modern amenities. The dark wood cabinets, blue accents, and natural light create a warm and welcoming atmosphere for both cooking and dining."
"southwestern_931.jpg","Scandinavian","beige, white, blue","wood, brick, concrete","natural soft light from the sky through the trees and open windows","calm and airy","plant, chairs, side table, vase","curved stone pathway leading to a seating area with a bench","This design features a curved stone walkway leading to a seating area nestled among trees and greenery, creating an inviting outdoor space that combines natural elements with clean, minimalist lines."
"southwestern_933.jpg","Modern Minimalist","white, beige, light wood","concrete, fabric, wood","natural soft light from large windows","calm and airy","bed, chaise lounge, coffee table, floor lamp, plant","modular arrangement with open space","This is a modern minimalist bedroom design, featuring natural materials and soft lighting to create a calm and airy atmosphere. The room includes a large bed, chaise lounge, coffee table, floor lamp, and a plant for added life."
"southwestern_936.jpg","Modern Zen","light gray, dark gray, green","stone, wood, glass","soft, natural light from glass block windows","calming and peaceful","small pond with waterfall, bamboo plant, large blue stone, small white lantern","circular arrangement of rocks and boulders around water feature","A modern zen garden with a small pond, waterfall, and circular arrangement of rocks and boulders, creating a calming and peaceful atmosphere."
"southwestern_937.jpg","Modern","gray, white, black","wood, metal, glass","Recessed lighting with pendant lights above the island and track lighting in the ceiling for additional task lighting.","Modern, clean, and sleek with a touch of rustic charm from the wood accents.","island, bar stools, wine rack, kitchen sink","An open-concept space that seamlessly transitions between the kitchen and living area, providing ample room for entertaining or cooking together.","This modern kitchen design combines sleek lines with rustic wood accents to create a warm yet contemporary feel."
"southwestern_938.jpg","Modern Minimalist","green, gray, white","concrete, stainless steel, wood","natural soft light from large windows","calm and airy","poolside seating area, outdoor rug, plant, chaise lounge","open space with central seating area surrounded by various plants and decorative elements","Modern minimalist design with a focus on natural materials and light, creating a serene outdoor seating area."
"southwestern_939.jpg","Scandinavian","light gray, wood brown, green","wood planks, granite, metal","natural sunlight filtering through trees and plants","calm and serene","rock bench, small wooden table, outdoor rug, stone planter","circular arrangement with central seating area","A cozy, outdoor seating area surrounded by rocks, a water feature, and plants, featuring a Scandinavian color palette and natural materials."
"southwestern_94.jpg","Modern Minimalist","white, black, gray","concrete, steel, wood","natural light from large windows and ambient lighting","calm and airy","sofa, coffee table, area rug, floor lamp, painting","open space with central seating area framed by artwork on wall","A cozy modern living space featuring a sofa, coffee table and area rug, illuminated by natural light from large windows. Three paintings hang on the wall across from the seating area, creating a visually pleasing backdrop."
"southwestern_941.jpg","Modern Minimalist","white, black, wood accent","glass table top, stainless steel appliances, wood cabinetry","soft overhead lighting with under-cabinet LED lights for task illumination","calm and serene","kitchen island with built-in seating, modern kitchen cabinetry with pull-out drawers, built-in stainless steel appliances","open kitchen area with separate dining space","This modern kitchen and dining room features a minimalist design, with clean lines, open spaces, and a blend of natural wood accents and sleek metallic finishes."
"southwestern_942.jpg","Modern Minimalist","cream, white, light wood","stone, steel, wood","well-lit with a mix of natural and artificial light from recessed lighting and wall sconces","calm and elegant","large sofa, modern coffee table, statement piece above fireplace, abstract artwork on the wall, round area rug","open space with a seamless flow from living room to dining area","This modern, minimalist interior features clean lines and a neutral color palette. The open concept design creates a sense of spaciousness, while the large windows bring in an abundance of natural light."
"southwestern_945.jpg","Modern Minimalist","light wood, gray, green","cedar siding, stone pavers, metal roof","bright natural light from large windows","warm and welcoming","outdoor sofa and chairs, wooden coffee table, patio heater, flagstone fireplace","open space with central seating area, wood-burning stove and outdoor furniture","A modern wooden deck set in a serene natural setting, providing an inviting spot for relaxation and entertainment."
"southwestern_946.jpg","Southwestern","adobe, natural wood, turquoise","stucco, wood beams, Native American art","bright and natural light from large windows","warm and welcoming","adobe fireplace, large area rug, potted cactus, Southwestern patterned sofa, Native American-style artwork","open floor plan with central courtyard","This Southwestern style house features adobe walls, a stucco roof, and large windows for natural light. The color palette consists of warm earth tones such as adobe, turquoise accents, and wood beams. Decorative elements include Native American art, a fireplace, a central area rug, and a Southwestern patterned sofa."
"southwestern_947.jpg","Modern Minimalist","beige, red, blue","velvet, wool, leather","natural soft light from large windows","bright and energetic","sofa, coffee table, plant, floor lamp","open space with central seating area","This modern minimalist design uses a neutral color palette of beige, red, and blue to create a bright and energetic atmosphere. Materials like velvet, wool, and leather are used for comfort and texture. The layout features an open space with a central seating area around a coffee table, accented by a plant for natural greenery and a floor lamp for additional lighting."
"southwestern_948.jpg","Modern Minimalist","dark wood, light gray, white","wood, glass, metal","natural light from large windows with sheer curtains","calm and serene","chair, coffee table, potted plant","open space layout centered around seating area","A modern minimalist interior design with dark wood, light gray, and white color palette. Wood, glass, and metal materials contribute to the space's feel of calmness and serenity."
"southwestern_949.jpg","Minimalist Modern","white, gray, wood","glass, steel, concrete","Natural soft light from large windows and recessed ceiling lights","Calm and airy","bed, couch, chair, plant, floor lamp","Open space with central seating area leading to bedroom","This modern, minimalist apartment features a clean and bright design with an open layout that includes a bedroom with large windows and recessed ceiling lights, a living room with comfortable seating, and a bathroom with a glass partition wall."
"southwestern_950.jpg","Scandinavian","beige, light wood, white","wood, leather, linen","Natural light from windows and warm ambient lighting","Bright and airy","sofa, coffee table, plant, floor lamp","Open space with central seating area","Scandinavian style with a warm and inviting atmosphere, featuring natural light, wood accents, leather furniture and minimal decor."
"southwestern_951.jpg","Modern","white, light grey, wood accents","concrete, brick, glass","natural sunlight streaming in through large windows and doorway","cool, calm, and inviting","sectional sofa, wooden coffee table, floor lamp, potted plant, small sculpture","open floor plan with a central sitting area","This modern home features clean lines, natural materials, and a welcoming atmosphere."
"southwestern_952.jpg","Mid-Century Modern","beige, brown, green","wooden paneling, tile accents, leather upholstery","natural soft light from large windows and a skylight above the fireplace","warm and cozy","sofa, coffee table, plant, floor lamp, framed artwork","open space with central seating area around fireplace, flanked by window seating on either side","The interior design of a cozy and welcoming living room in a mid-century modern style."
"southwestern_953.jpg","Modern","green, grey, white","wood, stone, concrete","natural light from windows above ground level","calm and serene","cactus garden, large rock formation, various succulents","low to the ground plants, large rocks, sandy areas","A modern desert landscape with a variety of cacti and succulent plants."
"southwestern_954.jpg","Modern Minimalist","gray, white","tile, porcelain","natural soft light from window","clean and serene","towel rack, shower head, soap dispenser","space divided into two sections with a shower area and tub","A modern bathroom design featuring gray tile, white fixtures, and natural lighting."
"southwestern_955.jpg","Modern Southwestern","beige, brown, blue","wood, brick, clay","Natural light with some accent lighting from lanterns and track lights.","Warm and inviting, emphasizing a connection to the outdoors.","sofa, coffee table, potted plant, woven basket, cactus","Open plan with a central seating area, adjacent to an outdoor patio and pool.","A modern southwestern living space that combines rustic and contemporary elements, featuring warm tones and natural materials."
"southwestern_956.jpg","Modern Minimalist","dark wood, cream, red","wood, glass, metal","modern chandelier, soft ambient lighting from wall sconces and recessed lights","sophisticated and inviting","large dining table, wooden wine rack with multiple levels of bottles, chairs around the table, framed artwork on the wall","linear arrangement of furniture, centered around a long table in front of the wine racks","This is an elegant and inviting interior space designed with a modern minimalist style. The room features dark wood accents with cream and red elements providing a warm yet sophisticated atmosphere. Lighting is soft and ambient, complemented by a chandelier and wall sconces. The focal point of the room is a large wooden dining table surrounded by matching chairs, positioned in front of multiple levels of wine racks filled with bottles. A framed artwork on the wall adds an artistic touch to the space."
"southwestern_959.jpg","Scandinavian","white, beige, light wood, blue","glass, wood, plush fabrics, stainless steel","Natural light from large windows with mountain views, complemented by recessed lighting.","Calm and airy.","sofa, coffee table, fluffy rug, floor lamp, plant","Open space with central seating area.",""
"southwestern_96.jpg","Southwestern","earthy tones, burnt orange, rusty red","adobe bricks, wooden beams, stone accents","natural sunlight with warm interior lighting","warm and inviting","large woven basket, cacti indoor plants, Native American artwork","open-concept design with a central fireplace, adobe walls surrounding a courtyard","This Southwestern style home features an open floor plan that brings the outdoors in. Warm earthy tones from the adobe walls and wooden beams provide a cozy atmosphere while the large windows let in natural sunlight. The fireplace serves as a focal point in the living room, enhancing the warm mood of the space. Decorative elements like cacti and Native American artwork add authenticity to the style."
"southwestern_961.jpg","Modern Minimalist","dark blue, white, light wood","wood, brass, marble","natural soft light from large windows","calm and airy","large kitchen island, modern kitchen sink faucet, decorative patterned wall tile, wooden knife block","small galley kitchen layout with central island and adjacent oven area","This modern minimalist kitchen features a palette of dark blue, white, and light wood tones, with brass fixtures adding warmth. The space is organized around a large kitchen island and has an open feel with natural soft lighting from windows."
"southwestern_963.jpg","Southwest Modern","earth tones, light gray, blue accent","stucco walls, wood beams, large boulders","combination of natural and artificial light, highlighting the warm interior","inviting and relaxed","large sectional sofa, rustic coffee table, decorative fireplace, artwork on walls","open floor plan with multiple indoor and outdoor living areas","This Southwest Modern home features warm earth tones, rustic materials such as stucco and wood beams, and an open layout that connects the interior with the exterior."
"southwestern_964.jpg","Modern Minimalist","white, beige, light wood","oak wood, linen, concrete, steel","natural soft light from large windows","calm and airy","sofa, coffee table, plant, floor lamp","open space with central seating area","This interior design has a modern minimalist style, featuring a neutral color palette with natural materials such as oak wood and concrete. The space is well-lit by large windows that flood the room with soft light. The layout includes an open space with a central seating area, including a sofa and coffee table. A floor lamp provides additional illumination."
"southwestern_99.jpg","Modern","dark brown, black, blue","leather, wood, metal","recessed ceiling lights with adjustable settings","elegant and sophisticated","large projection screen, plush chairs, bar area with countertops","open plan design with central seating area","This is a modern living room designed for entertainment, featuring a large projection screen in the center of the space for an immersive viewing experience. The seating area includes plush chairs and a bar area with countertops for food and beverages. The color palette consists of dark brown leather, black accents, and blue tones to create a warm yet sophisticated atmosphere."
